TaskID,Input1,Output1_1,Output1_2
0,0.0,28.19,32.05
0,0.015686275,28.039999,30.629997
0,0.03137255,27.89,29.200003
0,0.047058824,27.73,27.82
0,0.0627451,27.56,26.479998
0,0.078431375,27.380001,25.180002
0,0.09411765,27.16,23.91
0,0.10980392,26.89,22.679998
0,0.1254902,26.52,21.440002
0,0.14117648,26.09,20.23
0,0.15686275,25.59,19.069998
0,0.17254902,25.02,17.95
0,0.1882353,24.38,16.89
0,0.20392157,23.699999,15.879999
0,0.21960784,22.970001,14.910001
0,0.23529412,22.24,14.05
0,0.2509804,21.539999,13.36
0,0.26666668,20.830002,12.780001
0,0.28235295,20.12,12.28
0,0.29803923,19.48,11.86
0,0.3137255,18.91,11.4800005
0,0.32941177,18.41,11.12
0,0.34509805,17.99,10.809999
0,0.36078432,17.640001,10.56
0,0.3764706,17.35,10.36
0,0.39215687,17.119999,10.21
0,0.40784314,16.99,10.13
0,0.42352942,16.93,10.08
0,0.4392157,16.91,10.07
0,0.45490196,16.91,10.06
0,0.47058824,16.91,10.07
0,0.4862745,16.92,10.07
0,0.5019608,16.92,10.06
0,0.5176471,16.92,10.06
0,0.53333336,16.92,10.07
0,0.54901963,16.92,10.08
0,0.5647059,16.92,10.09
0,0.5803922,16.92,10.09
0,0.59607846,16.9,10.09
0,0.6117647,16.9,10.08
0,0.627451,16.9,10.07
0,0.6431373,16.9,10.07
0,0.65882355,16.91,10.08
0,0.6745098,16.92,10.08
0,0.6901961,16.93,10.09
0,0.7058824,16.93,10.09
0,0.72156864,16.93,10.09
0,0.7372549,16.93,10.09
0,0.7529412,16.93,10.09
0,0.76862746,16.94,10.1
0,0.78431374,16.94,10.1
0,0.8,16.93,10.08
0,0.8156863,16.91,10.06
0,0.83137256,16.85,10.01
0,0.84705883,16.74,9.94
0,0.8627451,16.539999,9.809999
0,0.8784314,16.24,9.62
0,0.89411765,15.88,9.38
0,0.9098039,15.44,9.089999
0,0.9254902,14.89,8.72
0,0.9411765,14.23,8.29
0,0.95686275,13.489999,7.8299994
0,0.972549,12.720001,7.3400006
0,0.9882353,11.88,6.8
1,0.0,28.49,41.91
1,0.015686275,28.152353,40.937057
1,0.03137255,27.861765,39.940002
1,0.047058824,27.618235,38.9
1,0.0627451,27.437647,37.82
1,0.078431375,27.314705,36.71
1,0.09411765,27.26,35.558823
1,0.10980392,27.284706,34.370586
1,0.1254902,27.396471,33.143528
1,0.14117648,27.587059,31.916471
1,0.15686275,27.86647,30.689413
1,0.17254902,28.260588,29.462355
1,0.1882353,28.791176,28.255295
1,0.20392157,29.444706,27.074118
1,0.21960784,30.212355,25.939999
1,0.23529412,31.094118,24.86294
1,0.2509804,32.08353,23.889412
1,0.26666668,33.18,23.01
1,0.28235295,34.390587,22.254705
1,0.29803923,35.681175,21.62647
1,0.3137255,37.012352,21.146471
1,0.32941177,38.370586,20.82353
1,0.34509805,39.74059,20.662354
1,0.36078432,41.114708,20.651176
1,0.3764706,42.454117,20.769411
1,0.39215687,43.70647,20.99294
1,0.40784314,44.92353,21.32059
1,0.42352942,46.13059,21.762352
1,0.4392157,47.288822,22.279411
1,0.45490196,48.39,22.853529
1,0.47058824,49.424118,23.468824
1,0.4862745,50.41118,24.104118
1,0.5019608,51.39412,24.772354
1,0.5176471,52.35706,25.424706
1,0.53333336,53.31,26.04
1,0.54901963,54.26647,26.621765
1,0.5647059,55.24294,27.19353
1,0.5803922,56.239998,27.734705
1,0.59607846,57.31,28.24294
1,0.6117647,58.43765,28.731176
1,0.627451,59.612354,29.209412
1,0.6431373,60.834118,29.697647
1,0.65882355,62.16118,30.177647
1,0.6745098,63.558823,30.642353
1,0.6901961,64.97176,31.102352
1,0.7058824,66.422935,31.600588
1,0.72156864,67.89647,32.138824
1,0.7372549,69.35941,32.66706
1,0.7529412,70.79647,33.195293
1,0.76862746,72.27059,33.75941
1,0.78431374,73.831764,34.384705
1,0.8,75.43,35.04
1,0.8156863,77.02824,35.688824
1,0.83137256,78.700584,36.367645
1,0.84705883,80.446465,37.05647
1,0.8627451,82.24529,37.769413
1,0.8784314,84.081764,38.52941
1,0.89411765,85.9553,39.325294
1,0.9098039,87.88118,40.16118
1,0.9254902,89.85529,41.025295
1,0.9411765,91.86647,41.902943
1,0.95686275,93.9047,42.774117
1,0.972549,95.98117,43.66353
1,0.9882353,98.117645,44.61529
2,0.0,25.27,57.39
2,0.015686275,25.67647,56.438824
2,0.03137255,26.06294,55.497646
2,0.047058824,26.407059,54.57647
2,0.0627451,26.739412,53.665295
2,0.078431375,27.061766,52.814705
2,0.09411765,27.364119,52.012352
2,0.10980392,27.62647,51.249413
2,0.1254902,27.848824,50.48353
2,0.14117648,28.081177,49.59941
2,0.15686275,28.312353,48.60706
2,0.17254902,28.49059,47.571766
2,0.1882353,28.619411,46.47706
2,0.20392157,28.69353,45.304115
2,0.21960784,28.74,44.005295
2,0.23529412,28.76,42.611767
2,0.2509804,28.76,41.135883
2,0.26666668,28.75,39.58
2,0.28235295,28.71,37.98
2,0.29803923,28.651764,36.321762
2,0.3137255,28.577646,34.67
2,0.32941177,28.47353,33.07
2,0.34509805,28.339413,31.47
2,0.36078432,28.180588,29.855295
2,0.3764706,27.992353,28.250002
2,0.39215687,27.751177,26.67
2,0.40784314,27.448824,25.154118
2,0.42352942,27.105293,23.824705
2,0.4392157,26.72353,22.671764
2,0.45490196,26.361765,21.734705
2,0.47058824,26.059412,21.035294
2,0.4862745,25.75706,20.424118
2,0.5019608,25.464706,19.851177
2,0.5176471,25.156471,19.314705
2,0.53333336,24.83,18.8
2,0.54901963,24.503529,18.295294
2,0.5647059,24.17706,17.770588
2,0.5803922,23.852942,17.268236
2,0.59607846,23.530588,16.807648
2,0.6117647,23.217648,16.377647
2,0.627451,22.915882,15.971176
2,0.6431373,22.63353,15.584705
2,0.65882355,22.434118,15.304117
2,0.6745098,22.32294,15.18
2,0.6901961,22.258823,15.098824
2,0.7058824,22.194706,15.024706
2,0.72156864,22.15,14.960588
2,0.7372549,22.11647,14.92
2,0.7529412,22.062353,14.872353
2,0.76862746,21.948235,14.738235
2,0.78431374,21.772352,14.542353
2,0.8,21.47,14.21
2,0.8156863,21.069412,13.749412
2,0.83137256,20.598824,13.238824
2,0.84705883,20.095882,12.705883
2,0.8627451,19.504705,12.131176
2,0.8784314,18.815294,11.53647
2,0.89411765,18.042353,10.927058
2,0.9098039,17.250587,10.317059
2,0.9254902,16.433529,9.709412
2,0.9411765,15.5394125,9.080588
2,0.95686275,14.588236,8.431766
2,0.972549,13.571765,7.747647
2,0.9882353,12.467058,6.994705
3,0.0,57.1,28.14
3,0.015686275,57.196667,28.216667
3,0.03137255,57.303333,28.286667
3,0.047058824,57.43,28.34
3,0.0627451,57.553333,28.403334
3,0.078431375,57.643333,28.476667
3,0.09411765,57.73,28.56
3,0.10980392,57.816666,28.62
3,0.1254902,57.90333,28.65
3,0.14117648,57.97,28.69
3,0.15686275,58.023335,28.743334
3,0.17254902,58.09667,28.796667
3,0.1882353,58.17,28.84
3,0.20392157,58.243332,28.873333
3,0.21960784,58.296665,28.91
3,0.23529412,58.35,28.95
3,0.2509804,58.413334,28.99
3,0.26666668,58.476665,29.02
3,0.28235295,58.54,29.05
3,0.29803923,58.583332,29.08
3,0.3137255,58.636665,29.1
3,0.32941177,58.69,29.12
3,0.34509805,58.766666,29.153334
3,0.36078432,58.863335,29.213333
3,0.3764706,58.99,29.29
3,0.39215687,59.126667,29.366667
3,0.40784314,59.286667,29.446667
3,0.42352942,59.52,29.56
3,0.4392157,59.79667,29.69
3,0.45490196,60.073334,29.83
3,0.47058824,60.37,29.99
3,0.4862745,60.713333,30.153334
3,0.5019608,61.16,30.34
3,0.5176471,61.670002,30.53
3,0.53333336,62.226665,30.710001
3,0.54901963,62.82,30.896667
3,0.5647059,63.46,31.1
3,0.5803922,64.12,31.300001
3,0.59607846,64.82333,31.470001
3,0.6117647,65.62,31.65
3,0.627451,66.526665,31.866667
3,0.6431373,67.513336,32.133335
3,0.65882355,68.57,32.43
3,0.6745098,69.71333,32.763332
3,0.6901961,70.85,33.106667
3,0.7058824,71.92,33.45
3,0.72156864,73.01,33.823334
3,0.7372549,74.14,34.22667
3,0.7529412,75.29,34.66
3,0.76862746,76.47667,35.13
3,0.78431374,77.71,35.63
3,0.8,79.00001,36.170002
3,0.8156863,80.32667,36.736668
3,0.83137256,81.69334,37.33
3,0.84705883,83.11,37.95
3,0.8627451,84.59334,38.603336
3,0.8784314,86.130005,39.29667
3,0.89411765,87.75,40.03
3,0.9098039,89.450005,40.8
3,0.9254902,91.21667,41.60667
3,0.9411765,93.03001,42.420002
3,0.95686275,94.87667,43.24
3,0.972549,96.770004,44.06
3,0.9882353,98.72,44.890003
4,0.0,71.93,40.01
4,0.015686275,71.92,40.01
4,0.03137255,71.91,40.01
4,0.047058824,71.9,40.01
4,0.0627451,71.9,40.01
4,0.078431375,71.9,40.01
4,0.09411765,71.9,40.01
4,0.10980392,71.91,40.01
4,0.1254902,71.91,40.01804
4,0.14117648,71.91,40.02
4,0.15686275,71.91,40.03255
4,0.17254902,71.9,40.04
4,0.1882353,71.88,40.03
4,0.20392157,71.85,40.015686
4,0.21960784,71.79843,39.998432
4,0.23529412,71.71236,39.97
4,0.2509804,71.59784,39.92392
4,0.26666668,71.46,39.88
4,0.28235295,71.308235,39.82941
4,0.29803923,71.10863,39.772156
4,0.3137255,70.84451,39.684902
4,0.32941177,70.52588,39.585293
4,0.34509805,70.15275,39.480785
4,0.36078432,69.698235,39.356274
4,0.3764706,69.20294,39.231766
4,0.39215687,68.67628,39.10588
4,0.40784314,68.075096,38.982746
4,0.42352942,67.38941,38.884117
4,0.4392157,66.649216,38.826862
4,0.45490196,65.8849,38.769608
4,0.47058824,65.09294,38.722355
4,0.4862745,64.26647,38.71
4,0.5019608,63.395493,38.73216
4,0.5176471,62.47,38.79941
4,0.53333336,61.47,38.913334
4,0.54901963,60.449413,39.075687
4,0.5647059,59.418823,39.294704
4,0.5803922,58.378235,39.55216
4,0.59607846,57.286274,39.858433
4,0.6117647,56.13118,40.22059
4,0.627451,54.945885,40.641567
4,0.6431373,53.743534,41.119606
4,0.65882355,52.56118,41.647057
4,0.6745098,51.358826,42.231567
4,0.6901961,50.146473,42.86137
4,0.7058824,48.93412,43.544117
4,0.72156864,47.70804,44.268433
4,0.7372549,46.479412,45.043724
4,0.7529412,45.248825,45.845295
4,0.76862746,44.06471,46.65686
4,0.78431374,42.86961,47.51392
4,0.8,41.610004,48.459995
4,0.8156863,40.360397,49.470585
4,0.83137256,39.125298,50.545685
4,0.84705883,37.902943,51.677055
4,0.8627451,36.69059,52.89843
4,0.8784314,35.530785,54.148037
4,0.89411765,34.446472,55.437645
4,0.9098039,33.415096,56.75961
4,0.9254902,32.299217,58.2851
4,0.9411765,31.230001,59.888233
4,0.95686275,30.23412,61.491367
4,0.972549,29.28314,63.10431
4,0.9882353,28.300003,64.82882
5,0.0,78.59,42.15
5,0.015686275,78.58,42.14
5,0.03137255,78.58,42.14
5,0.047058824,78.59,42.12
5,0.0627451,78.59333,42.11
5,0.078431375,78.59,42.11
5,0.09411765,78.59,42.11
5,0.10980392,78.58,42.12
5,0.1254902,78.57,42.123333
5,0.14117648,78.57,42.13
5,0.15686275,78.57,42.13
5,0.17254902,78.57333,42.13
5,0.1882353,78.58,42.14
5,0.20392157,78.6,42.14
5,0.21960784,78.61,42.13
5,0.23529412,78.61,42.12
5,0.2509804,78.59333,42.12
5,0.26666668,78.57,42.12
5,0.28235295,78.5,42.11
5,0.29803923,78.37666,42.07
5,0.3137255,78.18667,41.996666
5,0.32941177,77.909996,41.89
5,0.34509805,77.52333,41.746666
5,0.36078432,77.0,41.58
5,0.3764706,76.4,41.38
5,0.39215687,75.753334,41.17
5,0.40784314,75.06333,40.946667
5,0.42352942,74.33,40.72
5,0.4392157,73.54667,40.5
5,0.45490196,72.75,40.256668
5,0.47058824,71.96,40.0
5,0.4862745,71.17667,39.763332
5,0.5019608,70.39,39.55
5,0.5176471,69.51,39.34
5,0.53333336,68.503334,39.15
5,0.54901963,67.41333,38.97
5,0.5647059,66.29,38.8
5,0.5803922,65.12667,38.673332
5,0.59607846,63.963333,38.62
5,0.6117647,62.78,38.66
5,0.627451,61.543335,38.753334
5,0.6431373,60.24667,38.92
5,0.65882355,58.880005,39.19
5,0.6745098,57.453335,39.613335
5,0.6901961,55.963333,40.146667
5,0.7058824,54.460003,40.739998
5,0.72156864,52.930004,41.406666
5,0.7372549,51.340004,42.17
5,0.7529412,49.69,43.02
5,0.76862746,47.993336,43.943333
5,0.78431374,46.273335,44.929996
5,0.8,44.560005,45.979996
5,0.8156863,42.9,47.11
5,0.83137256,41.28,48.31333
5,0.84705883,39.710003,49.57
5,0.8627451,38.17667,50.909996
5,0.8784314,36.690002,52.366665
5,0.89411765,35.29,53.93
5,0.9098039,33.93,55.59333
5,0.9254902,32.550003,57.426662
5,0.9411765,31.230003,59.309994
5,0.95686275,30.02,61.206665
5,0.972549,28.83,63.18333
5,0.9882353,27.580002,65.299995
6,0.0,87.47,46.33
6,0.015686275,87.08,46.163334
6,0.03137255,86.736664,46.013332
6,0.047058824,86.5,45.91
6,0.0627451,86.31333,45.816666
6,0.078431375,86.153336,45.743332
6,0.09411765,86.02,45.69
6,0.10980392,85.92,45.646667
6,0.1254902,85.84,45.613335
6,0.14117648,85.75,45.57
6,0.15686275,85.66,45.53
6,0.17254902,85.50667,45.463333
6,0.1882353,85.3,45.38
6,0.20392157,84.94,45.226665
6,0.21960784,84.340004,44.956665
6,0.23529412,83.51,44.579998
6,0.2509804,82.39,44.09667
6,0.26666668,80.979996,43.506668
6,0.28235295,79.35,42.85
6,0.29803923,77.45,42.11
6,0.3137255,75.47,41.376667
6,0.32941177,73.48,40.7
6,0.34509805,71.30333,40.023335
6,0.36078432,68.903336,39.386665
6,0.3764706,66.369995,38.94
6,0.39215687,63.72333,38.81
6,0.40784314,61.0,39.09667
6,0.42352942,58.26,39.89
6,0.4392157,55.603333,41.06333
6,0.45490196,52.966663,42.433334
6,0.47058824,50.280003,43.8
6,0.4862745,47.519997,44.923336
6,0.5019608,44.670002,45.6
6,0.5176471,41.799995,45.78
6,0.53333336,39.003334,45.433334
6,0.54901963,36.5,44.636665
6,0.5647059,34.29,43.44
6,0.5803922,32.42,41.93
6,0.59607846,30.973331,40.283333
6,0.6117647,29.89,38.59
6,0.627451,29.123333,36.96
6,0.6431373,28.61,35.476665
6,0.65882355,28.289999,34.19
6,0.6745098,28.096666,33.176666
6,0.6901961,27.993334,32.406666
6,0.7058824,27.92,31.85
6,0.72156864,27.87,31.426666
6,0.7372549,27.82,31.066666
6,0.7529412,27.77,30.74
6,0.76862746,27.72,30.296665
6,0.78431374,27.65,29.743334
6,0.8,27.52,28.89
6,0.8156863,27.323334,27.71
6,0.83137256,27.066666,26.366665
6,0.84705883,26.75,24.88
6,0.8627451,26.33,23.246666
6,0.8784314,25.783333,21.53333
6,0.89411765,25.03,19.73
6,0.9098039,23.97,17.716663
6,0.9254902,22.533333,15.563333
6,0.9411765,20.629997,13.299996
6,0.95686275,18.223331,11.009999
6,0.972549,15.346663,8.773332
6,0.9882353,11.979998,6.5399985
7,0.0,96.79,50.21
7,0.015686275,95.944115,49.867058
7,0.03137255,95.15686,49.532745
7,0.047058824,94.52824,49.254116
7,0.0627451,93.99098,49.00549
7,0.078431375,93.4453,48.768433
7,0.09411765,92.93235,48.548237
7,0.10980392,92.48941,48.359608
7,0.1254902,92.11098,48.19549
7,0.14117648,91.91118,48.11
7,0.15686275,91.856865,48.09
7,0.17254902,91.83,48.08
7,0.1882353,91.79,48.06
7,0.20392157,91.663925,48.0
7,0.21960784,91.33843,47.849216
7,0.23529412,90.70177,47.55588
7,0.2509804,89.638824,47.09392
7,0.26666668,88.25667,46.493332
7,0.28235295,86.68823,45.801765
7,0.29803923,84.89255,44.998238
7,0.3137255,82.88216,44.116077
7,0.32941177,80.63,43.155884
7,0.34509805,78.32157,42.22059
7,0.36078432,76.04255,41.354706
7,0.3764706,73.73353,40.572353
7,0.39215687,71.41451,39.89863
7,0.40784314,69.02118,39.35137
7,0.42352942,66.33706,38.94706
7,0.4392157,63.52431,38.790783
7,0.45490196,60.868237,39.015293
7,0.47058824,58.370003,39.63706
7,0.4862745,55.86667,40.629803
7,0.5019608,53.365295,41.872353
7,0.5176471,50.82765,43.171177
7,0.53333336,48.183334,44.366665
7,0.54901963,45.451374,45.2849
7,0.5647059,42.719414,45.755295
7,0.5803922,40.04745,45.710785
7,0.59607846,37.607254,45.19039
7,0.6117647,35.36647,44.26412
7,0.627451,33.491962,43.04706
7,0.6431373,31.978237,41.661373
7,0.65882355,30.852942,40.319412
7,0.6745098,30.138039,39.21706
7,0.6901961,29.660587,38.311176
7,0.7058824,29.331764,37.58353
7,0.72156864,29.08157,36.976276
7,0.7372549,28.867254,36.38902
7,0.7529412,28.692942,35.804707
7,0.76862746,28.518627,35.071766
7,0.78431374,28.354313,34.190197
7,0.8,28.16,32.95
7,0.8156863,27.931374,31.318237
7,0.83137256,27.644117,29.429216
7,0.84705883,27.281176,27.272942
7,0.8627451,26.780981,24.953922
7,0.8784314,26.092157,22.71804
7,0.89411765,25.182941,20.555885
7,0.9098039,23.94804,18.286863
7,0.9254902,22.375883,15.9878435
7,0.9411765,20.357647,13.6388235
7,0.95686275,17.830395,11.256669
7,0.972549,14.77118,8.883336
7,0.9882353,11.174121,6.450002
8,0.0,21.56,66.54
8,0.015686275,21.991962,65.56608
8,0.03137255,22.433138,64.592155
8,0.047058824,22.854706,63.64941
8,0.0627451,23.256275,62.755882
8,0.078431375,23.647844,61.904312
8,0.09411765,24.019411,61.091175
8,0.10980392,24.358236,60.340782
8,0.1254902,24.679413,59.61804
8,0.14117648,24.99059,58.881763
8,0.15686275,25.301765,58.128628
8,0.17254902,25.622942,57.34549
8,0.1882353,26.00353,56.472942
8,0.20392157,26.44549,55.49902
8,0.21960784,26.907452,54.449608
8,0.23529412,27.37353,53.27941
8,0.2509804,27.825098,51.952156
8,0.26666668,28.236666,50.49
8,0.28235295,28.571177,48.964115
8,0.29803923,28.814901,47.380783
8,0.3137255,28.957844,45.736668
8,0.32941177,29.02,44.088234
8,0.34509805,29.0,42.45196
8,0.36078432,28.93098,40.806667
8,0.3764706,28.87,39.100586
8,0.39215687,28.830196,37.32353
8,0.40784314,28.88,35.506275
8,0.42352942,29.021765,33.67941
8,0.4392157,29.313921,31.872353
8,0.45490196,29.758234,30.085295
8,0.47058824,30.372355,28.359999
8,0.4862745,31.159412,26.727648
8,0.5019608,32.12549,25.221766
8,0.5176471,33.245296,23.861763
8,0.53333336,34.513332,22.683334
8,0.54901963,35.915882,21.68647
8,0.5647059,37.435883,20.901176
8,0.5803922,39.032154,20.337452
8,0.59607846,40.693333,20.010197
8,0.6117647,42.4,19.93
8,0.627451,44.106667,20.10706
8,0.6431373,45.793335,20.540392
8,0.65882355,47.51,21.221766
8,0.6745098,49.226665,22.128626
8,0.6901961,50.943333,23.199804
8,0.7058824,52.697647,24.389412
8,0.72156864,54.53274,25.644508
8,0.7372549,56.468628,26.921177
8,0.7529412,58.544117,28.175882
8,0.76862746,60.781956,29.370586
8,0.78431374,63.13059,30.505686
8,0.8,65.49,31.56
8,0.8156863,67.859406,32.55392
8,0.83137256,70.259605,33.53706
8,0.84705883,72.72941,34.521763
8,0.8627451,75.23921,35.535686
8,0.8784314,77.78902,36.58157
8,0.89411765,80.393524,37.685883
8,0.9098039,83.10411,38.850193
8,0.9254902,85.86784,40.057648
8,0.9411765,88.68882,41.302353
8,0.95686275,91.5298,42.55098
8,0.972549,94.395096,43.801765
8,0.9882353,97.24176,45.041176
9,0.0,21.28,66.86
9,0.015686275,21.561176,66.16353
9,0.03137255,21.84647,65.47706
9,0.047058824,22.12353,64.82059
9,0.0627451,22.38647,64.18235
9,0.078431375,22.635883,63.598236
9,0.09411765,22.87706,63.03588
9,0.10980392,23.118237,62.48353
9,0.1254902,23.369411,61.924706
9,0.14117648,23.650589,61.271763
9,0.15686275,23.952353,60.535294
9,0.17254902,24.280588,59.76353
9,0.1882353,24.65353,58.91294
9,0.20392157,25.03706,58.04235
9,0.21960784,25.395294,57.240585
9,0.23529412,25.74353,56.467056
9,0.2509804,26.081766,55.70647
9,0.26666668,26.41,54.98
9,0.28235295,26.738235,54.25353
9,0.29803923,27.05647,53.48294
9,0.3137255,27.374706,52.60706
9,0.32941177,27.692942,51.61941
9,0.34509805,27.991177,50.531178
9,0.36078432,28.27706,49.327057
9,0.3764706,28.528236,48.068233
9,0.39215687,28.722942,46.81941
9,0.40784314,28.87706,45.550587
9,0.42352942,28.991177,44.241173
9,0.4392157,29.077648,42.897644
9,0.45490196,29.134706,41.524704
9,0.47058824,29.17,40.13
9,0.4862745,29.17,38.728825
9,0.5019608,29.15,37.33588
9,0.5176471,29.1,35.94294
9,0.53333336,29.039999,34.57
9,0.54901963,28.952942,33.207058
9,0.5647059,28.831764,31.878233
9,0.5803922,28.687647,30.57235
9,0.59607846,28.513529,29.266468
9,0.6117647,28.319412,27.980587
9,0.627451,28.092941,26.737059
9,0.6431373,27.831764,25.528234
9,0.65882355,27.530588,24.375881
9,0.6745098,27.185883,23.284117
9,0.6901961,26.807058,22.223528
9,0.7058824,26.381763,21.225882
9,0.72156864,25.91647,20.268234
9,0.7372549,25.41941,19.342352
9,0.7529412,24.887058,18.461763
9,0.76862746,24.334705,17.591175
9,0.78431374,23.73941,16.730587
9,0.8,23.1,15.88
9,0.8156863,22.406471,15.029411
9,0.83137256,21.672941,14.188823
9,0.84705883,20.879412,13.359411
9,0.8627451,20.055882,12.545881
9,0.8784314,19.207058,11.772351
9,0.89411765,18.306469,11.018822
9,0.9098039,17.307056,10.235292
9,0.9254902,16.215881,9.451763
9,0.9411765,15.007058,8.634706
9,0.95686275,13.701177,7.7941175
9,0.972549,12.299999,6.9135294
9,0.9882353,10.785294,5.9882345
10,0.0,20.65,66.81
10,0.015686275,20.828823,66.382355
10,0.03137255,21.03647,65.90706
10,0.047058824,21.254705,65.39059
10,0.0627451,21.49294,64.81647
10,0.078431375,21.758236,64.15353
10,0.09411765,22.065882,63.411766
10,0.10980392,22.433529,62.541176
10,0.1254902,22.836472,61.60706
10,0.14117648,23.23353,60.68294
10,0.15686275,23.640589,59.774704
10,0.17254902,24.044117,58.904705
10,0.1882353,24.441765,58.053528
10,0.20392157,24.839413,57.18647
10,0.21960784,25.21706,56.302353
10,0.23529412,25.605883,55.398235
10,0.2509804,26.032352,54.454117
10,0.26666668,26.480001,53.43
10,0.28235295,26.987059,52.188824
10,0.29803923,27.522942,50.77882
10,0.3137255,28.021177,49.28
10,0.32941177,28.480589,47.654705
10,0.34509805,28.794117,45.94588
10,0.36078432,28.92,44.200584
10,0.3764706,28.92,42.46235
10,0.39215687,28.864706,40.73941
10,0.40784314,28.755295,39.05529
10,0.42352942,28.601765,37.489998
10,0.4392157,28.422941,36.023525
10,0.45490196,28.274117,34.66882
10,0.47058824,28.145294,33.447056
10,0.4862745,28.008236,32.23529
10,0.5019608,27.847647,31.014704
10,0.5176471,27.668823,29.872938
10,0.53333336,27.48,28.819998
10,0.54901963,27.291176,27.846468
10,0.5647059,27.131176,26.990587
10,0.5803922,26.983528,26.224117
10,0.59607846,26.842352,25.58647
10,0.6117647,26.71294,25.094706
10,0.627451,26.61353,24.700588
10,0.6431373,26.544117,24.402353
10,0.65882355,26.494705,24.16941
10,0.6745098,26.45,23.980589
10,0.6901961,26.4,23.815882
10,0.7058824,26.33647,23.646471
10,0.72156864,26.27,23.454117
10,0.7372549,26.21,23.170588
10,0.7529412,26.148235,22.801176
10,0.76862746,26.027647,22.291765
10,0.78431374,25.828236,21.645294
10,0.8,25.56,20.87
10,0.8156863,25.222353,19.917059
10,0.83137256,24.815882,18.854118
10,0.84705883,24.330587,17.72294
10,0.8627451,23.72647,16.512941
10,0.8784314,22.92941,15.224117
10,0.89411765,21.958822,13.8929405
10,0.9098039,20.893528,12.567646
10,0.9254902,19.700588,11.230588
10,0.9411765,18.3,9.909411
10,0.95686275,16.637646,8.602352
10,0.972549,14.805881,7.320587
10,0.9882353,12.885293,6.0558815
11,0.0,99.7,51.45
11,0.015686275,99.24333,51.25
11,0.03137255,98.746666,51.043335
11,0.047058824,98.16,50.81
11,0.0627451,97.49333,50.53
11,0.078431375,96.73,50.193333
11,0.09411765,95.920006,49.83
11,0.10980392,95.043335,49.45667
11,0.1254902,94.083336,49.04667
11,0.14117648,93.08,48.61
11,0.15686275,92.11,48.163334
11,0.17254902,91.15,47.72667
11,0.1882353,90.19,47.3
11,0.20392157,89.21,46.863335
11,0.21960784,88.24333,46.426666
11,0.23529412,87.26,45.980003
11,0.2509804,86.23667,45.510002
11,0.26666668,85.19667,45.03
11,0.28235295,84.13,44.53
11,0.29803923,83.020004,43.996666
11,0.3137255,81.87334,43.463333
11,0.32941177,80.71,42.93
11,0.34509805,79.50667,42.386665
11,0.36078432,78.30667,41.853333
11,0.3764706,77.12,41.36
11,0.39215687,75.94667,40.91
11,0.40784314,74.74333,40.486668
11,0.42352942,73.49,40.079998
11,0.4392157,72.24333,39.696667
11,0.45490196,71.01667,39.36667
11,0.47058824,69.8,39.08
11,0.4862745,68.54,38.833332
11,0.5019608,67.25,38.623333
11,0.5176471,66.0,38.46
11,0.53333336,64.80667,38.34667
11,0.54901963,63.633335,38.293335
11,0.5647059,62.449997,38.3
11,0.5803922,61.27667,38.366665
11,0.59607846,60.15667,38.5
11,0.6117647,59.08,38.72
11,0.627451,57.98,39.02
11,0.6431373,56.85,39.413334
11,0.65882355,55.74,39.89
11,0.6745098,54.653336,40.446667
11,0.6901961,53.54,41.06
11,0.7058824,52.37,41.72
11,0.72156864,51.13,42.44
11,0.7372549,49.850002,43.23
11,0.7529412,48.52,44.06
11,0.76862746,47.15333,44.893333
11,0.78431374,45.73,45.746666
11,0.8,44.270004,46.66
11,0.8156863,42.79,47.666664
11,0.83137256,41.31333,48.74
11,0.84705883,39.85,49.870003
11,0.8627451,38.36667,51.1
11,0.8784314,36.890003,52.443333
11,0.89411765,35.44,53.9
11,0.9098039,34.04333,55.460003
11,0.9254902,32.693333,57.113335
11,0.9411765,31.370003,58.879997
11,0.95686275,30.056667,60.76
11,0.972549,28.743332,62.75
11,0.9882353,27.419998,64.87
12,0.0,21.37,66.61
12,0.015686275,21.777843,65.65235
12,0.03137255,22.195686,64.704704
12,0.047058824,22.619411,63.74706
12,0.0627451,23.051373,62.79941
12,0.078431375,23.489216,61.831764
12,0.09411765,23.958822,60.78059
12,0.10980392,24.478626,59.605297
12,0.1254902,25.00843,58.371765
12,0.14117648,25.508234,57.205883
12,0.15686275,25.99804,56.064312
12,0.17254902,26.467842,54.974316
12,0.1882353,26.884117,54.011765
12,0.20392157,27.236471,53.186077
12,0.21960784,27.532352,52.475296
12,0.23529412,27.778234,51.882942
12,0.2509804,27.952745,51.43451
12,0.26666668,28.093334,51.08
12,0.28235295,28.205294,50.794117
12,0.29803923,28.28,50.602745
12,0.3137255,28.339216,50.460785
12,0.32941177,28.411177,50.27765
12,0.34509805,28.473137,50.113724
12,0.36078432,28.555098,49.884705
12,0.3764706,28.68706,49.474705
12,0.39215687,28.878038,48.866863
12,0.40784314,29.08098,48.153137
12,0.42352942,29.235882,47.396473
12,0.4392157,29.364902,46.560783
12,0.45490196,29.44,45.725098
12,0.47058824,29.47,44.988235
12,0.4862745,29.459215,44.325294
12,0.5019608,29.417255,43.726276
12,0.5176471,29.355293,43.18647
12,0.53333336,29.283333,42.713333
12,0.54901963,29.211372,42.276863
12,0.5647059,29.15,41.857647
12,0.5803922,29.1,41.472355
12,0.59607846,29.04549,41.08196
12,0.6117647,28.98353,40.69412
12,0.627451,28.911568,40.296272
12,0.6431373,28.829607,39.787647
12,0.65882355,28.737648,39.091175
12,0.6745098,28.65,38.251175
12,0.6901961,28.553726,37.27098
12,0.7058824,28.461765,36.111176
12,0.72156864,28.359804,34.797253
12,0.7372549,28.277843,33.389805
12,0.7529412,28.215881,31.918234
12,0.76862746,28.14392,30.352745
12,0.78431374,28.021961,28.69333
12,0.8,27.82,26.96
12,0.8156863,27.504118,25.174706
12,0.83137256,27.040392,23.383331
12,0.84705883,26.388823,21.558235
12,0.8627451,25.50941,19.678822
12,0.8784314,24.422352,17.803528
12,0.89411765,23.115294,15.9482355
12,0.9098039,21.59039,14.142939
12,0.9254902,19.857647,12.419019
12,0.9411765,17.907057,10.777645
12,0.95686275,15.768625,9.215881
12,0.972549,13.483921,7.6749015
12,0.9882353,11.04176,6.1070566
13,0.0,20.94,67.09
13,0.015686275,21.421177,65.977646
13,0.03137255,21.905882,64.84882
13,0.047058824,22.41353,63.678234
13,0.0627451,22.924706,62.517647
13,0.078431375,23.414705,61.37706
13,0.09411765,23.887648,60.26588
13,0.10980392,24.320587,59.288826
13,0.1254902,24.707647,58.42882
13,0.14117648,25.022352,57.719414
13,0.15686275,25.242353,57.20059
13,0.17254902,25.390589,56.85882
13,0.1882353,25.49,56.681175
13,0.20392157,25.56,56.542942
13,0.21960784,25.6,56.424706
13,0.23529412,25.62353,56.32294
13,0.2509804,25.69,56.198235
13,0.26666668,25.78,56.03
13,0.28235295,25.994705,55.542355
13,0.29803923,26.335882,54.718235
13,0.3137255,26.728823,53.77765
13,0.32941177,27.171764,52.760586
13,0.34509805,27.584705,51.809414
13,0.36078432,27.958235,50.954704
13,0.3764706,28.265295,50.244118
13,0.39215687,28.465881,49.74647
13,0.40784314,28.604118,49.401764
13,0.42352942,28.71,49.155293
13,0.4392157,28.780588,48.999413
13,0.45490196,28.878824,48.76353
13,0.47058824,28.997059,48.448822
13,0.4862745,29.115294,48.094116
13,0.5019608,29.21353,47.73941
13,0.5176471,29.321764,47.312943
13,0.53333336,29.44,46.78
13,0.54901963,29.558235,46.112354
13,0.5647059,29.656471,45.278236
13,0.5803922,29.71,44.292942
13,0.59607846,29.7,43.157646
13,0.6117647,29.628824,41.90588
13,0.627451,29.510588,40.56765
13,0.6431373,29.382353,39.11294
13,0.65882355,29.234118,37.623528
13,0.6745098,29.061766,36.146473
13,0.6901961,28.875294,34.617058
13,0.7058824,28.678823,33.02118
13,0.72156864,28.482353,31.377647
13,0.7372549,28.265882,29.697058
13,0.7529412,28.014118,27.955296
13,0.76862746,27.699411,26.213528
13,0.78431374,27.301176,24.461765
13,0.8,26.79,22.72
13,0.8156863,26.152353,21.01647
13,0.83137256,25.384706,19.352942
13,0.84705883,24.477646,17.74941
13,0.8627451,23.440588,16.185883
13,0.8784314,22.275883,14.64353
13,0.89411765,20.957645,13.147646
13,0.9098039,19.475296,11.72059
13,0.9254902,17.845882,10.379412
13,0.9411765,16.094118,9.110588
13,0.95686275,14.25,7.894118
13,0.972549,12.35941,6.713528
13,0.9882353,10.441178,5.522942
14,0.0,99.49,51.36
14,0.015686275,97.990585,50.706272
14,0.03137255,96.36941,49.978626
14,0.047058824,94.488235,49.13706
14,0.0627451,92.463135,48.21941
14,0.078431375,90.344315,47.28196
14,0.09411765,88.12117,46.304115
14,0.10980392,85.92176,45.356472
14,0.1254902,83.73058,44.42882
14,0.14117648,81.56941,43.521175
14,0.15686275,79.42824,42.663136
14,0.17254902,77.287056,41.83745
14,0.1882353,75.14588,41.055294
14,0.20392157,72.994705,40.327057
14,0.21960784,70.85353,39.685295
14,0.23529412,68.702354,39.152943
14,0.2509804,66.51117,38.76588
14,0.26666668,64.299995,38.576668
14,0.28235295,61.998234,38.625294
14,0.29803923,59.653133,38.956276
14,0.3137255,57.387257,39.57451
14,0.32941177,55.134113,40.481766
14,0.34509805,52.954117,41.54451
14,0.36078432,50.81294,42.66608
14,0.3764706,48.661762,43.70353
14,0.39215687,46.47059,44.53314
14,0.40784314,44.27039,45.103924
14,0.42352942,42.224117,45.35294
14,0.4392157,40.371765,45.310196
14,0.45490196,38.707058,45.04255
14,0.47058824,37.285294,44.634705
14,0.4862745,36.050587,44.11529
14,0.5019608,34.93255,43.51353
14,0.5176471,33.947647,42.851765
14,0.53333336,33.066666,42.15333
14,0.54901963,32.27098,41.39098
14,0.5647059,31.505882,40.54529
14,0.5803922,30.802156,39.61451
14,0.59607846,30.16745,38.564903
14,0.6117647,29.627647,37.418823
14,0.627451,29.196274,36.188824
14,0.6431373,28.878822,34.8749
14,0.65882355,28.645294,33.507057
14,0.6745098,28.475687,32.09961
14,0.6901961,28.33745,30.652157
14,0.7058824,28.183529,29.156471
14,0.72156864,27.979609,27.616861
14,0.7372549,27.72353,26.057648
14,0.7529412,27.38353,24.494118
14,0.76862746,26.939608,22.892744
14,0.78431374,26.401766,21.321373
14,0.8,25.75,19.749998
14,0.8156863,24.964314,18.22255
14,0.83137256,24.054707,16.741177
14,0.84705883,22.995293,15.287646
14,0.8627451,21.815884,13.91804
14,0.8784314,20.542547,12.652351
14,0.89411765,19.155294,11.470589
14,0.9098039,17.674118,10.382745
14,0.9254902,16.109018,9.343137
14,0.9411765,14.450001,8.32353
14,0.95686275,12.727057,7.2843127
14,0.972549,10.973333,6.232745
14,0.9882353,9.176471,5.111177
15,0.0,99.57,51.89
15,0.015686275,97.661766,51.044117
15,0.03137255,95.68059,50.158237
15,0.047058824,93.54588,49.19294
15,0.0627451,91.35118,48.20353
15,0.078431375,89.15647,47.23941
15,0.09411765,86.95176,46.265293
15,0.10980392,84.76706,45.301178
15,0.1254902,82.592354,44.347057
15,0.14117648,80.38353,43.41294
15,0.15686275,78.14059,42.531178
15,0.17254902,75.827644,41.685295
15,0.1882353,73.42706,40.888237
15,0.20392157,71.034706,40.227646
15,0.21960784,68.69882,39.754116
15,0.23529412,66.38588,39.46294
15,0.2509804,64.12294,39.34
15,0.26666668,61.940002,39.43
15,0.28235295,59.86353,39.742943
15,0.29803923,57.90353,40.268826
15,0.3137255,55.99,40.98294
15,0.32941177,54.255882,41.76353
15,0.34509805,52.57118,42.55941
15,0.36078432,50.82941,43.335884
15,0.3764706,49.087646,44.015884
15,0.39215687,47.375885,44.589413
15,0.40784314,45.708233,45.022354
15,0.42352942,44.17706,45.284706
15,0.4392157,42.77294,45.4
15,0.45490196,41.434116,45.42
15,0.47058824,40.152355,45.36294
15,0.4862745,38.901764,45.199413
15,0.5019608,37.691177,44.89941
15,0.5176471,36.58235,44.491177
15,0.53333336,35.5,43.94
15,0.54901963,34.455883,43.242355
15,0.5647059,33.468235,42.428234
15,0.5803922,32.56235,41.50765
15,0.59607846,31.739412,40.44059
15,0.6117647,31.03294,39.257057
15,0.627451,30.422941,37.94706
15,0.6431373,29.92941,36.51059
15,0.65882355,29.52647,34.981766
15,0.6745098,29.197647,33.358234
15,0.6901961,28.90294,31.684704
15,0.7058824,28.598824,29.99059
15,0.72156864,28.264706,28.268824
15,0.7372549,27.871765,26.547058
15,0.7529412,27.39353,24.835295
15,0.76862746,26.838823,23.167057
15,0.78431374,26.189413,21.51353
15,0.8,25.44,19.88
15,0.8156863,24.594116,18.294704
15,0.83137256,23.621765,16.779413
15,0.84705883,22.483528,15.338823
15,0.8627451,21.234707,13.974707
15,0.8784314,19.944706,12.727059
15,0.89411765,18.558233,11.54647
15,0.9098039,17.015295,10.40353
15,0.9254902,15.375882,9.301176
15,0.9411765,13.708236,8.228824
15,0.95686275,12.022353,7.146471
15,0.972549,10.300587,6.0541167
15,0.9882353,8.538825,4.941766
16,0.0,21.15,67.04
16,0.015686275,21.628628,65.93843
16,0.03137255,22.07294,64.92549
16,0.047058824,22.469412,64.024704
16,0.0627451,22.805882,63.258236
16,0.078431375,23.051569,62.67686
16,0.09411765,23.24294,62.218235
16,0.10980392,23.405098,61.799606
16,0.1254902,23.54451,61.458237
16,0.14117648,23.678823,61.151764
16,0.15686275,23.81157,60.865295
16,0.17254902,23.943726,60.572548
16,0.1882353,24.075882,60.272354
16,0.20392157,24.18804,59.98588
16,0.21960784,24.290195,59.73961
16,0.23529412,24.382353,59.525295
16,0.2509804,24.46451,59.33549
16,0.26666668,24.53,59.183334
16,0.28235295,24.57,59.07118
16,0.29803923,24.59,59.01
16,0.3137255,24.59,58.99
16,0.32941177,24.59,58.98
16,0.34509805,24.59,58.98
16,0.36078432,24.59,58.99
16,0.3764706,24.59,58.99
16,0.39215687,24.59,58.99
16,0.40784314,24.626078,58.903923
16,0.42352942,24.738235,58.655293
16,0.4392157,24.940784,58.218037
16,0.45490196,25.247646,57.532158
16,0.47058824,25.648823,56.59765
16,0.4862745,26.154314,55.407646
16,0.5019608,26.774118,53.933723
16,0.5176471,27.42706,52.261177
16,0.53333336,28.09,50.413334
16,0.54901963,28.67196,48.461174
16,0.5647059,29.065294,46.532352
16,0.5803922,29.249804,44.583336
16,0.59607846,29.19608,42.624706
16,0.6117647,28.971764,40.69
16,0.627451,28.737452,38.87588
16,0.6431373,28.56157,37.18353
16,0.65882355,28.418823,35.511765
16,0.6745098,28.26451,33.871567
16,0.6901961,28.095098,32.18157
16,0.7058824,27.90294,30.337059
16,0.72156864,27.671568,28.394115
16,0.7372549,27.395882,26.445292
16,0.7529412,27.015882,24.46
16,0.76862746,26.495882,22.523333
16,0.78431374,25.815098,20.664509
16,0.8,24.949999,18.889997
16,0.8156863,23.93843,17.249804
16,0.83137256,22.816862,15.733921
16,0.84705883,21.628822,14.352351
16,0.8627451,20.385096,13.065096
16,0.8784314,19.100588,11.882156
16,0.89411765,17.774706,10.780587
16,0.9098039,16.363724,9.704117
16,0.9254902,14.885684,8.637449
16,0.9411765,13.338235,7.575294
16,0.95686275,11.696469,6.485882
16,0.972549,10.014115,5.4064693
16,0.9882353,8.301763,4.3311753
17,0.0,22.2,6.03
17,0.015686275,22.75902,6.460589
17,0.03137255,23.224314,6.8274517
17,0.047058824,23.485882,7.050588
17,0.0627451,23.677452,7.2074513
17,0.078431375,23.812157,7.322157
17,0.09411765,23.91059,7.4005885
17,0.10980392,23.98902,7.46902
17,0.1254902,24.03745,7.51
17,0.14117648,24.075882,7.5558825
17,0.15686275,24.114313,7.59
17,0.17254902,24.162745,7.6327453
17,0.1882353,24.241177,7.6911764
17,0.20392157,24.359215,7.7892156
17,0.21960784,24.516079,7.906079
17,0.23529412,24.729412,8.069412
17,0.2509804,25.02451,8.304706
17,0.26666668,25.410002,8.623334
17,0.28235295,25.892353,9.030588
17,0.29803923,26.441568,9.511373
17,0.3137255,27.079021,10.089021
17,0.32941177,27.840588,10.76353
17,0.34509805,28.705883,11.514903
17,0.36078432,29.67098,12.313138
17,0.3764706,30.692942,13.11353
17,0.39215687,31.760983,13.88706
17,0.40784314,32.878235,14.622941
17,0.42352942,34.034706,15.328824
17,0.4392157,35.227257,16.004707
17,0.45490196,36.46216,16.656078
17,0.47058824,37.730003,17.296473
17,0.4862745,39.06333,17.96098
17,0.5019608,40.42647,18.638235
17,0.5176471,41.828236,19.344118
17,0.53333336,43.266666,20.09
17,0.54901963,44.756863,20.870981
17,0.5647059,46.29059,21.685295
17,0.5803922,47.859215,22.531569
17,0.59607846,49.458237,23.404316
17,0.6117647,51.105293,24.305882
17,0.627451,52.79961,25.219805
17,0.6431373,54.540787,26.138235
17,0.65882355,56.324707,27.035294
17,0.6745098,58.16118,27.91059
17,0.6901961,60.05451,28.770784
17,0.7058824,61.96588,29.603529
17,0.72156864,63.89824,30.418432
17,0.7372549,65.88313,31.24902
17,0.7529412,67.922356,32.091766
17,0.76862746,69.96157,32.93451
17,0.78431374,72.01079,33.787254
17,0.8,74.060005,34.640003
17,0.8156863,76.109215,35.492744
17,0.83137256,78.14843,36.35549
17,0.84705883,80.172356,37.208237
17,0.8627451,82.176865,38.06098
17,0.8784314,84.18392,38.911568
17,0.89411765,86.174706,39.75647
17,0.9098039,88.16451,40.599216
17,0.9254902,90.153725,41.44451
17,0.9411765,92.16294,42.304707
17,0.95686275,94.202156,43.177452
17,0.972549,96.26137,44.07294
17,0.9882353,98.350586,44.98412
18,0.0,99.5,51.47
18,0.015686275,97.357056,50.49353
18,0.03137255,95.21823,49.507057
18,0.047058824,93.04236,48.500587
18,0.0627451,90.83647,47.474117
18,0.078431375,88.625885,46.437645
18,0.09411765,86.387054,45.391174
18,0.10980392,84.13824,44.354706
18,0.1254902,81.88941,43.328236
18,0.14117648,79.65706,42.361763
18,0.15686275,77.45117,41.474705
18,0.17254902,75.28529,40.705883
18,0.1882353,73.174706,40.06353
18,0.20392157,71.15,39.53706
18,0.21960784,69.312355,39.13647
18,0.23529412,67.63824,38.861763
18,0.2509804,65.96412,38.69294
18,0.26666668,64.32,38.65
18,0.28235295,62.59294,38.742943
18,0.29803923,60.755882,39.00765
18,0.3137255,58.878826,39.474117
18,0.32941177,56.91,40.162354
18,0.34509805,54.944706,41.052353
18,0.36078432,53.097645,42.038822
18,0.3764706,51.301178,43.074707
18,0.39215687,49.54353,44.008236
18,0.40784314,47.77647,44.798824
18,0.42352942,45.96941,45.397648
18,0.4392157,44.13,45.774704
18,0.45490196,42.285294,45.91
18,0.47058824,40.498234,45.78353
18,0.4862745,38.77235,45.435295
18,0.5019608,37.15235,44.905293
18,0.5176471,35.66118,44.21059
18,0.53333336,34.24,43.3
18,0.54901963,32.99059,42.22059
18,0.5647059,31.907059,41.025295
18,0.5803922,30.988235,39.744118
18,0.59607846,30.249413,38.408825
18,0.6117647,29.68647,37.053528
18,0.627451,29.24941,35.698235
18,0.6431373,28.908236,34.41294
18,0.65882355,28.632942,33.09765
18,0.6745098,28.407059,31.665882
18,0.6901961,28.201176,30.167646
18,0.7058824,27.975294,28.60706
18,0.72156864,27.714117,27.01059
18,0.7372549,27.395294,25.414705
18,0.7529412,26.995295,23.812351
18,0.76862746,26.479412,22.202353
18,0.78431374,25.800589,20.581177
18,0.8,24.96,18.95
18,0.8156863,23.96353,17.348822
18,0.83137256,22.821177,15.783529
18,0.84705883,21.534119,14.236472
18,0.8627451,20.125294,12.737059
18,0.8784314,18.584116,11.3335285
18,0.89411765,16.94294,10.025882
18,0.9098039,15.2811775,8.834119
18,0.9254902,13.610589,7.7382355
18,0.9411765,11.959412,6.708235
18,0.95686275,10.348234,5.724705
18,0.972549,8.77706,4.761177
18,0.9882353,7.235883,3.8123534
19,0.0,98.93,50.99
19,0.015686275,97.56098,50.382942
19,0.03137255,96.187065,49.775883
19,0.047058824,94.81059,49.178825
19,0.0627451,93.414116,48.571766
19,0.078431375,91.98039,47.93745
19,0.09411765,90.49177,47.27294
19,0.10980392,88.99255,46.60059
19,0.1254902,87.488625,45.93392
19,0.14117648,85.977646,45.286472
19,0.15686275,84.47079,44.649414
19,0.17254902,82.98882,44.032352
19,0.1882353,81.54294,43.454704
19,0.20392157,80.15275,42.905098
19,0.21960784,78.84804,42.419804
19,0.23529412,77.628235,41.979412
19,0.2509804,76.48255,41.583923
19,0.26666668,75.403336,41.236668
19,0.28235295,74.378235,40.91353
19,0.29803923,73.43804,40.633724
19,0.3137255,72.57176,40.383923
19,0.32941177,71.73235,40.15059
19,0.34509805,70.90902,39.928234
19,0.36078432,70.07216,39.717255
19,0.3764706,69.234116,39.542355
19,0.39215687,68.40471,39.377453
19,0.40784314,67.5853,39.22255
19,0.42352942,66.77589,39.067646
19,0.4392157,65.96647,38.912746
19,0.45490196,65.16706,38.78392
19,0.47058824,64.37765,38.68647
19,0.4862745,63.629215,38.61902
19,0.5019608,62.965687,38.551567
19,0.5176471,62.35706,38.48412
19,0.53333336,61.75,38.446667
19,0.54901963,61.132156,38.43
19,0.5647059,60.449413,38.438236
19,0.5803922,59.73745,38.475685
19,0.59607846,59.01549,38.566273
19,0.6117647,58.242943,38.731766
19,0.627451,57.34745,39.000195
19,0.6431373,56.312157,39.402943
19,0.65882355,55.2,39.91353
19,0.6745098,54.043335,40.49392
19,0.6901961,52.85882,41.156273
19,0.7058824,51.654705,41.86294
19,0.72156864,50.41059,42.62294
19,0.7372549,49.14608,43.43235
19,0.7529412,47.827057,44.269413
19,0.76862746,46.488037,45.126274
19,0.78431374,45.106472,46.005684
19,0.8,43.690002,46.92
19,0.8156863,42.24608,47.901764
19,0.83137256,40.807056,48.948433
19,0.84705883,39.39294,50.08235
19,0.8627451,38.033924,51.296467
19,0.8784314,36.712154,52.6051
19,0.89411765,35.420586,54.03353
19,0.9098039,34.191177,55.581764
19,0.9254902,32.986668,57.30941
19,0.9411765,31.77294,59.147648
19,0.95686275,30.534313,61.036278
19,0.972549,29.294706,62.96686
19,0.9882353,28.08059,64.98176
20,0.0,48.98,5.76
20,0.015686275,49.221764,6.7052937
20,0.03137255,49.431763,7.527058
20,0.047058824,49.537647,7.985294
20,0.0627451,49.58,8.257058
20,0.078431375,49.56059,8.469412
20,0.09411765,49.54,8.615294
20,0.10980392,49.54,8.741177
20,0.1254902,49.55,8.887059
20,0.14117648,49.562943,9.158823
20,0.15686275,49.58,9.51647
20,0.17254902,49.61,9.938823
20,0.1882353,49.62,10.401764
20,0.20392157,49.59,10.772941
20,0.21960784,49.56,11.114706
20,0.23529412,49.56,11.552941
20,0.2509804,49.6,12.042353
20,0.26666668,49.63,12.5199995
20,0.28235295,49.64,12.977647
20,0.29803923,49.64,13.271765
20,0.3137255,49.64,13.427647
20,0.32941177,49.63,13.583529
20,0.34509805,49.62,13.739411
20,0.36078432,49.63,13.875294
20,0.3764706,49.64,13.95
20,0.39215687,49.66,14.107059
20,0.40784314,49.67,14.348824
20,0.42352942,49.68,15.011765
20,0.4392157,49.754707,16.187057
20,0.45490196,50.021175,17.807648
20,0.47058824,50.55588,19.877058
20,0.4862745,51.291763,22.08294
20,0.5019608,52.10941,24.281761
20,0.5176471,52.920586,26.679998
20,0.53333336,53.55,29.389997
20,0.54901963,53.78,32.36353
20,0.5647059,53.409412,35.558823
20,0.5803922,52.28353,38.70059
20,0.59607846,50.35353,41.48
20,0.6117647,47.78118,43.66235
20,0.627451,44.868828,45.011765
20,0.6431373,41.74412,45.53
20,0.65882355,38.591766,45.164707
20,0.6745098,35.64412,44.000587
20,0.6901961,33.078823,42.147648
20,0.7058824,31.048237,39.68059
20,0.72156864,29.715883,36.656475
20,0.7372549,28.954119,33.35118
20,0.7529412,28.462942,30.005886
20,0.76862746,27.96706,26.67059
20,0.78431374,27.215294,23.429413
20,0.8,26.0,20.15
20,0.8156863,24.181767,16.976473
20,0.83137256,21.861767,14.0782385
20,0.84705883,19.53765,11.802943
20,0.8627451,17.277061,10.011178
20,0.8784314,15.108236,8.515883
20,0.89411765,13.156471,7.2476473
20,0.9098039,11.415882,6.1417646
20,0.9254902,9.879413,5.1776476
20,0.9411765,8.54353,4.3352947
20,0.95686275,7.4182367,3.6358833
20,0.972549,6.4070597,3.011177
20,0.9882353,5.4964714,2.4276476
21,0.0,22.23,6.0
21,0.015686275,22.769411,6.4117646
21,0.03137255,23.308823,6.8235292
21,0.047058824,23.844706,7.2352934
21,0.0627451,24.387646,7.6570582
21,0.078431375,24.961176,8.11294
21,0.09411765,25.552351,8.593529
21,0.10980392,26.167645,9.0958805
21,0.1254902,26.786469,9.605292
21,0.14117648,27.414116,10.124704
21,0.15686275,28.02235,10.605881
21,0.17254902,28.600586,11.059411
21,0.1882353,29.168821,11.501175
21,0.20392157,29.747057,11.9329405
21,0.21960784,30.335293,12.364705
21,0.23529412,30.958233,12.818823
21,0.2509804,31.624117,13.289411
21,0.26666668,32.309998,13.7699995
21,0.28235295,33.01588,14.250587
21,0.29803923,33.76706,14.741176
21,0.3137255,34.56059,15.241764
21,0.32941177,35.41941,15.757647
21,0.34509805,36.325882,16.277058
21,0.36078432,37.27,16.79647
21,0.3764706,38.27,17.335882
21,0.39215687,39.31059,17.885881
21,0.40784314,40.408825,18.454117
21,0.42352942,41.544704,19.052353
21,0.4392157,42.721176,19.667646
21,0.45490196,43.94941,20.314705
21,0.47058824,45.213528,20.99647
21,0.4862745,46.507645,21.70235
21,0.5019608,47.824116,22.430586
21,0.5176471,49.167053,23.185291
21,0.53333336,50.549995,23.949997
21,0.54901963,51.97176,24.733526
21,0.5647059,53.43882,25.509409
21,0.5803922,54.964703,26.294115
21,0.59607846,56.552937,27.088821
21,0.6117647,58.17529,27.863527
21,0.627451,59.832348,28.628233
21,0.6431373,61.49941,29.371176
21,0.65882355,63.187057,30.087057
21,0.6745098,64.90294,30.80294
21,0.6901961,66.62882,31.508823
21,0.7058824,68.3447,32.214706
21,0.72156864,70.024704,32.920586
21,0.7372549,71.661766,33.62647
21,0.7529412,73.278824,34.342354
21,0.76862746,74.88353,35.068233
21,0.78431374,76.47294,35.795296
21,0.8,78.07,36.53
21,0.8156863,79.677055,37.264706
21,0.83137256,81.26647,37.991764
21,0.84705883,82.8747,38.717648
21,0.8627451,84.492935,39.448822
21,0.8784314,86.145294,40.193527
21,0.89411765,87.82529,40.945293
21,0.9098039,89.52117,41.702938
21,0.9254902,91.23705,42.46823
21,0.9411765,92.96235,43.25235
21,0.95686275,94.72705,44.063526
21,0.972549,96.4747,44.85176
21,0.9882353,98.33058,45.636467
22,0.0,99.39,51.06
22,0.015686275,96.88529,49.97059
22,0.03137255,94.40058,48.891174
22,0.047058824,91.9647,47.821762
22,0.0627451,89.59294,46.774117
22,0.078431375,87.28059,45.747646
22,0.09411765,85.064705,44.751175
22,0.10980392,82.90882,43.794704
22,0.1254902,80.79647,42.885292
22,0.14117648,78.76353,42.064705
22,0.15686275,76.82,41.33353
22,0.17254902,74.97235,40.688236
22,0.1882353,73.23058,40.148823
22,0.20392157,71.5947,39.705296
22,0.21960784,70.03353,39.34647
22,0.23529412,68.54647,39.071766
22,0.2509804,67.17529,38.87294
22,0.26666668,65.89,38.74
22,0.28235295,64.687645,38.68
22,0.29803923,63.40941,38.65
22,0.3137255,62.02529,38.688824
22,0.32941177,60.475292,38.905293
22,0.34509805,58.80941,39.34353
22,0.36078432,57.047646,40.005882
22,0.3764706,55.189995,40.88471
22,0.39215687,53.25647,41.905296
22,0.40784314,51.20353,43.004707
22,0.42352942,49.021763,44.074707
22,0.4392157,46.720585,44.99647
22,0.45490196,44.303528,45.631176
22,0.47058824,41.750587,45.89
22,0.4862745,39.112938,45.675293
22,0.5019608,36.683525,45.01706
22,0.5176471,34.47294,43.895294
22,0.53333336,32.57,42.39
22,0.54901963,31.014706,40.58706
22,0.5647059,29.85294,38.55823
22,0.5803922,29.115881,36.40235
22,0.59607846,28.71647,34.23647
22,0.6117647,28.495295,32.110588
22,0.627451,28.304707,30.04235
22,0.6431373,28.068235,28.059998
22,0.65882355,27.735882,26.163528
22,0.6745098,27.314117,24.342941
22,0.6901961,26.80294,22.618822
22,0.7058824,26.18588,20.967056
22,0.72156864,25.458235,19.471174
22,0.7372549,24.632353,18.119411
22,0.7529412,23.710588,16.847057
22,0.76862746,22.72294,15.634705
22,0.78431374,21.66941,14.46941
22,0.8,20.56,13.36
22,0.8156863,19.430588,12.3335285
22,0.83137256,18.265293,11.36294
22,0.84705883,17.052938,10.419411
22,0.8627451,15.820588,9.517647
22,0.8784314,14.588235,8.662353
22,0.89411765,13.383528,7.8564696
22,0.9098039,12.204116,7.0764694
22,0.9254902,11.064705,6.315294
22,0.9411765,9.955294,5.564706
22,0.95686275,8.885293,4.8435287
22,0.972549,7.838822,4.1358814
22,0.9882353,6.812352,3.4582345
23,0.0,22.01,5.49
23,0.015686275,22.647058,5.9317646
23,0.03137255,23.28647,6.3811765
23,0.047058824,23.924706,6.8252945
23,0.0627451,24.558235,7.2823534
23,0.078431375,25.181177,7.742942
23,0.09411765,25.789412,8.20353
23,0.10980392,26.397648,8.674118
23,0.1254902,26.985884,9.154707
23,0.14117648,27.57412,9.625295
23,0.15686275,28.14412,10.085883
23,0.17254902,28.703531,10.526472
23,0.1882353,29.232943,10.951178
23,0.20392157,29.762354,11.372942
23,0.21960784,30.311766,11.808237
23,0.23529412,30.893532,12.291178
23,0.2509804,31.511766,12.82059
23,0.26666668,32.160004,13.380002
23,0.28235295,32.835884,13.958237
23,0.29803923,33.561768,14.556472
23,0.3137255,34.35059,15.164707
23,0.32941177,35.20941,15.782942
23,0.34509805,36.145885,16.405294
23,0.36078432,37.14,17.039412
23,0.3764706,38.181767,17.659412
23,0.39215687,39.24059,18.265882
23,0.40784314,40.29941,18.854118
23,0.42352942,41.378235,19.432354
23,0.4392157,42.474117,20.00059
23,0.45490196,43.591766,20.568825
23,0.47058824,44.758823,21.157059
23,0.4862745,45.96412,21.755295
23,0.5019608,47.199413,22.355883
23,0.5176471,48.464706,22.981766
23,0.53333336,49.750004,23.62
23,0.54901963,51.072945,24.275885
23,0.5647059,52.42353,24.961765
23,0.5803922,53.795296,25.67412
23,0.59607846,55.197063,26.398825
23,0.6117647,56.63883,27.133532
23,0.627451,58.113533,27.868238
23,0.6431373,59.62589,28.592943
23,0.65882355,61.185886,29.31706
23,0.6745098,62.793533,30.022943
23,0.6901961,64.430595,30.738825
23,0.7058824,66.11471,31.454708
23,0.72156864,67.81059,32.17647
23,0.7372549,69.55118,32.91118
23,0.7529412,71.329414,33.665882
23,0.76862746,73.13294,34.43294
23,0.78431374,74.94647,35.205296
23,0.8,76.76,35.97
23,0.8156863,78.57353,36.744705
23,0.83137256,80.40706,37.519413
23,0.84705883,82.25059,38.294117
23,0.8627451,84.08942,39.064117
23,0.8784314,85.91765,39.83353
23,0.89411765,87.738235,40.588238
23,0.9098039,89.542946,41.34294
23,0.9254902,91.33824,42.09765
23,0.9411765,93.14177,42.852356
23,0.95686275,94.91706,43.588825
23,0.972549,96.83295,44.395885
23,0.9882353,98.72824,45.216473
24,0.0,21.32,66.73
24,0.015686275,21.885881,65.47471
24,0.03137255,22.444117,64.20941
24,0.047058824,23.021175,62.884117
24,0.0627451,23.628235,61.46412
24,0.078431375,24.245295,60.00765
24,0.09411765,24.852352,58.581177
24,0.10980392,25.451176,57.19471
24,0.1254902,26.037058,55.837646
24,0.14117648,26.57294,54.522354
24,0.15686275,27.068823,53.19706
24,0.17254902,27.511765,51.934708
24,0.1882353,27.852352,50.882942
24,0.20392157,28.070587,50.138237
24,0.21960784,28.202942,49.587646
24,0.23529412,28.317646,49.101765
24,0.2509804,28.428823,48.664707
24,0.26666668,28.53,48.29
24,0.28235295,28.621176,47.915295
24,0.29803923,28.682352,47.57294
24,0.3137255,28.74,47.229412
24,0.32941177,28.804707,46.82118
24,0.34509805,28.885881,46.40059
24,0.36078432,28.967058,45.88765
24,0.3764706,29.048235,45.155884
24,0.39215687,29.109411,44.17647
24,0.40784314,29.13,43.002945
24,0.42352942,29.098236,41.643528
24,0.4392157,29.02,40.050003
24,0.45490196,28.945883,38.300003
24,0.47058824,28.915295,36.494705
24,0.4862745,28.98294,34.607063
24,0.5019608,29.192942,32.694706
24,0.5176471,29.584118,30.851177
24,0.53333336,30.169998,29.100004
24,0.54901963,30.971766,27.401176
24,0.5647059,32.005882,25.762356
24,0.5803922,33.27588,24.197062
24,0.59607846,34.79,22.80353
24,0.6117647,36.56176,21.66706
24,0.627451,38.558235,20.84059
24,0.6431373,40.682938,20.355295
24,0.65882355,42.817642,20.23
24,0.6745098,44.901764,20.462353
24,0.6901961,46.945293,21.032352
24,0.7058824,48.96588,21.922352
24,0.72156864,50.928234,23.063528
24,0.7372549,52.860584,24.348822
24,0.7529412,54.77294,25.674116
24,0.76862746,56.73294,26.96941
24,0.78431374,58.80529,28.207056
24,0.8,61.06,29.34
24,0.8156863,63.44941,30.351763
24,0.83137256,66.01117,31.343529
24,0.84705883,68.75882,32.388824
24,0.8627451,71.67117,33.52647
24,0.8784314,74.71235,34.74059
24,0.89411765,77.88588,36.041763
24,0.9098039,81.20176,37.41529
24,0.9254902,84.541176,38.831764
24,0.9411765,87.83882,40.248234
24,0.95686275,91.12823,41.664703
24,0.972549,94.48294,43.12412
24,0.9882353,97.89176,44.607647
25,0.0,21.52,66.47
25,0.015686275,22.150589,64.99863
25,0.03137255,22.781176,63.537254
25,0.047058824,23.411764,62.095882
25,0.0627451,24.062353,60.60412
25,0.078431375,24.692942,59.16863
25,0.09411765,25.222353,58.004707
25,0.10980392,25.642746,57.100197
25,0.1254902,25.941568,56.46686
25,0.14117648,26.085882,56.168236
25,0.15686275,26.14098,56.05
25,0.17254902,26.15,56.04
25,0.1882353,26.15,56.04
25,0.20392157,26.15,56.04
25,0.21960784,26.15,56.05
25,0.23529412,26.14,56.05
25,0.2509804,26.14,56.05
25,0.26666668,26.14,56.05
25,0.28235295,26.138235,56.06
25,0.29803923,26.093138,56.10686
25,0.3137255,26.14196,55.96608
25,0.32941177,26.284119,55.668823
25,0.34509805,26.51647,55.187057
25,0.36078432,26.831764,54.519215
25,0.3764706,27.219412,53.67882
25,0.39215687,27.659803,52.63804
25,0.40784314,28.112745,51.396862
25,0.42352942,28.550589,49.945293
25,0.4392157,28.888235,48.273335
25,0.45490196,29.077843,46.323135
25,0.47058824,29.11,44.085293
25,0.4862745,29.021961,41.743134
25,0.5019608,28.863726,39.45098
25,0.5176471,28.711765,37.11882
25,0.53333336,28.693333,34.786667
25,0.54901963,28.925295,32.502937
25,0.5647059,29.431177,30.299412
25,0.5803922,30.217648,28.216076
25,0.59607846,31.27098,26.306665
25,0.6117647,32.58353,24.598822
25,0.627451,34.142746,23.10902
25,0.6431373,35.942356,21.879803
25,0.65882355,37.932354,20.957058
25,0.6745098,40.113533,20.393137
25,0.6901961,42.404903,20.254314
25,0.7058824,44.717064,20.53706
25,0.72156864,47.019215,21.260588
25,0.7372549,49.241768,22.365295
25,0.7529412,51.418823,23.735882
25,0.76862746,53.605885,25.24706
25,0.78431374,55.882748,26.80353
25,0.8,58.340004,28.320002
25,0.8156863,61.062744,29.716274
25,0.83137256,64.02569,30.992159
25,0.84705883,67.10353,32.188236
25,0.8627451,70.22177,33.384315
25,0.8784314,73.40471,34.605885
25,0.89411765,76.64824,35.887062
25,0.9098039,79.94196,37.21392
25,0.9254902,83.2851,38.580982
25,0.9411765,86.668236,39.99235
25,0.95686275,90.102356,41.42373
25,0.972549,93.57059,42.8751
25,0.9882353,97.03001,44.346474
26,0.0,21.13,4.69
26,0.015686275,21.781178,5.1821585
26,0.03137255,22.440393,5.6762753
26,0.047058824,23.090588,6.169412
26,0.0627451,23.734707,6.6525497
26,0.078431375,24.350786,7.1356874
26,0.09411765,24.96706,7.614706
26,0.10980392,25.568235,8.091961
26,0.1254902,26.159412,8.565099
26,0.14117648,26.74059,9.038236
26,0.15686275,27.32157,9.521373
26,0.17254902,27.883726,9.994511
26,0.1882353,28.435883,10.467648
26,0.20392157,28.960785,10.920784
26,0.21960784,29.447647,11.337647
26,0.23529412,29.901766,11.726471
26,0.2509804,30.350197,12.105883
26,0.26666668,30.843334,12.52
26,0.28235295,31.391178,12.966472
26,0.29803923,31.982353,13.439609
26,0.3137255,32.62392,13.922745
26,0.32941177,33.323532,14.415883
26,0.34509805,34.092747,14.927452
26,0.36078432,34.936863,15.442157
26,0.3764706,35.85059,15.9717655
26,0.39215687,36.822353,16.503922
26,0.40784314,37.852158,17.056078
26,0.42352942,38.95,17.621765
26,0.4392157,40.113335,18.212942
26,0.45490196,41.318237,18.814117
26,0.47058824,42.54059,19.415295
26,0.4862745,43.753334,20.016865
26,0.5019608,44.985294,20.627647
26,0.5176471,46.217648,21.248823
26,0.53333336,47.460003,21.886667
26,0.54901963,48.732353,22.556864
26,0.5647059,50.02941,23.26706
26,0.5803922,51.350784,24.01098
26,0.59607846,52.704903,24.780197
26,0.6117647,54.10706,25.571177
26,0.627451,55.55647,26.388626
26,0.6431373,57.04569,27.197845
26,0.65882355,58.59294,28.015882
26,0.6745098,60.208233,28.826275
26,0.6901961,61.88843,29.622355
26,0.7058824,63.662945,30.414707
26,0.72156864,65.492355,31.203922
26,0.7372549,67.3598,31.983137
26,0.7529412,69.21941,32.742355
26,0.76862746,71.08294,33.501568
26,0.78431374,72.94647,34.260784
26,0.8,74.83,35.030003
26,0.8156863,76.72255,35.809216
26,0.83137256,78.6251,36.59647
26,0.84705883,80.53765,37.394707
26,0.8627451,82.4602,38.21294
26,0.8784314,84.41274,39.046272
26,0.89411765,86.41941,39.92353
26,0.9098039,88.45412,40.820786
26,0.9254902,90.5147,41.72804
26,0.9411765,92.58529,42.635292
26,0.95686275,94.67589,43.52255
26,0.972549,96.755684,44.43902
26,0.9882353,98.83882,45.35706
27,0.0,99.18,51.49
27,0.015686275,96.71647,50.417057
27,0.03137255,94.27137,49.344116
27,0.047058824,91.87706,48.308823
27,0.0627451,89.55961,47.315098
27,0.078431375,87.33059,46.35137
27,0.09411765,85.174706,45.427647
27,0.10980392,83.12333,44.54843
27,0.1254902,81.27412,43.75765
27,0.14117648,79.60176,43.06235
27,0.15686275,78.13628,42.481373
27,0.17254902,76.907646,42.045883
27,0.1882353,75.895294,41.718822
27,0.20392157,75.06117,41.460392
27,0.21960784,74.4549,41.26098
27,0.23529412,73.96706,41.091766
27,0.2509804,73.52765,40.95255
27,0.26666668,73.17,40.84
27,0.28235295,72.852356,40.73
27,0.29803923,72.5798,40.6249
27,0.3137255,72.37569,40.55
27,0.32941177,72.276474,40.53
27,0.34509805,72.25,40.53
27,0.36078432,72.25,40.54
27,0.3764706,72.26,40.55
27,0.39215687,72.26,40.56
27,0.40784314,72.24,40.55
27,0.42352942,72.23118,40.531178
27,0.4392157,72.13196,40.50196
27,0.45490196,71.89549,40.432747
27,0.47058824,71.514114,40.31353
27,0.4862745,70.94157,40.128628
27,0.5019608,70.23059,39.910194
27,0.5176471,69.619415,39.73588
27,0.53333336,69.13,39.616665
27,0.54901963,68.702354,39.52745
27,0.5647059,68.3447,39.448235
27,0.5803922,68.037056,39.37902
27,0.59607846,67.649216,39.289803
27,0.6117647,67.172356,39.20059
27,0.627451,66.62686,39.111374
27,0.6431373,66.01079,39.032158
27,0.65882355,65.297646,38.95
27,0.6745098,64.54608,38.86
27,0.6901961,63.83706,38.78451
27,0.7058824,62.997646,38.72
27,0.72156864,61.82294,38.68
27,0.7372549,60.382355,38.746273
27,0.7529412,58.78706,39.007057
27,0.76862746,57.034904,39.50941
27,0.78431374,55.13745,40.23549
27,0.8,53.36,41.05
27,0.8156863,51.611767,41.933723
27,0.83137256,49.696667,42.955883
27,0.84705883,47.554707,44.154118
27,0.8627451,45.272747,45.539215
27,0.8784314,42.908432,47.161175
27,0.89411765,40.494118,49.05
27,0.9098039,38.174313,51.101177
27,0.9254902,36.03294,53.270782
27,0.9411765,34.00294,55.651764
27,0.95686275,32.02549,58.361763
27,0.972549,30.10804,61.38706
27,0.9882353,28.27,64.647644
28,0.0,21.44,4.7
28,0.015686275,22.120195,5.242156
28,0.03137255,22.80039,5.7943125
28,0.047058824,23.47353,6.3464704
28,0.0627451,24.140783,6.888627
28,0.078431375,24.785881,7.420783
28,0.09411765,25.427057,7.9588227
28,0.10980392,26.058235,8.485098
28,0.1254902,26.66941,8.997254
28,0.14117648,27.270586,9.498234
28,0.15686275,27.861568,9.981373
28,0.17254902,28.433725,10.4445095
28,0.1882353,28.975882,10.887646
28,0.20392157,29.46353,11.286275
28,0.21960784,29.897648,11.651373
28,0.23529412,30.291763,11.981176
28,0.2509804,30.651567,12.281569
28,0.26666668,30.996666,12.5633335
28,0.28235295,31.319412,12.817059
28,0.29803923,31.59549,13.024117
28,0.3137255,31.861568,13.211177
28,0.32941177,32.14706,13.427647
28,0.34509805,32.502155,13.693725
28,0.36078432,32.884705,13.999804
28,0.3764706,33.308823,14.322353
28,0.39215687,33.82392,14.67294
28,0.40784314,34.459606,15.081569
28,0.42352942,35.262352,15.544706
28,0.4392157,36.198235,16.057842
28,0.45490196,37.2451,16.59098
28,0.47058824,38.359413,17.124706
28,0.4862745,39.503727,17.656862
28,0.5019608,40.70529,18.199018
28,0.5176471,41.947647,18.788824
28,0.53333336,43.273335,19.466667
28,0.54901963,44.68941,20.268234
28,0.5647059,46.18353,21.205883
28,0.5803922,47.74569,22.225883
28,0.59607846,49.385883,23.283922
28,0.6117647,51.094116,24.34647
28,0.627451,52.89118,25.381767
28,0.6431373,54.79451,26.407059
28,0.65882355,56.76588,27.383528
28,0.6745098,58.73961,28.284119
28,0.6901961,60.66216,29.112354
28,0.7058824,62.574707,29.874706
28,0.72156864,64.48726,30.613922
28,0.7372549,66.38981,31.333138
28,0.7529412,68.30235,32.069412
28,0.76862746,70.1949,32.821568
28,0.78431374,72.07648,33.580788
28,0.8,73.950005,34.36
28,0.8156863,75.842545,35.159214
28,0.83137256,77.74706,35.97647
28,0.84705883,79.66765,36.804707
28,0.8627451,81.6002,37.64294
28,0.8784314,83.562744,38.526276
28,0.89411765,85.57353,39.44353
28,0.9098039,87.63412,40.39392
28,0.9254902,89.7347,41.370197
28,0.9411765,91.86648,42.33647
28,0.95686275,94.08667,43.312748
28,0.972549,96.335686,44.26902
28,0.9882353,98.4653,45.245296
29,0.0,21.01,4.35
29,0.015686275,21.710785,4.9486284
29,0.03137255,22.429413,5.5572553
29,0.047058824,23.114119,6.1376476
29,0.0627451,23.700197,6.655883
29,0.078431375,24.172354,7.081961
29,0.09411765,24.565884,7.4523535
29,0.10980392,24.920197,7.7901964
29,0.1254902,25.25451,8.114511
29,0.14117648,25.588823,8.428823
29,0.15686275,25.893139,8.712354
29,0.17254902,26.18745,8.980588
29,0.1882353,26.478825,9.248824
29,0.20392157,26.746078,9.487059
29,0.21960784,26.995295,9.715295
29,0.23529412,27.274706,9.964705
29,0.2509804,27.62353,10.286275
29,0.26666668,28.04,10.666667
29,0.28235295,28.506472,11.077059
29,0.29803923,28.982943,11.507451
29,0.3137255,29.439411,11.917844
29,0.32941177,29.915884,12.335883
29,0.34509805,30.392353,12.748628
29,0.36078432,30.828825,13.129216
29,0.3764706,31.183529,13.443529
29,0.39215687,31.445883,13.663922
29,0.40784314,31.654118,13.826078
29,0.42352942,31.882353,14.002354
29,0.4392157,32.160786,14.220588
29,0.45490196,32.455097,14.432549
29,0.47058824,32.781765,14.657059
29,0.4862745,33.24902,14.953726
29,0.5019608,33.9251,15.3570595
29,0.5176471,34.787647,15.844118
29,0.53333336,35.813335,16.393333
29,0.54901963,36.986668,16.99196
29,0.5647059,38.318825,17.649412
29,0.5803922,39.82294,18.379019
29,0.59607846,41.46157,19.160786
29,0.6117647,43.17235,19.997646
29,0.627451,44.9153,20.880785
29,0.6431373,46.751175,21.849804
29,0.65882355,48.662354,22.884119
29,0.6745098,50.605686,23.979216
29,0.6901961,52.573727,25.109217
29,0.7058824,54.585293,26.26647
29,0.72156864,56.66902,27.424118
29,0.7372549,58.819218,28.529608
29,0.7529412,61.042942,29.55294
29,0.76862746,63.34314,30.504118
29,0.78431374,65.71157,31.403137
29,0.8,68.11,32.27
29,0.8156863,70.53451,33.14294
29,0.83137256,72.98118,34.033726
29,0.84705883,75.46176,34.938824
29,0.8627451,77.96236,35.861767
29,0.8784314,80.49333,36.815098
29,0.89411765,83.05,37.814117
29,0.9098039,85.60412,38.835686
29,0.9254902,88.12471,39.909412
29,0.9411765,90.57588,41.000587
29,0.95686275,92.984314,42.101765
29,0.972549,95.39961,43.19608
29,0.9882353,97.887054,44.261177
30,0.0,21.37,66.43
30,0.015686275,22.023136,64.95294
30,0.03137255,22.767843,63.239605
30,0.047058824,23.736471,60.95471
30,0.0627451,24.82196,58.426666
30,0.078431375,26.017452,55.65333
30,0.09411765,26.993528,53.298824
30,0.10980392,27.666471,51.4951
30,0.1254902,28.102549,50.162354
30,0.14117648,28.34706,49.27765
30,0.15686275,28.567842,48.30294
30,0.17254902,28.758627,47.202354
30,0.1882353,28.939411,45.63647
30,0.20392157,29.02,43.627254
30,0.21960784,28.97,40.942352
30,0.23529412,28.838236,37.958237
30,0.2509804,28.667452,35.024117
30,0.26666668,28.463333,32.246666
30,0.28235295,28.211765,29.728235
30,0.29803923,27.905294,27.556274
30,0.3137255,27.558628,25.753138
30,0.32941177,27.19706,24.384706
30,0.34509805,26.87549,23.443726
30,0.36078432,26.601961,22.745882
30,0.3764706,26.411177,22.263529
30,0.39215687,26.230392,21.771177
30,0.40784314,26.059608,21.339216
30,0.42352942,25.888823,20.997646
30,0.4392157,25.718039,20.654118
30,0.45490196,25.577255,20.29451
30,0.47058824,25.342941,19.785883
30,0.4862745,24.92706,18.998432
30,0.5019608,24.389608,18.034313
30,0.5176471,23.710588,16.878824
30,0.53333336,22.936666,15.800001
30,0.54901963,22.075294,14.832746
30,0.5647059,21.308825,13.970589
30,0.5803922,20.692942,13.242942
30,0.59607846,20.320393,12.820392
30,0.6117647,20.139412,12.64
30,0.627451,20.15,12.63
30,0.6431373,20.17,12.64
30,0.65882355,20.18,12.66
30,0.6745098,20.17,12.66
30,0.6901961,20.14,12.64
30,0.7058824,20.12,12.63
30,0.72156864,20.11,12.62
30,0.7372549,20.11,12.62
30,0.7529412,20.12,12.63
30,0.76862746,20.081568,12.591569
30,0.78431374,19.772352,12.272353
30,0.8,19.2,11.670001
30,0.8156863,18.396078,10.866078
30,0.83137256,17.643726,10.173726
30,0.84705883,16.888235,9.532942
30,0.8627451,16.11745,8.907451
30,0.8784314,15.380393,8.334314
30,0.89411765,14.721177,7.8758826
30,0.9098039,14.012549,7.3935294
30,0.9254902,13.218628,6.8249025
30,0.9411765,12.210588,6.1247063
30,0.95686275,10.967256,5.322942
30,0.972549,9.286472,4.309609
30,0.9882353,7.1682353,3.0252943
31,0.0,19.93,4.18
31,0.015686275,20.324314,4.4574513
31,0.03137255,20.718628,4.734902
31,0.047058824,21.112942,5.021765
31,0.0627451,21.517254,5.3198037
31,0.078431375,21.945883,5.641569
31,0.09411765,22.387058,5.9847054
31,0.10980392,22.820196,6.322157
31,0.1254902,23.21451,6.6496077
31,0.14117648,23.547058,6.935294
31,0.15686275,23.85451,7.20451
31,0.17254902,24.16196,7.481961
31,0.1882353,24.501764,7.7794123
31,0.20392157,24.866077,8.106078
31,0.21960784,25.250393,8.434314
31,0.23529412,25.667646,8.7976465
31,0.2509804,26.158628,9.228824
31,0.26666668,26.723333,9.716667
31,0.28235295,27.324705,10.244706
31,0.29803923,27.892746,10.762354
31,0.3137255,28.39353,11.206274
31,0.32941177,28.844706,11.630589
31,0.34509805,29.265882,12.034902
31,0.36078432,29.669216,12.419216
31,0.3764706,30.02353,12.758823
31,0.39215687,30.324705,13.034706
31,0.40784314,30.613726,13.295295
31,0.42352942,30.94647,13.6111765
31,0.4392157,31.352942,14.000785
31,0.45490196,31.804117,14.424117
31,0.47058824,32.32118,14.885295
31,0.4862745,32.93196,15.389215
31,0.5019608,33.64608,15.927256
31,0.5176471,34.467648,16.501766
31,0.53333336,35.40333,17.076666
31,0.54901963,36.45294,17.661373
31,0.5647059,37.62294,18.219412
31,0.5803922,38.896667,18.777452
31,0.59607846,40.28412,19.356274
31,0.6117647,41.792942,19.971178
31,0.627451,43.42922,20.655098
31,0.6431373,45.16157,21.405098
31,0.65882355,46.939415,22.22059
31,0.6745098,48.807453,23.121176
31,0.6901961,50.780983,24.127453
31,0.7058824,52.847057,25.212353
31,0.72156864,54.96922,26.325296
31,0.7372549,57.131374,27.425686
31,0.7529412,59.332943,28.501766
31,0.76862746,61.60824,29.547844
31,0.78431374,63.917255,30.570786
31,0.8,66.23,31.540003
31,0.8156863,68.54588,32.462353
31,0.83137256,70.8855,33.370983
31,0.84705883,73.29882,34.28706
31,0.8627451,75.863335,35.246864
31,0.8784314,78.545296,36.27608
31,0.89411765,81.30235,37.34765
31,0.9098039,84.041374,38.46059
31,0.9254902,86.71667,39.59353
31,0.9411765,89.36177,40.74647
31,0.95686275,91.99333,41.91941
31,0.972549,94.62216,43.092354
31,0.9882353,97.25765,44.245296
32,0.0,21.39,66.4
32,0.015686275,21.940588,65.21647
32,0.03137255,22.489412,64.03117
32,0.047058824,23.024118,62.87176
32,0.0627451,23.532354,61.762352
32,0.078431375,24.012941,60.68353
32,0.09411765,24.46353,59.67294
32,0.10980392,24.875294,58.741764
32,0.1254902,25.248823,57.893528
32,0.14117648,25.601177,57.07647
32,0.15686275,25.964706,56.23941
32,0.17254902,26.305883,55.442352
32,0.1882353,26.647648,54.61529
32,0.20392157,27.027647,53.671177
32,0.21960784,27.438236,52.608234
32,0.23529412,27.837059,51.457058
32,0.2509804,28.197647,50.227646
32,0.26666668,28.52,48.889996
32,0.28235295,28.768236,47.444115
32,0.29803923,28.928236,45.948235
32,0.3137255,28.967648,44.442352
32,0.32941177,28.913528,42.92647
32,0.34509805,28.808823,41.38
32,0.36078432,28.695293,39.789997
32,0.3764706,28.621176,38.159996
32,0.39215687,28.612942,36.489998
32,0.40784314,28.714117,34.80294
32,0.42352942,28.933529,33.098824
32,0.4392157,29.28647,31.404705
32,0.45490196,29.77647,29.730589
32,0.47058824,30.418236,28.123528
32,0.4862745,31.208824,26.595291
32,0.5019608,32.159412,25.185291
32,0.5176471,33.27059,23.91941
32,0.53333336,34.530003,22.82
32,0.54901963,35.915882,21.897058
32,0.5647059,37.420002,21.182352
32,0.5803922,39.0,20.680588
32,0.59607846,40.61,20.39353
32,0.6117647,42.200005,20.32059
32,0.627451,43.755295,20.469412
32,0.6431373,45.301178,20.824118
32,0.65882355,46.88,21.41059
32,0.6745098,48.44,22.183529
32,0.6901961,49.98,23.092941
32,0.7058824,51.52,24.088236
32,0.72156864,53.090004,25.123531
32,0.7372549,54.747063,26.192354
32,0.7529412,56.562943,27.264118
32,0.76862746,58.53706,28.287647
32,0.78431374,60.655296,29.274706
32,0.8,62.95,30.25
32,0.8156863,65.45118,31.235294
32,0.83137256,68.09883,32.25059
32,0.84705883,70.80824,33.298237
32,0.8627451,73.55412,34.40765
32,0.8784314,76.34765,35.57706
32,0.89411765,79.16118,36.791176
32,0.9098039,81.945885,38.024708
32,0.9254902,84.74824,39.288235
32,0.9411765,87.58177,40.571766
32,0.95686275,90.48647,41.896473
32,0.972549,93.439415,43.23412
32,0.9882353,96.41118,44.581768
33,0.0,20.18,3.89
33,0.015686275,20.717058,4.2413726
33,0.03137255,21.299805,4.628432
33,0.047058824,21.924706,5.071177
33,0.0627451,22.539608,5.548236
33,0.078431375,23.174511,6.0752945
33,0.09411765,23.772354,6.6023536
33,0.10980392,24.23451,7.0096083
33,0.1254902,24.60098,7.3309813
33,0.14117648,24.931765,7.5917654
33,0.15686275,25.166862,7.776863
33,0.17254902,25.40255,7.962549
33,0.1882353,25.632353,8.168236
33,0.20392157,25.907843,8.417843
33,0.21960784,26.299019,8.769019
33,0.23529412,26.775883,9.195883
33,0.2509804,27.35843,9.728432
33,0.26666668,28.026667,10.353333
33,0.28235295,28.719412,11.009412
33,0.29803923,29.452158,11.702158
33,0.3137255,30.13804,12.35804
33,0.32941177,30.708237,12.948236
33,0.34509805,31.212746,13.420197
33,0.36078432,31.641962,13.741177
33,0.3764706,32.051178,14.034706
33,0.39215687,32.404316,14.334314
33,0.40784314,32.77569,14.665687
33,0.42352942,33.230587,15.057058
33,0.4392157,33.787254,15.488039
33,0.45490196,34.46961,15.974706
33,0.47058824,35.298237,16.51706
33,0.4862745,36.23451,17.09196
33,0.5019608,37.312744,17.716864
33,0.5176471,38.542355,18.360588
33,0.53333336,39.933334,18.986668
33,0.54901963,41.416668,19.611568
33,0.5647059,42.920002,20.258825
33,0.5803922,44.473335,20.95157
33,0.59607846,46.04471,21.692354
33,0.6117647,47.64588,22.468824
33,0.627451,49.24706,23.287254
33,0.6431373,50.838234,24.155685
33,0.65882355,52.42941,25.053528
33,0.6745098,54.030586,25.979803
33,0.6901961,55.631763,26.88098
33,0.7058824,57.245884,27.719412
33,0.72156864,58.9149,28.52706
33,0.7372549,60.65255,29.337646
33,0.7529412,62.482353,30.138235
33,0.76862746,64.394905,30.928823
33,0.78431374,66.38961,31.699413
33,0.8,68.47,32.49
33,0.8156863,70.63608,33.31059
33,0.83137256,72.877846,34.166862
33,0.84705883,75.161766,35.065292
33,0.8627451,77.48706,35.985096
33,0.8784314,79.85882,36.922157
33,0.89411765,82.270584,37.894707
33,0.9098039,84.687256,38.888824
33,0.9254902,87.08686,39.902943
33,0.9411765,89.46588,40.92647
33,0.95686275,91.85765,41.942745
33,0.972549,94.24941,42.975296
33,0.9882353,96.641174,44.015293
34,0.0,21.2,66.8
34,0.015686275,21.898823,65.327644
34,0.03137255,22.587646,63.884705
34,0.047058824,23.22647,62.551178
34,0.0627451,23.826471,61.308235
34,0.078431375,24.370588,60.135296
34,0.09411765,24.884706,59.01059
34,0.10980392,25.418823,57.84941
34,0.1254902,25.950588,56.68647
34,0.14117648,26.487059,55.51353
34,0.15686275,27.021177,54.320587
34,0.17254902,27.515293,53.157646
34,0.1882353,27.909412,52.091175
34,0.20392157,28.221176,51.082943
34,0.21960784,28.455883,50.154705
34,0.23529412,28.640589,49.26647
34,0.2509804,28.795294,48.36353
34,0.26666668,28.92,47.5
34,0.28235295,28.994705,46.64647
34,0.29803923,29.03,45.812943
34,0.3137255,29.03,44.91941
34,0.32941177,28.99,43.957058
34,0.34509805,28.9,42.978825
34,0.36078432,28.781765,41.95059
34,0.3764706,28.64,40.95235
34,0.39215687,28.482353,40.051765
34,0.40784314,28.317648,39.26059
34,0.42352942,28.212942,38.755882
34,0.4392157,28.17,38.51
34,0.45490196,28.16,38.44
34,0.47058824,28.16,38.42
34,0.4862745,28.15,38.42
34,0.5019608,28.15,38.42
34,0.5176471,28.14,38.42
34,0.53333336,28.12,38.38
34,0.54901963,28.09,38.315292
34,0.5647059,28.07,38.27
34,0.5803922,28.035883,38.23
34,0.59607846,27.951176,38.17
34,0.6117647,27.86,37.992943
34,0.627451,27.651764,37.398823
34,0.6431373,27.35706,36.41941
34,0.65882355,27.102352,35.28647
34,0.6745098,26.917646,34.031178
34,0.6901961,26.81294,32.713528
34,0.7058824,26.76,31.404118
34,0.72156864,26.73,30.114706
34,0.7372549,26.69,28.961765
34,0.7529412,26.64,27.878824
34,0.76862746,26.57,26.675295
34,0.78431374,26.464706,25.367647
34,0.8,26.25,23.96
34,0.8156863,25.875883,22.457647
34,0.83137256,25.332354,20.805882
34,0.84705883,24.619411,19.084705
34,0.8627451,23.707058,17.371765
34,0.8784314,22.585295,15.774706
34,0.89411765,21.275883,14.235882
34,0.9098039,19.853529,12.743529
34,0.9254902,18.245882,11.271176
34,0.9411765,16.12706,9.634118
34,0.95686275,13.54,7.862353
34,0.972549,10.432942,5.835295
34,0.9882353,6.7411757,3.4229407
35,0.0,18.21,3.24
35,0.015686275,19.393332,4.068234
35,0.03137255,20.558628,4.9064713
35,0.047058824,21.692942,5.7347064
35,0.0627451,22.761175,6.546862
35,0.078431375,23.751373,7.3060784
35,0.09411765,24.697647,8.045295
35,0.10980392,25.653921,8.804509
35,0.1254902,26.610195,9.573725
35,0.14117648,27.565294,10.354118
35,0.15686275,28.512745,11.152157
35,0.17254902,29.518234,11.989802
35,0.1882353,30.581766,12.8488245
35,0.20392157,31.666079,13.669804
35,0.21960784,32.796665,14.4490185
35,0.23529412,34.01059,15.202941
35,0.2509804,35.29196,15.947452
35,0.26666668,36.61333,16.683332
35,0.28235295,37.97706,17.425882
35,0.29803923,39.378826,18.185099
35,0.3137255,40.82863,18.974705
35,0.32941177,42.327057,19.79294
35,0.34509805,43.83549,20.611177
35,0.36078432,45.32392,21.41941
35,0.3764706,46.82235,22.227646
35,0.39215687,48.320786,23.035883
35,0.40784314,49.794704,23.849607
35,0.42352942,51.230587,24.648823
35,0.4392157,52.643528,25.438038
35,0.45490196,54.07294,26.218824
35,0.47058824,55.511765,26.97647
35,0.4862745,56.96176,27.705685
35,0.5019608,58.441177,28.406275
35,0.5176471,59.938236,29.07647
35,0.53333336,61.436665,29.72
35,0.54901963,62.92941,30.341177
35,0.5647059,64.39353,30.957647
35,0.5803922,65.871956,31.569803
35,0.59607846,67.39039,32.184704
35,0.6117647,68.94882,32.795883
35,0.627451,70.44569,33.406273
35,0.6431373,71.84608,33.99843
35,0.65882355,73.17765,34.58059
35,0.6745098,74.41118,35.114902
35,0.6901961,75.5598,35.60804
35,0.7058824,76.62235,36.061176
35,0.72156864,77.583725,36.48941
35,0.7372549,78.48706,36.92353
35,0.7529412,79.365295,37.367645
35,0.76862746,80.24549,37.803726
35,0.78431374,81.132744,38.23588
35,0.8,82.04,38.67
35,0.8156863,82.986275,39.14314
35,0.83137256,84.00059,39.654312
35,0.84705883,85.07294,40.19647
35,0.8627451,86.223335,40.764706
35,0.8784314,87.466866,41.35588
35,0.89411765,88.78235,41.967056
35,0.9098039,90.16274,42.588234
35,0.9254902,91.61745,43.231567
35,0.9411765,93.168236,43.901764
35,0.95686275,94.814705,44.60196
35,0.972549,96.54961,45.312157
35,0.9882353,98.334114,46.032352
36,0.0,17.85,2.36
36,0.015686275,19.147453,3.3305895
36,0.03137255,20.444904,4.2811785
36,0.047058824,21.712353,5.194118
36,0.0627451,22.942944,6.1054916
36,0.078431375,24.141178,7.0329423
36,0.09411765,25.264118,7.9482355
36,0.10980392,26.34314,8.844119
36,0.1254902,27.468431,9.750981
36,0.14117648,28.551178,10.609412
36,0.15686275,29.608042,11.475884
36,0.17254902,30.699215,12.416471
36,0.1882353,31.848824,13.366471
36,0.20392157,33.066864,14.287845
36,0.21960784,34.343334,15.179215
36,0.23529412,35.688236,16.002354
36,0.2509804,37.084118,16.71706
36,0.26666668,38.546665,17.393333
36,0.28235295,40.031765,18.072943
36,0.29803923,41.581963,18.755882
36,0.3137255,43.176273,19.414509
36,0.32941177,44.69353,20.058235
36,0.34509805,46.09667,20.724707
36,0.36078432,47.505295,21.469608
36,0.3764706,48.920002,22.302942
36,0.39215687,50.185883,23.174313
36,0.40784314,51.3249,24.105295
36,0.42352942,52.355885,25.114708
36,0.4392157,53.24039,26.18451
36,0.45490196,53.97804,27.244314
36,0.47058824,54.585293,28.350588
36,0.4862745,55.018433,29.505293
36,0.5019608,55.294704,30.70353
36,0.5176471,55.424118,31.901764
36,0.53333336,55.44,33.046665
36,0.54901963,55.37745,34.165688
36,0.5647059,55.216473,35.191177
36,0.5803922,54.956078,36.080784
36,0.59607846,54.639214,36.91196
36,0.6117647,54.322353,37.694115
36,0.627451,53.956863,38.5349
36,0.6431373,53.53294,39.406277
36,0.65882355,53.05059,40.277645
36,0.6745098,52.489803,41.19157
36,0.6901961,51.775097,42.211372
36,0.7058824,50.95294,43.25647
36,0.72156864,50.08294,44.19314
36,0.7372549,49.10922,45.04451
36,0.7529412,47.95471,45.89588
36,0.76862746,46.6749,46.695686
36,0.78431374,45.397453,47.376274
36,0.8,44.11,47.989998
36,0.8156863,42.783333,48.663727
36,0.83137256,41.4551,49.404312
36,0.84705883,40.147648,50.19412
36,0.8627451,38.823334,51.112354
36,0.8784314,37.41059,52.23725
36,0.89411765,35.974705,53.565292
36,0.9098039,34.568825,55.084705
36,0.9254902,33.20294,56.85941
36,0.9411765,31.83,58.89647
36,0.95686275,30.525492,61.008232
36,0.972549,29.23804,63.188427
36,0.9882353,27.920588,65.577644
37,0.0,18.3,2.89
37,0.015686275,19.486471,3.8011773
37,0.03137255,20.69294,4.6954894
37,0.047058824,21.899412,5.548236
37,0.0627451,23.055882,6.4247055
37,0.078431375,24.16804,7.375882
37,0.09411765,25.248236,8.3170595
37,0.10980392,26.316273,9.219214
37,0.1254902,27.374313,10.099412
37,0.14117648,28.442352,10.984706
37,0.15686275,29.486078,11.8574505
37,0.17254902,30.495687,12.690197
37,0.1882353,31.515293,13.481764
37,0.20392157,32.5549,14.216471
37,0.21960784,33.60255,14.914314
37,0.23529412,34.670586,15.591764
37,0.2509804,35.84353,16.264118
37,0.26666668,37.073334,16.926666
37,0.28235295,38.308235,17.574118
37,0.29803923,39.60353,18.191568
37,0.3137255,40.995293,18.760391
37,0.32941177,42.38,19.299412
37,0.34509805,43.713333,19.87392
37,0.36078432,45.002743,20.471373
37,0.3764706,46.225296,21.076471
37,0.39215687,47.421764,21.727058
37,0.40784314,48.56902,22.452156
37,0.42352942,49.591766,23.21647
37,0.4392157,50.486862,24.020782
37,0.45490196,51.275097,24.869608
37,0.47058824,51.99647,25.768234
37,0.4862745,52.650978,26.777842
37,0.5019608,53.188824,27.847256
37,0.5176471,53.61294,28.955292
37,0.53333336,53.946667,30.103333
37,0.54901963,54.160194,31.201372
37,0.5647059,54.26353,32.27941
37,0.5803922,54.24804,33.337452
37,0.59607846,54.129215,34.41549
37,0.6117647,53.94353,35.533527
37,0.627451,53.670982,36.641567
37,0.6431373,53.28157,37.70392
37,0.65882355,52.757057,38.767647
37,0.6745098,52.10706,39.823135
37,0.6901961,51.380196,40.822742
37,0.7058824,50.58588,41.77294
37,0.72156864,49.62804,42.724117
37,0.7372549,48.495884,43.665295
37,0.7529412,47.329414,44.541763
37,0.76862746,46.152943,45.40451
37,0.78431374,44.871765,46.267254
37,0.8,43.450005,47.149998
37,0.8156863,42.028236,48.042744
37,0.83137256,40.61647,48.999214
37,0.84705883,39.210003,50.074116
37,0.8627451,37.84294,51.25961
37,0.8784314,36.493336,52.536663
37,0.89411765,35.140003,53.931175
37,0.9098039,33.815685,55.499413
37,0.9254902,32.53079,57.20392
37,0.9411765,31.275883,59.031174
37,0.95686275,30.025295,60.97784
37,0.972549,28.818825,62.98137
37,0.9882353,27.642353,65.02059
38,0.0,17.41,2.33
38,0.015686275,18.954117,3.3660774
38,0.03137255,20.438236,4.362158
38,0.047058824,21.844706,5.309412
38,0.0627451,23.101175,6.2158813
38,0.078431375,24.30647,7.1623535
38,0.09411765,25.474117,8.108824
38,0.10980392,26.609802,9.045294
38,0.1254902,27.69549,9.971765
38,0.14117648,28.668236,10.841764
38,0.15686275,29.452549,11.54647
38,0.17254902,30.189804,12.204118
38,0.1882353,30.78647,12.741177
38,0.20392157,31.164705,13.084705
38,0.21960784,31.423529,13.29451
38,0.23529412,31.608236,13.434117
38,0.2509804,31.743725,13.583725
38,0.26666668,31.846666,13.683333
38,0.28235295,31.952942,13.752941
38,0.29803923,32.04255,13.852549
38,0.3137255,32.20647,14.024314
38,0.32941177,32.538822,14.307059
38,0.34509805,33.12961,14.808235
38,0.36078432,33.949802,15.476862
38,0.3764706,35.01706,16.234707
38,0.39215687,36.292744,16.951176
38,0.40784314,37.76686,17.568823
38,0.42352942,39.420002,18.156471
38,0.4392157,41.113335,18.793137
38,0.45490196,42.788036,19.431765
38,0.47058824,44.421764,20.077646
38,0.4862745,46.03549,20.802746
38,0.5019608,47.494312,21.599607
38,0.5176471,48.898823,22.510588
38,0.53333336,50.236668,23.516666
38,0.54901963,51.36902,24.529018
38,0.5647059,52.378822,25.598824
38,0.5803922,53.23392,26.670391
38,0.59607846,53.88059,27.811174
38,0.6117647,54.324116,29.031176
38,0.627451,54.588627,30.35608
38,0.6431373,54.69,31.7549
38,0.65882355,54.60294,33.21294
38,0.6745098,54.34745,34.780197
38,0.6901961,53.88353,36.321175
38,0.7058824,53.191177,37.815292
38,0.72156864,52.340393,39.24745
38,0.7372549,51.27118,40.62196
38,0.7529412,50.01353,41.925293
38,0.76862746,48.63902,43.128628
38,0.78431374,47.15373,44.24392
38,0.8,45.530003,45.339996
38,0.8156863,43.84667,46.465687
38,0.83137256,42.153336,47.590588
38,0.84705883,40.430004,48.74588
38,0.8627451,38.70667,50.11804
38,0.8784314,37.111374,51.580585
38,0.89411765,35.56765,53.157642
38,0.9098039,34.07118,54.99784
38,0.9254902,32.673923,56.964115
38,0.9411765,31.259415,59.035877
38,0.95686275,29.96706,61.02157
38,0.972549,28.741766,63.1051
38,0.9882353,27.491179,65.38176
39,0.0,17.72,2.4
39,0.015686275,19.197056,3.335881
39,0.03137255,20.424706,4.1752934
39,0.047058824,21.57647,4.9976463
39,0.0627451,22.74941,5.8105874
39,0.078431375,23.719412,6.497059
39,0.09411765,24.615294,7.1564693
39,0.10980392,25.270588,7.642941
39,0.1254902,25.637648,7.9417644
39,0.14117648,25.858234,8.144117
39,0.15686275,26.022352,8.272353
39,0.17254902,26.171177,8.390588
39,0.1882353,26.298824,8.488824
39,0.20392157,26.387058,8.587059
39,0.21960784,26.475294,8.67
39,0.23529412,26.54353,8.73
39,0.2509804,26.641764,8.811765
39,0.26666668,26.73,8.89
39,0.28235295,26.828236,8.958235
39,0.29803923,27.06941,9.159411
39,0.3137255,27.448824,9.474117
39,0.32941177,27.964705,9.881764
39,0.34509805,28.628235,10.417058
39,0.36078432,29.425295,11.115882
39,0.3764706,30.291176,11.911175
39,0.39215687,31.167059,12.691176
39,0.40784314,32.01706,13.438823
39,0.42352942,32.961174,14.22647
39,0.4392157,33.97647,15.004118
39,0.45490196,35.13706,15.761764
39,0.47058824,36.471764,16.48941
39,0.4862745,38.00941,17.161764
39,0.5019608,39.67294,17.777647
39,0.5176471,41.378235,18.410587
39,0.53333336,43.219997,19.119999
39,0.54901963,45.05,19.905882
39,0.5647059,46.87,20.818235
39,0.5803922,48.62529,21.817057
39,0.59607846,50.251175,23.015293
39,0.6117647,51.634117,24.366468
39,0.627451,52.893528,25.921175
39,0.6431373,53.82353,27.467058
39,0.65882355,54.44941,29.084116
39,0.6745098,54.912354,30.845882
39,0.6901961,55.13235,32.565292
39,0.7058824,55.078823,34.198822
39,0.72156864,54.764706,35.951176
39,0.7372549,54.244705,37.67588
39,0.7529412,53.487648,39.244118
39,0.76862746,52.49471,40.755882
39,0.78431374,51.34059,42.111176
39,0.8,49.98,43.36
39,0.8156863,48.320004,44.550587
39,0.83137256,46.49,45.654705
39,0.84705883,44.575294,46.74706
39,0.8627451,42.55706,47.975292
39,0.8784314,40.66,49.255295
39,0.89411765,38.829414,50.71176
39,0.9098039,37.037647,52.41
39,0.9254902,35.285885,54.23588
39,0.9411765,33.54412,56.390587
39,0.95686275,31.87706,58.831764
39,0.972549,30.341179,61.304703
39,0.9882353,28.737648,64.07823
40,0.0,21.75,66.97
40,0.015686275,22.015882,66.348236
40,0.03137255,22.311766,65.71647
40,0.047058824,22.607647,65.0947
40,0.0627451,22.90353,64.44294
40,0.078431375,23.139608,63.90098
40,0.09411765,23.385294,63.351177
40,0.10980392,23.661177,62.821373
40,0.1254902,23.901373,62.29157
40,0.14117648,24.075294,61.791763
40,0.15686275,24.279215,61.35196
40,0.17254902,24.451569,60.923725
40,0.1882353,24.583529,60.57941
40,0.20392157,24.69549,60.35902
40,0.21960784,24.827452,60.115097
40,0.23529412,24.899412,59.930588
40,0.2509804,24.941372,59.82863
40,0.26666668,25.003334,59.726665
40,0.28235295,25.02,59.67
40,0.29803923,25.02,59.63
40,0.3137255,25.02,59.590786
40,0.32941177,25.05,59.528824
40,0.34509805,25.1,59.44686
40,0.36078432,25.14,59.334904
40,0.3764706,25.18706,59.242943
40,0.39215687,25.24,59.13098
40,0.40784314,25.27098,59.028038
40,0.42352942,25.342941,58.884117
40,0.4392157,25.424902,58.690197
40,0.45490196,25.506863,58.449413
40,0.47058824,25.637648,58.124706
40,0.4862745,25.831568,57.68608
40,0.5019608,26.048235,57.143528
40,0.5176471,26.324118,56.402355
40,0.53333336,26.666666,55.51
40,0.54901963,27.06451,54.552353
40,0.5647059,27.482353,53.47353
40,0.5803922,27.890196,52.319412
40,0.59607846,28.27353,51.101376
40,0.6117647,28.629412,49.769413
40,0.627451,28.935293,48.36196
40,0.6431373,29.200785,46.81373
40,0.65882355,29.414705,45.12
40,0.6745098,29.544313,43.292355
40,0.6901961,29.543726,41.38706
40,0.7058824,29.5,39.51353
40,0.72156864,29.389805,37.636276
40,0.7372549,29.215687,35.664707
40,0.7529412,29.007647,33.56353
40,0.76862746,28.741764,31.412354
40,0.78431374,28.407843,29.261177
40,0.8,27.94,27.090004
40,0.8156863,27.316275,24.936863
40,0.83137256,26.558628,22.773727
40,0.84705883,25.571177,20.526472
40,0.8627451,24.39804,18.405296
40,0.8784314,22.992748,16.284122
40,0.89411765,21.37,14.264706
40,0.9098039,19.509218,12.279218
40,0.9254902,17.46059,10.397649
40,0.9411765,15.194119,8.602354
40,0.95686275,12.680202,6.767062
40,0.972549,9.947647,4.931765
40,0.9882353,7.047651,3.0294144
41,0.0,17.56,2.35
41,0.015686275,18.449018,2.943921
41,0.03137255,19.145294,3.4127443
41,0.047058824,19.63294,3.7452934
41,0.0627451,20.050392,4.065294
41,0.078431375,20.354116,4.312745
41,0.09411765,20.547647,4.447647
41,0.10980392,20.673922,4.5139217
41,0.1254902,20.750196,4.58
41,0.14117648,20.76,4.59
41,0.15686275,20.75,4.58
41,0.17254902,20.75,4.58
41,0.1882353,20.76,4.59
41,0.20392157,20.77,4.59
41,0.21960784,20.77,4.59
41,0.23529412,20.844118,4.6682353
41,0.2509804,20.980783,4.780392
41,0.26666668,21.153334,4.8933334
41,0.28235295,21.388823,5.0488234
41,0.29803923,21.667646,5.238431
41,0.3137255,21.93647,5.45647
41,0.32941177,22.297058,5.7252936
41,0.34509805,22.748236,6.0421567
41,0.36078432,23.290195,6.4615684
41,0.3764706,23.965294,7.004118
41,0.39215687,24.80549,7.654902
41,0.40784314,25.767647,8.398234
41,0.42352942,26.78294,9.253528
41,0.4392157,27.88392,10.232548
41,0.45490196,29.01549,11.243528
41,0.47058824,30.117058,12.220588
41,0.4862745,31.238628,13.179608
41,0.5019608,32.43098,14.128628
41,0.5176471,33.685883,15.020588
41,0.53333336,34.989998,15.806666
41,0.54901963,36.363724,16.546469
41,0.5647059,37.754116,17.231176
41,0.5803922,39.084507,17.865097
41,0.59607846,40.4249,18.50902
41,0.6117647,41.805294,19.207647
41,0.627451,43.165688,19.907843
41,0.6431373,44.593334,20.60804
41,0.65882355,46.01294,21.298235
41,0.6745098,47.296665,21.948235
41,0.6901961,48.743332,22.704704
41,0.7058824,50.2,23.513529
41,0.72156864,51.686665,24.396275
41,0.7372549,53.28314,25.343922
41,0.7529412,54.99471,26.272942
41,0.76862746,56.84392,27.259413
41,0.78431374,58.83941,28.284706
41,0.8,60.989998,29.249998
41,0.8156863,63.388233,30.179018
41,0.83137256,66.24176,31.243137
41,0.84705883,69.15235,32.38353
41,0.8627451,71.82804,33.526276
41,0.8784314,74.5553,34.709217
41,0.89411765,77.4,35.90706
41,0.9098039,80.431175,37.212746
41,0.9254902,83.58745,38.61333
41,0.9411765,86.84588,40.059998
41,0.95686275,90.111565,41.486668
41,0.972549,93.392746,42.893333
41,0.9882353,96.62059,44.304707
42,0.0,21.76,67.02
42,0.015686275,22.018234,66.31941
42,0.03137255,22.248236,65.74529
42,0.047058824,22.392353,65.432945
42,0.0627451,22.566471,65.11706
42,0.078431375,22.670588,64.84882
42,0.09411765,22.734705,64.61059
42,0.10980392,22.79,64.471176
42,0.1254902,22.852942,64.35
42,0.14117648,22.88,64.31
42,0.15686275,22.88,64.31
42,0.17254902,22.88,64.31
42,0.1882353,22.88,64.31
42,0.20392157,22.88,64.31
42,0.21960784,22.9,64.25
42,0.23529412,22.971766,64.06647
42,0.2509804,23.095882,63.722355
42,0.26666668,23.33,63.12
42,0.28235295,23.692352,62.241177
42,0.29803923,24.082941,61.23412
42,0.3137255,24.547058,60.048824
42,0.32941177,25.005882,58.911766
42,0.34509805,25.452353,57.71412
42,0.36078432,25.958822,56.497646
42,0.3764706,26.515293,55.329414
42,0.39215687,26.975882,54.256474
42,0.40784314,27.388235,53.18353
42,0.42352942,27.813528,52.20294
42,0.4392157,28.135881,51.43294
42,0.45490196,28.608234,50.325294
42,0.47058824,28.94706,49.128235
42,0.4862745,29.175293,47.805885
42,0.5019608,29.341764,46.175293
42,0.5176471,29.314117,44.31765
42,0.53333336,29.13,42.43
42,0.54901963,28.861765,40.35412
42,0.5647059,28.55353,38.208237
42,0.5803922,28.377647,36.054707
42,0.59607846,28.326471,33.90647
42,0.6117647,28.611765,31.72059
42,0.627451,29.28294,29.590002
42,0.6431373,30.30941,27.447649
42,0.65882355,31.602352,25.498825
42,0.6745098,33.221764,23.745295
42,0.6901961,35.107643,22.349413
42,0.7058824,37.29529,21.32294
42,0.72156864,39.82823,20.701765
42,0.7372549,42.60412,20.67706
42,0.7529412,45.315292,21.225882
42,0.76862746,47.83353,22.237646
42,0.78431374,50.40176,23.746468
42,0.8,52.94,25.44
42,0.8156863,55.458233,27.08941
42,0.83137256,58.357647,28.610588
42,0.84705883,61.59882,29.913528
42,0.8627451,65.0547,31.148235
42,0.8784314,68.78588,32.40588
42,0.89411765,72.556465,33.87647
42,0.9098039,76.6147,35.51588
42,0.9254902,80.70117,37.175293
42,0.9411765,84.72176,38.814705
42,0.95686275,88.75646,40.515293
42,0.972549,92.88412,42.20353
42,0.9882353,96.942345,43.79294
43,0.0,17.23,2.32
43,0.015686275,18.140587,2.8623526
43,0.03137255,19.095293,3.4488227
43,0.047058824,20.114115,4.1194105
43,0.0627451,21.14882,4.825881
43,0.078431375,22.148233,5.5476456
43,0.09411765,23.138233,6.2888227
43,0.10980392,24.133528,7.064705
43,0.1254902,25.147646,7.898235
43,0.14117648,26.162352,8.788823
43,0.15686275,27.19647,9.73647
43,0.17254902,28.15647,10.628823
43,0.1882353,29.037058,11.417646
43,0.20392157,29.824116,12.102352
43,0.21960784,30.45294,12.65294
43,0.23529412,30.94353,13.079411
43,0.2509804,31.311764,13.398823
43,0.26666668,31.57,13.61
43,0.28235295,31.784117,13.777059
43,0.29803923,31.972353,13.918235
43,0.3137255,32.20353,14.082353
43,0.32941177,32.46294,14.27647
43,0.34509805,32.81647,14.571177
43,0.36078432,33.336468,14.984117
43,0.3764706,34.034702,15.505881
43,0.39215687,34.967644,16.105293
43,0.40784314,36.08941,16.748234
43,0.42352942,37.389412,17.404118
43,0.4392157,38.887646,18.081177
43,0.45490196,40.499413,18.767647
43,0.47058824,42.193527,19.475882
43,0.4862745,43.887646,20.210588
43,0.5019608,45.505882,20.98294
43,0.5176471,47.079998,21.82941
43,0.53333336,48.589996,22.779997
43,0.54901963,49.97588,23.861763
43,0.5647059,51.213528,25.101763
43,0.5803922,52.28294,26.499998
43,0.59607846,53.164116,28.038235
43,0.6117647,53.821766,29.705881
43,0.627451,54.19706,31.519411
43,0.6431373,54.26059,33.417057
43,0.65882355,54.024117,35.30588
43,0.6745098,53.525295,37.124115
43,0.6901961,52.78412,38.820583
43,0.7058824,51.865883,40.319996
43,0.72156864,50.78412,41.660587
43,0.7372549,49.501766,42.93294
43,0.7529412,48.118824,44.045883
43,0.76862746,46.670002,44.99882
43,0.78431374,45.18,45.84647
43,0.8,43.72,46.65
43,0.8156863,42.31706,47.463528
43,0.83137256,40.924118,48.375294
43,0.84705883,39.531178,49.405293
43,0.8627451,38.138237,50.583527
43,0.8784314,36.755295,51.934704
43,0.89411765,35.382355,53.464703
43,0.9098039,33.979412,55.237057
43,0.9254902,32.556473,57.215294
43,0.9411765,31.16353,59.308235
43,0.95686275,29.770588,61.525295
43,0.972549,28.34,63.86647
43,0.9882353,26.870003,66.346466
44,0.0,16.87,2.17
44,0.015686275,17.85,2.820001
44,0.03137255,18.849998,3.499999
44,0.047058824,19.88,4.23
44,0.0627451,20.800001,4.8800006
44,0.078431375,21.759998,5.569999
44,0.09411765,22.74,6.31
44,0.10980392,23.59,6.950001
44,0.1254902,24.33,7.4999995
44,0.14117648,24.92,7.94
44,0.15686275,25.45,8.34
44,0.17254902,25.9,8.67
44,0.1882353,26.3,8.96
44,0.20392157,26.640001,9.22
44,0.21960784,26.939999,9.46
44,0.23529412,27.29,9.72
44,0.2509804,27.61,9.9800005
44,0.26666668,28.06,10.349999
44,0.28235295,28.71,10.79
44,0.29803923,29.44,11.320001
44,0.3137255,30.23,11.94
44,0.32941177,31.1,12.59
44,0.34509805,32.07,13.240001
44,0.36078432,33.09,13.9
44,0.3764706,34.19,14.62
44,0.39215687,35.300003,15.310001
44,0.40784314,36.43,15.949999
44,0.42352942,37.67,16.57
44,0.4392157,38.920002,17.18
44,0.45490196,40.23,17.84
44,0.47058824,41.6,18.5
44,0.4862745,43.050003,19.18
44,0.5019608,44.519997,19.949999
44,0.5176471,45.97,20.81
44,0.53333336,47.34,21.760002
44,0.54901963,48.64,22.869999
44,0.5647059,49.84,24.08
44,0.5803922,50.91,25.430002
44,0.59607846,51.829998,26.899998
44,0.6117647,52.58,28.47
44,0.627451,53.05,30.050003
44,0.6431373,53.29,31.759998
44,0.65882355,53.33,33.41
44,0.6745098,53.16,35.030003
44,0.6901961,52.75,36.559998
44,0.7058824,52.17,38.06
44,0.72156864,51.39,39.56
44,0.7372549,50.4,40.94
44,0.7529412,49.2,42.22
44,0.76862746,47.859997,43.47
44,0.78431374,46.390003,44.609997
44,0.8,44.91,45.71
44,0.8156863,43.42,46.9
44,0.83137256,41.920002,48.1
44,0.84705883,40.37,49.41
44,0.8627451,38.82,50.870003
44,0.8784314,37.260002,52.429996
44,0.89411765,35.73,54.18
44,0.9098039,34.28,55.99
44,0.9254902,32.83,57.949997
44,0.9411765,31.32,60.11
44,0.95686275,29.949999,62.170002
44,0.972549,28.62,64.35
44,0.9882353,27.3,66.64
45,0.0,17.7,2.36
45,0.015686275,18.40608,2.815687
45,0.03137255,19.09216,3.2915702
45,0.047058824,19.727648,3.7117655
45,0.0627451,20.223139,4.0523534
45,0.078431375,20.728432,4.442941
45,0.09411765,21.194118,4.752941
45,0.10980392,21.624119,5.0784316
45,0.1254902,22.014708,5.3739223
45,0.14117648,22.405294,5.689412
45,0.15686275,22.744902,5.974902
45,0.17254902,23.13647,6.2643137
45,0.1882353,23.495882,6.5147057
45,0.20392157,23.873922,6.801373
45,0.21960784,24.266863,7.1068635
45,0.23529412,24.572353,7.3823533
45,0.2509804,24.929413,7.6662745
45,0.26666668,25.356667,7.99
45,0.28235295,25.834118,8.380589
45,0.29803923,26.318039,8.771177
45,0.3137255,26.813726,9.171765
45,0.32941177,27.299412,9.572353
45,0.34509805,27.849411,10.017255
45,0.36078432,28.455294,10.500784
45,0.3764706,29.011177,10.966471
45,0.39215687,29.631962,11.452157
45,0.40784314,30.36059,11.982942
45,0.42352942,31.219412,12.664118
45,0.4392157,32.14843,13.3574505
45,0.45490196,33.107647,13.978431
45,0.47058824,34.041176,14.553529
45,0.4862745,34.998627,15.120393
45,0.5019608,36.15647,15.76451
45,0.5176471,37.318237,16.432354
45,0.53333336,38.489998,17.116667
45,0.54901963,39.758625,17.832745
45,0.5647059,41.137646,18.615881
45,0.5803922,42.579803,19.43353
45,0.59607846,44.083138,20.268433
45,0.6117647,45.73941,21.192352
45,0.627451,47.49588,22.208822
45,0.6431373,49.254505,23.205292
45,0.65882355,51.035294,24.171764
45,0.6745098,52.87804,25.177452
45,0.6901961,54.7451,26.174706
45,0.7058824,56.60294,27.141176
45,0.72156864,58.495293,28.083136
45,0.7372549,60.447838,28.964508
45,0.7529412,62.505882,29.900587
45,0.76862746,64.583725,30.87706
45,0.78431374,66.71157,31.853529
45,0.8,68.99,32.809998
45,0.8156863,71.23333,33.75647
45,0.83137256,73.46686,34.732937
45,0.84705883,75.76059,35.729412
45,0.8627451,78.12451,36.73588
45,0.8784314,80.49313,37.72235
45,0.89411765,82.93176,38.74941
45,0.9098039,85.36607,39.816666
45,0.9254902,87.8398,40.91333
45,0.9411765,90.34941,41.974117
45,0.95686275,92.87726,43.024704
45,0.972549,95.3149,44.031178
45,0.9882353,97.72705,45.038822
46,0.0,20.62,66.86
46,0.015686275,20.864117,66.28824
46,0.03137255,21.145294,65.70941
46,0.047058824,21.422352,65.04353
46,0.0627451,21.734705,64.29059
46,0.078431375,22.098234,63.555885
46,0.09411765,22.405882,62.815884
46,0.10980392,22.733528,62.08353
46,0.1254902,23.071177,61.389412
46,0.14117648,23.378824,60.70059
46,0.15686275,23.67647,60.00706
46,0.17254902,23.964117,59.371765
46,0.1882353,24.184706,58.828823
46,0.20392157,24.377647,58.292942
46,0.21960784,24.618235,57.79471
46,0.23529412,24.851765,57.31647
46,0.2509804,25.079412,56.784706
46,0.26666668,25.3,56.3
46,0.28235295,25.510588,55.835293
46,0.29803923,25.701176,55.38353
46,0.3137255,25.911764,54.855885
46,0.32941177,26.14647,54.35706
46,0.34509805,26.410587,53.818825
46,0.36078432,26.663528,53.229412
46,0.3764706,26.898823,52.588238
46,0.39215687,27.211176,51.907646
46,0.40784314,27.557058,51.228825
46,0.42352942,27.831177,50.47647
46,0.4392157,28.085293,49.685295
46,0.45490196,28.317059,48.784706
46,0.47058824,28.487646,47.815884
46,0.4862745,28.618824,46.79883
46,0.5019608,28.73294,45.727062
46,0.5176471,28.78,44.547062
46,0.53333336,28.74,43.29
46,0.54901963,28.666471,41.98588
46,0.5647059,28.555883,40.681767
46,0.5803922,28.418823,39.338238
46,0.59607846,28.295883,38.04765
46,0.6117647,28.174706,36.75177
46,0.627451,28.037647,35.4153
46,0.6431373,27.91059,34.036472
46,0.65882355,27.77353,32.58059
46,0.6745098,27.602942,31.025883
46,0.6901961,27.394117,29.512943
46,0.7058824,27.21353,27.921766
46,0.72156864,26.955883,26.246473
46,0.7372549,26.558825,24.577063
46,0.7529412,26.084707,22.8953
46,0.76862746,25.444708,21.230593
46,0.78431374,24.665884,19.614708
46,0.8,23.84,18.12
46,0.8156863,22.87,16.504707
46,0.83137256,21.665884,14.853531
46,0.84705883,20.428825,13.428237
46,0.8627451,19.173532,12.1776495
46,0.8784314,17.628828,10.771769
46,0.89411765,16.00824,9.436474
46,0.9098039,14.282944,8.180591
46,0.9254902,12.547648,7.0017653
46,0.9411765,10.735294,5.796471
46,0.95686275,8.74059,4.640001
46,0.972549,6.7464733,3.5600016
46,0.9882353,4.762357,2.4629436
47,0.0,21.49,66.82
47,0.015686275,21.93,65.9
47,0.03137255,22.37,64.97
47,0.047058824,22.82,63.98
47,0.0627451,23.230001,63.02
47,0.078431375,23.640001,62.079998
47,0.09411765,24.05,61.16
47,0.10980392,24.460001,60.219997
47,0.1254902,24.87,59.3
47,0.14117648,25.25,58.43
47,0.15686275,25.65,57.539997
47,0.17254902,26.060001,56.539997
47,0.1882353,26.54,55.4
47,0.20392157,27.050001,54.219997
47,0.21960784,27.510002,53.019997
47,0.23529412,27.94,51.9
47,0.2509804,28.380001,50.679996
47,0.26666668,28.78,49.249996
47,0.28235295,29.1,47.72
47,0.29803923,29.34,46.14
47,0.3137255,29.45,44.489994
47,0.32941177,29.43,42.73
47,0.34509805,29.289999,40.899998
47,0.36078432,29.06,39.029995
47,0.3764706,28.88,37.09
47,0.39215687,28.76,35.129997
47,0.40784314,28.75,33.159996
47,0.42352942,28.93,31.18
47,0.4392157,29.33,29.199997
47,0.45490196,29.950003,27.329996
47,0.47058824,30.86,25.56
47,0.4862745,31.980001,24.039999
47,0.5019608,33.340004,22.659996
47,0.5176471,34.86,21.51
47,0.53333336,36.47,20.66
47,0.54901963,38.200005,20.06
47,0.5647059,39.96,19.72
47,0.5803922,41.72,19.61
47,0.59607846,43.500004,19.78
47,0.6117647,45.21,20.21
47,0.627451,46.910004,20.76
47,0.6431373,48.520004,21.410002
47,0.65882355,50.08,22.22
47,0.6745098,51.640003,23.160002
47,0.6901961,53.180004,24.230003
47,0.7058824,54.73,25.37
47,0.72156864,56.370003,26.560001
47,0.7372549,58.120003,27.790003
47,0.7529412,59.96,28.97
47,0.76862746,61.930004,30.090002
47,0.78431374,64.03001,31.030003
47,0.8,66.3,31.88
47,0.8156863,68.78001,32.79
47,0.83137256,71.12,33.68
47,0.84705883,73.52,34.63
47,0.8627451,76.04,35.61
47,0.8784314,78.600006,36.620003
47,0.89411765,81.27,37.72
47,0.9098039,84.0,38.850002
47,0.9254902,86.78001,39.97
47,0.9411765,89.57,41.07
47,0.95686275,92.4,42.25
47,0.972549,95.28001,43.510002
47,0.9882353,98.13,44.72
48,0.0,17.12,2.02
48,0.015686275,18.00353,2.5747063
48,0.03137255,18.861177,3.1294124
48,0.047058824,19.651766,3.6941185
48,0.0627451,20.452353,4.258824
48,0.078431375,21.23294,4.8235297
48,0.09411765,21.985884,5.415883
48,0.10980392,22.774118,6.002942
48,0.1254902,23.544706,6.5811768
48,0.14117648,24.315294,7.2288237
48,0.15686275,25.076471,7.8970594
48,0.17254902,25.74412,8.504119
48,0.1882353,26.487059,9.1264715
48,0.20392157,27.209412,9.731176
48,0.21960784,27.88706,10.397059
48,0.23529412,28.544706,11.034707
48,0.2509804,29.098236,11.538236
48,0.26666668,29.5,11.92
48,0.28235295,29.818823,12.2658825
48,0.29803923,30.061766,12.485883
48,0.3137255,30.267647,12.648824
48,0.32941177,30.46353,12.823529
48,0.34509805,30.689411,13.054118
48,0.36078432,31.00059,13.382941
48,0.3764706,31.705296,14.014119
48,0.39215687,32.731766,14.838236
48,0.40784314,33.91118,15.711765
48,0.42352942,35.18353,16.505882
48,0.4392157,36.632942,17.22412
48,0.45490196,38.219414,17.87647
48,0.47058824,39.855293,18.471176
48,0.4862745,41.446472,18.965883
48,0.5019608,42.99353,19.530588
48,0.5176471,44.481766,20.142353
48,0.53333336,45.87,20.79
48,0.54901963,47.17235,21.560589
48,0.5647059,48.358826,22.46706
48,0.5803922,49.46824,23.459414
48,0.59607846,50.46412,24.537647
48,0.6117647,51.377647,25.811176
48,0.627451,52.178234,27.261766
48,0.6431373,52.752354,28.637062
48,0.65882355,53.19059,30.192942
48,0.6745098,53.46294,31.897058
48,0.6901961,53.54,33.61118
48,0.7058824,53.405293,35.40765
48,0.72156864,53.038822,37.194706
48,0.7372549,52.40235,38.92353
48,0.7529412,51.46941,40.57765
48,0.76862746,50.314705,42.17353
48,0.78431374,48.911175,43.614708
48,0.8,47.29,44.89
48,0.8156863,45.56294,46.059414
48,0.83137256,43.80588,47.178825
48,0.84705883,42.02882,48.318237
48,0.8627451,40.231766,49.561176
48,0.8784314,38.44941,50.91647
48,0.89411765,36.78294,52.43706
48,0.9098039,35.15176,54.078827
48,0.9254902,33.610588,55.94706
48,0.9411765,32.12588,58.249413
48,0.95686275,30.677647,60.56765
48,0.972549,29.21941,63.00177
48,0.9882353,27.705881,65.66706
49,0.0,21.14,66.37
49,0.015686275,21.639803,65.3204
49,0.03137255,22.129608,64.26078
49,0.047058824,22.619411,63.221176
49,0.0627451,23.139215,62.133724
49,0.078431375,23.69902,60.942158
49,0.09411765,24.228823,59.79059
49,0.10980392,24.728628,58.65902
49,0.1254902,25.274117,57.501766
49,0.14117648,25.838236,56.345882
49,0.15686275,26.32804,55.25392
49,0.17254902,26.827843,54.202747
49,0.1882353,27.307648,53.184704
49,0.20392157,27.76745,52.07412
49,0.21960784,28.239803,50.823135
49,0.23529412,28.677647,49.418236
49,0.2509804,29.014118,47.929413
49,0.26666668,29.246666,46.356667
49,0.28235295,29.365294,44.78059
49,0.29803923,29.35,43.271175
49,0.3137255,29.270784,41.663334
49,0.32941177,29.157648,39.948826
49,0.34509805,28.983725,38.17353
49,0.36078432,28.814901,36.32314
49,0.3764706,28.702942,34.435883
49,0.39215687,28.72902,32.48863
49,0.40784314,28.983921,30.510395
49,0.42352942,29.530588,28.527058
49,0.4392157,30.344116,26.661766
49,0.45490196,31.459215,24.910196
49,0.47058824,32.872353,23.326471
49,0.4862745,34.513332,22.00059
49,0.5019608,36.339413,20.958038
49,0.5176471,38.264114,20.241766
49,0.53333336,40.283333,19.82
49,0.54901963,42.30392,19.69
49,0.5647059,44.210587,19.881763
49,0.5803922,45.983334,20.292746
49,0.59607846,47.642155,20.877058
49,0.6117647,49.21706,21.605293
49,0.627451,50.62961,22.369019
49,0.6431373,51.914703,23.193136
49,0.65882355,53.148235,24.081177
49,0.6745098,54.293137,24.95451
49,0.6901961,55.272743,25.750196
49,0.7058824,56.31235,26.535881
49,0.72156864,57.372154,27.30137
49,0.7372549,58.463726,28.045097
49,0.7529412,59.62941,28.718822
49,0.76862746,60.95902,29.40647
49,0.78431374,62.430588,30.096273
49,0.8,64.10999,30.8
49,0.8156863,65.97922,31.523726
49,0.83137256,68.01235,32.26745
49,0.84705883,70.19941,33.08294
49,0.8627451,72.49039,33.97059
49,0.8784314,74.97509,34.968037
49,0.89411765,77.64588,36.09941
49,0.9098039,80.48431,37.274704
49,0.9254902,83.50627,38.53392
49,0.9411765,86.66705,39.90706
49,0.95686275,89.93705,41.2849
49,0.972549,93.31333,42.70196
49,0.9882353,96.72646,44.13941
50,0.0,16.92,2.23
50,0.015686275,17.875292,2.8935282
50,0.03137255,18.80941,3.5270581
50,0.047058824,19.642353,4.1088233
50,0.0627451,20.434116,4.659411
50,0.078431375,21.157646,5.161764
50,0.09411765,21.821177,5.6241174
50,0.10980392,22.400587,6.03647
50,0.1254902,22.95353,6.4388227
50,0.14117648,23.45647,6.795882
50,0.15686275,23.87353,7.0976467
50,0.17254902,24.23941,7.372941
50,0.1882353,24.541176,7.6141176
50,0.20392157,24.842941,7.8352942
50,0.21960784,25.164705,8.05647
50,0.23529412,25.575294,8.36647
50,0.2509804,26.175882,8.837059
50,0.26666668,27.009998,9.489999
50,0.28235295,28.005293,10.254117
50,0.29803923,28.950588,10.998235
50,0.3137255,29.832352,11.690587
50,0.32941177,30.614117,12.304117
50,0.34509805,31.297647,12.851765
50,0.36078432,31.867647,13.274117
50,0.3764706,32.32647,13.592353
50,0.39215687,32.679413,13.839412
50,0.40784314,32.815292,13.965294
50,0.42352942,32.89588,14.045882
50,0.4392157,33.036472,14.14647
50,0.45490196,33.281178,14.257059
50,0.47058824,33.678234,14.51294
50,0.4862745,34.357647,15.049411
50,0.5019608,35.40706,15.721765
50,0.5176471,36.67235,16.44588
50,0.53333336,38.16,17.26
50,0.54901963,39.738823,18.003529
50,0.5647059,41.28647,18.697058
50,0.5803922,42.78294,19.360588
50,0.59607846,44.25294,20.014118
50,0.6117647,45.688232,20.697647
50,0.627451,47.032352,21.394705
50,0.6431373,48.335293,22.138823
50,0.65882355,49.557056,22.888235
50,0.6745098,50.75353,23.637058
50,0.6901961,52.07647,24.457058
50,0.7058824,53.494118,25.361765
50,0.72156864,55.142937,26.32647
50,0.7372549,56.962353,27.241177
50,0.7529412,58.878235,28.174118
50,0.76862746,60.947643,29.10941
50,0.78431374,63.128235,30.045294
50,0.8,65.37,31.03
50,0.8156863,67.72294,32.035294
50,0.83137256,70.29706,33.111763
50,0.84705883,72.90235,34.217648
50,0.8627451,75.56882,35.353527
50,0.8784314,78.240585,36.46941
50,0.89411765,80.93823,37.585293
50,0.9098039,83.71706,38.735294
50,0.9254902,86.59235,39.917057
50,0.9411765,89.46294,41.07294
50,0.95686275,92.494705,42.340588
50,0.972549,95.571175,43.667645
50,0.9882353,98.647644,44.974705
51,0.0,20.92,66.91
51,0.015686275,21.174118,66.39176
51,0.03137255,21.428234,65.85353
51,0.047058824,21.692352,65.27412
51,0.0627451,21.950588,64.65883
51,0.078431375,22.228235,64.04353
51,0.09411765,22.535881,63.34706
51,0.10980392,22.868235,62.63353
51,0.1254902,23.229412,61.86941
51,0.14117648,23.558823,61.118824
51,0.15686275,23.87647,60.38647
51,0.17254902,24.23294,59.634117
51,0.1882353,24.559412,58.904118
51,0.20392157,24.845293,58.235294
51,0.21960784,25.187057,57.536472
51,0.23529412,25.514706,56.79765
51,0.2509804,25.865294,56.05588
51,0.26666668,26.28,55.2
51,0.28235295,26.641176,54.31706
51,0.29803923,27.002352,53.38
51,0.3137255,27.38353,52.278824
51,0.32941177,27.740587,51.13
51,0.34509805,28.060587,49.95471
51,0.36078432,28.27353,48.70765
51,0.3764706,28.434118,47.455883
51,0.39215687,28.566471,46.14706
51,0.40784314,28.651764,44.854706
51,0.42352942,28.735294,43.61941
51,0.4392157,28.778824,42.422356
51,0.45490196,28.802353,41.245296
51,0.47058824,28.835882,40.06412
51,0.4862745,28.84,38.90118
51,0.5019608,28.81,37.75706
51,0.5176471,28.77353,36.60706
51,0.53333336,28.7,35.42
51,0.54901963,28.592941,34.20294
51,0.5647059,28.465883,33.005882
51,0.5803922,28.359411,31.748238
51,0.59607846,28.237648,30.447649
51,0.6117647,28.029413,29.129416
51,0.627451,27.774118,27.785297
51,0.6431373,27.496471,26.45118
51,0.65882355,27.150589,25.10706
51,0.6745098,26.717648,23.722942
51,0.6901961,26.227648,22.368824
51,0.7058824,25.67059,21.014708
51,0.72156864,25.024118,19.722944
51,0.7372549,24.309414,18.508238
51,0.7529412,23.428827,17.172358
51,0.76862746,22.472944,15.89412
51,0.78431374,21.466473,14.70353
51,0.8,20.47,13.63
51,0.8156863,19.41,12.60353
51,0.83137256,18.225883,11.55706
51,0.84705883,16.95765,10.520001
51,0.8627451,15.643533,9.528237
51,0.8784314,14.301768,8.585297
51,0.89411765,12.924122,7.5923557
51,0.9098039,11.521767,6.6194134
51,0.9254902,10.042354,5.6564713
51,0.9411765,8.467648,4.6535296
51,0.95686275,6.9582367,3.670589
51,0.972549,5.458237,2.7076483
51,0.9882353,3.9011796,1.6923549
52,0.0,17.87,2.17
52,0.015686275,18.332352,2.4694116
52,0.03137255,18.804707,2.7358823
52,0.047058824,19.267647,3.0082355
52,0.0627451,19.66353,3.2617648
52,0.078431375,20.049412,3.494706
52,0.09411765,20.514116,3.7764704
52,0.10980392,21.071764,4.1511765
52,0.1254902,21.702354,4.578824
52,0.14117648,22.464117,5.099412
52,0.15686275,23.287647,5.708235
52,0.17254902,24.059412,6.338235
52,0.1882353,24.791178,6.9358826
52,0.20392157,25.508823,7.5047064
52,0.21960784,26.194118,8.063529
52,0.23529412,26.812353,8.612352
52,0.2509804,27.324118,9.064117
52,0.26666668,27.65,9.34
52,0.28235295,27.889412,9.532941
52,0.29803923,28.075882,9.715882
52,0.3137255,28.258823,9.878823
52,0.32941177,28.467648,10.081765
52,0.34509805,28.759413,10.387059
52,0.36078432,29.214117,10.756471
52,0.3764706,29.656471,11.131176
52,0.39215687,30.138823,11.588823
52,0.40784314,30.641176,12.061177
52,0.42352942,31.14353,12.51353
52,0.4392157,31.717058,13.067059
52,0.45490196,32.393528,13.675882
52,0.47058824,33.20294,14.318824
52,0.4862745,34.17706,15.055295
52,0.5019608,35.381763,15.89353
52,0.5176471,36.73294,16.694706
52,0.53333336,38.16,17.42
52,0.54901963,39.520588,18.105295
52,0.5647059,40.91412,18.79353
52,0.5803922,42.32118,19.515882
52,0.59607846,43.72235,20.25706
52,0.6117647,45.09294,20.968822
52,0.627451,46.522354,21.74059
52,0.6431373,48.004707,22.597647
52,0.65882355,49.538235,23.487646
52,0.6745098,51.148235,24.402351
52,0.6901961,52.884705,25.411764
52,0.7058824,54.550003,26.32059
52,0.72156864,56.285294,27.22647
52,0.7372549,58.078236,28.151176
52,0.7529412,60.03294,29.085882
52,0.76862746,62.162354,30.00353
52,0.78431374,64.361176,30.895294
52,0.8,66.78,31.88
52,0.8156863,69.36823,32.931175
52,0.83137256,71.81647,33.91941
52,0.84705883,74.36412,34.94353
52,0.8627451,76.97883,35.994705
52,0.8784314,79.57353,37.06353
52,0.89411765,82.14823,38.097057
52,0.9098039,84.752945,39.17353
52,0.9254902,87.38941,40.269413
52,0.9411765,90.02412,41.37059
52,0.95686275,92.57706,42.52647
52,0.972549,95.24294,43.69412
52,0.9882353,97.90412,44.831764
53,0.0,21.42,66.62
53,0.015686275,21.835295,65.65941
53,0.03137255,22.300589,64.748825
53,0.047058824,22.715883,63.828236
53,0.0627451,23.111177,62.955883
53,0.078431375,23.51647,62.10706
53,0.09411765,23.92941,61.184116
53,0.10980392,24.307646,60.285885
53,0.1254902,24.672352,59.491764
53,0.14117648,25.054117,58.684708
53,0.15686275,25.422354,57.824707
53,0.17254902,25.818235,56.971176
53,0.1882353,26.164118,56.14294
53,0.20392157,26.508823,55.33235
53,0.21960784,26.934118,54.520588
53,0.23529412,27.251764,53.792942
53,0.2509804,27.485882,53.11647
53,0.26666668,27.72,52.47
53,0.28235295,27.934118,51.890587
53,0.29803923,28.108234,51.389412
53,0.3137255,28.222353,51.005295
53,0.32941177,28.338236,50.64706
53,0.34509805,28.425295,50.35412
53,0.36078432,28.512354,50.132942
53,0.3764706,28.589413,49.861763
53,0.39215687,28.63,49.66353
53,0.40784314,28.66,49.55647
53,0.42352942,28.69,49.43941
53,0.4392157,28.737646,49.304707
53,0.45490196,28.78,49.110588
53,0.47058824,28.801765,48.831177
53,0.4862745,28.927647,48.289413
53,0.5019608,29.101765,47.389412
53,0.5176471,29.265882,46.288822
53,0.53333336,29.41,44.92
53,0.54901963,29.52706,43.36294
53,0.5647059,29.6,41.751766
53,0.5803922,29.58,40.06647
53,0.59607846,29.511765,38.275295
53,0.6117647,29.434706,36.413532
53,0.627451,29.295294,34.508236
53,0.6431373,29.061764,32.65235
53,0.65882355,28.774118,30.797646
53,0.6745098,28.455883,28.93588
53,0.6901961,28.067059,27.148233
53,0.7058824,27.564117,25.407059
53,0.72156864,26.991764,23.695883
53,0.7372549,26.395884,22.058237
53,0.7529412,25.67059,20.452354
53,0.76862746,24.811176,18.864119
53,0.78431374,23.824707,17.34
53,0.8,22.74,15.9
53,0.8156863,21.608234,14.517058
53,0.83137256,20.368235,13.218234
53,0.84705883,19.041176,11.983528
53,0.8627451,17.581764,10.736469
53,0.8784314,16.00941,9.561176
53,0.89411765,14.427648,8.441766
53,0.9098039,12.831179,7.4164715
53,0.9254902,11.14059,6.375883
53,0.9411765,9.409412,5.270589
53,0.95686275,7.6588235,4.1429415
53,0.972549,5.9570584,3.0705879
53,0.9882353,4.181175,1.9735287
54,0.0,21.71,66.61
54,0.015686275,22.119999,65.72
54,0.03137255,22.529999,64.82
54,0.047058824,22.93,63.93
54,0.0627451,23.31,63.070004
54,0.078431375,23.68,62.22
54,0.09411765,24.04,61.39
54,0.10980392,24.38,60.61
54,0.1254902,24.699999,59.88
54,0.14117648,25.0,59.17
54,0.15686275,25.289999,58.5
54,0.17254902,25.539999,57.9
54,0.1882353,25.75,57.39
54,0.20392157,25.9,56.98
54,0.21960784,26.03,56.63
54,0.23529412,26.16,56.3
54,0.2509804,26.28,56.010002
54,0.26666668,26.38,55.77
54,0.28235295,26.5,55.51
54,0.29803923,26.66,55.16
54,0.3137255,26.83,54.760002
54,0.32941177,27.02,54.3
54,0.34509805,27.23,53.730003
54,0.36078432,27.48,53.02
54,0.3764706,27.75,52.17
54,0.39215687,28.029999,51.190002
54,0.40784314,28.289999,50.11
54,0.42352942,28.54,48.92
54,0.4392157,28.75,47.620003
54,0.45490196,28.93,46.230003
54,0.47058824,29.07,44.78
54,0.4862745,29.15,43.280003
54,0.5019608,29.18,41.72
54,0.5176471,29.17,40.13
54,0.53333336,29.11,38.550003
54,0.54901963,29.0,36.99
54,0.5647059,28.86,35.43
54,0.5803922,28.67,33.850002
54,0.59607846,28.44,32.230003
54,0.6117647,28.17,30.58
54,0.627451,27.85,28.920004
54,0.6431373,27.49,27.270002
54,0.65882355,27.08,25.65
54,0.6745098,26.600002,24.040005
54,0.6901961,26.050001,22.440002
54,0.7058824,25.41,20.87
54,0.72156864,24.690002,19.350004
54,0.7372549,23.890001,17.880001
54,0.7529412,23.01,16.46
54,0.76862746,22.070002,15.130003
54,0.78431374,21.080002,13.870002
54,0.8,20.03,12.68
54,0.8156863,18.930002,11.560002
54,0.83137256,17.79,10.500001
54,0.84705883,16.62,9.51
54,0.8627451,15.430003,8.580002
54,0.8784314,14.210002,7.7000012
54,0.89411765,12.96,6.86
54,0.9098039,11.680003,6.040002
54,0.9254902,10.410002,5.240001
54,0.9411765,9.16,4.48
54,0.95686275,7.960003,3.760002
54,0.972549,6.7800016,3.050001
54,0.9882353,5.62,2.35
55,0.0,98.75,50.96
55,0.015686275,98.21804,50.729214
55,0.03137255,97.33451,50.357647
55,0.047058824,96.35176,49.96647
55,0.0627451,95.319016,49.525295
55,0.078431375,94.274315,49.054115
55,0.09411765,93.25353,48.61294
55,0.10980392,92.33353,48.22451
55,0.1254902,91.44118,47.850586
55,0.14117648,90.57883,47.479412
55,0.15686275,89.75647,47.108234
55,0.17254902,89.03843,46.791374
55,0.1882353,88.36647,46.500587
55,0.20392157,87.79961,46.249805
55,0.21960784,87.31353,46.01451
55,0.23529412,86.93235,45.85412
55,0.2509804,86.66745,45.77
55,0.26666668,86.52333,45.72
55,0.28235295,86.46,45.69
55,0.29803923,86.46,45.67
55,0.3137255,86.45,45.66
55,0.32941177,86.42177,45.641766
55,0.34509805,86.41,45.62
55,0.36078432,86.37,45.6
55,0.3764706,86.35,45.61941
55,0.39215687,86.35,45.63
55,0.40784314,86.36,45.64
55,0.42352942,86.39059,45.64
55,0.4392157,86.33902,45.6
55,0.45490196,86.128624,45.51
55,0.47058824,85.90647,45.438236
55,0.4862745,85.56137,45.285686
55,0.5019608,84.9147,45.002354
55,0.5176471,83.97647,44.611176
55,0.53333336,82.81,44.09667
55,0.54901963,81.456474,43.4651
55,0.5647059,80.08882,42.93353
55,0.5803922,78.600395,42.337452
55,0.59607846,77.03608,41.67549
55,0.6117647,75.50176,41.078823
55,0.627451,73.94745,40.517254
55,0.6431373,72.40314,40.005688
55,0.65882355,70.86882,39.56059
55,0.6745098,69.32451,39.176273
55,0.6901961,67.80745,38.84549
55,0.7058824,66.42117,38.614704
55,0.72156864,65.03764,38.45196
55,0.7372549,63.587257,38.36
55,0.7529412,61.94412,38.378822
55,0.76862746,60.051765,38.587646
55,0.78431374,57.84667,39.08804
55,0.8,55.49,39.89
55,0.8156863,53.213726,40.912746
55,0.83137256,50.978237,41.996273
55,0.84705883,48.842354,43.13059
55,0.8627451,46.828037,44.322548
55,0.8784314,44.86059,45.567646
55,0.89411765,42.642353,47.068233
55,0.9098039,40.333332,48.89843
55,0.9254902,37.986668,51.050194
55,0.9411765,35.570004,53.590588
55,0.95686275,33.139412,56.620193
55,0.972549,30.582355,60.26078
55,0.9882353,28.070002,64.405876
56,0.0,17.77,2.12
56,0.015686275,18.431765,2.5541172
56,0.03137255,19.055882,2.9682343
56,0.047058824,19.622353,3.3758821
56,0.0627451,20.091177,3.7258823
56,0.078431375,20.54647,4.0323524
56,0.09411765,20.888823,4.265882
56,0.10980392,21.217058,4.4935293
56,0.1254902,21.541765,4.7311764
56,0.14117648,21.838234,4.948823
56,0.15686275,22.21294,5.214706
56,0.17254902,22.638235,5.5211763
56,0.1882353,23.07941,5.853529
56,0.20392157,23.498823,6.178823
56,0.21960784,23.914118,6.480588
56,0.23529412,24.31941,6.8194113
56,0.2509804,24.76588,7.204705
56,0.26666668,25.29,7.61
56,0.28235295,25.921764,8.094117
56,0.29803923,26.633528,8.713529
56,0.3137255,27.305294,9.308823
56,0.32941177,27.997059,9.891765
56,0.34509805,28.718822,10.474705
56,0.36078432,29.357647,11.024705
56,0.3764706,29.878824,11.477058
56,0.39215687,30.412941,11.912353
56,0.40784314,30.907646,12.338235
56,0.42352942,31.332941,12.704706
56,0.4392157,31.795294,13.088235
56,0.45490196,32.26941,13.473529
56,0.47058824,32.85294,13.903529
56,0.4862745,33.598236,14.451177
56,0.5019608,34.48353,15.06647
56,0.5176471,35.55294,15.789411
56,0.53333336,36.76,16.56
56,0.54901963,38.142353,17.330587
56,0.5647059,39.67,18.148823
56,0.5803922,41.37647,19.074705
56,0.59607846,43.230587,20.07294
56,0.6117647,45.108234,21.057058
56,0.627451,46.932938,22.02941
56,0.6431373,48.71,23.00941
56,0.65882355,50.490585,24.02588
56,0.6745098,52.28941,25.044115
56,0.6901961,54.10647,26.052353
56,0.7058824,55.944115,26.983528
56,0.72156864,57.827644,27.88294
56,0.7372549,59.70941,28.772352
56,0.7529412,61.620586,29.588236
56,0.76862746,63.587055,30.418823
56,0.78431374,65.62588,31.24941
56,0.8,67.81,32.11
56,0.8156863,70.07294,33.028233
56,0.83137256,72.41353,34.016468
56,0.84705883,74.871765,35.021175
56,0.8627451,77.41235,36.058235
56,0.8784314,79.922935,37.155293
56,0.89411765,82.42647,38.22235
56,0.9098039,85.02588,39.32941
56,0.9254902,87.63588,40.507645
56,0.9411765,90.2347,41.74294
56,0.95686275,92.91235,42.938824
56,0.972549,95.53353,44.114704
56,0.9882353,98.14882,45.284702
57,0.0,21.04,66.38
57,0.015686275,21.38353,65.62765
57,0.03137255,21.727648,64.85529
57,0.047058824,22.042353,64.15118
57,0.0627451,22.30647,63.55706
57,0.078431375,22.50706,63.08235
57,0.09411765,22.67647,62.67882
57,0.10980392,22.825882,62.331177
57,0.1254902,22.947647,62.05706
57,0.14117648,23.052353,61.86294
57,0.15686275,23.157059,61.648823
57,0.17254902,23.30353,61.331177
57,0.1882353,23.479412,60.947647
57,0.20392157,23.683529,60.50294
57,0.21960784,23.933529,59.958824
57,0.23529412,24.252941,59.29471
57,0.2509804,24.646471,58.49706
57,0.26666668,25.06,57.65
57,0.28235295,25.47353,56.78294
57,0.29803923,25.88706,55.88647
57,0.3137255,26.310589,54.978825
57,0.32941177,26.685293,54.13059
57,0.34509805,27.000587,53.411766
57,0.36078432,27.274706,52.782352
57,0.3764706,27.518824,52.18941
57,0.39215687,27.772942,51.56647
57,0.40784314,28.004705,50.97353
57,0.42352942,28.211176,50.38353
57,0.4392157,28.413528,49.69412
57,0.45490196,28.609411,48.848824
57,0.47058824,28.782352,47.865883
57,0.4862745,28.915882,46.76353
57,0.5019608,28.990587,45.54059
57,0.5176471,29.0,44.18
57,0.53333336,28.96,42.7
57,0.54901963,28.895294,41.175293
57,0.5647059,28.830587,39.650585
57,0.5803922,28.78,38.061764
57,0.59607846,28.731176,36.44353
57,0.6117647,28.69,34.769413
57,0.627451,28.64,33.05706
57,0.6431373,28.557058,31.331175
57,0.65882355,28.424706,29.587057
57,0.6745098,28.212942,27.85059
57,0.6901961,27.911764,26.098825
57,0.7058824,27.499413,24.364706
57,0.72156864,26.954706,22.670588
57,0.7372549,26.228235,20.91647
57,0.7529412,25.325294,19.192352
57,0.76862746,24.262354,17.518826
57,0.78431374,23.10059,15.954707
57,0.8,21.78,14.43
57,0.8156863,20.349998,12.959999
57,0.83137256,18.850586,11.598823
57,0.84705883,17.285883,10.318235
57,0.8627451,15.682355,9.116472
57,0.8784314,14.096471,8.0076475
57,0.89411765,12.59,6.991176
57,0.9098039,11.159999,6.0376463
57,0.9254902,9.795293,5.143529
57,0.9411765,8.494707,4.298824
57,0.95686275,7.3011775,3.5264711
57,0.972549,6.2088237,2.8358824
57,0.9882353,5.1623526,2.158235
58,0.0,98.59,50.22
58,0.015686275,97.53098,49.794704
58,0.03137255,96.50882,49.376274
58,0.047058824,95.543526,48.96412
58,0.0627451,94.818825,48.65255
58,0.078431375,94.405685,48.48
58,0.09411765,94.11882,48.36941
58,0.10980392,93.94098,48.3
58,0.1254902,93.76255,48.22
58,0.14117648,93.53412,48.114117
58,0.15686275,93.38569,48.04
58,0.17254902,93.3,48.0
58,0.1882353,93.3,47.98
58,0.20392157,93.30961,47.98
58,0.21960784,93.31,47.99
58,0.23529412,93.28,48.01
58,0.2509804,93.175095,47.97
58,0.26666668,93.01667,47.886665
58,0.28235295,92.78647,47.758236
58,0.29803923,92.439415,47.599804
58,0.3137255,91.96412,47.412746
58,0.32941177,91.3047,47.135883
58,0.34509805,90.38157,46.71353
58,0.36078432,89.28255,46.208237
58,0.3764706,88.038826,45.67059
58,0.39215687,86.581375,45.05686
58,0.40784314,84.87863,44.34392
58,0.42352942,83.018234,43.561764
58,0.4392157,81.03098,42.729607
58,0.45490196,79.09589,41.927452
58,0.47058824,77.18471,41.168236
58,0.4862745,75.3649,40.53588
58,0.5019608,73.65196,40.01059
58,0.5176471,72.07765,39.555294
58,0.53333336,70.583336,39.14
58,0.54901963,69.08902,38.764706
58,0.5647059,67.49118,38.422943
58,0.5803922,65.636475,38.14608
58,0.59607846,63.46412,38.01
58,0.6117647,60.86,38.16765
58,0.627451,58.203922,38.79353
58,0.6431373,55.70471,39.971176
58,0.65882355,53.42235,41.457058
58,0.6745098,51.244316,42.99549
58,0.6901961,48.864315,44.40784
58,0.7058824,46.17059,45.457058
58,0.72156864,43.103138,46.025684
58,0.7372549,39.798237,45.91118
58,0.7529412,36.565884,44.88765
58,0.76862746,33.669804,42.95294
58,0.78431374,31.421177,40.2902
58,0.8,29.920002,37.140003
58,0.8156863,29.134706,33.77451
58,0.83137256,28.749413,30.35902
58,0.84705883,28.384117,27.054121
58,0.8627451,27.761374,23.771767
58,0.8784314,26.66059,20.424706
58,0.89411765,24.952354,17.12765
58,0.9098039,22.56667,13.968631
58,0.9254902,19.688433,11.210785
58,0.9411765,16.486471,8.847648
58,0.95686275,13.233728,6.788237
58,0.972549,10.077846,4.7970605
58,0.9882353,6.9700003,2.717059
59,0.0,17.22,2.31
59,0.015686275,17.672354,2.5829415
59,0.03137255,18.154707,2.888824
59,0.047058824,18.61706,3.2176476
59,0.0627451,19.145294,3.5935295
59,0.078431375,19.756472,3.999412
59,0.09411765,20.382942,4.385295
59,0.10980392,20.99706,4.821177
59,0.1254902,21.642353,5.2670593
59,0.14117648,22.317648,5.6811767
59,0.15686275,22.99294,6.16353
59,0.17254902,23.63706,6.665883
59,0.1882353,24.245884,7.0905886
59,0.20392157,24.804707,7.4864707
59,0.21960784,25.36353,7.902353
59,0.23529412,25.885294,8.258236
59,0.2509804,26.401178,8.644118
59,0.26666668,26.95,9.09
59,0.28235295,27.442352,9.465882
59,0.29803923,27.914705,9.811765
59,0.3137255,28.40706,10.177648
59,0.32941177,28.889412,10.55353
59,0.34509805,29.369411,10.929412
59,0.36078432,29.815294,11.275294
59,0.3764706,30.231176,11.595882
59,0.39215687,30.62706,11.945294
59,0.40784314,31.001177,12.302941
59,0.42352942,31.47353,12.688824
59,0.4392157,32.01706,13.117059
59,0.45490196,32.65353,13.675883
59,0.47058824,33.43706,14.314707
59,0.4862745,34.365883,14.954119
59,0.5019608,35.424706,15.666471
59,0.5176471,36.659412,16.428236
59,0.53333336,38.08,17.210001
59,0.54901963,39.63,18.028236
59,0.5647059,41.25,18.85353
59,0.5803922,42.87,19.684706
59,0.59607846,44.510002,20.51706
59,0.6117647,46.14765,21.341179
59,0.627451,47.77,22.179413
59,0.6431373,49.465294,23.047647
59,0.65882355,51.20353,23.947647
59,0.6745098,53.006474,24.892355
59,0.6901961,54.76471,25.83706
59,0.7058824,56.53353,26.771765
59,0.72156864,58.41294,27.70647
59,0.7372549,60.356472,28.631178
59,0.7529412,62.392357,29.595884
59,0.76862746,64.4453,30.57059
59,0.78431374,66.53118,31.535295
59,0.8,68.76,32.54
59,0.8156863,71.045296,33.551178
59,0.83137256,73.38059,34.592354
59,0.84705883,75.7453,35.68353
59,0.8627451,78.15706,36.79059
59,0.8784314,80.57883,37.87588
59,0.89411765,83.000595,38.93706
59,0.9098039,85.422356,40.003532
59,0.9254902,87.84589,41.089413
59,0.9411765,90.29588,42.188824
59,0.95686275,92.79236,43.281765
59,0.972549,95.290596,44.35412
59,0.9882353,97.80883,45.424118
60,0.0,20.87,66.93
60,0.015686275,21.03,66.58
60,0.03137255,21.19,66.25
60,0.047058824,21.36,65.88
60,0.0627451,21.550001,65.45
60,0.078431375,21.76,64.95
60,0.09411765,22.0,64.39
60,0.10980392,22.26,63.8
60,0.1254902,22.539999,63.170002
60,0.14117648,22.85,62.5
60,0.15686275,23.18,61.8
60,0.17254902,23.519999,61.07
60,0.1882353,23.86,60.36
60,0.20392157,24.210001,59.64
60,0.21960784,24.57,58.870003
60,0.23529412,24.99,58.0
60,0.2509804,25.460001,56.98
60,0.26666668,25.97,55.86
60,0.28235295,26.48,54.7
60,0.29803923,26.95,53.57
60,0.3137255,27.38,52.45
60,0.32941177,27.77,51.32
60,0.34509805,28.12,50.129997
60,0.36078432,28.42,48.850002
60,0.3764706,28.66,47.53
60,0.39215687,28.84,46.149998
60,0.40784314,28.96,44.730003
60,0.42352942,29.04,43.27
60,0.4392157,29.07,41.73
60,0.45490196,29.05,40.170002
60,0.47058824,29.01,38.58
60,0.4862745,28.94,36.98
60,0.5019608,28.84,35.36
60,0.5176471,28.71,33.73
60,0.53333336,28.56,32.07
60,0.54901963,28.37,30.380003
60,0.5647059,28.13,28.69
60,0.5803922,27.84,27.009998
60,0.59607846,27.470001,25.370003
60,0.6117647,27.03,23.76
60,0.627451,26.49,22.179998
60,0.6431373,25.85,20.640001
60,0.65882355,25.12,19.17
60,0.6745098,24.289999,17.769999
60,0.6901961,23.36,16.440002
60,0.7058824,22.35,15.19
60,0.72156864,21.239998,14.029999
60,0.7372549,20.060001,12.9400015
60,0.7529412,18.83,11.93
60,0.76862746,17.529999,10.969999
60,0.78431374,16.190002,10.070001
60,0.8,14.83,9.21
60,0.8156863,13.469998,8.359999
60,0.83137256,12.110002,7.500001
60,0.84705883,10.74,6.63
60,0.8627451,9.389998,5.759999
60,0.8784314,8.060001,4.920001
60,0.89411765,6.77,4.13
60,0.9098039,5.4699984,3.3599992
60,0.9254902,4.2400017,2.6400008
60,0.9411765,3.12,1.98
60,0.95686275,2.169999,1.4199994
60,0.972549,1.3600008,0.9200006
60,0.9882353,0.59,0.44
61,0.0,17.33,2.16
61,0.015686275,17.887648,2.5313728
61,0.03137255,18.447844,2.9001963
61,0.047058824,19.001766,3.2652946
61,0.0627451,19.530588,3.6303928
61,0.078431375,20.058237,3.9954908
61,0.09411765,20.565884,4.350589
61,0.10980392,21.06353,4.6856866
61,0.1254902,21.56098,5.010784
61,0.14117648,22.032352,5.3258824
61,0.15686275,22.496471,5.6309805
61,0.17254902,22.945099,5.946079
61,0.1882353,23.38647,6.2658825
61,0.20392157,23.807844,6.586275
61,0.21960784,24.221373,6.9035296
61,0.23529412,24.620588,7.212353
61,0.2509804,25.001568,7.5115685
61,0.26666668,25.376667,7.81
61,0.28235295,25.731764,8.098824
61,0.29803923,26.086863,8.377647
61,0.3137255,26.451962,8.671961
61,0.32941177,26.878824,9.007059
61,0.34509805,27.338236,9.370196
61,0.36078432,27.825882,9.767255
61,0.3764706,28.364117,10.223529
61,0.39215687,28.948038,10.7580385
61,0.40784314,29.55196,11.331961
61,0.42352942,30.245295,11.984706
61,0.4392157,31.08255,12.731177
61,0.45490196,32.125492,13.611569
61,0.47058824,33.323532,14.550589
61,0.4862745,34.617645,15.465098
61,0.5019608,35.982548,16.297058
61,0.5176471,37.399998,17.053528
61,0.53333336,38.899998,17.779999
61,0.54901963,40.47255,18.52647
61,0.5647059,42.09765,19.32294
61,0.5803922,43.77314,20.17157
61,0.59607846,45.47863,21.062746
61,0.6117647,47.25353,22.01647
61,0.627451,49.121567,23.061764
61,0.6431373,51.019604,24.127058
61,0.65882355,52.884117,25.192352
61,0.6745098,54.715687,26.237646
61,0.6901961,56.557648,27.246862
61,0.7058824,58.461765,28.205883
61,0.72156864,60.44706,29.096275
61,0.7372549,62.487644,29.92902
61,0.7529412,64.59941,30.741764
61,0.76862746,66.78372,31.574509
61,0.78431374,69.03686,32.45098
61,0.8,71.33,33.37
61,0.8156863,73.62314,34.30902
61,0.83137256,75.89883,35.278038
61,0.84705883,78.189415,36.26706
61,0.8627451,80.47255,37.271175
61,0.8784314,82.755684,38.295097
61,0.89411765,85.01882,39.321762
61,0.9098039,87.27196,40.357056
61,0.9254902,89.5051,41.40235
61,0.9411765,91.70824,42.447647
61,0.95686275,93.901375,43.472942
61,0.972549,96.10451,44.449215
61,0.9882353,98.297646,45.31294
62,0.0,21.31,66.48
62,0.015686275,21.828236,65.358826
62,0.03137255,22.336472,64.238235
62,0.047058824,22.864706,63.07235
62,0.0627451,23.441767,61.79882
62,0.078431375,24.058235,60.43
62,0.09411765,24.705883,58.98
62,0.10980392,25.36353,57.467056
62,0.1254902,26.031178,55.874702
62,0.14117648,26.706472,54.202938
62,0.15686275,27.329412,52.51882
62,0.17254902,27.848824,50.87647
62,0.1882353,28.262354,49.28706
62,0.20392157,28.55353,47.707645
62,0.21960784,28.731766,46.108234
62,0.23529412,28.78,44.47882
62,0.2509804,28.734705,42.834114
62,0.26666668,28.63,41.19
62,0.28235295,28.495295,39.550587
62,0.29803923,28.371176,37.921764
62,0.3137255,28.295881,36.30176
62,0.32941177,28.29,34.68235
62,0.34509805,28.407059,33.05294
62,0.36078432,28.672941,31.45353
62,0.3764706,29.097647,29.887058
62,0.39215687,29.701178,28.37235
62,0.40784314,30.49353,26.909998
62,0.42352942,31.464708,25.517057
62,0.4392157,32.61647,24.253529
62,0.45490196,33.95,23.132353
62,0.47058824,35.43118,22.198235
62,0.4862745,37.03177,21.47294
62,0.5019608,38.73177,20.977058
62,0.5176471,40.48118,20.714706
62,0.53333336,42.27,20.69
62,0.54901963,44.068825,20.918823
62,0.5647059,45.85765,21.38647
62,0.5803922,47.632355,22.081179
62,0.59607846,49.366474,22.918238
62,0.6117647,51.05059,23.828825
62,0.627451,52.70647,24.780588
62,0.6431373,54.375885,25.742353
62,0.65882355,56.042942,26.676472
62,0.6745098,57.72471,27.563532
62,0.6901961,59.39118,28.363531
62,0.7058824,61.09706,29.135883
62,0.72156864,62.912354,29.918236
62,0.7372549,64.878235,30.751766
62,0.7529412,66.94706,31.618824
62,0.76862746,69.03412,32.495884
62,0.78431374,71.06177,33.352943
62,0.8,73.07,34.21
62,0.8156863,75.072945,35.07706
62,0.83137256,77.09589,35.96353
62,0.84705883,79.138824,36.865295
62,0.8627451,81.18177,37.778236
62,0.8784314,83.25824,38.708824
62,0.89411765,85.40588,39.658825
62,0.9098039,87.61647,40.622353
62,0.9254902,89.86647,41.59412
62,0.9411765,92.12118,42.55824
62,0.95686275,94.37059,43.517647
62,0.972549,96.64765,44.479412
62,0.9882353,98.93471,45.441177
63,0.0,21.61,66.21
63,0.015686275,22.09647,65.11706
63,0.03137255,22.574118,64.02412
63,0.047058824,23.061176,62.931175
63,0.0627451,23.548235,61.828236
63,0.078431375,24.042353,60.718235
63,0.09411765,24.518824,59.642353
63,0.10980392,24.96353,58.625294
63,0.1254902,25.38647,57.651764
63,0.14117648,25.788822,56.73294
63,0.15686275,26.16647,55.868824
63,0.17254902,26.520588,55.061768
63,0.1882353,26.848824,54.306473
63,0.20392157,27.137058,53.63353
63,0.21960784,27.385294,53.059414
63,0.23529412,27.582352,52.60412
63,0.2509804,27.741177,52.21706
63,0.26666668,27.9,51.82
63,0.28235295,28.029411,51.482353
63,0.29803923,28.148823,51.154705
63,0.3137255,28.29647,50.74059
63,0.32941177,28.48294,50.204117
63,0.34509805,28.684116,49.56353
63,0.36078432,28.912941,48.821766
63,0.3764706,29.147646,47.955296
63,0.39215687,29.385881,46.956474
63,0.40784314,29.599411,45.85353
63,0.42352942,29.768234,44.682354
63,0.4392157,29.88353,43.42706
63,0.45490196,29.942942,42.105885
63,0.47058824,29.96,40.76471
63,0.4862745,29.938236,39.435295
63,0.5019608,29.868824,38.112354
63,0.5176471,29.749413,36.77059
63,0.53333336,29.58,35.390003
63,0.54901963,29.371176,34.008823
63,0.5647059,29.11353,32.588825
63,0.5803922,28.817059,31.12
63,0.59607846,28.479412,29.582354
63,0.6117647,28.104706,28.002943
63,0.627451,27.677647,26.41353
63,0.6431373,27.184706,24.81412
63,0.65882355,26.622942,23.210001
63,0.6745098,25.982353,21.635296
63,0.6901961,25.252941,20.12
63,0.7058824,24.444706,18.667059
63,0.72156864,23.550589,17.285883
63,0.7372549,22.594118,15.967059
63,0.7529412,21.568823,14.725294
63,0.76862746,20.485882,13.544706
63,0.78431374,19.372353,12.43353
63,0.8,18.22,11.42
63,0.8156863,17.057648,10.485883
63,0.83137256,15.885294,9.611765
63,0.84705883,14.664706,8.785883
63,0.8627451,13.450589,8.008824
63,0.8784314,12.231177,7.256471
63,0.89411765,11.0394125,6.5382357
63,0.9098039,9.879413,5.832942
63,0.9254902,8.736472,5.122942
63,0.9411765,7.5935307,4.412354
63,0.95686275,6.446472,3.6829422
63,0.972549,5.2741194,2.9417658
63,0.9882353,4.1117663,2.1964717
64,0.0,98.38,50.17
64,0.015686275,97.44882,49.77941
64,0.03137255,96.507645,49.388824
64,0.047058824,95.50353,48.968235
64,0.0627451,94.43412,48.52765
64,0.078431375,93.34589,48.08706
64,0.09411765,92.29706,47.66647
64,0.10980392,91.238235,47.245884
64,0.1254902,90.10824,46.795296
64,0.14117648,88.901764,46.294704
64,0.15686275,87.685295,45.794117
64,0.17254902,86.48882,45.31353
64,0.1882353,85.29235,44.84294
64,0.20392157,84.13529,44.372353
64,0.21960784,83.01647,43.901764
64,0.23529412,81.96236,43.471176
64,0.2509804,81.02118,43.102943
64,0.26666668,80.15,42.78
64,0.28235295,79.30647,42.474705
64,0.29803923,78.53824,42.179413
64,0.3137255,77.759415,41.884117
64,0.32941177,76.85529,41.568237
64,0.34509805,75.835884,41.225296
64,0.36078432,74.72706,40.872353
64,0.3764706,73.58471,40.539413
64,0.39215687,72.37706,40.195293
64,0.40784314,71.054115,39.83353
64,0.42352942,69.61588,39.480587
64,0.4392157,67.93412,39.171764
64,0.45490196,65.886475,38.95647
64,0.47058824,63.59177,38.91941
64,0.4862745,61.198826,39.151176
64,0.5019608,58.72118,39.708233
64,0.5176471,56.24059,40.51882
64,0.53333336,53.79,41.54
64,0.54901963,51.271767,42.66647
64,0.5647059,48.668236,43.737648
64,0.5803922,45.909412,44.627647
64,0.59607846,43.10588,45.171177
64,0.6117647,40.40059,45.19353
64,0.627451,37.846474,44.70471
64,0.6431373,35.526474,43.73118
64,0.65882355,33.542355,42.33471
64,0.6745098,31.93412,40.63765
64,0.6901961,30.681767,38.74
64,0.7058824,29.761177,36.72
64,0.72156864,29.121178,34.660004
64,0.7372549,28.691765,32.63
64,0.7529412,28.378824,30.612942
64,0.76862746,28.080587,28.59
64,0.78431374,27.710588,26.61
64,0.8,27.15,24.52
64,0.8156863,26.318825,22.264708
64,0.83137256,25.231766,19.969414
64,0.84705883,23.881767,17.66412
64,0.8627451,22.251179,15.348239
64,0.8784314,20.400003,13.180003
64,0.89411765,18.41412,11.275885
64,0.9098039,16.326473,9.57059
64,0.9254902,14.270002,8.075884
64,0.9411765,12.280002,6.7141185
64,0.95686275,10.310001,5.4223537
64,0.972549,8.324119,4.1488237
64,0.9882353,6.381765,2.912353
65,0.0,21.52,66.51
65,0.015686275,22.093529,65.2651
65,0.03137255,22.601372,64.125885
65,0.047058824,22.997059,63.212353
65,0.0627451,23.311373,62.49451
65,0.078431375,23.558432,61.97235
65,0.09411765,23.747059,61.528824
65,0.10980392,23.884901,61.180195
65,0.1254902,24.012745,60.89451
65,0.14117648,24.110588,60.68941
65,0.15686275,24.15,60.591568
65,0.17254902,24.22,60.463726
65,0.1882353,24.314117,60.275883
65,0.20392157,24.533922,59.782158
65,0.21960784,24.899607,58.921177
65,0.23529412,25.430588,57.718822
65,0.2509804,26.07196,56.256077
65,0.26666668,26.743334,54.75
65,0.28235295,27.38353,53.31059
65,0.29803923,27.93706,52.036865
65,0.3137255,28.373726,50.968822
65,0.32941177,28.689411,50.14118
65,0.34509805,28.88255,49.594902
65,0.36078432,28.98,49.279217
65,0.3764706,29.02,48.991764
65,0.39215687,29.096079,48.565685
65,0.40784314,29.307842,47.58255
65,0.42352942,29.451765,46.142353
65,0.4392157,29.360785,44.224705
65,0.45490196,29.027647,41.96824
65,0.47058824,28.514118,39.425293
65,0.4862745,28.073725,36.819805
65,0.5019608,27.89,34.155296
65,0.5176471,28.156471,31.508823
65,0.53333336,28.949999,28.890001
65,0.54901963,30.295097,26.406862
65,0.5647059,32.21294,24.159412
65,0.5803922,34.68333,22.29804
65,0.59607846,37.632744,21.041765
65,0.6117647,40.907646,20.554117
65,0.627451,44.27451,20.898628
65,0.6431373,47.436665,21.972548
65,0.65882355,50.141174,23.554117
65,0.6745098,52.437057,25.252548
65,0.6901961,54.486076,26.700783
65,0.7058824,56.269413,27.804707
65,0.72156864,57.736275,28.552353
65,0.7372549,58.851765,29.057255
65,0.7529412,59.615883,29.39294
65,0.76862746,60.25294,29.634314
65,0.78431374,60.818626,29.822157
65,0.8,61.57,30.08
65,0.8156863,62.702744,30.47353
65,0.83137256,64.42824,31.042746
65,0.84705883,66.64294,31.747646
65,0.8627451,69.363335,32.628235
65,0.8784314,72.18666,33.59529
65,0.89411765,75.09,34.662354
65,0.9098039,78.00823,35.784313
65,0.9254902,81.052155,37.03196
65,0.9411765,84.39235,38.505882
65,0.95686275,88.10235,40.21274
65,0.972549,92.25686,42.09902
65,0.9882353,96.528824,43.95529
66,0.0,98.85,50.5
66,0.015686275,97.58235,49.94294
66,0.03137255,96.29823,49.39588
66,0.047058824,94.98706,48.878822
66,0.0627451,93.649414,48.361763
66,0.078431375,92.28176,47.814705
66,0.09411765,90.86411,47.237057
66,0.10980392,89.49647,46.680588
66,0.1254902,88.18294,46.17353
66,0.14117648,86.98294,45.70235
66,0.15686275,85.99647,45.28706
66,0.17254902,85.124115,44.911175
66,0.1882353,84.24177,44.537647
66,0.20392157,83.37941,44.211178
66,0.21960784,82.47706,43.85588
66,0.23529412,81.518234,43.47059
66,0.2509804,80.50412,43.065292
66,0.26666668,79.42,42.63
66,0.28235295,78.24412,42.174706
66,0.29803923,76.96471,41.705883
66,0.3137255,75.60176,41.224117
66,0.32941177,74.17235,40.721764
66,0.34509805,72.664116,40.214706
66,0.36078432,71.12294,39.727646
66,0.3764706,69.56176,39.27294
66,0.39215687,67.89647,38.877647
66,0.40784314,66.06764,38.548237
66,0.42352942,64.10529,38.38235
66,0.4392157,62.02941,38.478825
66,0.45490196,59.86117,38.864708
66,0.47058824,57.755882,39.557648
66,0.4862745,55.74941,40.517647
66,0.5019608,53.752937,41.678238
66,0.5176471,51.658234,42.972355
66,0.53333336,49.459995,44.210003
66,0.54901963,47.10647,45.272354
66,0.5647059,44.63294,46.02765
66,0.5803922,42.2447,46.375294
66,0.59607846,39.97,46.28588
66,0.6117647,37.80882,45.825882
66,0.627451,35.821762,45.045883
66,0.6431373,34.011765,43.948822
66,0.65882355,32.454704,42.584705
66,0.6745098,31.147058,40.97353
66,0.6901961,30.06647,39.125294
66,0.7058824,29.252941,37.08941
66,0.72156864,28.705294,34.84
66,0.7372549,28.344118,32.424114
66,0.7529412,28.050589,29.910587
66,0.76862746,27.700588,27.367056
66,0.78431374,27.178823,24.795292
66,0.8,26.41,22.18
66,0.8156863,25.354116,19.646467
66,0.83137256,23.981176,17.269999
66,0.84705883,22.295881,15.085293
66,0.8627451,20.319998,13.037057
66,0.8784314,18.091177,11.077647
66,0.89411765,15.759996,9.312939
66,0.9098039,13.429998,7.774117
66,0.9254902,11.139998,6.354705
66,0.9411765,8.96588,4.971175
66,0.95686275,6.8952937,3.6035292
66,0.972549,4.838821,2.2458804
66,0.9882353,2.8823516,0.94823444
67,0.0,98.69,50.94
67,0.015686275,97.36412,50.42059
67,0.03137255,96.03824,49.901176
67,0.047058824,94.729416,49.371765
67,0.0627451,93.42588,48.82294
67,0.078431375,92.18236,48.292942
67,0.09411765,91.02294,47.79353
67,0.10980392,89.93176,47.320587
67,0.1254902,88.90942,46.88353
67,0.14117648,87.97059,46.485294
67,0.15686275,87.06177,46.089413
67,0.17254902,86.178825,45.692352
67,0.1882353,85.312355,45.305294
67,0.20392157,84.49647,44.938236
67,0.21960784,83.71941,44.581177
67,0.23529412,82.76235,44.148823
67,0.2509804,81.62353,43.629414
67,0.26666668,80.32,43.06
67,0.28235295,78.81941,42.428234
67,0.29803923,77.15412,41.76647
67,0.3137255,75.518234,41.154705
67,0.32941177,73.91765,40.612354
67,0.34509805,72.30706,40.132942
67,0.36078432,70.73647,39.737648
67,0.3764706,69.12941,39.410587
67,0.39215687,67.278824,39.122353
67,0.40784314,65.19882,38.897648
67,0.42352942,63.05,38.83353
67,0.4392157,60.920002,39.00765
67,0.45490196,58.800003,39.471176
67,0.47058824,56.63,40.325294
67,0.4862745,54.572945,41.44647
67,0.5019608,52.600002,42.607647
67,0.5176471,50.512356,43.718822
67,0.53333336,48.310005,44.67
67,0.54901963,46.035297,45.32941
67,0.5647059,43.685883,45.699413
67,0.5803922,41.385883,45.742943
67,0.59607846,39.21,45.472355
67,0.6117647,37.15,44.89941
67,0.627451,35.268234,44.04706
67,0.6431373,33.525883,42.905296
67,0.65882355,32.00294,41.43647
67,0.6745098,30.789413,39.702354
67,0.6901961,29.868824,37.736473
67,0.7058824,29.21647,35.518238
67,0.72156864,28.755295,33.175297
67,0.7372549,28.408236,30.838827
67,0.7529412,28.041178,28.51412
67,0.76862746,27.55353,26.219414
67,0.78431374,26.846472,24.002354
67,0.8,25.94,21.84
67,0.8156863,24.868824,19.720001
67,0.83137256,23.638235,17.674707
67,0.84705883,22.195295,15.71706
67,0.8627451,20.498825,13.858825
67,0.8784314,18.611767,12.13706
67,0.89411765,16.610003,10.60059
67,0.9098039,14.530003,9.182355
67,0.9254902,12.460003,7.8329434
67,0.9411765,10.450003,6.5170608
67,0.95686275,8.503531,5.2347074
67,0.972549,6.661766,4.0470595
67,0.9882353,4.8864713,2.9158826
68,0.0,18.43,2.37
68,0.015686275,19.102942,2.7964709
68,0.03137255,19.767649,3.2211773
68,0.047058824,20.426472,3.6417656
68,0.0627451,21.065294,4.0623536
68,0.078431375,21.68353,4.4829416
68,0.09411765,22.268236,4.8988237
68,0.10980392,22.794117,5.2952943
68,0.1254902,23.274706,5.671765
68,0.14117648,23.738235,6.045295
68,0.15686275,24.225883,6.4447064
68,0.17254902,24.686472,6.831177
68,0.1882353,25.17706,7.2470593
68,0.20392157,25.744707,7.741177
68,0.21960784,26.41353,8.333529
68,0.23529412,27.132353,8.972353
68,0.2509804,27.811178,9.595295
68,0.26666668,28.45,10.1900015
68,0.28235295,29.084707,10.774707
68,0.29803923,29.689413,11.359412
68,0.3137255,30.241766,11.891765
68,0.32941177,30.748823,12.382353
68,0.34509805,31.324118,12.924118
68,0.36078432,32.057648,13.572942
68,0.3764706,32.899414,14.28059
68,0.39215687,33.859413,15.023531
68,0.40784314,34.91765,15.786471
68,0.42352942,36.105297,16.579412
68,0.4392157,37.39412,17.377647
68,0.45490196,38.771175,18.165295
68,0.47058824,40.256474,18.968235
68,0.4862745,41.81,19.771177
68,0.5019608,43.37824,20.55412
68,0.5176471,44.91412,21.31706
68,0.53333336,46.45,22.070002
68,0.54901963,48.04,22.862942
68,0.5647059,49.718235,23.722353
68,0.5803922,51.462353,24.62353
68,0.59607846,53.232944,25.554707
68,0.6117647,55.05177,26.515884
68,0.627451,56.92412,27.47706
68,0.6431373,58.807648,28.399412
68,0.65882355,60.665882,29.23353
68,0.6745098,62.511177,29.989412
68,0.6901961,64.342354,30.688236
68,0.7058824,66.13059,31.327059
68,0.72156864,67.85941,31.945883
68,0.7372549,69.56353,32.541176
68,0.7529412,71.27765,33.135883
68,0.76862746,72.97176,33.730587
68,0.78431374,74.67588,34.331177
68,0.8,76.41,34.94
68,0.8156863,78.198235,35.578823
68,0.83137256,80.00648,36.245884
68,0.84705883,81.84471,36.961178
68,0.8627451,83.69942,37.758236
68,0.8784314,85.57177,38.605885
68,0.89411765,87.46412,39.49235
68,0.9098039,89.38529,40.389412
68,0.9254902,91.35177,41.289413
68,0.9411765,93.3353,42.19059
68,0.95686275,95.335884,43.10059
68,0.972549,97.356476,44.012943
68,0.9882353,99.38765,44.93412
69,0.0,98.52,50.96
69,0.015686275,97.66882,50.62706
69,0.03137255,96.822945,50.28412
69,0.047058824,95.97941,49.941177
69,0.0627451,95.13529,49.578236
69,0.078431375,94.30235,49.225292
69,0.09411765,93.51882,48.88235
69,0.10980392,92.74529,48.53941
69,0.1254902,91.86059,48.16647
69,0.14117648,90.850586,47.74353
69,0.15686275,89.70529,47.254116
69,0.17254902,88.380585,46.675293
69,0.1882353,86.91706,46.019413
69,0.20392157,85.407646,45.35294
69,0.21960784,83.88824,44.677647
69,0.23529412,82.304115,43.991764
69,0.2509804,80.65706,43.28588
69,0.26666668,78.93,42.579998
69,0.28235295,77.06,41.84647
69,0.29803923,74.969406,41.08294
69,0.3137255,72.787056,40.36235
69,0.32941177,70.68941,39.757057
69,0.34509805,68.64176,39.28706
69,0.36078432,66.57411,38.938236
69,0.3764706,64.49,38.74647
69,0.39215687,62.377647,38.762352
69,0.40784314,60.123528,39.04647
69,0.42352942,57.734116,39.628822
69,0.4392157,55.341763,40.48294
69,0.45490196,53.158234,41.525883
69,0.47058824,51.059998,42.654705
69,0.4862745,48.96294,43.68647
69,0.5019608,46.855293,44.498238
69,0.5176471,44.717644,45.079414
69,0.53333336,42.559998,45.38
69,0.54901963,40.42235,45.38235
69,0.5647059,38.344704,45.048824
69,0.5803922,36.40294,44.38647
69,0.59607846,34.591766,43.384117
69,0.6117647,32.981174,42.051178
69,0.627451,31.621176,40.447647
69,0.6431373,30.541763,38.64
69,0.65882355,29.734118,36.68
69,0.6745098,29.154705,34.611176
69,0.6901961,28.720589,32.447056
69,0.7058824,28.357647,30.201761
69,0.72156864,27.98294,27.936466
69,0.7372549,27.522352,25.671173
69,0.7529412,26.917646,23.45588
69,0.76862746,26.117058,21.305292
69,0.78431374,25.08647,19.207645
69,0.8,23.86,17.21
69,0.8156863,22.450588,15.2976465
69,0.83137256,20.895882,13.500587
69,0.84705883,19.288822,11.934705
69,0.8627451,17.631763,10.573528
69,0.8784314,15.994704,9.337646
69,0.89411765,14.423528,8.177057
69,0.9098039,12.924115,7.088234
69,0.9254902,11.404703,6.04941
69,0.9411765,9.875292,5.0494103
69,0.95686275,8.365881,4.078234
69,0.972549,6.9105873,3.1270583
69,0.9882353,5.478823,2.185882
70,0.0,17.33,2.31
70,0.015686275,17.96647,2.7352943
70,0.03137255,18.602942,3.1705885
70,0.047058824,19.20706,3.5747063
70,0.0627451,19.721176,3.9229414
70,0.078431375,20.146471,4.2058825
70,0.09411765,20.541765,4.477059
70,0.10980392,20.977058,4.7776465
70,0.1254902,21.458822,5.105882
70,0.14117648,21.971176,5.4541173
70,0.15686275,22.504118,5.832941
70,0.17254902,23.093529,6.2582355
70,0.1882353,23.73294,6.7135296
70,0.20392157,24.374119,7.190589
70,0.21960784,24.981766,7.664118
70,0.23529412,25.561176,8.119411
70,0.2509804,26.130589,8.584705
70,0.26666668,26.72,9.059999
70,0.28235295,27.309412,9.545294
70,0.29803923,27.878822,10.024706
70,0.3137255,28.498236,10.557058
70,0.32941177,29.205883,11.205882
70,0.34509805,30.002941,11.967648
70,0.36078432,30.905884,12.78353
70,0.3764706,31.942942,13.644118
70,0.39215687,33.17706,14.561177
70,0.40784314,34.6,15.498823
70,0.42352942,36.109997,16.395882
70,0.4392157,37.627647,17.198822
70,0.45490196,39.16,17.917646
70,0.47058824,40.721764,18.604118
70,0.4862745,42.308823,19.329412
70,0.5019608,43.911766,20.122942
70,0.5176471,45.525883,20.989412
70,0.53333336,47.15,21.92
70,0.54901963,48.76706,22.887648
70,0.5647059,50.428234,23.91941
70,0.5803922,52.09235,24.964117
70,0.59607846,53.726467,25.970587
70,0.6117647,55.315292,26.912941
70,0.627451,56.894707,27.801176
70,0.6431373,58.48941,28.614706
70,0.65882355,60.102943,29.361765
70,0.6745098,61.71353,30.018236
70,0.6901961,63.34118,30.624119
70,0.7058824,65.005295,31.195883
70,0.72156864,66.69941,31.758236
70,0.7372549,68.4053,32.33235
70,0.7529412,70.117645,32.980587
70,0.76862746,71.827644,33.722942
70,0.78431374,73.528824,34.53941
70,0.8,75.27,35.41
70,0.8156863,77.098236,36.317646
70,0.83137256,79.04471,37.25118
70,0.84705883,81.06706,38.18294
70,0.8627451,83.06941,39.102352
70,0.8784314,85.026474,39.992943
70,0.89411765,86.96412,40.873528
70,0.9098039,88.89647,41.744118
70,0.9254902,90.79588,42.614704
70,0.9411765,92.67412,43.475292
70,0.95686275,94.54235,44.325294
70,0.972549,96.43823,45.148823
70,0.9882353,98.403534,45.982353
71,0.0,98.81,51.38
71,0.015686275,97.67804,50.900196
71,0.03137255,96.546074,50.40549
71,0.047058824,95.26941,49.848236
71,0.0627451,93.812744,49.20137
71,0.078431375,92.25843,48.509216
71,0.09411765,90.70941,47.811764
71,0.10980392,89.157646,47.1049
71,0.1254902,87.55588,46.362743
71,0.14117648,85.84,45.553528
71,0.15686275,84.03333,44.703922
71,0.17254902,82.174706,43.84431
71,0.1882353,80.23118,42.974705
71,0.20392157,78.219604,42.115097
71,0.21960784,76.242355,41.329803
71,0.23529412,74.338234,40.62941
71,0.2509804,72.43411,40.00392
71,0.26666668,70.49,39.43667
71,0.28235295,68.49588,38.95353
71,0.29803923,66.4602,38.60686
71,0.3137255,64.34961,38.46
71,0.32941177,62.207058,38.562943
71,0.34509805,60.08549,38.93961
71,0.36078432,58.065292,39.61098
71,0.3764706,56.16,40.50941
71,0.39215687,54.303333,41.542747
71,0.40784314,52.426666,42.607254
71,0.42352942,50.51882,43.620586
71,0.4392157,48.594704,44.50902
71,0.45490196,46.660587,45.180393
71,0.47058824,44.702938,45.610588
71,0.4862745,42.711372,45.78098
71,0.5019608,40.709805,45.673138
71,0.5176471,38.76412,45.286472
71,0.53333336,36.913334,44.633335
71,0.54901963,35.157448,43.712154
71,0.5647059,33.534706,42.551178
71,0.5803922,32.071766,41.17039
71,0.59607846,30.818628,39.599804
71,0.6117647,29.815294,37.84
71,0.627451,29.071764,35.935295
71,0.6431373,28.558039,33.92569
71,0.65882355,28.191175,31.897058
71,0.6745098,27.908823,29.872944
71,0.6901961,27.644314,27.860981
71,0.7058824,27.338823,25.864706
71,0.72156864,26.94902,23.91059
71,0.7372549,26.449018,21.98647
71,0.7529412,25.816471,20.130003
71,0.76862746,25.039215,18.338432
71,0.78431374,24.10706,16.641766
71,0.8,23.03,15.06
71,0.8156863,21.82059,13.5831375
71,0.83137256,20.496277,12.261178
71,0.84705883,19.09706,11.096471
71,0.8627451,17.642748,10.051766
71,0.8784314,16.168432,9.084706
71,0.89411765,14.708824,8.157648
71,0.9098039,13.269805,7.262746
71,0.9254902,11.825098,6.3735294
71,0.9411765,10.381179,5.4835305
71,0.95686275,8.991373,4.623922
71,0.972549,7.718433,3.8262756
71,0.9882353,6.5364714,3.0941184
72,0.0,19.49,3.19
72,0.015686275,20.144117,3.6560788
72,0.03137255,20.798237,4.1221576
72,0.047058824,21.462353,4.605294
72,0.0627451,22.13255,5.0903926
72,0.078431375,22.800589,5.5854907
72,0.09411765,23.464706,6.0805883
72,0.10980392,24.108824,6.575687
72,0.1254902,24.795097,7.1207843
72,0.14117648,25.598236,7.7670593
72,0.15686275,26.48157,8.491374
72,0.17254902,27.40294,9.2737255
72,0.1882353,28.384119,10.135883
72,0.20392157,29.395296,11.02804
72,0.21960784,30.300196,11.813922
72,0.23529412,31.087059,12.4717655
72,0.2509804,31.795883,13.051569
72,0.26666668,32.383335,13.533334
72,0.28235295,32.839413,13.909412
72,0.29803923,33.316864,14.31549
72,0.3137255,33.942352,14.821961
72,0.32941177,34.665882,15.386472
72,0.34509805,35.545883,16.030588
72,0.36078432,36.66196,16.789608
72,0.3764706,37.96412,17.605295
72,0.39215687,39.361374,18.388432
72,0.40784314,40.853138,19.14157
72,0.42352942,42.409412,19.884706
72,0.4392157,43.948235,20.627844
72,0.45490196,45.531963,21.41255
72,0.47058824,47.078236,22.214117
72,0.4862745,48.5049,22.967255
72,0.5019608,49.843533,23.691765
72,0.5176471,51.07647,24.375883
72,0.53333336,52.196667,24.99
72,0.54901963,53.18549,25.538431
72,0.5647059,53.958237,25.968824
72,0.5803922,54.4849,26.27745
72,0.59607846,54.888237,26.50549
72,0.6117647,55.275295,26.73353
72,0.627451,55.592354,26.910784
72,0.6431373,55.949215,27.099607
72,0.65882355,56.415295,27.357647
72,0.6745098,56.97706,27.65353
72,0.6901961,57.688038,28.02745
72,0.7058824,58.602943,28.489412
72,0.72156864,59.69392,29.00451
72,0.7372549,60.94706,29.569609
72,0.7529412,62.381176,30.177649
72,0.76862746,63.979412,30.811764
72,0.78431374,65.685684,31.475882
72,0.8,67.51,32.16
72,0.8156863,69.46235,32.87412
72,0.83137256,71.532745,33.646275
72,0.84705883,73.73118,34.47647
72,0.8627451,76.007645,35.384705
72,0.8784314,78.35216,36.365883
72,0.89411765,80.76059,37.421177
72,0.9098039,83.24216,38.531372
72,0.9254902,85.801765,39.693726
72,0.9411765,88.42823,40.91294
72,0.95686275,91.0849,42.182156
72,0.972549,93.79961,43.48059
72,0.9882353,96.56588,44.750587
73,0.0,99.02,50.55
73,0.015686275,97.206276,49.67706
73,0.03137255,95.35392,48.794117
73,0.047058824,93.375885,47.871178
73,0.0627451,91.31784,46.928234
73,0.078431375,89.19902,45.985294
73,0.09411765,87.068825,45.06235
73,0.10980392,84.96863,44.20451
73,0.1254902,82.86843,43.393726
73,0.14117648,80.75823,42.632942
73,0.15686275,78.67804,41.912155
73,0.17254902,76.64157,41.231373
73,0.1882353,74.613525,40.59647
73,0.20392157,72.52745,39.997845
73,0.21960784,70.48745,39.50941
73,0.23529412,68.51941,39.145294
73,0.2509804,66.69039,38.875492
73,0.26666668,65.043335,38.666668
73,0.28235295,63.718235,38.521175
73,0.29803923,62.795097,38.43
73,0.3137255,62.163727,38.39
73,0.32941177,61.89941,38.39
73,0.34509805,61.467648,38.37
73,0.36078432,60.782352,38.36961
73,0.3764706,59.602352,38.53353
73,0.39215687,57.859016,39.005688
73,0.40784314,55.864902,39.786472
73,0.42352942,53.744705,40.865883
73,0.4392157,51.6649,42.083138
73,0.45490196,49.614315,43.307842
73,0.47058824,47.354706,44.438236
73,0.4862745,44.843334,45.304314
73,0.5019608,42.177647,45.72902
73,0.5176471,39.428825,45.626472
73,0.53333336,36.783333,44.916668
73,0.54901963,34.373135,43.6051
73,0.5647059,32.418236,41.850586
73,0.5803922,30.951567,39.752937
73,0.59607846,29.930195,37.366665
73,0.6117647,29.277647,34.82
73,0.627451,28.841177,32.23333
73,0.6431373,28.493137,29.646666
73,0.65882355,28.148823,27.200588
73,0.6745098,27.72902,24.888823
73,0.6901961,27.110392,22.736275
73,0.7058824,26.267647,20.728235
73,0.72156864,25.23549,18.859411
73,0.7372549,24.05902,17.104902
73,0.7529412,22.841764,15.484705
73,0.76862746,21.630196,13.9688225
73,0.78431374,20.525097,12.599411
73,0.8,19.499998,11.349998
73,0.8156863,18.517057,10.224901
73,0.83137256,17.618431,9.268431
73,0.84705883,16.944117,8.564117
73,0.8627451,16.464117,8.064117
73,0.8784314,16.179216,7.7892156
73,0.89411765,15.9841175,7.6041174
73,0.9098039,15.649804,7.269804
73,0.9254902,15.180981,6.7909803
73,0.9411765,14.413529,5.9935293
73,0.95686275,13.41902,5.0490193
73,0.972549,12.363921,4.1476464
73,0.9882353,11.344706,3.2905877
74,0.0,18.77,2.87
74,0.015686275,19.583136,3.4223523
74,0.03137255,20.386272,3.9847047
74,0.047058824,21.219412,4.5870585
74,0.0627451,22.104116,5.2309794
74,0.078431375,23.027645,5.9137244
74,0.09411765,23.918823,6.5841174
74,0.10980392,24.804705,7.2492146
74,0.1254902,25.655098,7.898823
74,0.14117648,26.341177,8.424117
74,0.15686275,26.771765,8.767843
74,0.17254902,27.048628,8.998628
74,0.1882353,27.324118,9.229412
74,0.20392157,27.615294,9.470196
74,0.21960784,27.92196,9.716471
74,0.23529412,28.349411,10.059412
74,0.2509804,28.94392,10.5476465
74,0.26666668,29.646666,11.13
74,0.28235295,30.359411,11.7423525
74,0.29803923,31.032156,12.344705
74,0.3137255,31.752745,12.977058
74,0.32941177,32.65235,13.705882
74,0.34509805,33.832153,14.577645
74,0.36078432,35.205296,15.491177
74,0.3764706,36.641766,16.335293
74,0.39215687,38.147057,17.088627
74,0.40784314,39.71294,17.781372
74,0.42352942,41.208233,18.433529
74,0.4392157,42.613724,19.055882
74,0.45490196,43.937843,19.668236
74,0.47058824,45.161175,20.258823
74,0.4862745,46.293724,20.832941
74,0.5019608,47.32549,21.382746
74,0.5176471,48.23353,21.894705
74,0.53333336,49.013332,22.353333
74,0.54901963,49.686077,22.774902
74,0.5647059,50.344704,23.19647
74,0.5803922,50.94706,23.58804
74,0.59607846,51.519413,23.959608
74,0.6117647,52.17706,24.37647
74,0.627451,52.909805,24.84843
74,0.6431373,53.734707,25.370392
74,0.65882355,54.711174,25.978823
74,0.6745098,55.852352,26.67804
74,0.6901961,57.124313,27.42804
74,0.7058824,58.47706,28.163528
74,0.72156864,59.92059,28.868235
74,0.7372549,61.4649,29.550589
74,0.7529412,63.12,30.19294
74,0.76862746,64.86588,30.795294
74,0.78431374,66.71255,31.407646
74,0.8,68.67,32.09
74,0.8156863,70.76863,32.85353
74,0.83137256,72.95725,33.696274
74,0.84705883,75.15588,34.550587
74,0.8627451,77.37451,35.424118
74,0.8784314,79.6151,36.317646
74,0.89411765,81.90411,37.251175
74,0.9098039,84.23314,38.22745
74,0.9254902,86.59529,39.26451
74,0.9411765,89.00471,40.35882
74,0.95686275,91.45804,41.50706
74,0.972549,93.95784,42.677452
74,0.9882353,96.44765,43.81647
75,0.0,18.6,3.03
75,0.015686275,19.345882,3.5488234
75,0.03137255,20.098234,4.0611763
75,0.047058824,20.787058,4.5364704
75,0.0627451,21.372353,4.938235
75,0.078431375,21.844118,5.27647
75,0.09411765,22.29294,5.5923524
75,0.10980392,22.731764,5.9170585
75,0.1254902,23.13647,6.2123528
75,0.14117648,23.569412,6.5435295
75,0.15686275,24.085882,6.9482355
75,0.17254902,24.686472,7.426471
75,0.1882353,25.369413,7.9782357
75,0.20392157,26.169413,8.646471
75,0.21960784,27.101765,9.44706
75,0.23529412,28.167648,10.344707
75,0.2509804,29.36706,11.302353
75,0.26666668,30.73,12.32
75,0.28235295,32.311764,13.411177
75,0.29803923,33.95353,14.478823
75,0.3137255,35.53,15.407646
75,0.32941177,37.1,16.253529
75,0.34509805,38.59235,17.010588
75,0.36078432,39.867058,17.643528
75,0.3764706,40.841175,18.121765
75,0.39215687,41.60294,18.50647
75,0.40784314,42.281178,18.86353
75,0.42352942,42.92353,19.210588
75,0.4392157,43.50647,19.528236
75,0.45490196,44.03706,19.80353
75,0.47058824,44.534706,20.055883
75,0.4862745,44.958824,20.259413
75,0.5019608,45.35588,20.442942
75,0.5176471,45.722942,20.62647
75,0.53333336,46.02,20.79
75,0.54901963,46.30706,20.94353
75,0.5647059,46.654118,21.147058
75,0.5803922,47.041176,21.360588
75,0.59607846,47.475292,21.601175
75,0.6117647,48.051765,21.915295
75,0.627451,48.815292,22.32294
75,0.6431373,49.71588,22.824118
75,0.65882355,50.749413,23.418823
75,0.6745098,51.912354,24.122942
75,0.6901961,53.214706,24.928823
75,0.7058824,54.670002,25.794119
75,0.72156864,56.261177,26.691765
75,0.7372549,58.008823,27.589413
75,0.7529412,59.89353,28.497059
75,0.76862746,61.908825,29.434706
75,0.78431374,64.05765,30.420588
75,0.8,66.34,31.46
75,0.8156863,68.70588,32.52941
75,0.83137256,71.12529,33.612354
75,0.84705883,73.62294,34.738823
75,0.8627451,76.170586,35.874706
75,0.8784314,78.75588,37.024704
75,0.89411765,81.36706,38.177647
75,0.9098039,84.00823,39.340588
75,0.9254902,86.645294,40.50353
75,0.9411765,89.284706,41.67647
75,0.95686275,91.92177,42.84941
75,0.972549,94.542946,44.022354
75,0.9882353,97.10177,45.175297
76,0.0,21.28,66.72
76,0.015686275,21.528627,66.13412
76,0.03137255,21.785883,65.54686
76,0.047058824,22.015882,65.03824
76,0.0627451,22.21451,64.628235
76,0.078431375,22.383137,64.27529
76,0.09411765,22.535883,63.952354
76,0.10980392,22.660393,63.659412
76,0.1254902,22.77451,63.39098
76,0.14117648,22.878824,63.161175
76,0.15686275,22.963137,62.993725
76,0.17254902,23.057451,62.795097
76,0.1882353,23.22353,62.431175
76,0.20392157,23.452156,61.909607
76,0.21960784,23.710785,61.337646
76,0.23529412,23.954117,60.79647
76,0.2509804,24.18804,60.2849
76,0.26666668,24.473333,59.666668
76,0.28235295,24.832941,58.851177
76,0.29803923,25.259804,57.880394
76,0.3137255,25.781372,56.704704
76,0.32941177,26.434118,55.25118
76,0.34509805,27.154314,53.586666
76,0.36078432,27.806078,51.892548
76,0.3764706,28.327646,50.24353
76,0.39215687,28.731373,48.566666
76,0.40784314,29.004314,46.843334
76,0.42352942,29.156471,45.09
76,0.4392157,29.2,43.29667
76,0.45490196,29.154902,41.39314
76,0.47058824,29.060589,39.37177
76,0.4862745,28.976274,37.28549
76,0.5019608,28.988039,35.209217
76,0.5176471,29.147058,33.132942
76,0.53333336,29.496666,31.083336
76,0.54901963,30.075882,29.102352
76,0.5647059,30.882353,27.230001
76,0.5803922,31.916079,25.505882
76,0.59607846,33.150978,23.9951
76,0.6117647,34.57353,22.701176
76,0.627451,36.15333,21.64706
76,0.6431373,37.886665,20.848824
76,0.65882355,39.691174,20.345295
76,0.6745098,41.604313,20.13
76,0.6901961,43.606075,20.219608
76,0.7058824,45.598232,20.630589
76,0.72156864,47.610195,21.33745
76,0.7372549,49.717644,22.38294
76,0.7529412,51.858234,23.651764
76,0.76862746,54.038822,25.049213
76,0.78431374,56.305096,26.499607
76,0.8,58.689995,27.949997
76,0.8156863,61.18353,29.311764
76,0.83137256,63.765682,30.543528
76,0.84705883,66.47941,31.692352
76,0.8627451,69.35039,32.8398
76,0.8784314,72.39706,34.038822
76,0.89411765,75.56235,35.316467
76,0.9098039,78.81628,36.692745
76,0.9254902,82.18431,38.207645
76,0.9411765,85.60117,39.781178
76,0.95686275,89.02352,41.367058
76,0.972549,92.47588,42.961765
76,0.9882353,95.89823,44.566467
77,0.0,98.43,50.33
77,0.015686275,95.66882,49.133923
77,0.03137255,92.986664,47.96686
77,0.047058824,90.463524,46.86529
77,0.0627451,88.10745,45.861763
77,0.078431375,85.926865,45.004707
77,0.09411765,83.95529,44.271763
77,0.10980392,82.18431,43.653725
77,0.1254902,80.73529,43.171764
77,0.14117648,79.65647,42.82941
77,0.15686275,78.899605,42.5898
77,0.17254902,78.500786,42.45
77,0.1882353,78.335884,42.385883
77,0.20392157,78.3,42.38
77,0.21960784,78.29,42.38
77,0.23529412,78.27,42.38
77,0.2509804,78.28,42.38
77,0.26666668,78.3,42.39
77,0.28235295,78.29,42.38
77,0.29803923,78.27,42.395687
77,0.3137255,78.24,42.41
77,0.32941177,78.16529,42.385296
77,0.34509805,77.882355,42.270782
77,0.36078432,77.4051,42.08255
77,0.3764706,76.600586,41.803528
77,0.39215687,75.49804,41.44451
77,0.40784314,74.07745,40.998234
77,0.42352942,72.39059,40.484707
77,0.4392157,70.5947,39.981174
77,0.45490196,68.73059,39.518433
77,0.47058824,67.00706,39.204704
77,0.4862745,65.32235,38.960197
77,0.5019608,63.696865,38.725685
77,0.5176471,61.86647,38.57118
77,0.53333336,59.453335,38.603333
77,0.54901963,56.766666,39.039215
77,0.5647059,53.945293,40.088825
77,0.5803922,51.273335,41.52863
77,0.59607846,48.605293,43.113724
77,0.6117647,45.748238,44.441177
77,0.627451,42.66216,45.150784
77,0.6431373,39.49706,45.115295
77,0.65882355,36.510586,44.28412
77,0.6745098,33.887253,42.73294
77,0.6901961,31.700392,40.4951
77,0.7058824,30.146471,37.78412
77,0.72156864,29.162746,34.79098
77,0.7372549,28.534119,31.740786
77,0.7529412,28.030588,28.700588
77,0.76862746,27.496078,25.802353
77,0.78431374,26.832548,23.096666
77,0.8,25.94,20.59
77,0.8156863,24.793922,18.296864
77,0.83137256,23.379805,16.172747
77,0.84705883,21.731178,14.2176485
77,0.8627451,20.001568,12.549608
77,0.8784314,18.22196,11.087059
77,0.89411765,16.442354,9.76353
77,0.9098039,14.702746,8.5674515
77,0.9254902,13.023139,7.477452
77,0.9411765,11.353531,6.4558835
77,0.95686275,9.583922,5.4043145
77,0.972549,7.754706,4.3031373
77,0.9882353,5.806471,3.0970592
78,0.0,98.01,50.89
78,0.015686275,96.293335,50.09667
78,0.03137255,94.58,49.306667
78,0.047058824,93.01,48.59
78,0.0627451,91.60333,47.956665
78,0.078431375,90.310005,47.373333
78,0.09411765,89.06,46.81
78,0.10980392,87.846664,46.27667
78,0.1254902,86.77333,45.79667
78,0.14117648,85.97,45.44
78,0.15686275,85.35667,45.176666
78,0.17254902,84.90667,44.983334
78,0.1882353,84.590004,44.86
78,0.20392157,84.45333,44.81333
78,0.21960784,84.386665,44.79
78,0.23529412,84.42,44.77
78,0.2509804,84.44,44.78
78,0.26666668,84.44,44.78
78,0.28235295,84.42,44.8
78,0.29803923,84.39,44.81
78,0.3137255,84.39333,44.816666
78,0.32941177,84.42,44.81
78,0.34509805,84.44,44.81
78,0.36078432,84.42,44.8
78,0.3764706,84.39,44.79
78,0.39215687,84.37666,44.78
78,0.40784314,84.36,44.77
78,0.42352942,84.23,44.71
78,0.4392157,83.95,44.583332
78,0.45490196,83.48333,44.40333
78,0.47058824,82.87,44.16
78,0.4862745,82.14333,43.87
78,0.5019608,81.28,43.516666
78,0.5176471,80.29,43.1
78,0.53333336,79.23333,42.666668
78,0.54901963,78.09333,42.213333
78,0.5647059,76.9,41.76
78,0.5803922,75.71667,41.35
78,0.59607846,74.543335,40.98
78,0.6117647,73.39,40.64
78,0.627451,72.28333,40.34
78,0.6431373,71.22667,40.07
78,0.65882355,70.12,39.81
78,0.6745098,68.956665,39.576668
78,0.6901961,67.753334,39.353333
78,0.7058824,66.439995,39.13
78,0.72156864,64.97,38.916668
78,0.7372549,63.37,38.753334
78,0.7529412,61.61,38.69
78,0.76862746,59.70333,38.783333
78,0.78431374,57.673332,39.09667
78,0.8,55.48,39.74
78,0.8156863,53.316666,40.676666
78,0.83137256,51.16,41.796665
78,0.84705883,48.899998,43.070004
78,0.8627451,46.573334,44.456665
78,0.8784314,44.19333,46.02
78,0.89411765,41.78,47.79
78,0.9098039,39.39333,49.800003
78,0.9254902,37.036667,52.09667
78,0.9411765,34.73,54.730003
78,0.95686275,32.496666,57.63667
78,0.972549,30.383331,60.72
78,0.9882353,28.359997,63.950005
79,0.0,17.84,2.68
79,0.015686275,18.451765,3.0931373
79,0.03137255,19.060785,3.4990196
79,0.047058824,19.701178,3.9394119
79,0.0627451,20.416079,4.447059
79,0.078431375,21.178236,5.001961
79,0.09411765,21.975883,5.5923533
79,0.10980392,22.783922,6.2127457
79,0.1254902,23.630198,6.853138
79,0.14117648,24.486471,7.5411773
79,0.15686275,25.322746,8.230197
79,0.17254902,26.124119,8.929216
79,0.1882353,26.921766,9.648236
79,0.20392157,27.687256,10.337256
79,0.21960784,28.396276,10.975492
79,0.23529412,29.075884,11.556472
79,0.2509804,29.736275,12.098236
79,0.26666668,30.403334,12.63
79,0.28235295,31.067059,13.146471
79,0.29803923,31.727451,13.629608
79,0.3137255,32.430393,14.105294
79,0.32941177,33.190586,14.587059
79,0.34509805,34.008038,15.068823
79,0.36078432,34.882744,15.542156
79,0.3764706,35.837646,16.042353
79,0.39215687,36.878235,16.554117
79,0.40784314,37.981766,17.065882
79,0.42352942,39.128235,17.567646
79,0.4392157,40.31039,18.059412
79,0.45490196,41.532745,18.571177
79,0.47058824,42.792355,19.121765
79,0.4862745,44.091766,19.739609
79,0.5019608,45.421177,20.448627
79,0.5176471,46.72059,21.25706
79,0.53333336,47.986668,22.176668
79,0.54901963,49.20745,23.23549
79,0.5647059,50.34706,24.428825
79,0.5803922,51.362156,25.748236
79,0.59607846,52.22059,27.183334
79,0.6117647,52.895294,28.71647
79,0.627451,53.345295,30.346863
79,0.6431373,53.53,32.040783
79,0.65882355,53.44294,33.74706
79,0.6745098,53.10412,35.428627
79,0.6901961,52.53314,37.04333
79,0.7058824,51.767647,38.55176
79,0.72156864,50.83451,39.94294
79,0.7372549,49.73863,41.262352
79,0.7529412,48.508236,42.517647
79,0.76862746,47.17608,43.725685
79,0.78431374,45.75804,44.909214
79,0.8,44.280003,46.12
79,0.8156863,42.744705,47.37941
79,0.83137256,41.179413,48.688824
79,0.84705883,39.64,50.048233
79,0.8627451,38.147842,51.442158
79,0.8784314,36.699802,52.893333
79,0.89411765,35.301765,54.43
79,0.9098039,33.934116,56.037453
79,0.9254902,32.613724,57.74039
79,0.9411765,31.32294,59.530586
79,0.95686275,30.062159,61.42804
79,0.972549,28.826275,63.44274
79,0.9882353,27.614119,65.53117
80,0.0,98.51,51.16
80,0.015686275,97.083336,50.546665
80,0.03137255,95.683334,49.943333
80,0.047058824,94.39,49.36
80,0.0627451,93.21333,48.82
80,0.078431375,92.37666,48.456665
80,0.09411765,91.9,48.25
80,0.10980392,91.57667,48.116665
80,0.1254902,91.39333,48.013332
80,0.14117648,91.26,47.94
80,0.15686275,91.12666,47.88
80,0.17254902,91.02,47.843334
80,0.1882353,90.92,47.81
80,0.20392157,90.80333,47.76
80,0.21960784,90.55666,47.65333
80,0.23529412,90.19,47.48
80,0.2509804,89.58,47.203335
80,0.26666668,88.69334,46.79
80,0.28235295,87.68,46.32
80,0.29803923,86.60333,45.816666
80,0.3137255,85.44,45.283333
80,0.32941177,84.2,44.71
80,0.34509805,82.92667,44.116665
80,0.36078432,81.64,43.553333
80,0.3764706,80.32,43.0
80,0.39215687,78.91333,42.426666
80,0.40784314,77.409996,41.843334
80,0.42352942,75.77,41.25
80,0.4392157,73.909996,40.663334
80,0.45490196,71.94,40.103333
80,0.47058824,70.03,39.65
80,0.4862745,68.1,39.273335
80,0.5019608,66.003334,38.983334
80,0.5176471,63.8,38.84
80,0.53333336,61.553333,38.943333
80,0.54901963,59.236664,39.353333
80,0.5647059,56.84,40.12
80,0.5803922,54.36,41.253334
80,0.59607846,51.98,42.5
80,0.6117647,49.64,43.64
80,0.627451,47.23,44.600002
80,0.6431373,44.703335,45.316666
80,0.65882355,42.109997,45.68
80,0.6745098,39.503334,45.593334
80,0.6901961,37.019997,45.01
80,0.7058824,34.719997,43.89
80,0.72156864,32.663334,42.17
80,0.7372549,30.98,39.989998
80,0.7529412,29.67,37.36
80,0.76862746,28.73,34.496662
80,0.78431374,28.073334,31.593332
80,0.8,27.56,28.649996
80,0.8156863,27.046667,25.779999
80,0.83137256,26.406666,22.999998
80,0.84705883,25.57,20.399998
80,0.8627451,24.48,18.116665
80,0.8784314,23.156666,16.069998
80,0.89411765,21.57,14.17
80,0.9098039,19.78333,12.436665
80,0.9254902,17.803333,10.846666
80,0.9411765,15.659997,9.329998
80,0.95686275,13.286666,7.769999
80,0.972549,10.716664,6.0833316
80,0.9882353,8.039998,4.2899985
81,0.0,19.27,3.11
81,0.015686275,20.206274,3.7701952
81,0.03137255,21.134508,4.4403906
81,0.047058824,22.058823,5.103529
81,0.0627451,22.969019,5.770784
81,0.078431375,23.856274,6.440979
81,0.09411765,24.71941,7.1111755
81,0.10980392,25.567646,7.7813725
81,0.1254902,26.393724,8.459411
81,0.14117648,27.20294,9.141764
81,0.15686275,27.992157,9.831961
81,0.17254902,28.761372,10.522157
81,0.1882353,29.530586,11.222351
81,0.20392157,30.289804,11.9325485
81,0.21960784,31.042746,12.652745
81,0.23529412,31.798235,13.368234
81,0.2509804,32.57745,14.073136
81,0.26666668,33.4,14.773334
81,0.28235295,34.280586,15.453528
81,0.29803923,35.219215,16.112352
81,0.3137255,36.195885,16.733137
81,0.32941177,37.221176,17.314705
81,0.34509805,38.25647,17.839018
81,0.36078432,39.309216,18.332157
81,0.3764706,40.38353,18.795294
81,0.39215687,41.47784,19.26843
81,0.40784314,42.612156,19.766079
81,0.42352942,43.760002,20.308235
81,0.4392157,44.943333,20.90294
81,0.45490196,46.136665,21.535685
81,0.47058824,47.32,22.185883
81,0.4862745,48.513332,22.846079
81,0.5019608,49.725292,23.526274
81,0.5176471,50.95765,24.22647
81,0.53333336,52.20667,24.936666
81,0.54901963,53.488037,25.666862
81,0.5647059,54.789413,26.407059
81,0.5803922,56.12451,27.137257
81,0.59607846,57.494904,27.84745
81,0.6117647,58.90706,28.525883
81,0.627451,60.37726,29.14706
81,0.6431373,61.88569,29.738235
81,0.65882355,63.434116,30.300589
81,0.6745098,65.01039,30.862745
81,0.6901961,66.59785,31.444902
81,0.7058824,68.211174,32.05294
81,0.72156864,69.83275,32.68902
81,0.7372549,71.47412,33.35922
81,0.7529412,73.13059,34.05941
81,0.76862746,74.81902,34.801567
81,0.78431374,76.54451,35.571766
81,0.8,78.270004,36.36
81,0.8156863,79.99549,37.168236
81,0.83137256,81.71098,37.966473
81,0.84705883,83.41647,38.767647
81,0.8627451,85.11196,39.57294
81,0.8784314,86.79236,40.366077
81,0.89411765,88.458824,41.155296
81,0.9098039,90.115295,41.93451
81,0.9254902,91.77177,42.703724
81,0.9411765,93.418236,43.462944
81,0.95686275,95.08471,44.221962
81,0.972549,96.751175,44.96216
81,0.9882353,98.41765,45.70059
82,0.0,98.88,51.27
82,0.015686275,98.42863,51.042156
82,0.03137255,98.002945,50.824314
82,0.047058824,97.65941,50.65647
82,0.0627451,97.38725,50.548626
82,0.078431375,97.13157,50.450783
82,0.09411765,96.90588,50.37
82,0.10980392,96.6802,50.28
82,0.1254902,96.48725,50.18
82,0.14117648,96.24824,50.05941
82,0.15686275,95.81628,49.863136
82,0.17254902,95.208626,49.607452
82,0.1882353,94.465294,49.267647
82,0.20392157,93.56628,48.832157
82,0.21960784,92.54176,48.340782
82,0.23529412,91.38353,47.811764
82,0.2509804,90.1151,47.232548
82,0.26666668,88.816666,46.623333
82,0.28235295,87.47706,45.974117
82,0.29803923,86.119804,45.34392
82,0.3137255,84.744514,44.725685
82,0.32941177,83.37294,44.13647
82,0.34509805,82.04196,43.579803
82,0.36078432,80.71608,43.03804
82,0.3764706,79.35941,42.468822
82,0.39215687,77.98314,41.909607
82,0.40784314,76.499016,41.344315
82,0.42352942,74.865295,40.781178
82,0.4392157,73.1951,40.251568
82,0.45490196,71.603134,39.787647
82,0.47058824,70.026474,39.364117
82,0.4862745,68.47235,39.01059
82,0.5019608,66.99824,38.72804
82,0.5176471,65.621765,38.501175
82,0.53333336,64.42,38.343334
82,0.54901963,63.170395,38.25549
82,0.5647059,61.659412,38.262352
82,0.5803922,59.967255,38.44039
82,0.59607846,58.031372,38.910194
82,0.6117647,55.9,39.707058
82,0.627451,53.736668,40.75353
82,0.6431373,51.480194,42.015686
82,0.65882355,49.101177,43.304115
82,0.6745098,46.614906,44.40804
82,0.6901961,43.95294,45.19039
82,0.7058824,41.155293,45.43
82,0.72156864,38.343533,45.03608
82,0.7372549,35.72608,44.033726
82,0.7529412,33.43647,42.469414
82,0.76862746,31.563921,40.446667
82,0.78431374,30.140589,38.099022
82,0.8,29.160002,35.530003
82,0.8156863,28.500784,32.73961
82,0.83137256,28.05294,29.80353
82,0.84705883,27.552353,26.795298
82,0.8627451,26.790394,23.737062
82,0.8784314,25.647842,20.658823
82,0.89411765,24.081177,17.70765
82,0.9098039,22.091766,14.917062
82,0.9254902,19.712357,12.357845
82,0.9411765,16.95647,10.03
82,0.95686275,13.909218,7.856668
82,0.972549,10.596867,5.753336
82,0.9882353,7.187062,3.6641195
83,0.0,18.07,2.78
83,0.015686275,19.609415,3.8815706
83,0.03137255,21.128824,4.993138
83,0.047058824,22.546473,6.0788245
83,0.0627451,23.844118,7.1384325
83,0.078431375,25.037844,8.168039
83,0.09411765,26.12765,9.115884
83,0.10980392,27.127254,9.979804
83,0.1254902,28.015491,10.739804
83,0.14117648,28.678236,11.330588
83,0.15686275,29.068823,11.708823
83,0.17254902,29.303137,11.953137
83,0.1882353,29.52706,12.177059
83,0.20392157,29.73098,12.36549
83,0.21960784,29.887451,12.497451
83,0.23529412,29.99,12.5794115
83,0.2509804,30.041372,12.611373
83,0.26666668,30.06,12.63
83,0.28235295,30.09,12.66
83,0.29803923,30.11,12.68
83,0.3137255,30.13,12.7
83,0.32941177,30.12,12.69
83,0.34509805,30.11,12.68
83,0.36078432,30.13,12.695098
83,0.3764706,30.224117,12.777059
83,0.39215687,30.398039,12.938039
83,0.40784314,30.632942,13.162942
83,0.42352942,30.898823,13.425882
83,0.4392157,31.189608,13.704706
83,0.45490196,31.597452,14.077452
83,0.47058824,32.201763,14.602941
83,0.4862745,33.01706,15.274707
83,0.5019608,33.980198,15.989216
83,0.5176471,35.061764,16.712942
83,0.53333336,36.260002,17.416668
83,0.54901963,37.542156,18.091764
83,0.5647059,38.84765,18.71353
83,0.5803922,40.183136,19.292746
83,0.59607846,41.583138,19.862549
83,0.6117647,43.04706,20.458824
83,0.627451,44.57647,21.08902
83,0.6431373,46.176277,21.793139
83,0.65882355,47.89,22.621176
83,0.6745098,49.683334,23.543137
83,0.6901961,51.45667,24.512745
83,0.7058824,53.149998,25.464117
83,0.72156864,54.803337,26.411766
83,0.7372549,56.516666,27.359411
83,0.7529412,58.314117,28.26706
83,0.76862746,60.19549,29.154707
83,0.78431374,62.190784,30.032352
83,0.8,64.310005,30.900002
83,0.8156863,66.54314,31.777647
83,0.83137256,68.8602,32.665295
83,0.84705883,71.24118,33.57294
83,0.8627451,73.71608,34.530586
83,0.8784314,76.31471,35.567844
83,0.89411765,79.02941,36.679413
83,0.9098039,81.844315,37.854706
83,0.9254902,84.68922,39.078236
83,0.9411765,87.59177,40.331764
83,0.95686275,90.54863,41.634903
83,0.972549,93.53549,42.97039
83,0.9882353,96.59941,44.359413
84,0.0,21.52,66.69
84,0.015686275,22.128822,65.352356
84,0.03137255,22.728039,64.01471
84,0.047058824,23.33647,62.67706
84,0.0627451,23.945293,61.329414
84,0.078431375,24.545097,59.981766
84,0.09411765,25.114117,58.66412
84,0.10980392,25.663136,57.366474
84,0.1254902,26.202156,56.108826
84,0.14117648,26.741177,54.89941
84,0.15686275,27.262156,53.72961
84,0.17254902,27.731373,52.63157
84,0.1882353,28.150589,51.57118
84,0.20392157,28.504902,50.610394
84,0.21960784,28.754509,49.933727
84,0.23529412,28.914118,49.538822
84,0.2509804,28.986862,49.353138
84,0.26666668,29.006666,49.32
84,0.28235295,29.01,49.31
84,0.29803923,29.01,49.3
84,0.3137255,29.01,49.3
84,0.32941177,28.99,49.258236
84,0.34509805,29.05,49.02294
84,0.36078432,29.19549,48.52255
84,0.3764706,29.375294,47.717648
84,0.39215687,29.515099,46.613922
84,0.40784314,29.59,45.181374
84,0.42352942,29.58,43.514706
84,0.4392157,29.47098,41.698826
84,0.45490196,29.295687,39.70804
84,0.47058824,29.125883,37.655884
84,0.4862745,29.03,35.56549
84,0.5019608,29.067451,33.42549
84,0.5176471,29.310589,31.292942
84,0.53333336,29.8,29.196669
84,0.54901963,30.541962,27.196667
84,0.5647059,31.50941,25.405884
84,0.5803922,32.690197,23.874315
84,0.59607846,34.105686,22.57196
84,0.6117647,35.745293,21.511177
84,0.627451,37.556667,20.739216
84,0.6431373,39.515293,20.264118
84,0.65882355,41.59353,20.12
84,0.6745098,43.711372,20.314705
84,0.6901961,45.84608,20.870981
84,0.7058824,47.951176,21.801764
84,0.72156864,49.936665,22.980783
84,0.7372549,51.834118,24.259413
84,0.7529412,53.770588,25.607645
84,0.76862746,55.83784,26.914314
84,0.78431374,58.094315,28.061766
84,0.8,60.499996,29.06
84,0.8156863,63.095295,30.048235
84,0.83137256,65.869804,31.10608
84,0.84705883,68.75411,32.243526
84,0.8627451,71.649605,33.441372
84,0.8784314,74.63353,34.728237
84,0.89411765,77.677055,36.05588
84,0.9098039,80.770195,37.41353
84,0.9254902,83.90451,38.789608
84,0.9411765,87.07706,40.17706
84,0.95686275,90.29314,41.59451
84,0.972549,93.545296,43.02196
84,0.9882353,96.84705,44.42941
85,0.0,21.78,65.99
85,0.015686275,22.445686,64.51863
85,0.03137255,23.111372,63.047256
85,0.047058824,23.751764,61.651176
85,0.0627451,24.372353,60.2849
85,0.078431375,24.93745,59.029606
85,0.09411765,25.381765,58.045296
85,0.10980392,25.681372,57.345882
85,0.1254902,25.89157,56.857647
85,0.14117648,26.035883,56.538235
85,0.15686275,26.1,56.419018
85,0.17254902,26.13,56.38
85,0.1882353,26.17,56.31
85,0.20392157,26.19,56.27
85,0.21960784,26.231373,56.167255
85,0.23529412,26.316471,55.95059
85,0.2509804,26.433138,55.665295
85,0.26666668,26.65,55.15333
85,0.28235295,27.047058,54.22059
85,0.29803923,27.554314,53.007645
85,0.3137255,27.985882,51.92235
85,0.32941177,28.301176,51.06059
85,0.34509805,28.524313,50.349216
85,0.36078432,28.647255,49.972744
85,0.3764706,28.692352,49.862354
85,0.39215687,28.7,49.89
85,0.40784314,28.7,49.89
85,0.42352942,28.7,49.88
85,0.4392157,28.7,49.87
85,0.45490196,28.71,49.832157
85,0.47058824,28.782942,49.548237
85,0.4862745,28.936079,48.915684
85,0.5019608,29.156275,47.88235
85,0.5176471,29.406471,46.418232
85,0.53333336,29.58,44.626667
85,0.54901963,29.581568,42.514507
85,0.5647059,29.45647,40.075294
85,0.5803922,29.321373,37.51431
85,0.59607846,29.293726,34.903137
85,0.6117647,29.486471,32.220585
85,0.627451,30.02745,29.645882
85,0.6431373,30.960197,27.290585
85,0.65882355,32.287647,25.171764
85,0.6745098,33.94667,23.372547
85,0.6901961,35.86196,21.968235
85,0.7058824,37.98765,20.974705
85,0.72156864,40.323727,20.42647
85,0.7372549,42.75059,20.349607
85,0.7529412,45.198235,20.768236
85,0.76862746,47.625496,21.697845
85,0.78431374,49.882942,22.998629
85,0.8,52.110004,24.520002
85,0.8156863,54.39216,26.091373
85,0.83137256,56.77471,27.582748
85,0.84705883,59.458237,29.034119
85,0.8627451,62.612556,30.4251
85,0.8784314,66.11216,31.781372
85,0.89411765,69.831184,33.188236
85,0.9098039,73.78177,34.73098
85,0.9254902,77.95138,36.43334
85,0.9411765,82.12941,38.2
85,0.95686275,86.27922,39.99765
85,0.972549,90.41706,41.813335
85,0.9882353,94.47472,43.58
86,0.0,98.82,51.3
86,0.015686275,98.035095,50.938038
86,0.03137255,97.251175,50.58608
86,0.047058824,96.43882,50.21412
86,0.0627451,95.52843,49.800194
86,0.078431375,94.560585,49.36529
86,0.09411765,93.57471,48.915295
86,0.10980392,92.617256,48.477844
86,0.1254902,91.69686,48.04039
86,0.14117648,90.78588,47.60294
86,0.15686275,89.876076,47.16549
86,0.17254902,88.975685,46.72804
86,0.1882353,88.0853,46.31647
86,0.20392157,87.2049,45.90451
86,0.21960784,86.29451,45.495686
86,0.23529412,85.35412,45.070587
86,0.2509804,84.403725,44.650784
86,0.26666668,83.433334,44.233334
86,0.28235295,82.47294,43.825882
86,0.29803923,81.48255,43.428432
86,0.3137255,80.48235,43.040783
86,0.32941177,79.49647,42.658825
86,0.34509805,78.53059,42.296864
86,0.36078432,77.57098,41.9449
86,0.3764706,76.61059,41.60294
86,0.39215687,75.630196,41.26098
86,0.40784314,74.6398,40.931767
86,0.42352942,73.65941,40.625294
86,0.4392157,72.70902,40.345097
86,0.45490196,71.79863,40.10157
86,0.47058824,70.91294,39.88059
86,0.4862745,70.03804,39.68941
86,0.5019608,69.183136,39.50863
86,0.5176471,68.338234,39.357647
86,0.53333336,67.513336,39.22333
86,0.54901963,66.70843,39.105686
86,0.5647059,65.92117,39.002354
86,0.5803922,65.151764,38.916862
86,0.59607846,64.40235,38.841373
86,0.6117647,63.66294,38.78588
86,0.627451,62.973137,38.76
86,0.6431373,62.274117,38.775097
86,0.65882355,61.47353,38.840588
86,0.6745098,60.527058,38.972157
86,0.6901961,59.489605,39.174706
86,0.7058824,58.351177,39.458237
86,0.72156864,57.101765,39.845295
86,0.7372549,55.733334,40.348236
86,0.7529412,54.27,40.964706
86,0.76862746,52.757645,41.671177
86,0.78431374,51.174313,42.4651
86,0.8,49.519997,43.370003
86,0.8156863,47.790195,44.385883
86,0.83137256,46.019413,45.503723
86,0.84705883,44.18765,46.74706
86,0.8627451,42.326862,48.113335
86,0.8784314,40.44608,49.62157
86,0.89411765,38.568233,51.278824
86,0.9098039,36.73451,53.075493
86,0.9254902,34.947647,55.05412
86,0.9411765,33.251766,57.184704
86,0.95686275,31.596863,59.507256
86,0.972549,29.99294,61.991764
86,0.9882353,28.474117,64.53647
87,0.0,21.06,66.91
87,0.015686275,21.65451,65.53628
87,0.03137255,22.23902,64.25236
87,0.047058824,22.644117,63.342354
87,0.0627451,22.909216,62.71196
87,0.078431375,23.05451,62.37098
87,0.09411765,23.1,62.25
87,0.10980392,23.1,62.25
87,0.1254902,23.1,62.25
87,0.14117648,23.1,62.25
87,0.15686275,23.1,62.24
87,0.17254902,23.1,62.26
87,0.1882353,23.128824,62.211178
87,0.20392157,23.203726,62.038822
87,0.21960784,23.377254,61.666862
87,0.23529412,23.620588,61.105293
87,0.2509804,23.925293,60.38255
87,0.26666668,24.323334,59.443333
87,0.28235295,24.762941,58.407646
87,0.29803923,25.119411,57.578037
87,0.3137255,25.36608,57.03784
87,0.32941177,25.545883,56.671177
87,0.34509805,25.677843,56.40647
87,0.36078432,25.75,56.257256
87,0.3764706,25.76,56.21
87,0.39215687,25.78,56.12745
87,0.40784314,25.83,55.9651
87,0.42352942,25.922354,55.742943
87,0.4392157,26.07451,55.393726
87,0.45490196,26.33647,54.822746
87,0.47058824,26.715294,54.00647
87,0.4862745,27.105883,53.144314
87,0.5019608,27.41059,52.43196
87,0.5176471,27.64353,51.819412
87,0.53333336,27.843332,51.28
87,0.54901963,28.011568,50.812157
87,0.5647059,28.12647,50.49059
87,0.5803922,28.231373,50.20451
87,0.59607846,28.37255,49.762352
87,0.6117647,28.562353,49.121765
87,0.627451,28.746078,48.325294
87,0.6431373,28.91196,47.297256
87,0.65882355,29.035883,46.001762
87,0.6745098,29.1,44.466663
87,0.6901961,29.094315,42.817646
87,0.7058824,29.019411,41.058823
87,0.72156864,28.89451,39.174706
87,0.7372549,28.719215,37.181374
87,0.7529412,28.529411,35.103527
87,0.76862746,28.309412,32.945488
87,0.78431374,28.034706,30.707645
87,0.8,27.69,28.399998
87,0.8156863,27.230589,25.99745
87,0.83137256,26.621372,23.564903
87,0.84705883,25.827646,21.207058
87,0.8627451,24.834703,18.989016
87,0.8784314,23.626862,16.865292
87,0.89411765,22.179998,14.822351
87,0.9098039,20.522352,12.893724
87,0.9254902,18.646471,11.074903
87,0.9411765,16.511175,9.3058815
87,0.95686275,14.066466,7.567644
87,0.972549,11.38627,5.849409
87,0.9882353,8.5252905,4.1411743
88,0.0,98.44,51.51
88,0.015686275,97.13353,50.863136
88,0.03137255,95.82706,50.22353
88,0.047058824,94.55059,49.605293
88,0.0627451,93.28961,49.00255
88,0.078431375,92.03451,48.415688
88,0.09411765,90.74941,47.818825
88,0.10980392,89.46471,47.232353
88,0.1254902,88.16922,46.655098
88,0.14117648,86.85177,46.078236
88,0.15686275,85.511566,45.497646
88,0.17254902,84.12882,44.90451
88,0.1882353,82.689415,44.291176
88,0.20392157,81.25804,43.690784
88,0.21960784,79.92863,43.133923
88,0.23529412,78.67353,42.627647
88,0.2509804,77.46843,42.16216
88,0.26666668,76.29667,41.726665
88,0.28235295,75.17294,41.325882
88,0.29803923,74.13529,40.965687
88,0.3137255,73.18039,40.647648
88,0.32941177,72.27941,40.352352
88,0.34509805,71.36843,40.05961
88,0.36078432,70.49902,39.796864
88,0.3764706,69.58647,39.55412
88,0.39215687,68.54686,39.33137
88,0.40784314,67.41314,39.11863
88,0.42352942,66.259415,38.94294
88,0.4392157,65.10568,38.79157
88,0.45490196,63.922157,38.690197
88,0.47058824,62.687057,38.63
88,0.4862745,61.42941,38.662548
88,0.5019608,60.08902,38.841766
88,0.5176471,58.64118,39.241177
88,0.53333336,57.116665,39.886665
88,0.54901963,55.54941,40.752354
88,0.5647059,53.859413,41.824116
88,0.5803922,52.046665,42.997845
88,0.59607846,50.15333,44.079414
88,0.6117647,48.14294,45.008236
88,0.627451,46.011963,45.714508
88,0.6431373,43.768234,46.118824
88,0.65882355,41.47706,46.182354
88,0.6745098,39.21961,45.89392
88,0.6901961,37.11294,45.26686
88,0.7058824,35.109997,44.250587
88,0.72156864,33.292942,42.866077
88,0.7372549,31.785883,41.157845
88,0.7529412,30.597057,39.178234
88,0.76862746,29.73647,36.947643
88,0.78431374,29.18549,34.570198
88,0.8,28.77,32.1
88,0.8156863,28.36451,29.568428
88,0.83137256,27.853529,26.964117
88,0.84705883,27.127058,24.301176
88,0.8627451,26.125097,21.643723
88,0.8784314,24.840782,19.092154
88,0.89411765,23.248236,16.608824
88,0.9098039,21.34745,14.238234
88,0.9254902,19.108427,12.001369
88,0.9411765,16.498823,9.875294
88,0.95686275,13.59941,7.8429403
88,0.972549,10.592349,5.898233
88,0.9882353,7.5452905,3.969998
89,0.0,98.9,51.7
89,0.015686275,97.54823,51.139412
89,0.03137255,96.19647,50.56353
89,0.047058824,94.814705,49.942352
89,0.0627451,93.382355,49.27647
89,0.078431375,91.931175,48.60059
89,0.09411765,90.46941,47.924706
89,0.10980392,88.99765,47.258823
89,0.1254902,87.515884,46.60412
89,0.14117648,86.0253,45.975883
89,0.15686275,84.53588,45.331177
89,0.17254902,83.05647,44.665295
89,0.1882353,81.568825,43.999413
89,0.20392157,80.11706,43.37294
89,0.21960784,78.685295,42.791763
89,0.23529412,77.29823,42.261177
89,0.2509804,75.99412,41.792942
89,0.26666668,74.770004,41.38
89,0.28235295,73.62118,41.014706
89,0.29803923,72.54235,40.704117
89,0.3137255,71.48353,40.424118
89,0.32941177,70.33412,40.148823
89,0.34509805,69.14765,39.88353
89,0.36078432,67.92529,39.628235
89,0.3764706,66.67117,39.39294
89,0.39215687,65.36706,39.178825
89,0.40784314,64.02294,39.011177
89,0.42352942,62.632355,38.92
89,0.4392157,61.166473,38.974117
89,0.45490196,59.635296,39.225292
89,0.47058824,58.07765,39.647648
89,0.4862745,56.518238,40.20529
89,0.5019608,54.948826,40.868233
89,0.5176471,53.421764,41.594116
89,0.53333336,51.940002,42.36
89,0.54901963,50.488235,43.14588
89,0.5647059,49.021175,43.96706
89,0.5803922,47.511765,44.777645
89,0.59607846,45.921177,45.51353
89,0.6117647,44.16647,46.14118
89,0.627451,42.305885,46.557648
89,0.6431373,40.477062,46.69
89,0.65882355,38.732357,46.537647
89,0.6745098,37.046474,46.13471
89,0.6901961,35.542355,45.54765
89,0.7058824,34.16059,44.73706
89,0.72156864,32.768826,43.558826
89,0.7372549,31.396471,41.958824
89,0.7529412,30.169413,40.02294
89,0.76862746,29.182354,37.83059
89,0.78431374,28.448235,35.398235
89,0.8,27.94,32.76
89,0.8156863,27.547058,29.888824
89,0.83137256,27.118824,26.89765
89,0.84705883,26.479412,23.969416
89,0.8627451,25.51412,21.166475
89,0.8784314,24.231178,18.537064
89,0.89411765,22.651768,16.082355
89,0.9098039,20.800003,13.806473
89,0.9254902,18.666473,11.700002
89,0.9411765,16.304708,9.778825
89,0.95686275,13.691178,7.9164715
89,0.972549,10.762942,5.994118
89,0.9882353,7.6223536,4.0000005
90,0.0,20.99,66.79
90,0.015686275,21.238039,66.21843
90,0.03137255,21.487059,65.64784
90,0.047058824,21.730589,65.09177
90,0.0627451,21.974117,64.543724
90,0.078431375,22.220196,63.992157
90,0.09411765,22.471176,63.44059
90,0.10980392,22.704706,62.930588
90,0.1254902,22.912157,62.499607
90,0.14117648,23.081177,62.157646
90,0.15686275,23.210196,61.884705
90,0.17254902,23.319609,61.651176
90,0.1882353,23.424118,61.43765
90,0.20392157,23.488628,61.26137
90,0.21960784,23.523138,61.136864
90,0.23529412,23.57,60.99706
90,0.2509804,23.674314,60.759216
90,0.26666668,23.85,60.37
90,0.28235295,24.08353,59.891766
90,0.29803923,24.332745,59.360195
90,0.3137255,24.57059,58.84863
90,0.32941177,24.794117,58.347057
90,0.34509805,25.027647,57.82549
90,0.36078432,25.251177,57.317646
90,0.3764706,25.44647,56.870586
90,0.39215687,25.602745,56.541763
90,0.40784314,25.71451,56.308235
90,0.42352942,25.821764,56.094707
90,0.4392157,25.952549,55.8249
90,0.45490196,26.111568,55.486862
90,0.47058824,26.270588,55.123528
90,0.4862745,26.469412,54.681374
90,0.5019608,26.717255,54.101177
90,0.5176471,27.044117,53.32412
90,0.53333336,27.426666,52.393333
90,0.54901963,27.819216,51.352356
90,0.5647059,28.191765,50.277058
90,0.5803922,28.50745,49.203922
90,0.59607846,28.774118,48.08804
90,0.6117647,28.991764,46.905884
90,0.627451,29.160784,45.65294
90,0.6431373,29.274902,44.331764
90,0.65882355,29.33,42.961174
90,0.6745098,29.34,41.51157
90,0.6901961,29.31157,39.944508
90,0.7058824,29.247059,38.22647
90,0.72156864,29.135098,36.366276
90,0.7372549,28.974117,34.40902
90,0.7529412,28.74059,32.395294
90,0.76862746,28.426079,30.33157
90,0.78431374,28.01706,28.180786
90,0.8,27.49,26.010002
90,0.8156863,26.804903,23.779219
90,0.83137256,25.971766,21.627453
90,0.84705883,24.99059,19.604708
90,0.8627451,23.843334,17.640982
90,0.8784314,22.499022,15.726277
90,0.89411765,20.954706,13.87353
90,0.9098039,19.220789,12.083925
90,0.9254902,17.305883,10.360197
90,0.9411765,15.222946,8.686475
90,0.95686275,12.936864,7.017844
90,0.972549,10.46334,5.339024
90,0.9882353,7.8958836,3.6794126
91,0.0,98.28,50.4
91,0.015686275,96.7647,49.67235
91,0.03137255,95.24941,48.951176
91,0.047058824,93.72411,48.231766
91,0.0627451,92.208824,47.52235
91,0.078431375,90.71353,46.831764
91,0.09411765,89.26765,46.16353
91,0.10980392,87.84058,45.504116
91,0.1254902,86.433525,44.854706
91,0.14117648,85.01647,44.215294
91,0.15686275,83.60941,43.575882
91,0.17254902,82.23235,42.96706
91,0.1882353,80.874115,42.39588
91,0.20392157,79.53529,41.844707
91,0.21960784,78.21647,41.34353
91,0.23529412,76.937645,40.885883
91,0.2509804,75.678825,40.48294
91,0.26666668,74.399994,40.1
91,0.28235295,73.111176,39.74706
91,0.29803923,71.83235,39.430588
91,0.3137255,70.61823,39.135883
91,0.32941177,69.437645,38.87412
91,0.34509805,68.23706,38.637646
91,0.36078432,67.00647,38.441177
91,0.3764706,65.768234,38.33
91,0.39215687,64.433525,38.3
91,0.40784314,62.962353,38.384117
91,0.42352942,61.394703,38.617058
91,0.4392157,59.761177,39.042942
91,0.45490196,58.039997,39.671764
91,0.47058824,56.229996,40.466473
91,0.4862745,54.54059,41.26706
91,0.5019608,52.88706,42.06471
91,0.5176471,51.26353,42.812355
91,0.53333336,49.699997,43.48
91,0.54901963,48.1747,44.051178
91,0.5647059,46.659412,44.545883
91,0.5803922,45.144115,44.94412
91,0.59607846,43.648823,45.225883
91,0.6117647,42.174706,45.37
91,0.627451,40.73823,45.35
91,0.6431373,39.340588,45.174706
91,0.65882355,37.93353,44.85647
91,0.6745098,36.644707,44.40353
91,0.6901961,35.491764,43.845882
91,0.7058824,34.23294,43.065292
91,0.72156864,33.03294,42.111763
91,0.7372549,31.90941,40.905293
91,0.7529412,30.907646,39.430588
91,0.76862746,30.055294,37.71
91,0.78431374,29.349411,35.7047
91,0.8,28.77,33.41
91,0.8156863,28.248823,30.89235
91,0.83137256,27.721176,28.298231
91,0.84705883,27.087059,25.587646
91,0.8627451,26.220587,22.773525
91,0.8784314,25.045881,19.990587
91,0.89411765,23.538822,17.284702
91,0.9098039,21.70235,14.694114
91,0.9254902,19.592352,12.286469
91,0.9411765,17.22529,10.061762
91,0.95686275,14.641175,7.995293
91,0.972549,11.864703,6.02941
91,0.9882353,8.96176,4.119997
92,0.0,98.71,51.15
92,0.015686275,97.191765,50.506474
92,0.03137255,95.674706,49.86294
92,0.047058824,94.20706,49.229412
92,0.0627451,92.801765,48.615883
92,0.078431375,91.454704,48.025295
92,0.09411765,90.19118,47.472355
92,0.10980392,88.97883,46.95941
92,0.1254902,87.79824,46.471176
92,0.14117648,86.63177,46.008823
92,0.15686275,85.475296,45.54647
92,0.17254902,84.325294,45.067646
92,0.1882353,83.189415,44.581764
92,0.20392157,82.05353,44.089413
92,0.21960784,80.84941,43.578823
92,0.23529412,79.57412,43.074707
92,0.2509804,78.27706,42.562943
92,0.26666668,76.990005,42.08
92,0.28235295,75.69353,41.59706
92,0.29803923,74.41706,41.135296
92,0.3137255,73.17059,40.70471
92,0.32941177,71.93176,40.31059
92,0.34509805,70.634705,39.921177
92,0.36078432,69.297646,39.559414
92,0.3764706,67.87235,39.227646
92,0.39215687,66.259415,38.92059
92,0.40784314,64.5,38.699413
92,0.42352942,62.670002,38.66
92,0.4392157,60.82,38.86941
92,0.45490196,58.97706,39.325294
92,0.47058824,57.21765,39.955883
92,0.4862745,55.486473,40.73588
92,0.5019608,53.75765,41.620586
92,0.5176471,52.138237,42.495293
92,0.53333336,50.59,43.3
92,0.54901963,49.001175,44.05412
92,0.5647059,47.281178,44.72706
92,0.5803922,45.480003,45.277058
92,0.59607846,43.61,45.64706
92,0.6117647,41.680004,45.83
92,0.627451,39.736473,45.78294
92,0.6431373,37.84,45.497646
92,0.65882355,36.01471,44.971764
92,0.6745098,34.315884,44.222942
92,0.6901961,32.79941,43.271175
92,0.7058824,31.495295,42.128826
92,0.72156864,30.366472,40.758236
92,0.7372549,29.418823,39.145294
92,0.7529412,28.690588,37.368237
92,0.76862746,28.164707,35.42118
92,0.78431374,27.811766,33.32118
92,0.8,27.55,31.1
92,0.8156863,27.298824,28.777063
92,0.83137256,26.965294,26.35412
92,0.84705883,26.439411,23.901176
92,0.8627451,25.648825,21.458239
92,0.8784314,24.544708,19.055298
92,0.89411765,23.140589,16.735884
92,0.9098039,21.454119,14.547649
92,0.9254902,19.500591,12.4552965
92,0.9411765,17.25353,10.414707
92,0.95686275,14.754707,8.434119
92,0.972549,12.011769,6.5100026
92,0.9882353,8.968238,4.592942
93,0.0,17.96,2.56
93,0.015686275,18.741177,3.1029413
93,0.03137255,19.695293,3.7423532
93,0.047058824,20.867647,4.5682354
93,0.0627451,22.11353,5.4776473
93,0.078431375,23.289412,6.3570595
93,0.09411765,24.405884,7.216471
93,0.10980392,25.395884,8.035883
93,0.1254902,26.239412,8.73353
93,0.14117648,26.88647,9.232353
93,0.15686275,27.344706,9.584706
93,0.17254902,27.55,9.780588
93,0.1882353,27.59,9.85
93,0.20392157,27.59,9.822941
93,0.21960784,27.6,9.82
93,0.23529412,27.6,9.82
93,0.2509804,27.6,9.82
93,0.26666668,27.6,9.82
93,0.28235295,27.6,9.82
93,0.29803923,27.6,9.82
93,0.3137255,27.6,9.82
93,0.32941177,27.612942,9.84
93,0.34509805,27.62,9.84
93,0.36078432,27.61,9.83
93,0.3764706,27.6,9.822352
93,0.39215687,27.605883,9.835882
93,0.40784314,27.714117,9.944118
93,0.42352942,28.044706,10.227059
93,0.4392157,28.521765,10.641766
93,0.45490196,28.917648,10.977648
93,0.47058824,29.321177,11.321177
93,0.4862745,29.931177,11.851177
93,0.5019608,30.784706,12.541177
93,0.5176471,32.11765,13.512353
93,0.53333336,33.87,14.68
93,0.54901963,35.795296,15.855883
93,0.5647059,37.89706,17.071766
93,0.5803922,40.110588,18.322353
93,0.59607846,42.42706,19.61353
93,0.6117647,44.728825,20.839413
93,0.627451,46.961765,21.985884
93,0.6431373,48.87412,22.985884
93,0.65882355,50.418823,23.829412
93,0.6745098,51.742943,24.55647
93,0.6901961,52.876472,25.17706
93,0.7058824,53.823532,25.671764
93,0.72156864,54.564117,26.057648
93,0.7372549,55.14118,26.374119
93,0.7529412,55.565884,26.620588
93,0.76862746,56.114117,26.907059
93,0.78431374,56.770588,27.215294
93,0.8,57.9,27.74
93,0.8156863,59.55706,28.509413
93,0.83137256,61.65353,29.435295
93,0.84705883,64.21471,30.49294
93,0.8627451,66.90294,31.527647
93,0.8784314,69.672356,32.54941
93,0.89411765,72.67765,33.72471
93,0.9098039,75.85824,35.058826
93,0.9254902,79.225296,36.518826
93,0.9411765,82.792946,38.075294
93,0.95686275,86.623535,39.78824
93,0.972549,90.76707,41.65765
93,0.9882353,95.03589,43.594707
94,0.0,98.65,51.53
94,0.015686275,97.59334,51.093334
94,0.03137255,96.54667,50.643333
94,0.047058824,95.47,50.170002
94,0.0627451,94.39333,49.693333
94,0.078431375,93.32333,49.203335
94,0.09411765,92.26,48.72
94,0.10980392,91.166664,48.236668
94,0.1254902,90.07667,47.746666
94,0.14117648,88.99,47.25
94,0.15686275,87.91334,46.743336
94,0.17254902,86.85,46.243332
94,0.1882353,85.840004,45.78
94,0.20392157,84.87,45.336666
94,0.21960784,83.78333,44.843334
94,0.23529412,82.56,44.27
94,0.2509804,81.21667,43.63
94,0.26666668,79.653336,42.896667
94,0.28235295,77.77,42.04
94,0.29803923,75.71667,41.146667
94,0.3137255,73.77,40.376667
94,0.32941177,71.880005,39.73
94,0.34509805,69.96,39.193333
94,0.36078432,67.93667,38.78
94,0.3764706,65.87,38.53
94,0.39215687,63.766666,38.476665
94,0.40784314,61.58,38.65
94,0.42352942,59.379997,39.08
94,0.4392157,57.263336,39.743332
94,0.45490196,55.31333,40.61
94,0.47058824,53.530003,41.61
94,0.4862745,51.843334,42.62
94,0.5019608,50.2,43.576668
94,0.5176471,48.56,44.42
94,0.53333336,46.899998,45.123333
94,0.54901963,45.196667,45.656666
94,0.5647059,43.489998,46.0
94,0.5803922,41.81,46.14
94,0.59607846,40.19,46.073334
94,0.6117647,38.64,45.81
94,0.627451,37.219997,45.393333
94,0.6431373,35.93,44.83
94,0.65882355,34.61,44.06
94,0.6745098,33.32,43.11333
94,0.6901961,32.103333,41.97333
94,0.7058824,30.999998,40.64
94,0.72156864,30.046667,39.09
94,0.7372549,29.269999,37.34333
94,0.7529412,28.7,35.38
94,0.76862746,28.34,33.25
94,0.78431374,28.083334,31.01
94,0.8,27.8,28.689999
94,0.8156863,27.386665,26.286665
94,0.83137256,26.766666,23.843332
94,0.84705883,25.889997,21.419996
94,0.8627451,24.723333,19.09
94,0.8784314,23.269999,16.84333
94,0.89411765,21.56,14.71
94,0.9098039,19.583332,12.663331
94,0.9254902,17.386665,10.73
94,0.9411765,14.999998,8.929998
94,0.95686275,12.479997,7.229998
94,0.972549,9.899999,5.5866656
94,0.9882353,7.2299953,3.9199967
95,0.0,18.78,2.95
95,0.015686275,19.49843,3.4270585
95,0.03137255,20.18549,3.8841176
95,0.047058824,20.738235,4.241176
95,0.0627451,21.178236,4.5254903
95,0.078431375,21.488432,4.738431
95,0.09411765,21.674118,4.87
95,0.10980392,21.759804,4.93
95,0.1254902,21.77,4.94
95,0.14117648,21.79,4.95
95,0.15686275,21.81,4.95
95,0.17254902,21.83,4.95
95,0.1882353,21.81,4.96
95,0.20392157,21.79,4.97
95,0.21960784,21.79,4.97
95,0.23529412,21.79,4.97
95,0.2509804,21.79,4.97
95,0.26666668,21.79,4.97
95,0.28235295,21.777647,4.96
95,0.29803923,21.8,4.98
95,0.3137255,22.051176,5.1574507
95,0.32941177,22.627058,5.577647
95,0.34509805,23.325489,6.0703917
95,0.36078432,23.983921,6.5231376
95,0.3764706,24.625881,6.9794116
95,0.39215687,25.13647,7.366471
95,0.40784314,25.55353,7.705686
95,0.42352942,26.084118,8.134118
95,0.4392157,26.716078,8.646862
95,0.45490196,27.534313,9.339412
95,0.47058824,28.524704,10.234705
95,0.4862745,29.736471,11.352745
95,0.5019608,31.253529,12.721567
95,0.5176471,33.01706,14.18647
95,0.53333336,35.0,15.6033325
95,0.54901963,37.13431,16.921177
95,0.5647059,39.160587,18.027647
95,0.5803922,41.14549,19.022745
95,0.59607846,42.96902,19.912548
95,0.6117647,44.641174,20.730587
95,0.627451,46.15451,21.497255
95,0.6431373,47.418236,22.155685
95,0.65882355,48.481766,22.715294
95,0.6745098,49.302547,23.14353
95,0.6901961,49.950783,23.480589
95,0.7058824,50.447647,23.755882
95,0.72156864,50.876274,23.993137
95,0.7372549,51.52353,24.341764
95,0.7529412,52.33059,24.771765
95,0.76862746,53.5149,25.451763
95,0.78431374,55.14608,26.40451
95,0.8,57.0,27.449999
95,0.8156863,58.975296,28.449804
95,0.83137256,61.24608,29.45098
95,0.84705883,63.948235,30.496471
95,0.8627451,66.93039,31.58196
95,0.8784314,69.98549,32.71588
95,0.89411765,73.16882,33.94706
95,0.9098039,76.5649,35.30804
95,0.9254902,80.17373,36.790394
95,0.9411765,83.90294,38.334118
95,0.95686275,87.77902,39.962353
95,0.972549,91.72392,41.633137
95,0.9882353,95.70706,43.34706
96,0.0,98.79,50.79
96,0.015686275,97.67568,50.33804
96,0.03137255,96.57137,49.87608
96,0.047058824,95.46706,49.39412
96,0.0627451,94.34274,48.892155
96,0.078431375,93.22647,48.380196
96,0.09411765,92.11412,47.888237
96,0.10980392,91.0398,47.416275
96,0.1254902,89.97549,46.95745
96,0.14117648,88.891174,46.49235
96,0.15686275,87.80686,46.01039
96,0.17254902,86.69255,45.518433
96,0.1882353,85.51353,45.001766
96,0.20392157,84.25372,44.44941
96,0.21960784,82.92863,43.88255
96,0.23529412,81.51765,43.294704
96,0.2509804,79.99588,42.692352
96,0.26666668,78.39333,42.09667
96,0.28235295,76.75706,41.544704
96,0.29803923,75.11079,41.042744
96,0.3137255,73.416664,40.580784
96,0.32941177,71.7,40.15706
96,0.34509805,69.954704,39.76412
96,0.36078432,68.17765,39.43294
96,0.3764706,66.31117,39.211178
96,0.39215687,64.36372,39.13
96,0.40784314,62.34608,39.200394
96,0.42352942,60.277645,39.471764
96,0.4392157,58.159412,39.935883
96,0.45490196,56.02118,40.589607
96,0.47058824,53.934704,41.37412
96,0.4862745,51.926865,42.21941
96,0.5019608,49.93157,43.090393
96,0.5176471,47.964115,43.89353
96,0.53333336,46.016666,44.57
96,0.54901963,44.079216,45.0749
96,0.5647059,42.191765,45.358234
96,0.5803922,40.373333,45.39549
96,0.59607846,38.65157,45.215294
96,0.6117647,37.06059,44.81353
96,0.627451,35.731766,44.275883
96,0.6431373,34.51706,43.56137
96,0.65882355,33.338825,42.625294
96,0.6745098,32.24451,41.50765
96,0.6901961,31.264706,40.21843
96,0.7058824,30.398823,38.755295
96,0.72156864,29.643726,37.105297
96,0.7372549,28.999413,35.328236
96,0.7529412,28.465883,33.462353
96,0.76862746,27.993923,31.51569
96,0.78431374,27.54196,29.497843
96,0.8,27.07,27.400002
96,0.8156863,26.527256,25.271376
96,0.83137256,25.823725,23.062744
96,0.84705883,24.948236,20.895296
96,0.8627451,23.851177,18.777061
96,0.8784314,22.55255,16.690784
96,0.89411765,21.042355,14.665296
96,0.9098039,19.36059,12.737845
96,0.9254902,17.467255,10.89353
96,0.9411765,15.348826,9.096473
96,0.95686275,12.981963,7.3133354
96,0.972549,10.457844,5.572354
96,0.9882353,7.822945,3.8600025
97,0.0,20.74,67.24
97,0.015686275,21.13647,66.37157
97,0.03137255,21.54294,65.482155
97,0.047058824,22.015882,64.441765
97,0.0627451,22.547842,63.270393
97,0.078431375,23.099804,62.055492
97,0.09411765,23.681765,60.79059
97,0.10980392,24.263725,59.515686
97,0.1254902,24.835686,58.246864
97,0.14117648,25.397646,56.995884
97,0.15686275,25.95451,55.785885
97,0.17254902,26.511568,54.596077
97,0.1882353,27.007647,53.48294
97,0.20392157,27.424118,52.46902
97,0.21960784,27.760588,51.561962
97,0.23529412,28.004705,50.838234
97,0.2509804,28.177843,50.27863
97,0.26666668,28.313334,49.85
97,0.28235295,28.408823,49.552353
97,0.29803923,28.48,49.33137
97,0.3137255,28.529804,49.150196
97,0.32941177,28.55,49.03
97,0.34509805,28.55,49.0
97,0.36078432,28.55,48.99
97,0.3764706,28.55,48.99
97,0.39215687,28.55,48.99
97,0.40784314,28.55,48.99
97,0.42352942,28.55,48.99
97,0.4392157,28.55,48.99
97,0.45490196,28.559216,48.98
97,0.47058824,28.604706,48.955296
97,0.4862745,28.64,48.869804
97,0.5019608,28.655685,48.708626
97,0.5176471,28.67,48.538822
97,0.53333336,28.67,48.52
97,0.54901963,28.66,48.52
97,0.5647059,28.67,48.52
97,0.5803922,28.67,48.51
97,0.59607846,28.67,48.5
97,0.6117647,28.67,48.51
97,0.627451,28.66,48.539608
97,0.6431373,28.66,48.56
97,0.65882355,28.67,48.48941
97,0.6745098,28.726078,48.241764
97,0.6901961,28.851568,47.629017
97,0.7058824,28.977058,46.63647
97,0.72156864,29.02,45.30941
97,0.7372549,28.951962,43.649414
97,0.7529412,28.816471,41.739998
97,0.76862746,28.65098,39.558624
97,0.78431374,28.46549,37.1598
97,0.8,28.289999,34.559998
97,0.8156863,28.07902,31.773726
97,0.83137256,27.77706,28.968431
97,0.84705883,27.307646,26.147644
97,0.8627451,26.556273,23.264898
97,0.8784314,25.465488,20.456076
97,0.89411765,24.021765,17.735292
97,0.9098039,22.165098,15.111373
97,0.9254902,19.92549,12.635489
97,0.9411765,17.312937,10.300585
97,0.95686275,14.357448,8.096664
97,0.972549,11.149409,5.9633317
97,0.9882353,7.6494107,3.784117
98,0.0,48.25,4.44
98,0.015686275,48.507057,4.9441156
98,0.03137255,48.76412,5.4682345
98,0.047058824,49.021175,6.000588
98,0.0627451,49.258236,6.516469
98,0.078431375,49.468235,7.0305877
98,0.09411765,49.62941,7.4982347
98,0.10980392,49.761765,7.9370575
98,0.1254902,49.855293,8.347647
98,0.14117648,49.924706,8.737646
98,0.15686275,49.96412,9.12294
98,0.17254902,49.99,9.508235
98,0.1882353,50.0,9.933528
98,0.20392157,49.997646,10.358823
98,0.21960784,49.98,10.774117
98,0.23529412,49.96,11.190587
98,0.2509804,49.93941,11.635293
98,0.26666668,49.9,12.12
98,0.28235295,49.860588,12.662939
98,0.29803923,49.82118,13.264705
98,0.3137255,49.781765,13.907059
98,0.32941177,49.77,14.597056
98,0.34509805,49.777058,15.34294
98,0.36078432,49.82647,16.15
98,0.3764706,49.927647,17.00588
98,0.39215687,50.081177,17.930588
98,0.40784314,50.308235,18.918821
98,0.42352942,50.60882,19.946468
98,0.4392157,50.998234,20.994118
98,0.45490196,51.46941,22.031761
98,0.47058824,52.018234,23.024704
98,0.4862745,52.654705,23.961765
98,0.5019608,53.378822,24.839996
98,0.5176471,54.19,25.66941
98,0.53333336,55.07,26.44
98,0.54901963,55.99882,27.151762
98,0.5647059,56.98647,27.814705
98,0.5803922,58.00294,28.400587
98,0.59607846,59.048233,28.936468
98,0.6117647,60.105293,29.413528
98,0.627451,61.20235,29.858234
98,0.6431373,62.34117,30.287058
98,0.65882355,63.54235,30.712353
98,0.6745098,64.80235,31.142351
98,0.6901961,66.11529,31.577057
98,0.7058824,67.475296,32.031765
98,0.72156864,68.87529,32.49941
98,0.7372549,70.310585,32.98353
98,0.7529412,71.78294,33.499413
98,0.76862746,73.29646,34.04294
98,0.78431374,74.83882,34.607056
98,0.8,76.42,35.21
98,0.8156863,78.04058,35.83235
98,0.83137256,79.689995,36.48353
98,0.84705883,81.369995,37.155293
98,0.8627451,83.08764,37.847057
98,0.8784314,84.84412,38.56588
98,0.89411765,86.63941,39.29706
98,0.9098039,88.45764,40.05823
98,0.9254902,90.30118,40.82941
98,0.9411765,92.14941,41.610588
98,0.95686275,93.986465,42.39588
98,0.972549,95.85764,43.2
98,0.9882353,97.774704,44.03
99,0.0,99.0,50.94
99,0.015686275,97.911766,50.517254
99,0.03137255,96.823524,50.07451
99,0.047058824,95.742355,49.614704
99,0.0627451,94.66706,49.126274
99,0.078431375,93.58726,48.627842
99,0.09411765,92.524704,48.12941
99,0.10980392,91.50215,47.670784
99,0.1254902,90.509605,47.24255
99,0.14117648,89.48706,46.80412
99,0.15686275,88.38765,46.325687
99,0.17254902,87.25686,45.817253
99,0.1882353,86.04294,45.270588
99,0.20392157,84.70509,44.67647
99,0.21960784,83.22627,44.032745
99,0.23529412,81.66,43.37294
99,0.2509804,80.05334,42.73314
99,0.26666668,78.38,42.103333
99,0.28235295,76.687645,41.49588
99,0.29803923,75.06137,40.949802
99,0.3137255,73.48039,40.431374
99,0.32941177,71.939415,39.962353
99,0.34509805,70.43353,39.529606
99,0.36078432,68.988235,39.147648
99,0.3764706,67.58294,38.83059
99,0.39215687,66.13765,38.575687
99,0.40784314,64.64451,38.404312
99,0.42352942,63.13353,38.36353
99,0.4392157,61.514114,38.498432
99,0.45490196,59.74686,38.85451
99,0.47058824,57.878235,39.44412
99,0.4862745,55.99451,40.21647
99,0.5019608,54.184708,41.119606
99,0.5176471,52.394707,42.09647
99,0.53333336,50.566666,43.07
99,0.54901963,48.68961,43.932156
99,0.5647059,46.715885,44.638233
99,0.5803922,44.691376,45.141567
99,0.59607846,42.622353,45.39608
99,0.6117647,40.571175,45.37647
99,0.627451,38.56098,45.052746
99,0.6431373,36.81353,44.4849
99,0.65882355,35.160004,43.61294
99,0.6745098,33.577843,42.431374
99,0.6901961,32.19745,41.006863
99,0.7058824,31.045294,39.384117
99,0.72156864,30.11745,37.588627
99,0.7372549,29.45647,35.61765
99,0.7529412,29.051176,33.492355
99,0.76862746,28.792746,31.291569
99,0.78431374,28.557058,29.070784
99,0.8,28.210001,26.890001
99,0.8156863,27.690197,24.754904
99,0.83137256,26.947649,22.669807
99,0.84705883,25.945295,20.544706
99,0.8627451,24.678823,18.439608
99,0.8784314,23.176668,16.372942
99,0.89411765,21.461767,14.38765
99,0.9098039,19.54412,12.473926
99,0.9254902,17.388237,10.635688
99,0.9411765,14.988235,8.847647
99,0.95686275,12.350982,7.0864716
99,0.972549,9.566082,5.33412
99,0.9882353,6.6647115,3.5435328
100,0.0,97.55,50.37
100,0.015686275,96.60177,49.95059
100,0.03137255,95.43883,49.421764
100,0.047058824,94.17,48.88059
100,0.0627451,92.8,48.274708
100,0.078431375,91.23471,47.57412
100,0.09411765,89.60765,46.86294
100,0.10980392,87.97706,46.148235
100,0.1254902,86.40235,45.44059
100,0.14117648,84.81765,44.72059
100,0.15686275,83.229416,44.031765
100,0.17254902,81.72,43.382942
100,0.1882353,80.3,42.762352
100,0.20392157,78.89,42.205883
100,0.21960784,77.53294,41.67235
100,0.23529412,76.24529,41.208237
100,0.2509804,75.03294,40.781765
100,0.26666668,73.880005,40.39
100,0.28235295,72.75706,40.04059
100,0.29803923,71.65353,39.68647
100,0.3137255,70.65823,39.368824
100,0.32941177,69.52824,39.082355
100,0.34509805,68.33647,38.792942
100,0.36078432,66.89588,38.545883
100,0.3764706,65.21824,38.33706
100,0.39215687,63.179417,38.347645
100,0.40784314,61.089417,38.64588
100,0.42352942,58.711178,39.208237
100,0.4392157,56.461178,39.97882
100,0.45490196,54.29412,41.015293
100,0.47058824,52.17471,42.077644
100,0.4862745,50.19353,43.111176
100,0.5019608,48.072945,44.04235
100,0.5176471,46.001183,44.66353
100,0.53333336,43.940002,45.01
100,0.54901963,41.80353,45.09765
100,0.5647059,39.80706,44.901176
100,0.5803922,37.89471,44.430588
100,0.59607846,36.17177,43.79471
100,0.6117647,34.588234,42.938824
100,0.627451,33.19412,41.862354
100,0.6431373,31.942944,40.656475
100,0.65882355,30.962942,39.350002
100,0.6745098,30.108236,37.887646
100,0.6901961,29.498825,36.460003
100,0.7058824,29.00059,34.932358
100,0.72156864,28.665295,33.28353
100,0.7372549,28.368824,31.768236
100,0.7529412,28.131176,30.178238
100,0.76862746,27.884119,28.413532
100,0.78431374,27.511765,26.581766
100,0.8,27.03,24.62
100,0.8156863,26.346472,22.71118
100,0.83137256,25.47412,20.69824
100,0.84705883,24.358236,18.667648
100,0.8627451,22.961176,16.615294
100,0.8784314,21.41471,14.63118
100,0.89411765,19.699415,12.90765
100,0.9098039,17.901766,11.327648
100,0.9254902,15.850589,9.64353
100,0.9411765,13.575888,8.016474
100,0.95686275,11.114121,6.416473
100,0.972549,8.655295,4.874119
100,0.9882353,6.1582365,3.2970595
101,0.0,21.13,66.38
101,0.015686275,21.393333,65.81333
101,0.03137255,21.613333,65.32333
101,0.047058824,21.71,65.09
101,0.0627451,21.73,65.04
101,0.078431375,21.74,65.05
101,0.09411765,21.73,65.05
101,0.10980392,21.72,65.04
101,0.1254902,21.706667,65.06333
101,0.14117648,21.72,65.11
101,0.15686275,21.71,65.12
101,0.17254902,21.71,65.12
101,0.1882353,21.71,65.12
101,0.20392157,21.71,65.09
101,0.21960784,21.71,65.08
101,0.23529412,21.73,65.05
101,0.2509804,21.74,65.05
101,0.26666668,21.843334,64.81333
101,0.28235295,21.94,64.6
101,0.29803923,22.056667,64.30334
101,0.3137255,22.13,64.136665
101,0.32941177,22.14,64.1
101,0.34509805,22.15,64.09
101,0.36078432,22.12,64.1
101,0.3764706,22.14,64.1
101,0.39215687,22.15,64.08
101,0.40784314,22.12,64.11
101,0.42352942,22.11,64.11
101,0.4392157,22.13,64.09
101,0.45490196,22.18,64.00667
101,0.47058824,22.42,63.45
101,0.4862745,22.753334,62.72
101,0.5019608,23.11,61.87
101,0.5176471,23.5,60.98
101,0.53333336,23.883333,60.106667
101,0.54901963,24.196667,59.363335
101,0.5647059,24.45,58.79
101,0.5803922,24.68,58.326668
101,0.59607846,24.763334,58.136665
101,0.6117647,24.85,57.88
101,0.627451,25.063334,57.433334
101,0.6431373,25.44,56.59667
101,0.65882355,26.0,55.33
101,0.6745098,26.606667,53.940002
101,0.6901961,27.15,52.690002
101,0.7058824,27.67,51.43
101,0.72156864,28.2,50.123333
101,0.7372549,28.71,48.253334
101,0.7529412,29.07,46.03
101,0.76862746,29.123333,43.656666
101,0.78431374,28.973333,41.163334
101,0.8,28.640001,38.440002
101,0.8156863,28.246668,35.36667
101,0.83137256,27.92,32.053337
101,0.84705883,27.51,28.620003
101,0.8627451,26.926666,25.193335
101,0.8784314,26.026667,22.013334
101,0.89411765,24.68,19.03
101,0.9098039,22.973333,16.316668
101,0.9254902,20.80667,13.743336
101,0.9411765,18.310003,11.340003
101,0.95686275,15.316669,9.030003
101,0.972549,11.950003,6.746669
101,0.9882353,8.220002,4.350002
102,0.0,97.62,50.03
102,0.015686275,95.706665,49.190197
102,0.03137255,93.83079,48.377846
102,0.047058824,91.98235,47.591766
102,0.0627451,90.36647,46.825687
102,0.078431375,88.73785,46.108234
102,0.09411765,87.18706,45.458237
102,0.10980392,85.69098,44.83353
102,0.1254902,84.25236,44.22098
102,0.14117648,82.88765,43.662354
102,0.15686275,81.51019,43.12098
102,0.17254902,80.17824,42.6051
102,0.1882353,78.86823,42.101177
102,0.20392157,77.69569,41.684708
102,0.21960784,76.600586,41.303528
102,0.23529412,75.64883,40.978237
102,0.2509804,74.91235,40.74039
102,0.26666668,74.346664,40.576668
102,0.28235295,73.97588,40.44294
102,0.29803923,73.69765,40.359215
102,0.3137255,73.38647,40.26549
102,0.32941177,73.13353,40.171764
102,0.34509805,72.86608,40.08804
102,0.36078432,72.598625,39.984314
102,0.3764706,72.301765,39.90059
102,0.39215687,71.95059,39.826862
102,0.40784314,71.53255,39.673138
102,0.42352942,70.956474,39.468822
102,0.4392157,70.1698,39.24137
102,0.45490196,69.10353,38.94588
102,0.47058824,67.71883,38.65647
102,0.4862745,66.05667,38.45902
102,0.5019608,64.02569,38.38
102,0.5176471,61.798233,38.588825
102,0.53333336,59.38333,39.176666
102,0.54901963,56.991768,40.113922
102,0.5647059,54.535294,41.34941
102,0.5803922,52.243137,42.586273
102,0.59607846,49.905487,43.835686
102,0.6117647,47.51412,44.772354
102,0.627451,45.110588,45.456078
102,0.6431373,42.662354,45.812744
102,0.65882355,40.334118,45.73706
102,0.6745098,38.16647,45.308823
102,0.6901961,36.143333,44.504707
102,0.7058824,34.27765,43.368237
102,0.72156864,32.65353,41.860783
102,0.7372549,31.278822,40.16333
102,0.7529412,30.120586,38.141174
102,0.76862746,29.199608,35.95647
102,0.78431374,28.484901,33.74706
102,0.8,28.02,31.419998
102,0.8156863,27.545097,29.15431
102,0.83137256,27.050196,26.673527
102,0.84705883,26.524118,24.244118
102,0.8627451,25.760784,21.742157
102,0.8784314,24.755096,19.30882
102,0.89411765,23.35941,16.960585
102,0.9098039,21.636665,14.684507
102,0.9254902,19.643726,12.503726
102,0.9411765,17.35588,10.38647
102,0.95686275,14.688624,8.33941
102,0.972549,11.843524,6.231369
102,0.9882353,8.558232,4.1105866
103,0.0,19.24,2.83
103,0.015686275,19.668432,3.0970592
103,0.03137255,20.086864,3.364118
103,0.047058824,20.515295,3.651177
103,0.0627451,20.950981,3.9482355
103,0.078431375,21.373726,4.2637253
103,0.09411765,21.79647,4.586471
103,0.10980392,22.209217,4.919412
103,0.1254902,22.631962,5.266471
103,0.14117648,23.054707,5.6247063
103,0.15686275,23.45745,5.997451
103,0.17254902,23.842745,6.3501964
103,0.1882353,24.271177,6.7511773
103,0.20392157,24.817451,7.2435303
103,0.21960784,25.457254,7.8176475
103,0.23529412,26.167059,8.482353
103,0.2509804,26.947844,9.238823
103,0.26666668,27.78,10.086667
103,0.28235295,28.725883,11.013531
103,0.29803923,29.836472,12.038432
103,0.3137255,31.185883,13.1747055
103,0.32941177,32.719997,14.323528
103,0.34509805,34.331764,15.396079
103,0.36078432,36.074905,16.38706
103,0.3764706,37.902943,17.288237
103,0.39215687,39.606667,18.035097
103,0.40784314,41.099804,18.619215
103,0.42352942,42.435883,19.104118
103,0.4392157,43.591373,19.516863
103,0.45490196,44.519215,19.899609
103,0.47058824,45.23412,20.231764
103,0.4862745,45.87392,20.558823
103,0.5019608,46.459805,20.875883
103,0.5176471,46.938236,21.14294
103,0.53333336,47.406666,21.41
103,0.54901963,47.94412,21.717058
103,0.5647059,48.488235,22.048822
103,0.5803922,49.112743,22.431961
103,0.59607846,49.884705,22.92647
103,0.6117647,50.787647,23.522354
103,0.627451,51.80196,24.192158
103,0.6431373,52.897648,24.915098
103,0.65882355,54.104706,25.699411
103,0.6745098,55.388626,26.506079
103,0.6901961,56.672745,27.271568
103,0.7058824,57.946472,27.971176
103,0.72156864,59.230392,28.629412
103,0.7372549,60.551567,29.253529
103,0.7529412,61.884117,29.847647
103,0.76862746,63.25941,30.401764
103,0.78431374,64.753334,30.955883
103,0.8,66.42,31.52
103,0.8156863,68.21372,32.094116
103,0.83137256,70.15882,32.71961
103,0.84705883,72.242355,33.39941
103,0.8627451,74.46588,34.16196
103,0.8784314,76.84078,34.98588
103,0.89411765,79.37117,35.901176
103,0.9098039,82.0445,36.897842
103,0.9254902,84.8447,37.99588
103,0.9411765,87.76765,39.20647
103,0.95686275,90.83647,40.55294
103,0.972549,93.99411,41.998234
103,0.9882353,97.20823,43.51
104,0.0,97.47,50.75
104,0.015686275,96.23647,50.18902
104,0.03137255,95.03608,49.651176
104,0.047058824,93.86412,49.13706
104,0.0627451,92.702156,48.63235
104,0.078431375,91.58019,48.14294
104,0.09411765,90.45765,47.64353
104,0.10980392,89.367256,47.1751
104,0.1254902,88.30686,46.727253
104,0.14117648,87.28059,46.29941
104,0.15686275,86.29176,45.88157
104,0.17254902,85.31294,45.483727
104,0.1882353,84.37294,45.08588
104,0.20392157,83.52569,44.72843
104,0.21960784,82.71236,44.380196
104,0.23529412,82.011765,44.07941
104,0.2509804,81.439415,43.849804
104,0.26666668,80.97667,43.656666
104,0.28235295,80.62706,43.50353
104,0.29803923,80.30078,43.380196
104,0.3137255,80.00451,43.268627
104,0.32941177,79.721176,43.14706
104,0.34509805,79.43196,43.02098
104,0.36078432,79.10568,42.887844
104,0.3764706,78.80706,42.782352
104,0.39215687,78.50235,42.670784
104,0.40784314,78.16686,42.549217
104,0.42352942,77.84059,42.41765
104,0.4392157,77.48039,42.272156
104,0.45490196,77.05706,42.09902
104,0.47058824,76.560585,41.898823
104,0.4862745,75.98961,41.674118
104,0.5019608,75.39863,41.429214
104,0.5176471,74.77588,41.164707
104,0.53333336,74.13333,40.92
104,0.54901963,73.45588,40.665295
104,0.5647059,72.64882,40.35412
104,0.5803922,71.67549,40.009804
104,0.59607846,70.50627,39.661568
104,0.6117647,69.24117,39.315292
104,0.627451,67.810585,38.989017
104,0.6431373,66.19941,38.76137
104,0.65882355,64.450584,38.64412
104,0.6745098,62.75098,38.627453
104,0.6901961,61.109604,38.73804
104,0.7058824,59.407646,39.02294
104,0.72156864,57.662548,39.497253
104,0.7372549,55.84431,40.197258
104,0.7529412,54.013527,41.042942
104,0.76862746,52.22902,41.962353
104,0.78431374,50.386078,42.99804
104,0.8,48.479996,44.140003
104,0.8156863,46.55392,45.26039
104,0.83137256,44.627842,46.363922
104,0.84705883,42.751762,47.53059
104,0.8627451,40.931957,48.810394
104,0.8784314,39.155293,50.24902
104,0.89411765,37.40235,51.848236
104,0.9098039,35.71039,53.612553
104,0.9254902,34.05647,55.586277
104,0.9411765,32.34353,57.86353
104,0.95686275,30.787645,60.17922
104,0.972549,29.34941,62.534904
104,0.9882353,27.862352,65.141174
105,0.0,20.09,3.65
105,0.015686275,20.728823,4.061764
105,0.03137255,21.312351,4.5435286
105,0.047058824,21.979412,5.0023527
105,0.0627451,22.604706,5.4664707
105,0.078431375,23.292353,6.0841165
105,0.09411765,24.021175,6.73294
105,0.10980392,24.838234,7.458235
105,0.1254902,25.67706,8.238235
105,0.14117648,26.58294,9.101763
105,0.15686275,27.458822,9.921763
105,0.17254902,28.308823,10.708823
105,0.1882353,29.180588,11.512353
105,0.20392157,30.147644,12.356468
105,0.21960784,31.228233,13.249411
105,0.23529412,32.31882,14.128235
105,0.2509804,33.389412,14.938823
105,0.26666668,34.479996,15.669998
105,0.28235295,35.590588,16.31647
105,0.29803923,36.69647,16.922941
105,0.3137255,37.701763,17.452353
105,0.32941177,38.791763,17.886469
105,0.34509805,39.851173,18.360588
105,0.36078432,40.84941,18.794706
105,0.3764706,41.797646,19.232353
105,0.39215687,42.717056,19.69294
105,0.40784314,43.591763,20.145882
105,0.42352942,44.438824,20.531176
105,0.4392157,45.26294,21.00941
105,0.45490196,46.07235,21.42941
105,0.47058824,46.91647,21.894117
105,0.4862745,47.842354,22.480589
105,0.5019608,48.79353,23.011765
105,0.5176471,49.811764,23.613527
105,0.53333336,50.829998,24.259998
105,0.54901963,51.860588,24.928823
105,0.5647059,52.96588,25.607647
105,0.5803922,54.034702,26.25941
105,0.59607846,55.081764,26.895294
105,0.6117647,56.14294,27.502354
105,0.627451,57.213528,28.044704
105,0.6431373,58.224117,28.538822
105,0.65882355,59.303528,28.974117
105,0.6745098,60.41647,29.425882
105,0.6901961,61.63941,29.894117
105,0.7058824,62.894115,30.33941
105,0.72156864,64.36471,30.827646
105,0.7372549,65.87059,31.36353
105,0.7529412,67.43588,31.884705
105,0.76862746,69.08588,32.427647
105,0.78431374,70.84588,33.053528
105,0.8,72.69,33.66
105,0.8156863,74.624115,34.348824
105,0.83137256,76.67764,35.122353
105,0.84705883,78.78353,35.853527
105,0.8627451,80.924706,36.73353
105,0.8784314,83.09588,37.64941
105,0.89411765,85.22706,38.565292
105,0.9098039,87.32823,39.477646
105,0.9254902,89.399414,40.345882
105,0.9411765,91.50941,41.28294
105,0.95686275,93.75882,42.282352
105,0.972549,95.98294,43.270588
105,0.9882353,98.13588,44.24059
106,0.0,97.35,49.99
106,0.015686275,96.36687,49.560394
106,0.03137255,95.38373,49.11294
106,0.047058824,94.38059,48.651176
106,0.0627451,93.39745,48.20157
106,0.078431375,92.42432,47.77196
106,0.09411765,91.45118,47.392353
106,0.10980392,90.55549,47.020195
106,0.1254902,89.78902,46.65451
106,0.14117648,89.117645,46.334118
106,0.15686275,88.51549,46.121567
106,0.17254902,87.971176,45.923725
106,0.1882353,87.494705,45.705883
106,0.20392157,87.0551,45.48706
106,0.21960784,86.59059,45.275295
106,0.23529412,86.125885,45.092354
106,0.2509804,85.67353,44.90451
106,0.26666668,85.17,44.68667
106,0.28235295,84.65647,44.458237
106,0.29803923,84.13294,44.24647
106,0.3137255,83.59098,44.034706
106,0.32941177,83.01353,43.805294
106,0.34509805,82.40608,43.561176
106,0.36078432,81.75843,43.289413
106,0.3764706,81.08706,43.00765
106,0.39215687,80.39568,42.725883
106,0.40784314,79.75432,42.44412
106,0.42352942,79.08706,42.15647
106,0.4392157,78.401566,41.88059
106,0.45490196,77.64647,41.595097
106,0.47058824,76.87118,41.30706
106,0.4862745,76.04431,41.003727
106,0.5019608,75.12961,40.67804
106,0.5176471,74.13706,40.342354
106,0.53333336,73.08667,40.006668
106,0.54901963,71.94843,39.65098
106,0.5647059,70.742355,39.325294
106,0.5803922,69.458435,39.02961
106,0.59607846,68.07667,38.75294
106,0.6117647,66.68294,38.511177
106,0.627451,65.340195,38.346275
106,0.6431373,63.95667,38.29
106,0.65882355,62.52,38.339413
106,0.6745098,61.034706,38.525883
106,0.6901961,59.49157,38.840195
106,0.7058824,57.963528,39.26882
106,0.72156864,56.39216,39.833138
106,0.7372549,54.74373,40.528824
106,0.7529412,53.075294,41.294117
106,0.76862746,51.344704,42.14157
106,0.78431374,49.59843,43.046864
106,0.8,47.890003,44.02
106,0.8156863,46.083725,45.09098
106,0.83137256,44.16961,46.259804
106,0.84705883,42.24941,47.55
106,0.8627451,40.3549,49.008038
106,0.8784314,38.518238,50.642155
106,0.89411765,36.769413,52.424118
106,0.9098039,35.14843,54.281372
106,0.9254902,33.532547,56.368435
106,0.9411765,31.854118,58.788822
106,0.95686275,30.224903,61.28647
106,0.972549,28.65353,63.837254
106,0.9882353,27.105883,66.502945
107,0.0,18.92,3.27
107,0.015686275,19.521175,3.6305876
107,0.03137255,20.112352,4.0164704
107,0.047058824,20.690588,4.444705
107,0.0627451,21.294704,4.8835287
107,0.078431375,21.944117,5.3311763
107,0.09411765,22.597057,5.8152933
107,0.10980392,23.228235,6.3447056
107,0.1254902,23.83941,6.888234
107,0.14117648,24.47941,7.431764
107,0.15686275,25.194706,8.048235
107,0.17254902,25.975292,8.727057
107,0.1882353,26.831177,9.499412
107,0.20392157,27.77294,10.3541155
107,0.21960784,28.684706,11.160587
107,0.23529412,29.641174,11.9370575
107,0.2509804,30.618235,12.713529
107,0.26666668,31.58,13.46
107,0.28235295,32.56941,14.161175
107,0.29803923,33.56882,14.832353
107,0.3137255,34.558235,15.453528
107,0.32941177,35.557644,16.064705
107,0.34509805,36.55706,16.635881
107,0.36078432,37.520588,17.155293
107,0.3764706,38.462353,17.661177
107,0.39215687,39.39294,18.157059
107,0.40784314,40.295883,18.64294
107,0.42352942,41.191177,19.135294
107,0.4392157,42.09941,19.628822
107,0.45490196,43.021175,20.132353
107,0.47058824,43.97294,20.645882
107,0.4862745,44.914703,21.132353
107,0.5019608,45.87647,21.63294
107,0.5176471,46.88059,22.16647
107,0.53333336,47.9,22.71
107,0.54901963,48.937057,23.281176
107,0.5647059,49.99882,23.872353
107,0.5803922,51.104115,24.470587
107,0.59607846,52.24882,25.054705
107,0.6117647,53.40353,25.635881
107,0.627451,54.57823,26.237057
107,0.6431373,55.78647,26.834705
107,0.65882355,57.03,27.428234
107,0.6745098,58.387646,28.030588
107,0.6901961,59.84294,28.651764
107,0.7058824,61.32823,29.29294
107,0.72156864,62.85706,29.934118
107,0.7372549,64.49764,30.595293
107,0.7529412,66.23235,31.27353
107,0.76862746,68.018234,31.972351
107,0.78431374,69.81176,32.691174
107,0.8,71.55,33.43
107,0.8156863,73.37353,34.21647
107,0.83137256,75.33765,35.03294
107,0.84705883,77.346466,35.86235
107,0.8627451,79.35529,36.72647
107,0.8784314,81.39235,37.610588
107,0.89411765,83.4847,38.510586
107,0.9098039,85.672356,39.435883
107,0.9254902,87.93529,40.41529
107,0.9411765,90.128235,41.38588
107,0.95686275,92.204704,42.327644
107,0.972549,94.291176,43.283527
107,0.9882353,96.41765,44.241177
108,0.0,98.42,50.1
108,0.015686275,97.35294,49.670197
108,0.03137255,96.430786,49.245293
108,0.047058824,95.571175,48.882942
108,0.0627451,94.74157,48.530785
108,0.078431375,93.98647,48.218235
108,0.09411765,93.32176,47.90059
108,0.10980392,92.63706,47.62353
108,0.1254902,91.93275,47.311176
108,0.14117648,91.15353,46.978825
108,0.15686275,90.23941,46.59196
108,0.17254902,89.23039,46.14216
108,0.1882353,88.09647,45.64294
108,0.20392157,86.95137,45.13569
108,0.21960784,85.816864,44.652744
108,0.23529412,84.68059,44.192944
108,0.2509804,83.54863,43.71392
108,0.26666668,82.433334,43.243332
108,0.28235295,81.30471,42.81353
108,0.29803923,80.22588,42.383724
108,0.3137255,79.1498,41.953922
108,0.32941177,77.96236,41.494118
108,0.34509805,76.69902,41.014313
108,0.36078432,75.35353,40.52451
108,0.3764706,73.984116,40.06353
108,0.39215687,72.61843,39.614902
108,0.40784314,71.20157,39.205097
108,0.42352942,69.86471,38.876472
108,0.4392157,68.4751,38.552746
108,0.45490196,67.21706,38.261765
108,0.47058824,65.95765,38.042942
108,0.4862745,64.76019,37.92902
108,0.5019608,63.548824,37.86
108,0.5176471,62.061764,37.891766
108,0.53333336,60.33,38.12
108,0.54901963,58.264317,38.594704
108,0.5647059,56.027058,39.454117
108,0.5803922,53.807648,40.50255
108,0.59607846,51.744118,41.68451
108,0.6117647,49.668827,42.82647
108,0.627451,47.717255,43.862354
108,0.6431373,45.709217,44.67294
108,0.65882355,43.401176,45.21588
108,0.6745098,41.20137,45.36
108,0.6901961,38.97314,45.108627
108,0.7058824,36.834118,44.457645
108,0.72156864,34.6851,43.304314
108,0.7372549,32.71686,41.696472
108,0.7529412,31.03294,39.63706
108,0.76862746,29.653923,37.197647
108,0.78431374,28.722157,34.523724
108,0.8,28.12,31.650003
108,0.8156863,27.715097,28.691372
108,0.83137256,27.26549,25.692745
108,0.84705883,26.601177,22.796473
108,0.8627451,25.601765,20.004704
108,0.8784314,24.226667,17.356865
108,0.89411765,22.485292,14.986469
108,0.9098039,20.466864,12.616864
108,0.9254902,18.199411,10.537843
108,0.9411765,15.590588,8.50294
108,0.95686275,12.778236,6.657844
108,0.972549,9.845096,4.8666654
108,0.9882353,6.7382383,3.0200016
109,0.0,19.85,3.44
109,0.015686275,20.442156,3.9131367
109,0.03137255,21.052353,4.386275
109,0.047058824,21.700588,4.8764706
109,0.0627451,22.380783,5.388627
109,0.078431375,23.035883,5.930784
109,0.09411765,23.68706,6.5029416
109,0.10980392,24.371372,7.1013722
109,0.1254902,25.113726,7.751568
109,0.14117648,25.904118,8.472942
109,0.15686275,26.722353,9.242157
109,0.17254902,27.589802,10.040586
109,0.1882353,28.497059,10.858824
109,0.20392157,29.414314,11.649804
109,0.21960784,30.327843,12.435293
109,0.23529412,31.274117,13.218235
109,0.2509804,32.23608,13.947452
109,0.26666668,33.196667,14.62
109,0.28235295,34.19294,15.271175
109,0.29803923,35.209217,15.9123535
109,0.3137255,36.20549,16.493137
109,0.32941177,37.171764,17.035294
109,0.34509805,38.11961,17.53745
109,0.36078432,39.084312,18.032156
109,0.3764706,40.04059,18.541763
109,0.39215687,41.01686,19.068432
109,0.40784314,42.00765,19.60608
109,0.42352942,43.01294,20.138235
109,0.4392157,44.005684,20.657843
109,0.45490196,45.02353,21.21255
109,0.47058824,46.09941,21.815294
109,0.4862745,47.163723,22.39647
109,0.5019608,48.25804,22.967648
109,0.5176471,49.43,23.578823
109,0.53333336,50.649998,24.21
109,0.54901963,51.810978,24.831177
109,0.5647059,52.925293,25.437647
109,0.5803922,54.083332,26.063528
109,0.59607846,55.29941,26.69745
109,0.6117647,56.521767,27.315882
109,0.627451,57.7649,27.907059
109,0.6431373,59.05627,28.48843
109,0.65882355,60.40647,29.079412
109,0.6745098,61.824703,29.662745
109,0.6901961,63.294113,30.244902
109,0.7058824,64.78941,30.817059
109,0.72156864,66.34765,31.404118
109,0.7372549,68.06804,32.059216
109,0.7529412,69.81353,32.74941
109,0.76862746,71.51902,33.43961
109,0.78431374,73.27647,34.16078
109,0.8,75.13,34.91
109,0.8156863,77.01353,35.669216
109,0.83137256,78.9051,36.44843
109,0.84705883,80.770584,37.254704
109,0.8627451,82.62804,38.07294
109,0.8784314,84.48765,38.901176
109,0.89411765,86.32706,39.71941
109,0.9098039,88.14156,40.514507
109,0.9254902,89.91608,41.293724
109,0.9411765,91.66941,42.064117
109,0.95686275,93.44509,42.842155
109,0.972549,95.24961,43.611374
109,0.9882353,97.06412,44.370586
110,0.0,18.64,3.05
110,0.015686275,19.591764,3.7182345
110,0.03137255,20.583529,4.4064693
110,0.047058824,21.628822,5.168235
110,0.0627451,22.786469,6.0570574
110,0.078431375,23.960587,6.9988227
110,0.09411765,25.164705,7.9705877
110,0.10980392,26.38882,8.962351
110,0.1254902,27.57353,9.974117
110,0.14117648,28.767057,11.015882
110,0.15686275,30.052938,12.06941
110,0.17254902,31.368235,13.089412
110,0.1882353,32.68353,14.037058
110,0.20392157,34.01412,14.942352
110,0.21960784,35.38059,15.755294
110,0.23529412,36.709408,16.473528
110,0.2509804,38.064705,17.210588
110,0.26666668,39.44,17.91
110,0.28235295,40.89647,18.63941
110,0.29803923,42.425293,19.451176
110,0.3137255,43.976467,20.308233
110,0.32941177,45.54529,21.192352
110,0.34509805,47.094116,22.092941
110,0.36078432,48.63294,22.976469
110,0.3764706,50.16353,23.845882
110,0.39215687,51.661175,24.685293
110,0.40784314,53.128822,25.514704
110,0.42352942,54.55294,26.314117
110,0.4392157,55.91529,27.047646
110,0.45490196,57.075294,27.630589
110,0.47058824,58.022354,28.101175
110,0.4862745,58.79529,28.505882
110,0.5019608,59.415882,28.795294
110,0.5176471,59.934116,29.017647
110,0.53333336,60.37,29.22
110,0.54901963,60.68353,29.392353
110,0.5647059,60.904705,29.502354
110,0.5803922,61.08706,29.57353
110,0.59607846,61.294704,29.674706
110,0.6117647,61.415882,29.735882
110,0.627451,61.46706,29.75
110,0.6431373,61.578236,29.79
110,0.65882355,61.679413,29.84
110,0.6745098,61.7,29.86
110,0.6901961,61.721764,29.861765
110,0.7058824,61.885883,29.942942
110,0.72156864,62.14647,30.054117
110,0.7372549,62.687057,30.275883
110,0.7529412,63.591175,30.625881
110,0.76862746,64.75941,31.078236
110,0.78431374,66.14235,31.604116
110,0.8,67.79,32.2
110,0.8156863,69.64235,32.847057
110,0.83137256,71.62705,33.56647
110,0.84705883,73.65059,34.328236
110,0.8627451,75.67412,35.117645
110,0.8784314,77.73353,35.937057
110,0.89411765,79.98941,36.870586
110,0.9098039,82.435875,37.930588
110,0.9254902,85.10353,39.112354
110,0.9411765,87.916466,40.377647
110,0.95686275,90.812935,41.69294
110,0.972549,93.85117,43.074116
110,0.9882353,97.06176,44.547646
111,0.0,21.56,66.0
111,0.015686275,21.710588,65.68883
111,0.03137255,21.861176,65.367645
111,0.047058824,22.001764,65.04647
111,0.0627451,22.141176,64.755295
111,0.078431375,22.25647,64.48059
111,0.09411765,22.371765,64.22294
111,0.10980392,22.484118,63.961765
111,0.1254902,22.602352,63.69059
111,0.14117648,22.717648,63.429413
111,0.15686275,22.835882,63.181175
111,0.17254902,22.96647,62.89706
111,0.1882353,23.130589,62.518826
111,0.20392157,23.33647,62.028236
111,0.21960784,23.572353,61.46706
111,0.23529412,23.837646,60.835297
111,0.2509804,24.128824,60.16294
111,0.26666668,24.449999,59.43
111,0.28235295,24.80647,58.631763
111,0.29803923,25.182352,57.81353
111,0.3137255,25.539412,56.995296
111,0.32941177,25.895882,56.17706
111,0.34509805,26.252352,55.358826
111,0.36078432,26.607058,54.53059
111,0.3764706,26.955294,53.722355
111,0.39215687,27.321764,52.89412
111,0.40784314,27.688234,52.065884
111,0.42352942,28.021765,51.29059
111,0.4392157,28.31294,50.62412
111,0.45490196,28.527058,50.108826
111,0.47058824,28.697647,49.69588
111,0.4862745,28.848234,49.305294
111,0.5019608,29.028234,48.88353
111,0.5176471,29.199411,48.451767
111,0.53333336,29.36,48.02
111,0.54901963,29.495295,47.487648
111,0.5647059,29.621176,46.753532
111,0.5803922,29.715881,45.823532
111,0.59607846,29.75,44.752354
111,0.6117647,29.73,43.576473
111,0.627451,29.63647,42.34
111,0.6431373,29.478825,41.05
111,0.65882355,29.272942,39.67765
111,0.6745098,29.029411,38.207058
111,0.6901961,28.768236,36.582355
111,0.7058824,28.497059,34.77412
111,0.72156864,28.215883,32.83471
111,0.7372549,27.924706,30.821766
111,0.7529412,27.619413,28.812944
111,0.76862746,27.272942,26.795883
111,0.78431374,26.837059,24.752945
111,0.8,26.27,22.71
111,0.8156863,25.541767,20.687063
111,0.83137256,24.612352,18.735294
111,0.84705883,23.495884,16.858828
111,0.8627451,22.177647,15.031765
111,0.8784314,20.637651,13.26118
111,0.89411765,18.895884,11.561177
111,0.9098039,16.976475,9.941769
111,0.9254902,14.891766,8.360589
111,0.9411765,12.642946,6.8094153
111,0.95686275,10.210001,5.2282357
111,0.972549,7.6500063,3.6288276
111,0.9882353,5.030001,2.0458832
112,0.0,18.86,3.24
112,0.015686275,20.241571,4.2725506
112,0.03137255,21.623138,5.3150997
112,0.047058824,22.942942,6.357648
112,0.0627451,24.168236,7.3701963
112,0.078431375,25.335295,8.379021
112,0.09411765,26.502356,9.398826
112,0.10980392,27.659412,10.408628
112,0.1254902,28.826471,11.410392
112,0.14117648,30.114119,12.448236
112,0.15686275,31.623337,13.5905905
112,0.17254902,33.31647,14.787452
112,0.1882353,35.04706,15.917647
112,0.20392157,36.703335,16.923138
112,0.21960784,38.35667,17.854118
112,0.23529412,39.942356,18.709412
112,0.2509804,41.401176,19.508627
112,0.26666668,42.723335,20.246668
112,0.28235295,43.95765,20.944708
112,0.29803923,45.16412,21.624903
112,0.3137255,46.256077,22.220589
112,0.32941177,47.295883,22.794117
112,0.34509805,48.355686,23.387257
112,0.36078432,49.43549,23.988039
112,0.3764706,50.48118,24.560589
112,0.39215687,51.40235,25.04549
112,0.40784314,52.21902,25.44451
112,0.42352942,52.951176,25.79353
112,0.4392157,53.64196,26.119411
112,0.45490196,54.262352,26.431177
112,0.47058824,54.808235,26.712942
112,0.4862745,55.244705,26.939804
112,0.5019608,55.574314,27.112158
112,0.5176471,55.79941,27.229412
112,0.53333336,55.93667,27.296667
112,0.54901963,56.0,27.32
112,0.5647059,56.03,27.32
112,0.5803922,56.03,27.32
112,0.59607846,56.03,27.32
112,0.6117647,56.03,27.32
112,0.627451,56.05,27.33
112,0.6431373,56.1449,27.37745
112,0.65882355,56.414116,27.504705
112,0.6745098,56.819805,27.713923
112,0.6901961,57.37451,27.987648
112,0.7058824,58.071766,28.345882
112,0.72156864,58.93353,28.754902
112,0.7372549,59.940784,29.214903
112,0.7529412,61.10706,29.729412
112,0.76862746,62.45235,30.30294
112,0.78431374,63.996666,30.949215
112,0.8,65.73,31.67
112,0.8156863,67.6251,32.44804
112,0.83137256,69.679214,33.270588
112,0.84705883,71.90235,34.165882
112,0.8627451,74.27549,35.110195
112,0.8784314,76.76314,36.10902
112,0.89411765,79.388824,37.17235
112,0.9098039,82.102745,38.288628
112,0.9254902,84.87314,39.42647
112,0.9411765,87.68883,40.608826
112,0.95686275,90.553925,41.813137
112,0.972549,93.444115,43.03745
112,0.9882353,96.371765,44.264706
113,0.0,20.08,3.22
113,0.015686275,21.30353,4.171176
113,0.03137255,22.587057,5.2005873
113,0.047058824,23.850586,6.235881
113,0.0627451,25.140587,7.3211746
113,0.078431375,26.43882,8.467056
113,0.09411765,27.83588,9.656469
113,0.10980392,29.338823,10.943529
113,0.1254902,30.99,12.228235
113,0.14117648,32.647057,13.417646
113,0.15686275,34.311176,14.54294
113,0.17254902,35.92,15.468234
113,0.1882353,37.65882,16.484116
113,0.20392157,39.19647,17.268234
113,0.21960784,40.662354,18.001177
113,0.23529412,42.074707,18.650589
113,0.2509804,43.300587,19.17941
113,0.26666668,44.469997,19.68
113,0.28235295,45.555294,20.190588
113,0.29803923,46.532352,20.641176
113,0.3137255,47.398823,21.049412
113,0.32941177,48.165295,21.435883
113,0.34509805,48.834118,21.782352
113,0.36078432,49.40353,22.104118
113,0.3764706,49.855293,22.37647
113,0.39215687,50.241764,22.618824
113,0.40784314,50.608234,22.841175
113,0.42352942,50.99353,23.042353
113,0.4392157,51.26059,23.240587
113,0.45490196,51.478825,23.369411
113,0.47058824,51.63353,23.46353
113,0.4862745,51.737648,23.497646
113,0.5019608,51.791763,23.561764
113,0.5176471,51.84,23.62
113,0.53333336,51.83,23.61
113,0.54901963,51.904118,23.674118
113,0.5647059,52.106472,23.798235
113,0.5803922,52.29706,23.917059
113,0.59607846,52.67235,24.159412
113,0.6117647,53.123528,24.47294
113,0.627451,53.76294,24.878822
113,0.6431373,54.470585,25.354116
113,0.65882355,55.30647,25.844706
113,0.6745098,56.22059,26.399412
113,0.6901961,57.294117,26.93706
113,0.7058824,58.458824,27.577059
113,0.72156864,59.771175,28.19647
113,0.7372549,61.18647,28.821177
113,0.7529412,62.699997,29.433529
113,0.76862746,64.301765,30.032352
113,0.78431374,66.02177,30.661177
113,0.8,67.87,31.35
113,0.8156863,69.76235,32.08294
113,0.83137256,71.604706,32.83588
113,0.84705883,73.621765,33.58882
113,0.8627451,75.70529,34.488235
113,0.8784314,77.80294,35.405293
113,0.89411765,79.988235,36.287056
113,0.9098039,82.231766,37.288235
113,0.9254902,84.57353,38.33235
113,0.9411765,87.03059,39.424706
113,0.95686275,89.65411,40.59529
113,0.972549,92.45882,41.844116
113,0.9882353,95.361755,43.12176
114,0.0,96.91,50.52
114,0.015686275,95.36353,49.838234
114,0.03137255,94.02294,49.22647
114,0.047058824,92.95706,48.71353
114,0.0627451,92.26294,48.40647
114,0.078431375,91.835884,48.225296
114,0.09411765,91.65,48.13
114,0.10980392,91.66,48.14
114,0.1254902,91.65,48.15
114,0.14117648,91.61,48.13
114,0.15686275,91.63,48.14
114,0.17254902,91.65,48.14
114,0.1882353,91.64,48.14
114,0.20392157,91.61,48.12
114,0.21960784,91.44647,48.058823
114,0.23529412,90.93353,47.807648
114,0.2509804,90.01059,47.368824
114,0.26666668,88.76,46.82
114,0.28235295,87.30059,46.148235
114,0.29803923,85.6953,45.410587
114,0.3137255,83.895294,44.575882
114,0.32941177,81.94706,43.699413
114,0.34509805,79.84941,42.76706
114,0.36078432,77.67294,41.881763
114,0.3764706,75.66294,41.13706
114,0.39215687,73.67059,40.425884
114,0.40784314,71.60941,39.82412
114,0.42352942,69.43883,39.291767
114,0.4392157,67.21471,38.875294
114,0.45490196,65.06589,38.654705
114,0.47058824,62.992943,38.678234
114,0.4862745,60.994705,38.892353
114,0.5019608,59.13059,39.34647
114,0.5176471,57.248238,40.055294
114,0.53333336,55.350002,40.989998
114,0.54901963,53.484707,42.11353
114,0.5647059,51.55353,43.251175
114,0.5803922,49.595295,44.24294
114,0.59607846,47.57706,45.027058
114,0.6117647,45.593533,45.644115
114,0.627451,43.64059,46.015293
114,0.6431373,41.70294,46.16
114,0.65882355,39.78412,46.00647
114,0.6745098,37.785885,45.614117
114,0.6901961,35.857647,44.89353
114,0.7058824,33.981766,43.718826
114,0.72156864,32.216473,42.211765
114,0.7372549,30.704119,40.26471
114,0.7529412,29.512941,38.082355
114,0.76862746,28.74353,35.75412
114,0.78431374,28.325882,33.38706
114,0.8,28.08,31.01
114,0.8156863,27.914118,28.562943
114,0.83137256,27.608236,26.065884
114,0.84705883,27.055883,23.61
114,0.8627451,26.087648,21.071766
114,0.8784314,24.782942,18.634708
114,0.89411765,23.070591,16.197649
114,0.9098039,20.95118,13.821179
114,0.9254902,18.496473,11.497061
114,0.9411765,15.534119,9.172942
114,0.95686275,12.232942,6.8988237
114,0.972549,8.671177,4.602353
114,0.9882353,4.8623543,2.215295
115,0.0,21.75,65.78
115,0.015686275,22.175491,64.85628
115,0.03137255,22.588236,63.86804
115,0.047058824,23.03647,62.848824
115,0.0627451,23.451962,61.886078
115,0.078431375,23.870588,60.875095
115,0.09411765,24.274706,59.944115
115,0.10980392,24.67843,58.99353
115,0.1254902,25.093922,58.021175
115,0.14117648,25.489412,57.101173
115,0.15686275,25.841177,56.162743
115,0.17254902,26.225294,55.269215
115,0.1882353,26.579412,54.318233
115,0.20392157,26.951372,53.231567
115,0.21960784,27.396862,51.95941
115,0.23529412,27.771765,50.62294
115,0.2509804,28.045883,49.142548
115,0.26666668,28.306667,47.44
115,0.28235295,28.384706,45.634705
115,0.29803923,28.42,43.756664
115,0.3137255,28.38,41.79588
115,0.32941177,28.38,39.732353
115,0.34509805,28.380196,37.506077
115,0.36078432,28.533138,35.268623
115,0.3764706,28.761765,32.895294
115,0.39215687,29.307255,30.608038
115,0.40784314,30.04549,28.341959
115,0.42352942,31.07059,26.339998
115,0.4392157,32.152744,24.690393
115,0.45490196,33.158432,23.461763
115,0.47058824,34.188236,22.621763
115,0.4862745,35.020393,21.934706
115,0.5019608,35.877453,21.384314
115,0.5176471,36.556473,20.99941
115,0.53333336,37.233334,20.683332
115,0.54901963,37.780197,20.42196
115,0.5647059,38.435883,20.142353
115,0.5803922,39.38706,19.91843
115,0.59607846,40.453724,19.717844
115,0.6117647,41.722355,19.63
115,0.627451,43.233532,19.729805
115,0.6431373,44.917843,20.015099
115,0.65882355,46.597057,20.548235
115,0.6745098,48.126274,21.184118
115,0.6901961,49.625492,22.012747
115,0.7058824,51.134705,22.855883
115,0.72156864,52.690784,23.825098
115,0.7372549,54.18314,24.8951
115,0.7529412,55.838238,25.938824
115,0.76862746,57.65333,27.082548
115,0.78431374,59.56255,28.166275
115,0.8,61.770004,29.330002
115,0.8156863,64.15019,30.382353
115,0.83137256,66.60863,31.514706
115,0.84705883,69.42294,32.521175
115,0.8627451,72.19275,33.62039
115,0.8784314,75.145294,34.82549
115,0.89411765,78.132355,36.000587
115,0.9098039,81.17902,37.185688
115,0.9254902,84.27745,38.411762
115,0.9411765,87.38588,39.678234
115,0.95686275,90.51431,40.98098
115,0.972549,93.70784,42.311176
115,0.9882353,96.977646,43.677647
116,0.0,17.91,2.34
116,0.015686275,19.222746,3.2519608
116,0.03137255,20.515882,4.183922
116,0.047058824,21.788235,5.1464705
116,0.0627451,23.020197,6.1494117
116,0.078431375,24.202745,7.200784
116,0.09411765,25.355293,8.264118
116,0.10980392,26.46647,9.306471
116,0.1254902,27.538824,10.327255
116,0.14117648,28.631176,11.3294115
116,0.15686275,29.77549,12.341569
116,0.17254902,31.010197,13.365883
116,0.1882353,32.305294,14.365883
116,0.20392157,33.668236,15.29549
116,0.21960784,35.09667,16.154707
116,0.23529412,36.62,16.95647
116,0.2509804,38.120197,17.67196
116,0.26666668,39.486668,18.26
116,0.28235295,40.725883,18.747646
116,0.29803923,41.854706,19.164902
116,0.3137255,42.839214,19.525686
116,0.32941177,43.672943,19.842354
116,0.34509805,44.350197,20.122942
116,0.36078432,44.912548,20.36353
116,0.3764706,45.348824,20.569412
116,0.39215687,45.674706,20.729803
116,0.40784314,45.945293,20.865099
116,0.42352942,46.160587,20.985294
116,0.4392157,46.31098,21.06
116,0.45490196,46.441372,21.125687
116,0.47058824,46.627647,21.215883
116,0.4862745,46.878235,21.342157
116,0.5019608,47.168823,21.49255
116,0.5176471,47.532352,21.699411
116,0.53333336,47.973335,21.960001
116,0.54901963,48.48118,22.270588
116,0.5647059,49.059414,22.645294
116,0.5803922,49.70804,23.076275
116,0.59607846,50.409607,23.547255
116,0.6117647,51.198826,24.085882
116,0.627451,52.088432,24.684902
116,0.6431373,53.11647,25.374313
116,0.65882355,54.26706,26.105883
116,0.6745098,55.47804,26.85745
116,0.6901961,56.729412,27.59902
116,0.7058824,58.042355,28.301765
116,0.72156864,59.453335,28.982157
116,0.7372549,60.95667,29.595295
116,0.7529412,62.568825,30.165882
116,0.76862746,64.27255,30.727648
116,0.78431374,66.10588,31.348627
116,0.8,68.06,32.06
116,0.8156863,70.11451,32.851765
116,0.83137256,72.24941,33.723923
116,0.84705883,74.454704,34.66647
116,0.8627451,76.76039,35.679413
116,0.8784314,79.136475,36.731766
116,0.89411765,81.551765,37.814117
116,0.9098039,84.00706,38.896473
116,0.9254902,86.515495,40.000393
116,0.9411765,89.111176,41.14294
116,0.95686275,91.788826,42.325493
116,0.972549,94.52686,43.510197
116,0.9882353,97.34294,44.70059
117,0.0,99.31,51.44
117,0.015686275,98.9151,51.27255
117,0.03137255,98.5451,51.11255
117,0.047058824,98.33882,51.028824
117,0.0627451,98.28,50.99
117,0.078431375,98.26,50.98
117,0.09411765,98.24,50.97
117,0.10980392,98.23,50.96
117,0.1254902,98.22,50.95
117,0.14117648,98.24,50.97
117,0.15686275,98.25,50.98
117,0.17254902,98.27,50.99
117,0.1882353,98.27,50.99
117,0.20392157,98.23,50.97
117,0.21960784,98.115685,50.93
117,0.23529412,97.86235,50.834118
117,0.2509804,97.38196,50.610783
117,0.26666668,96.62666,50.236668
117,0.28235295,95.67647,49.754704
117,0.29803923,94.592155,49.19608
117,0.3137255,93.35588,48.542942
117,0.32941177,91.98294,47.83235
117,0.34509805,90.46255,47.046272
117,0.36078432,88.82471,46.220196
117,0.3764706,87.21824,45.41412
117,0.39215687,85.64608,44.63804
117,0.40784314,84.06392,43.898823
117,0.42352942,82.46176,43.22647
117,0.4392157,80.83961,42.59843
117,0.45490196,79.21745,42.029804
117,0.47058824,77.58353,41.491177
117,0.4862745,75.95313,40.99804
117,0.5019608,74.36098,40.56235
117,0.5176471,72.79882,40.181175
117,0.53333336,71.26667,39.86
117,0.54901963,69.7449,39.579216
117,0.5647059,68.24647,39.351765
117,0.5803922,66.84588,39.154312
117,0.59607846,65.58275,39.00843
117,0.6117647,64.41706,38.894707
117,0.627451,63.279804,38.830982
117,0.6431373,62.245293,38.83
117,0.65882355,61.185295,38.89647
117,0.6745098,60.07804,39.040394
117,0.6901961,58.936863,39.311764
117,0.7058824,57.63059,39.788235
117,0.72156864,56.08941,40.52961
117,0.7372549,54.40353,41.430786
117,0.7529412,52.688824,42.389412
117,0.76862746,50.909214,43.39294
117,0.78431374,49.099606,44.396473
117,0.8,47.329998,45.36
117,0.8156863,45.544117,46.31353
117,0.83137256,43.770786,47.269608
117,0.84705883,42.072353,48.229412
117,0.8627451,40.391373,49.28902
117,0.8784314,38.72059,50.54353
117,0.89411765,37.09706,52.010586
117,0.9098039,35.524902,53.707253
117,0.9254902,34.00255,55.66647
117,0.9411765,32.534115,57.83059
117,0.95686275,31.055685,60.20961
117,0.972549,29.536276,62.803528
117,0.9882353,27.964119,65.53294
118,0.0,21.22,66.88
118,0.015686275,21.494705,66.28941
118,0.03137255,21.769411,65.69882
118,0.047058824,22.037647,65.11471
118,0.0627451,22.308823,64.52294
118,0.078431375,22.569412,63.931175
118,0.09411765,22.825294,63.34647
118,0.10980392,23.07294,62.765884
118,0.1254902,23.317646,62.175297
118,0.14117648,23.582352,61.564117
118,0.15686275,23.84706,60.942352
118,0.17254902,24.114706,60.307648
118,0.1882353,24.400589,59.644707
118,0.20392157,24.69647,58.96647
118,0.21960784,25.012354,58.255882
118,0.23529412,25.345882,57.500587
118,0.2509804,25.692942,56.715294
118,0.26666668,26.050001,55.899998
118,0.28235295,26.417059,55.06353
118,0.29803923,26.784119,54.194706
118,0.3137255,27.137648,53.31059
118,0.32941177,27.48353,52.39941
118,0.34509805,27.815294,51.451763
118,0.36078432,28.115294,50.47706
118,0.3764706,28.382942,49.478233
118,0.39215687,28.597647,48.45
118,0.40784314,28.751177,47.41941
118,0.42352942,28.86353,46.358234
118,0.4392157,28.932941,45.277058
118,0.45490196,28.96,44.155884
118,0.47058824,28.95,42.999413
118,0.4862745,28.91353,41.81059
118,0.5019608,28.852352,40.59706
118,0.5176471,28.772352,39.363533
118,0.53333336,28.68,38.11
118,0.54901963,28.578823,36.835297
118,0.5647059,28.475294,35.55059
118,0.5803922,28.352942,34.242355
118,0.59607846,28.220589,32.91647
118,0.6117647,28.072353,31.580587
118,0.627451,27.898823,30.217646
118,0.6431373,27.695293,28.840588
118,0.65882355,27.452353,27.45294
118,0.6745098,27.157059,26.057056
118,0.6901961,26.817646,24.691175
118,0.7058824,26.40941,23.345293
118,0.72156864,25.922941,21.99941
118,0.7372549,25.367058,20.673529
118,0.7529412,24.718822,19.364117
118,0.76862746,24.000587,18.09706
118,0.78431374,23.19647,16.853529
118,0.8,22.32,15.66
118,0.8156863,21.35,14.487647
118,0.83137256,20.297647,13.3252945
118,0.84705883,19.142942,12.182941
118,0.8627451,17.896471,11.055295
118,0.8784314,16.57059,9.954119
118,0.89411765,15.16059,8.862943
118,0.9098039,13.682355,7.780001
118,0.9254902,12.125297,6.70059
118,0.9411765,10.47412,5.609413
118,0.95686275,8.75059,4.4982367
118,0.972549,6.974707,3.3741183
118,0.9882353,5.1623535,2.241765
119,0.0,17.91,2.41
119,0.015686275,19.06157,3.226471
119,0.03137255,20.213139,4.055491
119,0.047058824,21.334707,4.8794127
119,0.0627451,22.381178,5.6858835
119,0.078431375,23.3751,6.4723544
119,0.09411765,24.33412,7.266472
119,0.10980392,25.313137,8.0752945
119,0.1254902,26.292156,8.891765
119,0.14117648,27.261177,9.708236
119,0.15686275,28.252941,10.547451
119,0.17254902,29.287256,11.429216
119,0.1882353,30.368824,12.348236
119,0.20392157,31.490395,13.255688
119,0.21960784,32.61196,14.070589
119,0.23529412,33.767647,14.812942
119,0.2509804,34.9451,15.472745
119,0.26666668,36.076668,16.023333
119,0.28235295,37.112354,16.474707
119,0.29803923,38.061375,16.836863
119,0.3137255,38.9149,17.11647
119,0.32941177,39.66412,17.335295
119,0.34509805,40.268234,17.506079
119,0.36078432,40.77157,17.638628
119,0.3764706,41.23353,17.761177
119,0.39215687,41.704315,17.906862
119,0.40784314,42.115685,18.053137
119,0.42352942,42.55647,18.208824
119,0.4392157,43.069805,18.407059
119,0.45490196,43.673725,18.64392
119,0.47058824,44.335884,18.904707
119,0.4862745,45.050587,19.218039
119,0.5019608,45.847843,19.593922
119,0.5176471,46.707645,20.025293
119,0.53333336,47.583332,20.5
119,0.54901963,48.44608,20.997646
119,0.5647059,49.298824,21.515295
119,0.5803922,50.15157,22.065098
119,0.59607846,51.042747,22.687452
119,0.6117647,51.991764,23.382353
119,0.627451,52.981762,24.128822
119,0.6431373,54.04431,24.915293
119,0.65882355,55.17941,25.731764
119,0.6745098,56.417057,26.568039
119,0.6901961,57.747253,27.400784
119,0.7058824,59.202354,28.24353
119,0.72156864,60.80255,29.096275
119,0.7372549,62.52294,29.939018
119,0.7529412,64.32588,30.770588
119,0.76862746,66.15647,31.547058
119,0.78431374,68.03196,32.309803
119,0.8,69.97,33.06
119,0.8156863,71.96059,33.832745
119,0.83137256,74.02118,34.625492
119,0.84705883,76.121765,35.449413
119,0.8627451,78.28255,36.310978
119,0.8784314,80.49568,37.213722
119,0.89411765,82.76882,38.154118
119,0.9098039,85.0998,39.113136
119,0.9254902,87.45529,40.062157
119,0.9411765,89.83118,41.004704
119,0.95686275,92.23686,41.950195
119,0.972549,94.65255,42.928234
119,0.9882353,97.16882,43.993526
120,0.0,21.35,66.5
120,0.015686275,21.698824,65.69941
120,0.03137255,22.037647,64.89882
120,0.047058824,22.38647,64.10823
120,0.0627451,22.741177,63.297646
120,0.078431375,23.106472,62.474705
120,0.09411765,23.491766,61.617645
120,0.10980392,23.87706,60.745293
120,0.1254902,24.282352,59.861763
120,0.14117648,24.687647,58.958237
120,0.15686275,25.102942,58.054707
120,0.17254902,25.518236,57.14
120,0.1882353,25.93353,56.207645
120,0.20392157,26.348825,55.26
120,0.21960784,26.74412,54.299995
120,0.23529412,27.119413,53.329998
120,0.2509804,27.451178,52.36
120,0.26666668,27.75,51.39
120,0.28235295,28.005882,50.41353
120,0.29803923,28.228825,49.42706
120,0.3137255,28.418236,48.430588
120,0.32941177,28.587648,47.418232
120,0.34509805,28.724707,46.39529
120,0.36078432,28.837646,45.36117
120,0.3764706,28.935295,44.31941
120,0.39215687,29.011765,43.266468
120,0.40784314,29.068235,42.193527
120,0.42352942,29.114706,41.110588
120,0.4392157,29.141176,40.00647
120,0.45490196,29.16,38.88706
120,0.47058824,29.16,37.747643
120,0.4862745,29.149412,36.597645
120,0.5019608,29.112942,35.42176
120,0.5176471,29.05294,34.22588
120,0.53333336,28.97,33.02
120,0.54901963,28.850588,31.804117
120,0.5647059,28.701176,30.585293
120,0.5803922,28.511765,29.362938
120,0.59607846,28.270588,28.150585
120,0.6117647,27.995882,26.940584
120,0.627451,27.667057,25.744701
120,0.6431373,27.29294,24.55882
120,0.65882355,26.865883,23.38294
120,0.6745098,26.395882,22.207058
120,0.6901961,25.86294,21.031176
120,0.7058824,25.287058,19.865292
120,0.72156864,24.655882,18.70941
120,0.7372549,23.970587,17.571762
120,0.7529412,23.24235,16.45882
120,0.76862746,22.461174,15.375879
120,0.78431374,21.627058,14.306469
120,0.8,20.74,13.26
120,0.8156863,19.79353,12.243528
120,0.83137256,18.774117,11.237058
120,0.84705883,17.681763,10.259998
120,0.8627451,16.54235,9.305881
120,0.8784314,15.348231,8.379997
120,0.89411765,14.105879,7.4688206
120,0.9098039,12.818233,6.5805864
120,0.9254902,11.487646,5.6935287
120,0.9411765,10.112352,4.808235
120,0.95686275,8.692351,3.914705
120,0.972549,7.2605863,3.0111752
120,0.9882353,5.8311734,2.117645
121,0.0,21.01,66.39
121,0.015686275,21.707647,64.86471
121,0.03137255,22.405294,63.33941
121,0.047058824,23.108236,61.814117
121,0.0627451,23.82059,60.288822
121,0.078431375,24.52706,58.79353
121,0.09411765,25.186472,57.387646
121,0.10980392,25.815884,55.998234
121,0.1254902,26.379412,54.745293
121,0.14117648,26.836472,53.72294
121,0.15686275,27.18706,52.91353
121,0.17254902,27.461176,52.277645
121,0.1882353,27.638824,51.853527
121,0.20392157,27.747059,51.59294
121,0.21960784,27.815294,51.429413
121,0.23529412,27.84,51.34647
121,0.2509804,27.85,51.32
121,0.26666668,27.85,51.32
121,0.28235295,27.86,51.32
121,0.29803923,27.86,51.33
121,0.3137255,27.86,51.33
121,0.32941177,27.86,51.33
121,0.34509805,27.86,51.33
121,0.36078432,27.86,51.33
121,0.3764706,27.86,51.33
121,0.39215687,27.86,51.33
121,0.40784314,27.86,51.33
121,0.42352942,27.86,51.32765
121,0.4392157,27.87,51.31
121,0.45490196,27.88,51.26
121,0.47058824,27.88,51.21
121,0.4862745,27.89,51.21
121,0.5019608,27.91,51.196472
121,0.5176471,27.961765,51.088234
121,0.53333336,28.07,50.829998
121,0.54901963,28.264706,50.330585
121,0.5647059,28.549412,49.588234
121,0.5803922,28.904118,48.538235
121,0.59607846,29.215883,47.241764
121,0.6117647,29.371176,45.75235
121,0.627451,29.380589,44.059998
121,0.6431373,29.302353,42.307648
121,0.65882355,29.204117,40.52588
121,0.6745098,29.095882,38.69
121,0.6901961,28.987646,36.859997
121,0.7058824,28.878822,35.060585
121,0.72156864,28.742353,33.27
121,0.7372549,28.585882,31.439999
121,0.7529412,28.379412,29.579998
121,0.76862746,28.109411,27.69647
121,0.78431374,27.74294,25.788233
121,0.8,27.26,23.88
121,0.8156863,26.612352,22.009998
121,0.83137256,25.741764,20.093527
121,0.84705883,24.658236,18.21
121,0.8627451,23.384705,16.347055
121,0.8784314,21.922352,14.509999
121,0.89411765,20.229998,12.71941
121,0.9098039,18.287056,10.987644
121,0.9254902,16.08647,9.321764
121,0.9411765,13.699409,7.712351
121,0.95686275,11.215881,6.1647053
121,0.972549,8.66588,4.6317635
121,0.9882353,6.0294075,3.0776443
122,0.0,18.27,2.56
122,0.015686275,19.29706,3.271373
122,0.03137255,20.32412,3.992746
122,0.047058824,21.311178,4.704119
122,0.0627451,22.216864,5.375491
122,0.078431375,23.04647,6.036863
122,0.09411765,23.818235,6.664706
122,0.10980392,24.51961,7.2447066
122,0.1254902,25.159609,7.788236
122,0.14117648,25.741766,8.276471
122,0.15686275,26.256079,8.716079
122,0.17254902,26.702549,9.10255
122,0.1882353,27.038235,9.391177
122,0.20392157,27.302942,9.641961
122,0.21960784,27.574705,9.8847065
122,0.23529412,27.86647,10.14647
122,0.2509804,28.148235,10.398235
122,0.26666668,28.466667,10.68
122,0.28235295,28.89353,11.062942
122,0.29803923,29.42706,11.537059
122,0.3137255,30.03745,12.07902
122,0.32941177,30.708824,12.65647
122,0.34509805,31.426472,13.270197
122,0.36078432,32.241962,13.92157
122,0.3764706,33.115295,14.582941
122,0.39215687,34.03843,15.2262745
122,0.40784314,35.001568,15.823726
122,0.42352942,36.000587,16.395294
122,0.4392157,37.037647,16.958628
122,0.45490196,38.124706,17.522352
122,0.47058824,39.217056,18.093529
122,0.4862745,40.33039,18.66098
122,0.5019608,41.476864,19.248432
122,0.5176471,42.671177,19.845882
122,0.53333336,43.899998,20.466667
122,0.54901963,45.168823,21.110785
122,0.5647059,46.49882,21.809412
122,0.5803922,47.876667,22.545883
122,0.59607846,49.293335,23.320196
122,0.6117647,50.76,24.129412
122,0.627451,52.29039,24.978626
122,0.6431373,53.9049,25.877842
122,0.65882355,55.564117,26.781765
122,0.6745098,57.203922,27.656275
122,0.6901961,58.82843,28.485489
122,0.7058824,60.452938,29.284704
122,0.72156864,62.128235,30.05353
122,0.7372549,63.884903,30.808825
122,0.7529412,65.69118,31.544117
122,0.76862746,67.537445,32.26941
122,0.78431374,69.4298,32.994705
122,0.8,71.34,33.73
122,0.8156863,73.30019,34.485294
122,0.83137256,75.31824,35.288433
122,0.84705883,77.45588,36.14941
122,0.8627451,79.69353,37.072548
122,0.8784314,81.98941,38.055294
122,0.89411765,84.30529,39.075882
122,0.9098039,86.60863,40.12686
122,0.9254902,88.92843,41.20784
122,0.9411765,91.28352,42.288822
122,0.95686275,93.68647,43.349804
122,0.972549,96.09098,44.44392
122,0.9882353,98.507645,45.524704
123,0.0,99.47,50.56
123,0.015686275,98.2249,50.03314
123,0.03137255,96.954315,49.486275
123,0.047058824,95.44235,48.825294
123,0.0627451,93.64667,48.03608
123,0.078431375,91.73333,47.19196
123,0.09411765,89.86,46.36235
123,0.10980392,87.986664,45.523136
123,0.1254902,86.113335,44.71314
123,0.14117648,84.229996,43.93353
123,0.15686275,82.32667,43.16392
123,0.17254902,80.45333,42.429413
123,0.1882353,78.596466,41.721176
123,0.20392157,76.81451,41.090782
123,0.21960784,75.19098,40.583138
123,0.23529412,73.672356,40.168236
123,0.2509804,72.33843,39.85608
123,0.26666668,71.30666,39.626667
123,0.28235295,70.46235,39.460587
123,0.29803923,69.50922,39.30392
123,0.3137255,68.37804,39.135098
123,0.32941177,67.18294,38.982353
123,0.34509805,65.95784,38.849804
123,0.36078432,64.70117,38.768433
123,0.3764706,63.311764,38.75
123,0.39215687,61.715294,38.838627
123,0.40784314,59.95902,39.07706
123,0.42352942,58.15706,39.535294
123,0.4392157,56.385098,40.23902
123,0.45490196,54.68294,41.09843
123,0.47058824,52.99235,42.03059
123,0.4862745,51.199215,43.00294
123,0.5019608,49.415096,43.929607
123,0.5176471,47.739998,44.63706
123,0.53333336,45.923332,45.196667
123,0.54901963,44.121372,45.56608
123,0.5647059,42.32941,45.769413
123,0.5803922,40.57823,45.749214
123,0.59607846,38.899803,45.50353
123,0.6117647,37.370586,45.052353
123,0.627451,35.871372,44.395687
123,0.6431373,34.414703,43.539803
123,0.65882355,33.085884,42.49353
123,0.6745098,31.879803,41.172745
123,0.6901961,30.806862,39.533722
123,0.7058824,29.927647,37.68
123,0.72156864,29.244314,35.756668
123,0.7372549,28.75196,33.81882
123,0.7529412,28.372353,31.869999
123,0.76862746,28.048235,29.946667
123,0.78431374,27.714117,28.073332
123,0.8,27.31,26.149998
123,0.8156863,26.771765,24.175295
123,0.83137256,26.080784,22.190588
123,0.84705883,25.162941,20.125881
123,0.8627451,24.004118,18.025686
123,0.8784314,22.630785,15.946471
123,0.89411765,21.066471,13.99
123,0.9098039,19.316666,12.166273
123,0.9254902,17.280394,10.394315
123,0.9411765,14.875883,8.582354
123,0.95686275,12.186861,6.7666655
123,0.972549,9.377451,5.0335293
123,0.9882353,6.438825,3.220001
124,0.0,21.03,66.56
124,0.015686275,21.766666,64.94667
124,0.03137255,22.446667,63.423332
124,0.047058824,22.949999,62.280003
124,0.0627451,23.31,61.443333
124,0.078431375,23.543333,60.926666
124,0.09411765,23.64,60.73
124,0.10980392,23.66,60.676666
124,0.1254902,23.67,60.65
124,0.14117648,23.67,60.64
124,0.15686275,23.67,60.65
124,0.17254902,23.67,60.65
124,0.1882353,23.67,60.66
124,0.20392157,23.66,60.67
124,0.21960784,23.68,60.63
124,0.23529412,23.73,60.52
124,0.2509804,23.81,60.333332
124,0.26666668,23.916666,60.086666
124,0.28235295,24.01,59.89
124,0.29803923,24.083334,59.756668
124,0.3137255,24.166666,59.586666
124,0.32941177,24.26,59.35
124,0.34509805,24.373333,59.06333
124,0.36078432,24.516666,58.71
124,0.3764706,24.710001,58.26
124,0.39215687,24.966667,57.663334
124,0.40784314,25.283333,56.93
124,0.42352942,25.67,56.03
124,0.4392157,26.123333,54.92
124,0.45490196,26.616667,53.76
124,0.47058824,27.14,52.53
124,0.4862745,27.62,51.396667
124,0.5019608,27.953333,50.51
124,0.5176471,28.18,49.86
124,0.53333336,28.273333,49.556667
124,0.54901963,28.3,49.48
124,0.5647059,28.32,49.46
124,0.5803922,28.32,49.44
124,0.59607846,28.33,49.43
124,0.6117647,28.34,49.41
124,0.627451,28.34,49.4
124,0.6431373,28.33,49.43
124,0.65882355,28.32,49.48
124,0.6745098,28.39,49.373333
124,0.6901961,28.543333,48.91
124,0.7058824,28.81,47.84
124,0.72156864,29.136667,46.256664
124,0.7372549,29.413334,44.36333
124,0.7529412,29.59,42.14
124,0.76862746,29.65,39.696663
124,0.78431374,29.583334,37.06
124,0.8,29.38,34.319996
124,0.8156863,29.01,31.589998
124,0.83137256,28.446667,28.78333
124,0.84705883,27.64,25.849998
124,0.8627451,26.539999,22.906666
124,0.8784314,25.156666,20.039997
124,0.89411765,23.43,17.29
124,0.9098039,21.373331,14.646664
124,0.9254902,18.973333,12.123333
124,0.9411765,16.299995,9.749997
124,0.95686275,13.396666,7.5466657
124,0.972549,10.319997,5.439998
124,0.9882353,7.069998,3.3699985
125,0.0,18.9,2.5
125,0.015686275,19.328825,2.8190205
125,0.03137255,19.767256,3.1284318
125,0.047058824,20.19647,3.437647
125,0.0627451,20.634512,3.7560792
125,0.078431375,21.05412,4.0650983
125,0.09411765,21.46294,4.355294
125,0.10980392,21.871765,4.6545105
125,0.1254902,22.309021,4.9921575
125,0.14117648,22.805882,5.3711762
125,0.15686275,23.354315,5.808236
125,0.17254902,23.94059,6.2849026
125,0.1882353,24.548824,6.7835293
125,0.20392157,25.159609,7.2996087
125,0.21960784,25.76804,7.81804
125,0.23529412,26.38353,8.35647
125,0.2509804,27.028627,8.934902
125,0.26666668,27.743334,9.596667
125,0.28235295,28.547647,10.367647
125,0.29803923,29.41157,11.20157
125,0.3137255,30.34902,12.0790205
125,0.32941177,31.332352,12.950588
125,0.34509805,32.345295,13.798236
125,0.36078432,33.437843,14.635883
125,0.3764706,34.6,15.448235
125,0.39215687,35.786667,16.210981
125,0.40784314,36.988235,16.899021
125,0.42352942,38.19,17.517647
125,0.4392157,39.401176,18.076078
125,0.45490196,40.627647,18.61451
125,0.47058824,41.894115,19.14294
125,0.4862745,43.17059,19.68745
125,0.5019608,44.450787,20.24353
125,0.5176471,45.757057,20.851765
125,0.53333336,47.093334,21.513332
125,0.54901963,48.429607,22.24451
125,0.5647059,49.795883,23.035294
125,0.5803922,51.184902,23.88294
125,0.59607846,52.60353,24.753138
125,0.6117647,54.071762,25.660587
125,0.627451,55.60745,26.568039
125,0.6431373,57.2051,27.47549
125,0.65882355,58.84235,28.351175
125,0.6745098,60.517643,29.167253
125,0.6901961,62.204315,29.903727
125,0.7058824,63.91941,30.591764
125,0.72156864,65.664505,31.248823
125,0.7372549,67.42961,31.897058
125,0.7529412,69.19529,32.545883
125,0.76862746,70.9698,33.21392
125,0.78431374,72.7551,33.901962
125,0.8,74.58,34.62
125,0.8156863,76.454704,35.387646
125,0.83137256,78.37902,36.185295
125,0.84705883,80.34294,37.02294
125,0.8627451,82.32725,37.900585
125,0.8784314,84.331566,38.817253
125,0.89411765,86.3647,39.77353
125,0.9098039,88.42019,40.750782
125,0.9254902,90.50294,41.72804
125,0.9411765,92.62529,42.695293
125,0.95686275,94.68921,43.630585
125,0.972549,96.79961,44.61196
125,0.9882353,98.86941,45.57941
126,0.0,99.42,50.5
126,0.015686275,97.738235,49.757843
126,0.03137255,96.05647,49.025684
126,0.047058824,94.454704,48.30588
126,0.0627451,92.922745,47.621174
126,0.078431375,91.44843,46.95647
126,0.09411765,90.01882,46.321762
126,0.10980392,88.624115,45.71706
126,0.1254902,87.3047,45.14196
126,0.14117648,86.092354,44.621765
126,0.15686275,84.9849,44.13745
126,0.17254902,83.95039,43.704117
126,0.1882353,83.00471,43.341766
126,0.20392157,82.13509,43.02941
126,0.21960784,81.25549,42.72706
126,0.23529412,80.374115,42.414707
126,0.2509804,79.46706,42.102352
126,0.26666668,78.433334,41.76
126,0.28235295,77.244705,41.377647
126,0.29803923,75.95961,40.993725
126,0.3137255,74.62274,40.62294
126,0.32941177,73.19941,40.250587
126,0.34509805,71.75902,39.898235
126,0.36078432,70.38353,39.58588
126,0.3764706,69.054115,39.303528
126,0.39215687,67.64216,39.07745
126,0.40784314,66.06412,38.886276
126,0.42352942,64.41118,38.77
126,0.4392157,62.809216,38.75
126,0.45490196,61.344902,38.852158
126,0.47058824,59.914116,39.08059
126,0.4862745,58.324314,39.4949
126,0.5019608,56.518234,40.10902
126,0.5176471,54.60412,40.88706
126,0.53333336,52.84667,41.696667
126,0.54901963,51.07745,42.576275
126,0.5647059,49.29,43.42588
126,0.5803922,47.47333,44.164116
126,0.59607846,45.62353,44.75255
126,0.6117647,43.729412,45.131176
126,0.627451,41.815292,45.27
126,0.6431373,39.91118,45.13902
126,0.65882355,38.042942,44.715294
126,0.6745098,36.37412,44.026863
126,0.6901961,34.74235,43.033726
126,0.7058824,33.201176,41.71588
126,0.72156864,31.859804,40.12608
126,0.7372549,30.728235,38.286274
126,0.7529412,29.798824,36.159416
126,0.76862746,29.059412,33.832745
126,0.78431374,28.457256,31.393925
126,0.8,27.9,28.920002
126,0.8156863,27.287844,26.361177
126,0.83137256,26.530785,23.762356
126,0.84705883,25.58647,21.278234
126,0.8627451,24.432356,18.954317
126,0.8784314,23.018433,16.687649
126,0.89411765,21.330002,14.4911785
126,0.9098039,19.356865,12.379022
126,0.9254902,17.00941,10.327451
126,0.9411765,14.316475,8.322944
126,0.95686275,11.468236,6.368824
126,0.972549,8.605103,4.4766693
126,0.9882353,5.8052964,2.7094133
127,0.0,18.99,2.56
127,0.015686275,19.494314,2.9282355
127,0.03137255,19.994707,3.2925494
127,0.047058824,20.49294,3.6647062
127,0.0627451,20.989412,4.052942
127,0.078431375,21.511766,4.4613733
127,0.09411765,22.044119,4.895883
127,0.10980392,22.586472,5.3601966
127,0.1254902,23.143137,5.8488235
127,0.14117648,23.69353,6.3511763
127,0.15686275,24.233528,6.8635287
127,0.17254902,24.755882,7.3758817
127,0.1882353,25.268234,7.888235
127,0.20392157,25.770588,8.410588
127,0.21960784,26.282942,8.952941
127,0.23529412,26.815294,9.516471
127,0.2509804,27.367647,10.124903
127,0.26666668,27.946667,10.733334
127,0.28235295,28.551765,11.351766
127,0.29803923,29.212942,11.977452
127,0.3137255,29.940197,12.608629
127,0.32941177,30.762354,13.25706
127,0.34509805,31.669806,13.885491
127,0.36078432,32.648235,14.5039215
127,0.3764706,33.69588,15.119411
127,0.39215687,34.819607,15.740784
127,0.40784314,36.01843,16.379215
127,0.42352942,37.29235,17.044706
127,0.4392157,38.637257,17.741177
127,0.45490196,40.045296,18.457647
127,0.47058824,41.49059,19.195295
127,0.4862745,42.970394,19.949804
127,0.5019608,44.48863,20.734314
127,0.5176471,46.068237,21.559414
127,0.53333336,47.68334,22.410002
127,0.54901963,49.318436,23.28059
127,0.5647059,50.943535,24.151178
127,0.5803922,52.54863,25.031767
127,0.59607846,54.15373,25.902353
127,0.6117647,55.778824,26.762941
127,0.627451,57.43549,27.621962
127,0.6431373,59.138233,28.45451
127,0.65882355,60.90706,29.269411
127,0.6745098,62.741962,30.069609
127,0.6901961,64.61922,30.848433
127,0.7058824,66.526474,31.612942
127,0.72156864,68.42353,32.36745
127,0.7372549,70.30099,33.11196
127,0.7529412,72.18412,33.86647
127,0.76862746,74.06942,34.63098
127,0.78431374,75.94275,35.38549
127,0.8,77.810005,36.15
127,0.8156863,79.65726,36.90451
127,0.83137256,81.46844,37.65902
127,0.84705883,83.26765,38.40353
127,0.8627451,85.04471,39.14804
127,0.8784314,86.806076,39.892548
127,0.89411765,88.56706,40.64706
127,0.9098039,90.31824,41.40157
127,0.9254902,92.05941,42.15608
127,0.9411765,93.780594,42.92059
127,0.95686275,95.50177,43.6751
127,0.972549,97.20451,44.42961
127,0.9882353,98.88765,45.16412
128,0.0,98.9,51.12
128,0.015686275,97.88078,50.671764
128,0.03137255,96.861565,50.22353
128,0.047058824,95.852356,49.775295
128,0.0627451,94.87314,49.347057
128,0.078431375,93.94078,48.935688
128,0.09411765,93.05118,48.538822
128,0.10980392,92.18471,48.151962
128,0.1254902,91.348236,47.775097
128,0.14117648,90.52412,47.408237
128,0.15686275,89.73902,47.06137
128,0.17254902,88.96392,46.71451
128,0.1882353,88.18882,46.37412
128,0.20392157,87.39372,46.02863
128,0.21960784,86.579414,45.673923
128,0.23529412,85.76294,45.31706
128,0.2509804,84.92647,44.960197
128,0.26666668,84.05667,44.583332
128,0.28235295,83.15882,44.20647
128,0.29803923,82.24098,43.819607
128,0.3137255,81.30314,43.432747
128,0.32941177,80.34529,43.04706
128,0.34509805,79.34706,42.65902
128,0.36078432,78.30804,42.270588
128,0.3764706,77.265884,41.885296
128,0.39215687,76.2353,41.518433
128,0.40784314,75.23039,41.17157
128,0.42352942,74.25824,40.844707
128,0.4392157,73.28196,40.536274
128,0.45490196,72.282745,40.250786
128,0.47058824,71.242355,39.975296
128,0.4862745,70.16921,39.719803
128,0.5019608,69.071175,39.478237
128,0.5176471,67.97059,39.274117
128,0.53333336,66.88,39.09667
128,0.54901963,65.78941,38.96196
128,0.5647059,64.69882,38.870586
128,0.5803922,63.59745,38.83
128,0.59607846,62.465492,38.862156
128,0.6117647,61.34353,38.96706
128,0.627451,60.23157,39.154705
128,0.6431373,59.109608,39.4251
128,0.65882355,57.95,39.78588
128,0.6745098,56.76569,40.233135
128,0.6901961,55.573727,40.743137
128,0.7058824,54.36,41.324116
128,0.72156864,53.08353,41.95137
128,0.7372549,51.739803,42.635098
128,0.7529412,50.342354,43.35882
128,0.76862746,48.897648,44.119804
128,0.78431374,47.408825,44.9149
128,0.8,45.880005,45.739998
128,0.8156863,44.319805,46.627842
128,0.83137256,42.726864,47.58843
128,0.84705883,41.125298,48.65588
128,0.8627451,39.529217,49.85882
128,0.8784314,37.959023,51.19725
128,0.89411765,36.437057,52.68294
128,0.9098039,34.957844,54.310585
128,0.9254902,33.530396,56.065487
128,0.9411765,32.135296,57.975883
128,0.95686275,30.779219,60.008034
128,0.972549,29.468237,62.112938
128,0.9882353,28.203531,64.24412
129,0.0,17.67,2.57
129,0.015686275,18.293137,2.955882
129,0.03137255,18.907646,3.3417642
129,0.047058824,19.529411,3.7276464
129,0.0627451,20.162548,4.133528
129,0.078431375,20.805685,4.570979
129,0.09411765,21.458822,5.021176
129,0.10980392,22.121962,5.501373
129,0.1254902,22.795097,6.0060782
129,0.14117648,23.487059,6.5494113
129,0.15686275,24.214508,7.1413717
129,0.17254902,24.95196,7.7745085
129,0.1882353,25.711174,8.437646
129,0.20392157,26.47294,9.116862
129,0.21960784,27.234707,9.804315
129,0.23529412,28.00647,10.501764
129,0.2509804,28.797255,11.209215
129,0.26666668,29.603333,11.906666
129,0.28235295,30.43941,12.594116
129,0.29803923,31.295488,13.257647
129,0.3137255,32.161568,13.872745
129,0.32941177,33.048237,14.465295
129,0.34509805,33.978626,15.034118
129,0.36078432,34.958237,15.612941
129,0.3764706,36.01,16.195293
129,0.39215687,37.111176,16.790586
129,0.40784314,38.24882,17.391567
129,0.42352942,39.43294,18.014706
129,0.4392157,40.665688,18.658628
129,0.45490196,41.95196,19.336079
129,0.47058824,43.27765,20.04353
129,0.4862745,44.638233,20.774706
129,0.5019608,45.99882,21.51647
129,0.5176471,47.37941,22.268234
129,0.53333336,48.786667,23.04
129,0.54901963,50.21157,23.821766
129,0.5647059,51.651768,24.60353
129,0.5803922,53.071373,25.365294
129,0.59607846,54.47235,26.103138
129,0.6117647,55.85294,26.820587
129,0.627451,57.24353,27.51804
129,0.6431373,58.65098,28.21549
129,0.65882355,60.107063,28.922943
129,0.6745098,61.60177,29.624903
129,0.6901961,63.10549,30.317844
129,0.7058824,64.64883,31.005295
129,0.72156864,66.24078,31.702745
129,0.7372549,67.871376,32.400196
129,0.7529412,69.57059,33.107647
129,0.76862746,71.32844,33.826473
129,0.78431374,73.12922,34.568237
129,0.8,74.96,35.32
129,0.8156863,76.8351,36.081764
129,0.83137256,78.73882,36.873528
129,0.84705883,80.67118,37.678234
129,0.8627451,82.60765,38.48706
129,0.8784314,84.52706,39.288826
129,0.89411765,86.42059,40.07059
129,0.9098039,88.30569,40.862354
129,0.9254902,90.170784,41.66863
129,0.9411765,92.04588,42.504707
129,0.95686275,93.90412,43.363922
129,0.972549,95.860985,44.264317
129,0.9882353,97.761185,45.132942
130,0.0,98.92,50.75
130,0.015686275,97.41138,50.082943
130,0.03137255,95.90275,49.424904
130,0.047058824,94.437645,48.792355
130,0.0627451,93.05353,48.199802
130,0.078431375,91.62686,47.587254
130,0.09411765,90.041176,46.887646
130,0.10980392,88.356476,46.13059
130,0.1254902,86.7049,45.40353
130,0.14117648,85.081764,44.696472
130,0.15686275,83.47863,44.019413
130,0.17254902,81.89549,43.36196
130,0.1882353,80.36647,42.729412
130,0.20392157,78.837845,42.118237
130,0.21960784,77.27608,41.521175
130,0.23529412,75.69294,40.949413
130,0.2509804,74.077644,40.411373
130,0.26666668,72.38,39.913334
130,0.28235295,70.69235,39.466473
130,0.29803923,69.09608,39.09294
130,0.3137255,67.547646,38.769413
130,0.32941177,66.17824,38.53059
130,0.34509805,65.02706,38.380783
130,0.36078432,64.053925,38.296276
130,0.3764706,63.232353,38.23
130,0.39215687,62.626274,38.18
130,0.40784314,62.113724,38.15
130,0.42352942,61.64294,38.13
130,0.4392157,61.224903,38.12
130,0.45490196,60.726078,38.11
130,0.47058824,60.158237,38.11
130,0.4862745,59.43157,38.169804
130,0.5019608,58.34255,38.36294
130,0.5176471,56.93647,38.745293
130,0.53333336,55.38667,39.363335
130,0.54901963,53.850197,40.222744
130,0.5647059,52.28706,41.261177
130,0.5803922,50.720783,42.291763
130,0.59607846,49.10941,43.240982
130,0.6117647,47.415882,44.101177
130,0.627451,45.613728,44.83196
130,0.6431373,43.736668,45.359608
130,0.65882355,41.77,45.628822
130,0.6745098,39.70941,45.572155
130,0.6901961,37.648235,45.187843
130,0.7058824,35.77294,44.50941
130,0.72156864,33.998238,43.47804
130,0.7372549,32.36255,42.020588
130,0.7529412,30.948824,40.15353
130,0.76862746,29.791176,37.97039
130,0.78431374,28.89157,35.539215
130,0.8,28.230001,32.910004
130,0.8156863,27.721962,30.176275
130,0.83137256,27.273922,27.47353
130,0.84705883,26.718822,24.778822
130,0.8627451,25.915686,22.077057
130,0.8784314,24.729412,19.371374
130,0.89411765,23.174118,16.764708
130,0.9098039,21.313334,14.338628
130,0.9254902,19.18843,12.120587
130,0.9411765,16.72588,9.988822
130,0.95686275,13.802353,7.8031373
130,0.972549,10.551375,5.607453
130,0.9882353,7.132942,3.4641182
131,0.0,21.82,66.43
131,0.015686275,22.041569,65.86608
131,0.03137255,22.273138,65.293724
131,0.047058824,22.514706,64.738235
131,0.0627451,22.75941,64.18431
131,0.078431375,23.041765,63.55647
131,0.09411765,23.364117,62.79706
131,0.10980392,23.70647,61.96157
131,0.1254902,24.048824,61.12608
131,0.14117648,24.421177,60.22059
131,0.15686275,24.77353,59.3351
131,0.17254902,25.095882,58.508236
131,0.1882353,25.388823,57.76353
131,0.20392157,25.620392,57.20941
131,0.21960784,25.80098,56.82706
131,0.23529412,25.891764,56.618237
131,0.2509804,25.91,56.55
131,0.26666668,25.9,56.546665
131,0.28235295,25.914118,56.53
131,0.29803923,25.94,56.51
131,0.3137255,25.95,56.51
131,0.32941177,25.94,56.53
131,0.34509805,25.92,56.54
131,0.36078432,25.958038,56.453922
131,0.3764706,26.097647,56.15353
131,0.39215687,26.329216,55.572353
131,0.40784314,26.681175,54.68647
131,0.42352942,27.104706,53.51706
131,0.4392157,27.609804,52.04451
131,0.45490196,28.14098,50.27608
131,0.47058824,28.590588,48.36
131,0.4862745,28.908627,46.282352
131,0.5019608,29.075098,44.098236
131,0.5176471,29.034117,41.884117
131,0.53333336,28.866667,39.643333
131,0.54901963,28.682549,37.37843
131,0.5647059,28.59,35.07353
131,0.5803922,28.718039,32.739605
131,0.59607846,29.178823,30.413723
131,0.6117647,29.984707,28.13882
131,0.627451,31.1351,26.008038
131,0.6431373,32.6302,24.117645
131,0.65882355,34.480003,22.524704
131,0.6745098,36.67451,21.31647
131,0.6901961,39.114708,20.56196
131,0.7058824,41.63118,20.365294
131,0.72156864,44.075493,20.730392
131,0.7372549,46.497257,21.564903
131,0.7529412,48.872944,22.754118
131,0.76862746,51.23863,24.151176
131,0.78431374,53.70353,25.650589
131,0.8,56.300003,27.150002
131,0.8156863,59.048824,28.619413
131,0.83137256,61.989216,30.037256
131,0.84705883,65.10353,31.395884
131,0.8627451,68.3447,32.701374
131,0.8784314,71.723724,33.98314
131,0.89411765,75.22647,35.291763
131,0.9098039,78.880196,36.665882
131,0.9254902,82.62451,38.115295
131,0.9411765,86.33882,39.581764
131,0.95686275,90.04314,41.064117
131,0.972549,93.660194,42.51353
131,0.9882353,97.14353,43.902943
132,0.0,19.06,2.89
132,0.015686275,19.907646,3.4184306
132,0.03137255,20.765291,3.9568613
132,0.047058824,21.612942,4.505294
132,0.0627451,22.421371,5.054509
132,0.078431375,23.189213,5.6121554
132,0.09411765,23.908236,6.1805882
132,0.10980392,24.616274,6.7676463
132,0.1254902,25.314312,7.3758807
132,0.14117648,26.042353,8.052353
132,0.15686275,26.760391,8.740392
132,0.17254902,27.47843,9.44843
132,0.1882353,28.224117,10.194118
132,0.20392157,29.039412,10.98196
132,0.21960784,29.914312,11.817057
132,0.23529412,30.868822,12.6747055
132,0.2509804,31.88294,13.522352
132,0.26666668,32.956665,14.323332
132,0.28235295,34.09,15.054706
132,0.29803923,35.292942,15.73647
132,0.3137255,36.549408,16.374704
132,0.32941177,37.851765,16.97294
132,0.34509805,39.193726,17.55549
132,0.36078432,40.5698,18.12941
132,0.3764706,41.96588,18.717646
132,0.39215687,43.35196,19.325882
132,0.40784314,44.738037,19.994116
132,0.42352942,46.05941,20.711763
132,0.4392157,47.306667,21.489609
132,0.45490196,48.47902,22.346077
132,0.47058824,49.581764,23.301764
132,0.4862745,50.57098,24.362745
132,0.5019608,51.444706,25.513332
132,0.5176471,52.195293,26.733528
132,0.53333336,52.806667,28.0
132,0.54901963,53.26882,29.279606
132,0.5647059,53.58882,30.57588
132,0.5803922,53.75549,31.892157
132,0.59607846,53.77745,33.21843
132,0.6117647,53.632942,34.574703
132,0.627451,53.327057,35.90098
132,0.6431373,52.864315,37.18529
132,0.65882355,52.252354,38.431763
132,0.6745098,51.511177,39.626667
132,0.6901961,50.640785,40.76196
132,0.7058824,49.662354,41.837646
132,0.72156864,48.594315,42.853725
132,0.7372549,47.447453,43.80098
132,0.7529412,46.260002,44.697647
132,0.76862746,45.03294,45.554707
132,0.78431374,43.776276,46.40255
132,0.8,42.47,47.28
132,0.8156863,41.14392,48.207256
132,0.83137256,39.81745,49.19451
132,0.84705883,38.511177,50.3
132,0.8627451,37.224117,51.525883
132,0.8784314,35.947647,52.95843
132,0.89411765,34.68118,54.571762
132,0.9098039,33.434704,56.334316
132,0.9254902,32.196667,58.149216
132,0.9411765,31.056473,59.811176
132,0.95686275,29.857254,61.55314
132,0.972549,28.596666,63.64961
132,0.9882353,27.420002,65.719406
133,0.0,99.26,50.53
133,0.015686275,97.251175,49.662743
133,0.03137255,95.18804,48.741177
133,0.047058824,93.13706,47.811764
133,0.0627451,91.04608,46.91098
133,0.078431375,88.94588,46.003723
133,0.09411765,86.91706,45.106472
133,0.10980392,84.85314,44.259216
133,0.1254902,82.78941,43.439217
133,0.14117648,80.78059,42.643528
133,0.15686275,78.761765,41.90902
133,0.17254902,76.719215,41.19392
133,0.1882353,74.77588,40.58647
133,0.20392157,73.07745,40.117844
133,0.21960784,71.60784,39.68941
133,0.23529412,70.47882,39.477646
133,0.2509804,69.61843,39.34549
133,0.26666668,68.996666,39.203335
133,0.28235295,68.50471,39.14
133,0.29803923,67.9751,39.07
133,0.3137255,67.46745,38.99
133,0.32941177,66.98353,38.944706
133,0.34509805,66.45274,38.92
133,0.36078432,65.82235,38.85
133,0.3764706,65.03764,38.79
133,0.39215687,64.05078,38.726078
133,0.40784314,62.923138,38.68
133,0.42352942,61.611176,38.718235
133,0.4392157,60.1849,38.880783
133,0.45490196,58.746864,39.147648
133,0.47058824,57.248825,39.548824
133,0.4862745,55.817646,40.094315
133,0.5019608,54.401764,40.73314
133,0.5176471,52.995884,41.458237
133,0.53333336,51.493332,42.243332
133,0.54901963,49.883137,43.038433
133,0.5647059,48.25529,43.85353
133,0.5803922,46.59294,44.58882
133,0.59607846,44.788628,45.157845
133,0.6117647,42.949997,45.508236
133,0.627451,41.09333,45.65
133,0.6431373,39.246666,45.484707
133,0.65882355,37.471176,45.00647
133,0.6745098,35.791565,44.24804
133,0.6901961,34.18137,43.216076
133,0.7058824,32.648235,41.791176
133,0.72156864,31.407843,40.04333
133,0.7372549,30.450392,38.07529
133,0.7529412,29.708824,35.94941
133,0.76862746,29.127254,33.614902
133,0.78431374,28.608627,31.197449
133,0.8,28.099998,28.779997
133,0.8156863,27.549215,26.434706
133,0.83137256,26.84549,24.095097
133,0.84705883,25.895292,21.651175
133,0.8627451,24.705097,19.200193
133,0.8784314,23.248236,16.843529
133,0.89411765,21.439999,14.491176
133,0.9098039,19.373135,12.348233
133,0.9254902,16.993134,10.282154
133,0.9411765,14.384118,8.31
133,0.95686275,11.589213,6.411763
133,0.972549,8.579408,4.4229383
133,0.9882353,5.465291,2.3982332
134,0.0,18.11,2.37
134,0.015686275,18.728432,2.804314
134,0.03137255,19.336863,3.2125492
134,0.047058824,19.955296,3.6188238
134,0.0627451,20.56157,4.0150986
134,0.078431375,21.172157,4.4413733
134,0.09411765,21.790588,4.8658834
134,0.10980392,22.372746,5.2576475
134,0.1254902,22.933138,5.645883
134,0.14117648,23.49353,6.0464716
134,0.15686275,24.033531,6.4727464
134,0.17254902,24.545883,6.8890204
134,0.1882353,25.084707,7.295295
134,0.20392157,25.650589,7.721569
134,0.21960784,26.170393,8.180392
134,0.23529412,26.695883,8.665294
134,0.2509804,27.286274,9.197647
134,0.26666668,27.866667,9.756666
134,0.28235295,28.43706,10.327059
134,0.29803923,29.040195,10.950196
134,0.3137255,29.699411,11.598628
134,0.32941177,30.405884,12.2658825
134,0.34509805,31.186079,12.962354
134,0.36078432,32.01353,13.683726
134,0.3764706,32.90706,14.385295
134,0.39215687,33.88765,15.050786
134,0.40784314,34.961376,15.708237
134,0.42352942,36.09412,16.357647
134,0.4392157,37.25196,17.006079
134,0.45490196,38.455883,17.667646
134,0.47058824,39.757057,18.36294
134,0.4862745,41.141174,19.050587
134,0.5019608,42.564117,19.767057
134,0.5176471,43.99235,20.518824
134,0.53333336,45.443333,21.273333
134,0.54901963,46.904312,22.017843
134,0.5647059,48.355293,22.772352
134,0.5803922,49.776276,23.526863
134,0.59607846,51.187256,24.265882
134,0.6117647,52.628235,25.005882
134,0.627451,54.100784,25.780394
134,0.6431373,55.570198,26.564903
134,0.65882355,57.07647,27.329412
134,0.6745098,58.65353,28.093922
134,0.6901961,60.260586,28.85843
134,0.7058824,61.901173,29.614704
134,0.72156864,63.604115,30.377449
134,0.7372549,65.36314,31.13196
134,0.7529412,67.20412,31.876469
134,0.76862746,69.13333,32.64098
134,0.78431374,71.08666,33.41745
134,0.8,73.07,34.2
134,0.8156863,75.08333,34.99255
134,0.83137256,77.11275,35.795097
134,0.84705883,79.17824,36.631763
134,0.8627451,81.299805,37.49235
134,0.8784314,83.44726,38.36294
134,0.89411765,85.5947,39.23353
134,0.9098039,87.75843,40.114117
134,0.9254902,89.96823,41.019016
134,0.9411765,92.19176,41.957645
134,0.95686275,94.425285,42.926273
134,0.972549,96.67039,43.89333
134,0.9882353,98.90234,44.833527
135,0.0,21.34,66.62
135,0.015686275,21.545883,66.09941
135,0.03137255,21.747646,65.61471
135,0.047058824,21.94647,65.16706
135,0.0627451,22.12353,64.76118
135,0.078431375,22.254705,64.44118
135,0.09411765,22.365294,64.18706
135,0.10980392,22.460588,63.978825
135,0.1254902,22.53,63.86
135,0.14117648,22.57,63.79353
135,0.15686275,22.609411,63.72059
135,0.17254902,22.617647,63.69
135,0.1882353,22.61,63.7
135,0.20392157,22.61,63.7
135,0.21960784,22.6,63.72
135,0.23529412,22.59,63.73
135,0.2509804,22.59,63.73
135,0.26666668,22.59,63.73
135,0.28235295,22.61,63.69706
135,0.29803923,22.66,63.608234
135,0.3137255,22.728823,63.443527
135,0.32941177,22.82353,63.181175
135,0.34509805,22.949411,62.82647
135,0.36078432,23.132942,62.424118
135,0.3764706,23.381765,61.95588
135,0.39215687,23.600588,61.431763
135,0.40784314,23.825882,60.841763
135,0.42352942,24.068235,60.215294
135,0.4392157,24.349411,59.524117
135,0.45490196,24.666471,58.71647
135,0.47058824,25.021177,57.841175
135,0.4862745,25.405884,56.894703
135,0.5019608,25.834705,55.838234
135,0.5176471,26.319412,54.62
135,0.53333336,26.85,53.309998
135,0.54901963,27.360588,51.964115
135,0.5647059,27.845295,50.55235
135,0.5803922,28.284119,49.054707
135,0.59607846,28.64706,47.554703
135,0.6117647,28.904118,46.081177
135,0.627451,29.027647,44.56941
135,0.6431373,29.03,42.987057
135,0.65882355,28.97647,41.348824
135,0.6745098,28.89353,39.62823
135,0.6901961,28.771177,37.785294
135,0.7058824,28.615294,35.86882
135,0.72156864,28.414118,33.92706
135,0.7372549,28.185293,31.947643
135,0.7529412,27.935293,29.957056
135,0.76862746,27.619411,27.924704
135,0.78431374,27.160587,25.87529
135,0.8,26.54,23.77
135,0.8156863,25.777645,21.6847
135,0.83137256,24.811764,19.57941
135,0.84705883,23.619997,17.492937
135,0.8627451,22.254704,15.524116
135,0.8784314,20.726469,13.68235
135,0.89411765,19.046467,11.906467
135,0.9098039,17.255293,10.227058
135,0.9254902,15.41176,8.665879
135,0.9411765,13.515293,7.1905875
135,0.95686275,11.556465,5.761173
135,0.972549,9.541762,4.335293
135,0.9882353,7.4664674,2.9594097
136,0.0,99.24,50.56
136,0.015686275,97.37431,49.744904
136,0.03137255,95.541374,48.962547
136,0.047058824,93.752945,48.20471
136,0.0627451,91.93275,47.409607
136,0.078431375,90.185295,46.67137
136,0.09411765,88.45412,45.947647
136,0.10980392,86.74941,45.22392
136,0.1254902,85.12745,44.521175
136,0.14117648,83.57059,43.89118
136,0.15686275,82.179214,43.363922
136,0.17254902,80.87334,42.889412
136,0.1882353,79.73941,42.50765
136,0.20392157,78.7402,42.152943
136,0.21960784,77.829414,41.813137
136,0.23529412,77.084114,41.558235
136,0.2509804,76.380394,41.344116
136,0.26666668,75.73334,41.15333
136,0.28235295,75.18235,41.000587
136,0.29803923,74.69353,40.867844
136,0.3137255,74.23785,40.7351
136,0.32941177,73.738235,40.58235
136,0.34509805,73.278824,40.449802
136,0.36078432,72.850586,40.32843
136,0.3764706,72.38941,40.21412
136,0.39215687,71.944115,40.105686
136,0.40784314,71.541565,39.998627
136,0.42352942,71.117645,39.885883
136,0.4392157,70.67941,39.77157
136,0.45490196,70.20137,39.640392
136,0.47058824,69.68059,39.517647
136,0.4862745,69.079605,39.404903
136,0.5019608,68.390785,39.272156
136,0.5176471,67.53117,39.089413
136,0.53333336,66.53667,38.926666
136,0.54901963,65.365295,38.811962
136,0.5647059,64.11059,38.750587
136,0.5803922,62.8051,38.750786
136,0.59607846,61.396866,38.84647
136,0.6117647,59.955883,39.09765
136,0.627451,58.46706,39.46941
136,0.6431373,56.921963,39.970196
136,0.65882355,55.389412,40.561176
136,0.6745098,53.919613,41.230194
136,0.6901961,52.52255,41.94392
136,0.7058824,51.124706,42.71941
136,0.72156864,49.720394,43.514507
136,0.7372549,48.394314,44.314117
136,0.7529412,47.10412,45.13059
136,0.76862746,45.819412,45.939804
136,0.78431374,44.524708,46.77353
136,0.8,43.190002,47.64
136,0.8156863,41.79255,48.557842
136,0.83137256,40.3751,49.551174
136,0.84705883,38.971767,50.67
136,0.8627451,37.550198,51.944313
136,0.8784314,36.17961,53.344116
136,0.89411765,34.805294,54.871178
136,0.9098039,33.477062,56.500977
136,0.9254902,32.182358,58.316467
136,0.9411765,30.91,60.201176
136,0.95686275,29.64667,62.168034
136,0.972549,28.388237,64.32803
136,0.9882353,27.18,66.437645
137,0.0,99.51,50.7
137,0.015686275,97.14648,49.637062
137,0.03137255,94.869415,48.65235
137,0.047058824,92.65706,47.70118
137,0.0627451,90.55647,46.761765
137,0.078431375,88.63059,45.924118
137,0.09411765,86.71,45.14294
137,0.10980392,85.07236,44.45294
137,0.1254902,83.5953,43.844707
137,0.14117648,82.09471,43.265293
137,0.15686275,80.74529,42.754707
137,0.17254902,79.43353,42.25647
137,0.1882353,78.142944,41.74706
137,0.20392157,76.87235,41.28412
137,0.21960784,75.60177,40.90059
137,0.23529412,74.439415,40.495293
137,0.2509804,73.29471,40.147648
137,0.26666668,72.23,39.86
137,0.28235295,71.17529,39.572353
137,0.29803923,70.14412,39.33647
137,0.3137255,69.03824,39.144707
137,0.32941177,67.51706,39.00647
137,0.34509805,65.93824,38.87
137,0.36078432,64.581764,38.83
137,0.3764706,63.499413,38.85
137,0.39215687,62.65059,38.87294
137,0.40784314,61.87353,38.87
137,0.42352942,60.851765,39.027645
137,0.4392157,59.57412,39.234116
137,0.45490196,58.302944,39.58235
137,0.47058824,56.965885,39.99235
137,0.4862745,55.559414,40.53412
137,0.5019608,54.11647,41.207645
137,0.5176471,52.48824,41.97882
137,0.53333336,50.88,42.72
137,0.54901963,49.241768,43.36529
137,0.5647059,47.55,43.95059
137,0.5803922,45.845295,44.43294
137,0.59607846,44.08647,44.76059
137,0.6117647,42.240593,44.979412
137,0.627451,40.324707,44.93941
137,0.6431373,38.510002,44.635296
137,0.65882355,36.710003,44.070587
137,0.6745098,34.955883,43.14353
137,0.6901961,33.398827,42.07412
137,0.7058824,31.888824,40.594707
137,0.72156864,30.624119,38.88
137,0.7372549,29.628237,36.99706
137,0.7529412,28.970589,34.84824
137,0.76862746,28.458824,32.56706
137,0.78431374,27.93353,30.365297
137,0.8,27.41,28.02
137,0.8156863,26.718824,25.610592
137,0.83137256,25.884117,23.157648
137,0.84705883,24.905884,20.72177
137,0.8627451,23.584118,18.382353
137,0.8784314,22.050003,16.132357
137,0.89411765,20.184708,13.878824
137,0.9098039,18.084122,11.807651
137,0.9254902,15.633532,9.832942
137,0.9411765,12.870592,7.9900026
137,0.95686275,10.011767,6.071178
137,0.972549,7.0235324,4.095296
137,0.9882353,4.0235324,2.0494137
138,0.0,17.74,2.25
138,0.015686275,19.354115,3.2292135
138,0.03137255,20.870783,4.2284307
138,0.047058824,22.249996,5.247645
138,0.0627451,23.519215,6.229411
138,0.078431375,24.694704,7.1717634
138,0.09411765,25.735292,8.041763
138,0.10980392,26.71451,8.858431
138,0.1254902,27.703724,9.69392
138,0.14117648,28.619411,10.465882
138,0.15686275,29.337645,11.080391
138,0.17254902,29.933922,11.618431
138,0.1882353,30.48647,12.134117
138,0.20392157,30.965294,12.576078
138,0.21960784,31.344313,12.934314
138,0.23529412,31.661764,13.221765
138,0.2509804,31.919413,13.439608
138,0.26666668,32.13,13.613333
138,0.28235295,32.35059,13.780588
138,0.29803923,32.550785,13.950784
138,0.3137255,32.70451,14.104509
138,0.32941177,32.848236,14.258235
138,0.34509805,32.98098,14.390981
138,0.36078432,33.077843,14.467843
138,0.3764706,33.20941,14.559412
138,0.39215687,33.414707,14.744706
138,0.40784314,33.742157,15.032156
138,0.42352942,34.252354,15.431765
138,0.4392157,34.91941,15.8850975
138,0.45490196,35.729214,16.403137
138,0.47058824,36.68647,16.957058
138,0.4862745,37.751175,17.564705
138,0.5019608,38.87451,18.206863
138,0.5176471,40.027058,18.871763
138,0.53333336,41.18,19.516666
138,0.54901963,42.32294,20.131567
138,0.5647059,43.56,20.78353
138,0.5803922,44.910587,21.515293
138,0.59607846,46.344902,22.287842
138,0.6117647,47.84294,23.084118
138,0.627451,49.390194,23.899607
138,0.6431373,50.980198,24.755098
138,0.65882355,52.69941,25.628822
138,0.6745098,54.472355,26.486078
138,0.6901961,56.277058,27.331568
138,0.7058824,58.18941,28.205883
138,0.72156864,60.20353,29.082548
138,0.7372549,62.24882,29.93549
138,0.7529412,64.28412,30.74353
138,0.76862746,66.42196,31.595293
138,0.78431374,68.71412,32.54765
138,0.8,70.92,33.48
138,0.8156863,73.092155,34.40235
138,0.83137256,75.37549,35.37843
138,0.84705883,77.74824,36.408234
138,0.8627451,80.110985,37.456863
138,0.8784314,82.48373,38.54039
138,0.89411765,84.907646,39.666473
138,0.9098039,87.359215,40.79059
138,0.9254902,89.77686,41.88863
138,0.9411765,92.174706,42.964706
138,0.95686275,94.58745,44.020786
138,0.972549,97.02569,45.076862
138,0.9882353,99.378235,46.132942
139,0.0,99.39,51.08
139,0.015686275,97.02706,50.098824
139,0.03137255,94.80941,49.157646
139,0.047058824,92.71,48.23941
139,0.0627451,90.71059,47.385292
139,0.078431375,88.96471,46.640587
139,0.09411765,87.407646,46.024704
139,0.10980392,85.93411,45.33235
139,0.1254902,84.44588,44.73294
139,0.14117648,83.04411,44.115883
139,0.15686275,81.55235,43.451176
139,0.17254902,80.11647,42.82941
139,0.1882353,78.73059,42.26294
139,0.20392157,77.357056,41.752354
139,0.21960784,76.05529,41.348824
139,0.23529412,74.71823,40.931175
139,0.2509804,73.36176,40.57294
139,0.26666668,71.97,40.25
139,0.28235295,70.65588,39.964706
139,0.29803923,69.42647,39.71412
139,0.3137255,68.19059,39.51706
139,0.32941177,66.994705,39.319412
139,0.34509805,65.82588,39.171764
139,0.36078432,64.707054,39.024117
139,0.3764706,63.601765,39.0
139,0.39215687,62.609413,38.96
139,0.40784314,61.550587,38.998825
139,0.42352942,60.395294,39.16294
139,0.4392157,59.090588,39.488235
139,0.45490196,57.597057,39.97059
139,0.47058824,55.90882,40.785885
139,0.4862745,54.194115,41.76353
139,0.5019608,52.289997,42.87706
139,0.5176471,50.42235,44.051178
139,0.53333336,48.269997,45.06
139,0.54901963,46.06235,45.938236
139,0.5647059,43.84941,46.390587
139,0.5803922,41.577057,46.51706
139,0.59607846,39.288235,46.408234
139,0.6117647,37.081764,45.868824
139,0.627451,35.171764,45.04706
139,0.6431373,33.384117,43.921177
139,0.65882355,31.875881,42.414703
139,0.6745098,30.670588,40.797646
139,0.6901961,29.734705,39.066467
139,0.7058824,29.029411,37.129997
139,0.72156864,28.534706,35.10823
139,0.7372549,28.281176,32.961174
139,0.7529412,28.005882,30.80588
139,0.76862746,27.820587,28.510586
139,0.78431374,27.510588,26.21294
139,0.8,26.95,23.77
139,0.8156863,26.083529,21.447058
139,0.83137256,24.881763,19.14941
139,0.84705883,23.458822,17.037058
139,0.8627451,21.721174,14.960587
139,0.8784314,19.898233,13.088233
139,0.89411765,17.939997,11.321763
139,0.9098039,15.846468,9.674115
139,0.9254902,13.637644,8.13588
139,0.9411765,11.353526,6.7441154
139,0.95686275,8.897644,5.275881
139,0.972549,6.28941,3.7123518
139,0.9882353,3.7111757,2.1270583
140,0.0,21.4,66.64
140,0.015686275,21.746078,65.79863
140,0.03137255,22.132158,64.937256
140,0.047058824,22.578236,64.055885
140,0.0627451,23.051178,63.117645
140,0.078431375,23.53647,62.060978
140,0.09411765,23.996471,60.991177
140,0.10980392,24.43706,59.96588
140,0.1254902,24.858627,59.005295
140,0.14117648,25.264706,58.084705
140,0.15686275,25.670786,57.144115
140,0.17254902,26.066862,56.192158
140,0.1882353,26.452942,55.24353
140,0.20392157,26.82902,54.37196
140,0.21960784,27.146078,53.598824
140,0.23529412,27.414705,52.914116
140,0.2509804,27.644901,52.31784
140,0.26666668,27.833334,51.81
140,0.28235295,27.981766,51.39647
140,0.29803923,28.100197,51.054707
140,0.3137255,28.208628,50.772743
140,0.32941177,28.307058,50.50941
140,0.34509805,28.382746,50.291763
140,0.36078432,28.44,50.17804
140,0.3764706,28.47,50.148823
140,0.39215687,28.480392,50.109608
140,0.40784314,28.489609,50.040783
140,0.42352942,28.5,49.942352
140,0.4392157,28.53,49.84392
140,0.45490196,28.55,49.73549
140,0.47058824,28.60647,49.56059
140,0.4862745,28.721373,49.251568
140,0.5019608,28.879805,48.760784
140,0.5176471,29.058235,47.994705
140,0.53333336,29.24,47.036667
140,0.54901963,29.425098,46.004314
140,0.5647059,29.581764,44.87353
140,0.5803922,29.68098,43.654316
140,0.59607846,29.73,42.316467
140,0.6117647,29.71,40.88059
140,0.627451,29.69,39.38745
140,0.6431373,29.68,37.823135
140,0.65882355,29.64294,36.181767
140,0.6745098,29.543726,34.471962
140,0.6901961,29.38353,32.709217
140,0.7058824,29.165882,30.921766
140,0.72156864,28.898235,29.129803
140,0.7372549,28.564314,27.307844
140,0.7529412,28.145884,25.485884
140,0.76862746,27.59745,23.62392
140,0.78431374,26.882158,21.781963
140,0.8,26.0,19.970001
140,0.8156863,24.99098,18.23647
140,0.83137256,23.863531,16.582945
140,0.84705883,22.58,14.889413
140,0.8627451,21.223333,13.272746
140,0.8784314,19.794512,11.8005905
140,0.89411765,18.193531,10.354707
140,0.9098039,16.440786,8.933335
140,0.9254902,14.624316,7.6003942
140,0.9411765,12.769412,6.3429413
140,0.95686275,10.836082,5.0754924
140,0.972549,8.834316,3.7980409
140,0.9882353,6.7441177,2.51
141,0.0,99.45,51.78
141,0.015686275,97.73118,51.044704
141,0.03137255,96.138824,50.34941
141,0.047058824,94.68823,49.69412
141,0.0627451,93.35294,49.07647
141,0.078431375,92.13824,48.527645
141,0.09411765,91.00588,48.011177
141,0.10980392,89.863525,47.494705
141,0.1254902,88.74647,46.978233
141,0.14117648,87.64353,46.451763
141,0.15686275,86.54059,45.905293
141,0.17254902,85.42412,45.368824
141,0.1882353,84.284706,44.842354
141,0.20392157,83.14176,44.318233
141,0.21960784,82.02706,43.819412
141,0.23529412,80.93588,43.334118
141,0.2509804,79.85235,42.86647
141,0.26666668,78.77,42.41
141,0.28235295,77.76647,42.002354
141,0.29803923,76.84177,41.644707
141,0.3137255,75.96764,41.31706
141,0.32941177,75.113525,41.01706
141,0.34509805,74.32353,40.758823
141,0.36078432,73.588234,40.53706
141,0.3764706,72.88294,40.338234
141,0.39215687,72.17294,40.159412
141,0.40784314,71.492355,39.985294
141,0.42352942,70.84118,39.831764
141,0.4392157,70.20529,39.69294
141,0.45490196,69.56941,39.55706
141,0.47058824,68.94353,39.427647
141,0.4862745,68.28588,39.30647
141,0.5019608,67.59059,39.188824
141,0.5176471,66.88588,39.089413
141,0.53333336,66.18,39.01
141,0.54901963,65.46471,38.94059
141,0.5647059,64.76941,38.88
141,0.5803922,64.102356,38.821766
141,0.59607846,63.388824,38.772354
141,0.6117647,62.67647,38.75
141,0.627451,61.848824,38.76
141,0.6431373,60.839413,38.815884
141,0.65882355,59.685883,38.960587
141,0.6745098,58.389412,39.228825
141,0.6901961,57.018234,39.620586
141,0.7058824,55.64706,40.101177
141,0.72156864,54.21294,40.680588
141,0.7372549,52.722355,41.328823
141,0.7529412,51.188236,42.03588
141,0.76862746,49.60882,42.81059
141,0.78431374,47.999413,43.655884
141,0.8,46.33,44.59
141,0.8156863,44.591766,45.61294
141,0.83137256,42.842354,46.744705
141,0.84705883,41.10353,47.99353
141,0.8627451,39.394707,49.354706
141,0.8784314,37.79,50.79
141,0.89411765,36.27,52.332943
141,0.9098039,34.795883,54.10353
141,0.9254902,33.410587,56.071766
141,0.9411765,32.04941,58.18765
141,0.95686275,30.654118,60.45706
141,0.972549,29.22,62.865295
141,0.9882353,27.71,65.42824
142,0.0,17.52,2.45
142,0.015686275,18.905294,3.3282354
142,0.03137255,20.098824,4.125882
142,0.047058824,21.12647,4.8429413
142,0.0627451,22.012941,5.489412
142,0.078431375,22.778236,6.0552945
142,0.09411765,23.402353,6.520588
142,0.10980392,23.885294,6.9052944
142,0.1254902,24.269411,7.2094116
142,0.14117648,24.550589,7.442941
142,0.15686275,24.768824,7.625882
142,0.17254902,24.974707,7.786471
142,0.1882353,25.180588,7.950588
142,0.20392157,25.396471,8.137648
142,0.21960784,25.622353,8.346471
142,0.23529412,25.93706,8.607647
142,0.2509804,26.348234,8.913529
142,0.26666668,26.85,9.290001
142,0.28235295,27.387058,9.721765
142,0.29803923,27.964706,10.1941185
142,0.3137255,28.521175,10.665294
142,0.32941177,29.01706,11.075883
142,0.34509805,29.525293,11.4923525
142,0.36078432,30.052353,11.918824
142,0.3764706,30.58941,12.342353
142,0.39215687,31.106472,12.764118
142,0.40784314,31.688824,13.243529
142,0.42352942,32.382355,13.78353
142,0.4392157,33.287056,14.414117
142,0.45490196,34.332943,15.101766
142,0.47058824,35.471176,15.798234
142,0.4862745,36.710003,16.521177
142,0.5019608,38.02882,17.244116
142,0.5176471,39.414707,18.011765
142,0.53333336,40.829998,18.8
142,0.54901963,42.270588,19.552942
142,0.5647059,43.731174,20.27588
142,0.5803922,45.197647,20.998823
142,0.59607846,46.643528,21.741764
142,0.6117647,48.159412,22.531178
142,0.627451,49.737057,23.359411
142,0.6431373,51.375294,24.207647
142,0.65882355,53.054115,25.075882
142,0.6745098,54.80353,25.979412
142,0.6901961,56.61353,26.905294
142,0.7058824,58.44588,27.810589
142,0.72156864,60.288235,28.682352
142,0.7372549,62.19059,29.535883
142,0.7529412,64.20529,30.409412
142,0.76862746,66.28353,31.31294
142,0.78431374,68.37706,32.221176
142,0.8,70.48,33.13
142,0.8156863,72.63353,34.03353
142,0.83137256,74.827644,34.957645
142,0.84705883,77.07647,35.92647
142,0.8627451,79.37647,36.915295
142,0.8784314,81.73706,37.904118
142,0.89411765,84.18647,38.904705
142,0.9098039,86.65588,39.921764
142,0.9254902,89.12765,40.94294
142,0.9411765,91.632355,42.004707
142,0.95686275,94.2,43.091175
142,0.972549,96.816475,44.19353
142,0.9882353,99.37647,45.249413
143,0.0,21.29,66.93
143,0.015686275,21.773138,65.87647
143,0.03137255,22.236275,64.84294
143,0.047058824,22.679413,63.815292
143,0.0627451,23.13255,62.820393
143,0.078431375,23.575687,61.868626
143,0.09411765,23.95706,60.984116
143,0.10980392,24.281178,60.19686
143,0.1254902,24.54706,59.60588
143,0.14117648,24.762941,59.141766
143,0.15686275,24.932549,58.724903
143,0.17254902,25.069803,58.33039
143,0.1882353,25.217058,57.92235
143,0.20392157,25.374313,57.551373
143,0.21960784,25.521568,57.206863
143,0.23529412,25.689411,56.842354
143,0.2509804,25.866077,56.469803
143,0.26666668,26.093334,56.010002
143,0.28235295,26.365883,55.41765
143,0.29803923,26.661764,54.684708
143,0.3137255,26.970196,53.92706
143,0.32941177,27.304707,53.17059
143,0.34509805,27.629412,52.441566
143,0.36078432,27.915295,51.732548
143,0.3764706,28.164118,51.04059
143,0.39215687,28.371372,50.385883
143,0.40784314,28.538628,49.858433
143,0.42352942,28.682941,49.395294
143,0.4392157,28.801569,48.932156
143,0.45490196,28.890196,48.448822
143,0.47058824,28.968824,47.888233
143,0.4862745,29.03745,47.250393
143,0.5019608,29.096079,46.469215
143,0.5176471,29.105293,45.518234
143,0.53333336,29.033333,44.466667
143,0.54901963,28.896078,43.302547
143,0.5647059,28.698235,42.021175
143,0.5803922,28.462353,40.65255
143,0.59607846,28.224314,39.22451
143,0.6117647,27.997059,37.80647
143,0.627451,27.799805,36.37843
143,0.6431373,27.63255,34.980392
143,0.65882355,27.487646,33.52
143,0.6745098,27.36902,31.982351
143,0.6901961,27.260391,30.407057
143,0.7058824,27.121765,28.841763
143,0.72156864,26.936274,27.24647
143,0.7372549,26.673529,25.570194
143,0.7529412,26.309412,23.867645
143,0.76862746,25.810783,22.15784
143,0.78431374,25.14902,20.465292
143,0.8,24.349998,18.819996
143,0.8156863,23.415096,17.224703
143,0.83137256,22.29843,15.686665
143,0.84705883,20.93588,14.185881
143,0.8627451,19.477842,12.772352
143,0.8784314,18.006666,11.42294
143,0.89411765,16.428234,10.073529
143,0.9098039,14.762549,8.75451
143,0.9254902,13.058627,7.502745
143,0.9411765,11.287059,6.292941
143,0.95686275,9.40196,5.098431
143,0.972549,7.462156,3.9062738
143,0.9882353,5.5323515,2.7105873
144,0.0,99.43,51.71
144,0.015686275,97.76353,51.014706
144,0.03137255,96.16294,50.33941
144,0.047058824,94.638824,49.70353
144,0.0627451,93.24765,49.104706
144,0.078431375,91.927055,48.525883
144,0.09411765,90.62529,47.97588
144,0.10980392,89.34117,47.408234
144,0.1254902,88.07706,46.841175
144,0.14117648,86.822945,46.298824
144,0.15686275,85.57882,45.761765
144,0.17254902,84.38588,45.234116
144,0.1882353,83.25823,44.724117
144,0.20392157,82.19882,44.25353
144,0.21960784,81.21412,43.837646
144,0.23529412,80.27647,43.451763
144,0.2509804,79.378235,43.095882
144,0.26666668,78.54,42.77
144,0.28235295,77.774704,42.460587
144,0.29803923,77.05941,42.191177
144,0.3137255,76.3347,41.941177
144,0.32941177,75.638824,41.698235
144,0.34509805,74.94353,41.435295
144,0.36078432,74.268234,41.212353
144,0.3764706,73.58294,41.019413
144,0.39215687,72.88765,40.83647
144,0.40784314,72.22235,40.625294
144,0.42352942,71.55706,40.42059
144,0.4392157,70.94294,40.287647
144,0.45490196,70.288826,40.124706
144,0.47058824,69.58118,39.931763
144,0.4862745,68.91588,39.76882
144,0.5019608,68.27059,39.64294
144,0.5176471,67.6553,39.55647
144,0.53333336,67.03,39.45
144,0.54901963,66.40118,39.33353
144,0.5647059,65.72941,39.23706
144,0.5803922,64.9847,39.15059
144,0.59607846,64.15706,39.074116
144,0.6117647,63.311176,39.06
144,0.627451,62.441765,39.08
144,0.6431373,61.411766,39.12
144,0.65882355,60.24882,39.24353
144,0.6745098,59.022938,39.494705
144,0.6901961,57.724117,39.87353
144,0.7058824,56.434704,40.315884
144,0.72156864,55.208237,40.795883
144,0.7372549,53.93647,41.354706
144,0.7529412,52.64176,41.974117
144,0.76862746,51.301174,42.679413
144,0.78431374,49.90059,43.471764
144,0.8,48.41,44.38
144,0.8156863,46.743526,45.43765
144,0.83137256,44.977055,46.60824
144,0.84705883,43.151173,47.891766
144,0.8627451,41.252354,49.258236
144,0.8784314,39.355293,50.70765
144,0.89411765,37.571175,52.260002
144,0.9098039,35.8347,53.935295
144,0.9254902,34.149998,55.765297
144,0.9411765,32.54,57.839413
144,0.95686275,30.929998,60.16765
144,0.972549,29.321173,62.67177
144,0.9882353,27.749998,65.32412
145,0.0,17.96,2.48
145,0.015686275,18.325098,2.736078
145,0.03137255,18.690197,2.972157
145,0.047058824,19.035294,3.1911767
145,0.0627451,19.390392,3.4443135
145,0.078431375,19.770588,3.7403922
145,0.09411765,20.164705,4.036471
145,0.10980392,20.578823,4.3325486
145,0.1254902,21.055098,4.682941
145,0.14117648,21.599413,5.088236
145,0.15686275,22.221764,5.5513725
145,0.17254902,22.892157,6.0437245
145,0.1882353,23.534119,6.5276475
145,0.20392157,24.155294,7.010784
145,0.21960784,24.78647,7.503921
145,0.23529412,25.387648,7.997059
145,0.2509804,25.97451,8.470197
145,0.26666668,26.546667,8.933332
145,0.28235295,27.128822,9.384117
145,0.29803923,27.825098,9.922354
145,0.3137255,28.584705,10.533529
145,0.32941177,29.38294,11.184116
145,0.34509805,30.229609,11.882746
145,0.36078432,31.146862,12.61196
145,0.3764706,32.094116,13.344705
145,0.39215687,33.08235,14.070392
145,0.40784314,34.182156,14.864118
145,0.42352942,35.25294,15.6152935
145,0.4392157,36.318233,16.328037
145,0.45490196,37.43667,17.025686
145,0.47058824,38.629997,17.715881
145,0.4862745,39.862938,18.406076
145,0.5019608,41.115295,19.134903
145,0.5176471,42.377647,19.894117
145,0.53333336,43.70333,20.653332
145,0.54901963,45.11941,21.386862
145,0.5647059,46.568825,22.151764
145,0.5803922,48.05196,22.964705
145,0.59607846,49.58039,23.79294
145,0.6117647,51.15059,24.621178
145,0.627451,52.758823,25.500195
145,0.6431373,54.43529,26.38745
145,0.65882355,56.18941,27.225882
145,0.6745098,57.966076,28.036274
145,0.6901961,59.69843,28.852352
145,0.7058824,61.528824,29.710588
145,0.72156864,63.36235,30.46392
145,0.7372549,65.19588,31.169214
145,0.7529412,67.09235,31.912352
145,0.76862746,69.01294,32.70157
145,0.78431374,70.857445,33.481762
145,0.8,72.78999,34.3
145,0.8156863,74.80157,35.109215
145,0.83137256,76.85117,35.92647
145,0.84705883,78.95882,36.771763
145,0.8627451,81.06235,37.649017
145,0.8784314,83.158035,38.556274
145,0.89411765,85.28764,39.463528
145,0.9098039,87.43725,40.37078
145,0.9254902,89.59686,41.278038
145,0.9411765,91.75647,42.184116
145,0.95686275,93.85587,43.05235
145,0.972549,95.94647,43.929802
145,0.9882353,98.08529,44.84529
146,0.0,99.06,51.0
146,0.015686275,97.48353,50.294315
146,0.03137255,95.94726,49.608627
146,0.047058824,94.45589,48.948235
146,0.0627451,92.9949,48.297646
146,0.078431375,91.63412,47.68706
146,0.09411765,90.36294,47.10706
146,0.10980392,89.11176,46.571568
146,0.1254902,87.941376,46.066864
146,0.14117648,86.891174,45.61647
146,0.15686275,85.931175,45.21608
146,0.17254902,84.97922,44.851765
146,0.1882353,84.02941,44.48647
146,0.20392157,83.12981,44.114902
146,0.21960784,82.23902,43.73451
146,0.23529412,81.418236,43.40059
146,0.2509804,80.66902,43.135296
146,0.26666668,79.95333,42.88
146,0.28235295,79.28941,42.626472
146,0.29803923,78.708824,42.386276
146,0.3137255,78.130196,42.15608
146,0.32941177,77.5547,41.975883
146,0.34509805,77.00922,41.795685
146,0.36078432,76.45373,41.59549
146,0.3764706,75.918236,41.425293
146,0.39215687,75.422745,41.2651
146,0.40784314,74.897255,41.107452
146,0.42352942,74.246475,40.924706
146,0.4392157,73.530785,40.714508
146,0.45490196,72.717255,40.464314
146,0.47058824,71.83353,40.23412
146,0.4862745,70.867645,40.005882
146,0.5019608,69.941765,39.763725
146,0.5176471,69.02412,39.54353
146,0.53333336,68.153336,39.383335
146,0.54901963,67.30255,39.251568
146,0.5647059,66.441765,39.126472
146,0.5803922,65.619606,39.05
146,0.59607846,64.91765,39.0
146,0.6117647,64.35588,38.98118
146,0.627451,63.81039,38.98
146,0.6431373,63.3249,38.97
146,0.65882355,62.839413,38.96
146,0.6745098,62.19549,38.999214
146,0.6901961,61.34549,39.114315
146,0.7058824,60.315884,39.25941
146,0.72156864,59.04137,39.48353
146,0.7372549,57.545883,39.858433
146,0.7529412,55.864704,40.438236
146,0.76862746,54.083336,41.19843
146,0.78431374,52.251762,42.039215
146,0.8,50.410004,42.96
146,0.8156863,48.568233,43.97098
146,0.83137256,46.60608,45.102154
146,0.84705883,44.544117,46.35353
146,0.8627451,42.391766,47.75549
146,0.8784314,40.240196,49.337845
146,0.89411765,38.178825,51.140587
146,0.9098039,36.197647,53.153725
146,0.9254902,34.31667,55.377254
146,0.9411765,32.52,57.82118
146,0.95686275,30.835295,60.384506
146,0.972549,29.238823,63.05412
146,0.9882353,27.631178,65.911766
147,0.0,21.47,66.5
147,0.015686275,21.877647,65.615295
147,0.03137255,22.245295,64.77941
147,0.047058824,22.564707,64.02412
147,0.0627451,22.835295,63.36647
147,0.078431375,23.081177,62.807648
147,0.09411765,23.30294,62.364117
147,0.10980392,23.471766,61.97647
147,0.1254902,23.585295,61.62412
147,0.14117648,23.699411,61.325882
147,0.15686275,23.814117,61.07765
147,0.17254902,23.90353,60.839413
147,0.1882353,23.995882,60.60412
147,0.20392157,24.102352,60.385296
147,0.21960784,24.181765,60.194706
147,0.23529412,24.261177,59.987648
147,0.2509804,24.330587,59.808823
147,0.26666668,24.41,59.64
147,0.28235295,24.489412,59.471176
147,0.29803923,24.577648,59.244705
147,0.3137255,24.71647,58.868824
147,0.32941177,24.932941,58.384117
147,0.34509805,25.228235,57.74353
147,0.36078432,25.529411,57.041763
147,0.3764706,25.847647,56.29706
147,0.39215687,26.175882,55.587646
147,0.40784314,26.484118,54.882355
147,0.42352942,26.762352,54.187057
147,0.4392157,27.050589,53.515293
147,0.45490196,27.341764,52.86647
147,0.47058824,27.649412,52.108826
147,0.4862745,27.977058,51.20059
147,0.5019608,28.31353,50.165882
147,0.5176471,28.631765,49.00118
147,0.53333336,28.93,47.640003
147,0.54901963,29.138823,46.228825
147,0.5647059,29.238823,44.788826
147,0.5803922,29.241764,43.338238
147,0.59607846,29.192352,41.86
147,0.6117647,29.102942,40.312943
147,0.627451,28.977058,38.70353
147,0.6431373,28.828236,37.012356
147,0.65882355,28.67941,35.218826
147,0.6745098,28.510588,33.34118
147,0.6901961,28.291765,31.409412
147,0.7058824,28.015882,29.428823
147,0.72156864,27.668236,27.385294
147,0.7372549,27.218235,25.378235
147,0.7529412,26.637648,23.421177
147,0.76862746,25.919413,21.555294
147,0.78431374,25.05353,19.748236
147,0.8,24.02,17.98
147,0.8156863,22.848236,16.281176
147,0.83137256,21.557648,14.621177
147,0.84705883,20.18647,13.108235
147,0.8627451,18.71,11.735293
147,0.8784314,17.058823,10.394117
147,0.89411765,15.320587,9.109411
147,0.9098039,13.52647,7.8576465
147,0.9254902,11.638823,6.631176
147,0.9411765,9.67647,5.434117
147,0.95686275,7.6994104,4.222352
147,0.972549,5.7023516,2.9805872
147,0.9882353,3.7682338,1.7717638
148,0.0,17.73,2.26
148,0.015686275,18.522352,2.843529
148,0.03137255,19.304707,3.4170592
148,0.047058824,20.058235,3.9905875
148,0.0627451,20.807648,4.534118
148,0.078431375,21.532352,5.0676465
148,0.09411765,22.236471,5.60353
148,0.10980392,22.935883,6.1647058
148,0.1254902,23.651764,6.7447057
148,0.14117648,24.361177,7.311765
148,0.15686275,25.133528,7.954705
148,0.17254902,25.958237,8.651177
148,0.1882353,26.833529,9.362941
148,0.20392157,27.690588,10.082354
148,0.21960784,28.512941,10.800588
148,0.23529412,29.325294,11.511176
148,0.2509804,30.100588,12.186471
148,0.26666668,30.839998,12.829999
148,0.28235295,31.579412,13.476471
148,0.29803923,32.360588,14.1429405
148,0.3137255,33.214706,14.847059
148,0.32941177,34.194706,15.567647
148,0.34509805,35.270588,16.272352
148,0.36078432,36.364708,16.891176
148,0.3764706,37.641174,17.504705
148,0.39215687,39.07059,18.068235
148,0.40784314,40.52941,18.621765
148,0.42352942,42.037647,19.244707
148,0.4392157,43.561764,19.935883
148,0.45490196,45.126472,20.72353
148,0.47058824,46.672943,21.62706
148,0.4862745,48.061176,22.637646
148,0.5019608,49.325882,23.755884
148,0.5176471,50.448822,24.967058
148,0.53333336,51.41,26.290003
148,0.54901963,52.196472,27.721764
148,0.5647059,52.775295,29.197647
148,0.5803922,53.145294,30.666471
148,0.59607846,53.34353,32.135292
148,0.6117647,53.385296,33.59412
148,0.627451,53.257057,35.07294
148,0.6431373,52.97706,36.491177
148,0.65882355,52.588825,37.809998
148,0.6745098,52.058235,39.05
148,0.6901961,51.356472,40.250587
148,0.7058824,50.531765,41.36529
148,0.72156864,49.65647,42.404118
148,0.7372549,48.68647,43.377056
148,0.7529412,47.55,44.314117
148,0.76862746,46.265884,45.213528
148,0.78431374,44.90588,46.124706
148,0.8,43.54,47.06
148,0.8156863,42.16412,48.044117
148,0.83137256,40.768234,49.154118
148,0.84705883,39.352356,50.378822
148,0.8627451,37.94647,51.71353
148,0.8784314,36.590588,53.144115
148,0.89411765,35.27235,54.73588
148,0.9098039,33.979412,56.464706
148,0.9254902,32.64294,58.351765
148,0.9411765,31.27353,60.36118
148,0.95686275,29.95059,62.423527
148,0.972549,28.669998,64.53824
148,0.9882353,27.455296,66.588234
149,0.0,99.28,51.55
149,0.015686275,97.365295,50.687057
149,0.03137255,95.598236,49.901764
149,0.047058824,93.98882,49.197647
149,0.0627451,92.50706,48.553528
149,0.078431375,91.09882,47.92353
149,0.09411765,89.73059,47.288235
149,0.10980392,88.47588,46.70294
149,0.1254902,87.38588,46.218235
149,0.14117648,86.45353,45.831764
149,0.15686275,85.58059,45.475296
149,0.17254902,84.784706,45.135883
149,0.1882353,84.10647,44.844116
149,0.20392157,83.48647,44.58059
149,0.21960784,82.875885,44.33294
149,0.23529412,82.27059,44.085293
149,0.2509804,81.68412,43.837646
149,0.26666668,80.95,43.53
149,0.28235295,80.03941,43.162354
149,0.29803923,78.88118,42.71941
149,0.3137255,77.56529,42.224117
149,0.32941177,76.172356,41.678825
149,0.34509805,74.81294,41.16765
149,0.36078432,73.45059,40.701176
149,0.3764706,72.102356,40.294704
149,0.39215687,70.95588,39.958824
149,0.40784314,70.03353,39.711178
149,0.42352942,69.248825,39.551765
149,0.4392157,68.49765,39.44294
149,0.45490196,67.68471,39.344116
149,0.47058824,66.72235,39.235294
149,0.4862745,65.534706,39.126472
149,0.5019608,64.17412,39.05
149,0.5176471,62.63706,39.06
149,0.53333336,60.93,39.24
149,0.54901963,59.00765,39.675293
149,0.5647059,56.965294,40.345882
149,0.5803922,54.979412,41.205296
149,0.59607846,53.10588,42.207058
149,0.6117647,51.168236,43.32294
149,0.627451,49.05294,44.40059
149,0.6431373,46.76,45.31059
149,0.65882355,44.359413,45.942352
149,0.6745098,41.811176,46.18
149,0.6901961,39.22353,45.925293
149,0.7058824,36.712944,45.22059
149,0.72156864,34.33588,43.985294
149,0.7372549,32.244118,42.16941
149,0.7529412,30.608236,39.88647
149,0.76862746,29.423529,37.27529
149,0.78431374,28.574118,34.485294
149,0.8,27.98,31.61
149,0.8156863,27.513529,28.66588
149,0.83137256,26.921764,25.679413
149,0.84705883,26.034706,22.750587
149,0.8627451,24.807058,20.00941
149,0.8784314,23.21647,17.361765
149,0.89411765,21.258823,14.759999
149,0.9098039,19.171766,12.451766
149,0.9254902,16.9,10.321177
149,0.9411765,14.460587,8.358234
149,0.95686275,11.971766,6.5329423
149,0.972549,9.452941,4.8052936
149,0.9882353,7.0241175,3.205294
150,0.0,21.26,66.95
150,0.015686275,21.387648,66.67706
150,0.03137255,21.485294,66.444115
150,0.047058824,21.57294,66.251175
150,0.0627451,21.660587,66.07883
150,0.078431375,21.748236,65.88529
150,0.09411765,21.851765,65.66235
150,0.10980392,21.95353,65.42941
150,0.1254902,22.092352,65.11412
150,0.14117648,22.267647,64.72588
150,0.15686275,22.479412,64.27118
150,0.17254902,22.712353,63.75118
150,0.1882353,22.955294,63.185883
150,0.20392157,23.198235,62.61412
150,0.21960784,23.451176,62.06059
150,0.23529412,23.684118,61.511765
150,0.2509804,23.897058,60.98588
150,0.26666668,24.12,60.46
150,0.28235295,24.36294,59.946472
150,0.29803923,24.605883,59.382942
150,0.3137255,24.858824,58.76647
150,0.32941177,25.152353,58.084705
150,0.34509805,25.481176,57.34765
150,0.36078432,25.81941,56.59118
150,0.3764706,26.164118,55.804707
150,0.39215687,26.535881,54.99706
150,0.40784314,26.915295,54.152943
150,0.42352942,27.265882,53.325294
150,0.4392157,27.562353,52.528824
150,0.45490196,27.827059,51.794117
150,0.47058824,28.078236,51.065884
150,0.4862745,28.321177,50.25941
150,0.5019608,28.524117,49.358826
150,0.5176471,28.692352,48.32706
150,0.53333336,28.84,47.2
150,0.54901963,28.977648,45.97765
150,0.5647059,29.05,44.579414
150,0.5803922,29.06,43.048237
150,0.59607846,29.06,41.396473
150,0.6117647,29.051765,39.64059
150,0.627451,29.03,37.828827
150,0.6431373,28.97647,35.965294
150,0.65882355,28.897648,34.11177
150,0.6745098,28.781176,32.278236
150,0.6901961,28.620588,30.491179
150,0.7058824,28.377647,28.695297
150,0.72156864,28.021177,26.919413
150,0.7372549,27.56412,25.133533
150,0.7529412,27.040588,23.36765
150,0.76862746,26.382942,21.611767
150,0.78431374,25.541767,19.878239
150,0.8,24.58,18.23
150,0.8156863,23.512943,16.629416
150,0.83137256,22.325294,15.054119
150,0.84705883,21.037062,13.547061
150,0.8627451,19.618826,12.139414
150,0.8784314,18.06706,10.820001
150,0.89411765,16.420591,9.555885
150,0.9098039,14.722354,8.31353
150,0.9254902,12.9429455,7.1023555
150,0.9411765,11.108237,5.9176483
150,0.95686275,9.274708,4.7629423
150,0.972549,7.4452972,3.6082375
150,0.9882353,5.6394124,2.4552944
151,0.0,99.36,51.09
151,0.015686275,97.60117,50.35059
151,0.03137255,95.97216,49.65098
151,0.047058824,94.502945,49.011177
151,0.0627451,93.283134,48.48118
151,0.078431375,92.35294,48.09098
151,0.09411765,91.59294,47.771175
151,0.10980392,91.02706,47.521374
151,0.1254902,90.64235,47.340786
151,0.14117648,90.23765,47.165882
151,0.15686275,89.79294,46.98196
151,0.17254902,89.418236,46.776077
151,0.1882353,88.954704,46.571175
151,0.20392157,88.425095,46.376274
151,0.21960784,87.84686,46.142746
151,0.23529412,87.265884,45.85294
151,0.2509804,86.67784,45.563137
151,0.26666668,86.0,45.283333
151,0.28235295,85.240585,44.965294
151,0.29803923,84.431175,44.610588
151,0.3137255,83.581764,44.245884
151,0.32941177,82.689415,43.871178
151,0.34509805,81.7751,43.49647
151,0.36078432,80.820786,43.121765
151,0.3764706,79.80882,42.744705
151,0.39215687,78.73961,42.362354
151,0.40784314,77.64039,41.9851
151,0.42352942,76.55118,41.60294
151,0.4392157,75.230194,41.148235
151,0.45490196,73.589806,40.60137
151,0.47058824,71.61412,39.971764
151,0.4862745,69.66255,39.382156
151,0.5019608,67.60333,38.89941
151,0.5176471,65.24824,38.588234
151,0.53333336,62.88,38.556667
151,0.54901963,60.481766,38.856274
151,0.5647059,58.07353,39.528824
151,0.5803922,55.73804,40.572353
151,0.59607846,53.549606,41.832745
151,0.6117647,51.441177,43.100586
151,0.627451,49.140587,44.354706
151,0.6431373,46.590397,45.486862
151,0.65882355,43.79647,46.31353
151,0.6745098,40.862747,46.549217
151,0.6901961,37.95059,46.115883
151,0.7058824,35.248238,44.99353
151,0.72156864,32.872158,43.122158
151,0.7372549,31.075687,40.69255
151,0.7529412,29.852942,37.968822
151,0.76862746,29.04902,35.09569
151,0.78431374,28.489609,32.072746
151,0.8,27.970001,29.040005
151,0.8156863,27.280588,26.12706
151,0.83137256,26.34157,23.184319
151,0.84705883,25.177647,20.261177
151,0.8627451,23.764708,17.507847
151,0.8784314,21.932354,14.849805
151,0.89411765,19.849415,12.420003
151,0.9098039,17.646667,10.2696085
151,0.9254902,15.224905,8.390199
151,0.9411765,12.715883,6.7947063
151,0.95686275,10.25765,5.409806
151,0.972549,7.943334,4.0168633
151,0.9882353,5.7676497,2.6717665
152,0.0,18.15,2.82
152,0.015686275,18.843529,3.2970579
152,0.03137255,19.528822,3.7658808
152,0.047058824,20.16588,4.2088227
152,0.0627451,20.741177,4.621764
152,0.078431375,21.316471,5.0347056
152,0.09411765,21.891764,5.4576464
152,0.10980392,22.458233,5.8805866
152,0.1254902,23.019411,6.300587
152,0.14117648,23.587646,6.72647
152,0.15686275,24.141764,7.1394114
152,0.17254902,24.69294,7.562352
152,0.1882353,25.253527,8.015292
152,0.20392157,25.795292,8.458234
152,0.21960784,26.344116,8.881176
152,0.23529412,26.907646,9.325882
152,0.2509804,27.458822,9.79294
152,0.26666668,28.029997,10.269999
152,0.28235295,28.62941,10.757057
152,0.29803923,29.194117,11.244117
152,0.3137255,29.72353,11.711176
152,0.32941177,30.264706,12.171764
152,0.34509805,30.82647,12.645292
152,0.36078432,31.401764,13.157058
152,0.3764706,32.01588,13.688234
152,0.39215687,32.741177,14.252353
152,0.40784314,33.51882,14.827646
152,0.42352942,34.339996,15.412939
152,0.4392157,35.290585,16.043528
152,0.45490196,36.397644,16.702353
152,0.47058824,37.624706,17.372353
152,0.4862745,38.941174,18.049412
152,0.5019608,40.305878,18.731174
152,0.5176471,41.732937,19.416468
152,0.53333336,43.179996,20.099998
152,0.54901963,44.641174,20.78353
152,0.5647059,46.094116,21.497059
152,0.5803922,47.52117,22.230587
152,0.59607846,48.944702,22.970587
152,0.6117647,50.416466,23.718233
152,0.627451,51.931763,24.480587
152,0.6431373,53.48588,25.281176
152,0.65882355,55.098232,26.137056
152,0.6745098,56.765877,27.059998
152,0.6901961,58.529995,27.999998
152,0.7058824,60.375294,28.929998
152,0.72156864,62.249413,29.830587
152,0.7372549,64.177055,30.719997
152,0.7529412,66.26823,31.657644
152,0.76862746,68.37529,32.6
152,0.78431374,70.38353,33.51
152,0.8,72.44,34.43
152,0.8156863,74.60882,35.35
152,0.83137256,76.82764,36.26176
152,0.84705883,79.00411,37.147644
152,0.8627451,81.19529,38.033527
152,0.8784314,83.454704,38.96
152,0.89411765,85.727646,39.879997
152,0.9098039,88.00058,40.809998
152,0.9254902,90.29646,41.752937
152,0.9411765,92.62353,42.717056
152,0.95686275,94.95412,43.692352
152,0.972549,97.37764,44.710587
152,0.9882353,99.60705,45.679996
153,0.0,98.94,50.81
153,0.015686275,97.77529,50.302353
153,0.03137255,96.75824,49.84353
153,0.047058824,96.09706,49.551765
153,0.0627451,95.59706,49.324707
153,0.078431375,95.138824,49.135883
153,0.09411765,94.72059,48.963528
153,0.10980392,94.28236,48.768234
153,0.1254902,93.84412,48.564705
153,0.14117648,93.415886,48.365295
153,0.15686275,92.98353,48.181767
153,0.17254902,92.44235,47.949413
153,0.1882353,91.772354,47.651176
153,0.20392157,91.018234,47.312943
153,0.21960784,90.19765,46.94294
153,0.23529412,89.301765,46.536472
153,0.2509804,88.415886,46.138237
153,0.26666668,87.53,45.74
153,0.28235295,86.69353,45.371765
153,0.29803923,85.85824,45.02353
153,0.3137255,84.90412,44.617058
153,0.32941177,83.78118,44.139412
153,0.34509805,82.62647,43.651764
153,0.36078432,81.52824,43.204117
153,0.3764706,80.361176,42.736473
153,0.39215687,79.02706,42.208824
153,0.40784314,77.58353,41.681175
153,0.42352942,76.05647,41.17353
153,0.4392157,74.40059,40.695885
153,0.45490196,72.51294,40.23118
153,0.47058824,70.37,39.792942
153,0.4862745,68.08824,39.42647
153,0.5019608,65.64647,39.158825
153,0.5176471,63.229412,39.04
153,0.53333336,61.010002,39.14
153,0.54901963,58.800587,39.54706
153,0.5647059,56.47118,40.371765
153,0.5803922,54.17177,41.434116
153,0.59607846,51.744705,42.598824
153,0.6117647,49.141766,43.71647
153,0.627451,46.444122,44.598824
153,0.6431373,43.696472,45.091766
153,0.65882355,40.908825,45.114704
153,0.6745098,38.185886,44.626472
153,0.6901961,35.711765,43.692944
153,0.7058824,33.43,42.274117
153,0.72156864,31.511766,40.402943
153,0.7372549,30.006472,38.105297
153,0.7529412,28.939411,35.50294
153,0.76862746,28.27647,32.712944
153,0.78431374,27.838236,29.817062
153,0.8,27.35,26.93
153,0.8156863,26.64353,24.102354
153,0.83137256,25.64059,21.31471
153,0.84705883,24.349413,18.63706
153,0.8627451,22.788237,16.104708
153,0.8784314,21.011179,13.817061
153,0.89411765,19.03,11.736472
153,0.9098039,16.84,9.827648
153,0.9254902,14.534709,8.081179
153,0.9411765,12.225296,6.5382366
153,0.95686275,9.9358835,5.118824
153,0.972549,7.7435317,3.7847073
153,0.9882353,5.7258844,2.5235307
154,0.0,18.31,2.58
154,0.015686275,19.017057,3.0580387
154,0.03137255,19.724117,3.5360775
154,0.047058824,20.39941,3.9941163
154,0.0627451,21.049213,4.4621553
154,0.078431375,21.689018,4.930195
154,0.09411765,22.308823,5.4017634
154,0.10980392,22.907843,5.877058
154,0.1254902,23.480392,6.3543134
154,0.14117648,24.037647,6.8323526
154,0.15686275,24.592941,7.3229413
154,0.17254902,25.138039,7.818432
154,0.1882353,25.680588,8.323529
154,0.20392157,26.213137,8.82451
154,0.21960784,26.744116,9.324117
154,0.23529412,27.25941,9.820587
154,0.2509804,27.794704,10.324705
154,0.26666668,28.33,10.849999
154,0.28235295,28.865881,11.3652935
154,0.29803923,29.42843,11.900588
154,0.3137255,30.061176,12.476079
154,0.32941177,30.758236,13.075883
154,0.34509805,31.514511,13.695687
154,0.36078432,32.36294,14.32549
154,0.3764706,33.324116,14.975294
154,0.39215687,34.396076,15.63647
154,0.40784314,35.552547,16.293528
154,0.42352942,36.78941,16.934706
154,0.4392157,38.105293,17.574509
154,0.45490196,39.499413,18.224314
154,0.47058824,40.91353,18.881765
154,0.4862745,42.32765,19.563726
154,0.5019608,43.723923,20.27804
154,0.5176471,45.115883,21.031767
154,0.53333336,46.48,21.813334
154,0.54901963,47.844116,22.624903
154,0.5647059,49.198235,23.45647
154,0.5803922,50.57235,24.296469
154,0.59607846,51.96647,25.145294
154,0.6117647,53.38353,25.984118
154,0.627451,54.844902,26.802746
154,0.6431373,56.323727,27.576864
154,0.65882355,57.837063,28.30647
154,0.6745098,59.382946,29.00157
154,0.6901961,60.948826,29.661373
154,0.7058824,62.551178,30.301178
154,0.72156864,64.18804,30.93098
154,0.7372549,65.86941,31.571764
154,0.7529412,67.62353,32.258823
154,0.76862746,69.435684,32.981373
154,0.78431374,71.29059,33.745686
154,0.8,73.18,34.54
154,0.8156863,75.08942,35.358826
154,0.83137256,77.02334,36.20765
154,0.84705883,78.950005,37.06647
154,0.8627451,80.87667,37.925297
154,0.8784314,82.797066,38.79412
154,0.89411765,84.74353,39.68294
154,0.9098039,86.74824,40.60255
154,0.9254902,88.78941,41.52863
154,0.9411765,90.84059,42.47
154,0.95686275,92.901764,43.400784
154,0.972549,94.972946,44.316864
154,0.9882353,97.07118,45.242943
155,0.0,21.18,67.03
155,0.015686275,21.384117,66.54176
155,0.03137255,21.608236,66.03353
155,0.047058824,21.832354,65.53529
155,0.0627451,22.05647,65.037056
155,0.078431375,22.270588,64.538826
155,0.09411765,22.48353,64.01059
155,0.10980392,22.718824,63.457645
155,0.1254902,22.97294,62.877647
155,0.14117648,23.237059,62.252354
155,0.15686275,23.516472,61.581764
155,0.17254902,23.81412,60.89294
155,0.1882353,24.134119,60.151764
155,0.20392157,24.459412,59.425293
155,0.21960784,24.76706,58.72647
155,0.23529412,25.094706,58.007645
155,0.2509804,25.428823,57.278824
155,0.26666668,25.76,56.55
155,0.28235295,26.064117,55.831177
155,0.29803923,26.355295,55.125294
155,0.3137255,26.652943,54.41353
155,0.32941177,26.950588,53.710587
155,0.34509805,27.278236,52.960587
155,0.36078432,27.63706,52.11353
155,0.3764706,28.008236,51.179413
155,0.39215687,28.369411,50.14
155,0.40784314,28.67706,49.018234
155,0.42352942,28.915882,47.89
155,0.4392157,29.097647,46.741173
155,0.45490196,29.234707,45.58529
155,0.47058824,29.32,44.428234
155,0.4862745,29.35,43.251175
155,0.5019608,29.327059,41.991177
155,0.5176471,29.27353,40.684116
155,0.53333336,29.19,39.33
155,0.54901963,29.092941,37.92882
155,0.5647059,28.965881,36.487644
155,0.5803922,28.828236,35.027054
155,0.59607846,28.667646,33.57117
155,0.6117647,28.467058,32.00882
155,0.627451,28.234118,30.410585
155,0.6431373,27.94647,28.797646
155,0.65882355,27.608824,27.174118
155,0.6745098,27.207647,25.554117
155,0.6901961,26.737646,23.90235
155,0.7058824,26.190586,22.280584
155,0.72156864,25.564116,20.703526
155,0.7372549,24.865294,19.194702
155,0.7529412,24.087646,17.763527
155,0.76862746,23.18588,16.302351
155,0.78431374,22.18,14.841176
155,0.8,21.13,13.48
155,0.8156863,20.06647,12.25294
155,0.83137256,18.89882,11.072939
155,0.84705883,17.637644,9.9299965
155,0.8627451,16.313526,8.859998
155,0.8784314,14.959409,7.8752923
155,0.89411765,13.572939,6.963528
155,0.9098039,12.117058,6.088823
155,0.9254902,10.640588,5.232941
155,0.9411765,9.179411,4.3870583
155,0.95686275,7.728233,3.5311751
155,0.972549,6.277055,2.7141156
155,0.9882353,4.9082313,1.9917626
156,0.0,18.44,2.56
156,0.015686275,18.982353,2.9362748
156,0.03137255,19.540785,3.3025494
156,0.047058824,20.111177,3.6747062
156,0.0627451,20.703726,4.065099
156,0.078431375,21.291962,4.451373
156,0.09411765,21.862354,4.8576474
156,0.10980392,22.452745,5.2901964
156,0.1254902,23.043137,5.75451
156,0.14117648,23.61353,6.2188234
156,0.15686275,24.18392,6.7131367
156,0.17254902,24.764313,7.215882
156,0.1882353,25.354706,7.728235
156,0.20392157,25.915098,8.230588
156,0.21960784,26.47294,8.740392
156,0.23529412,27.035883,9.255294
156,0.2509804,27.626274,9.777647
156,0.26666668,28.233334,10.3
156,0.28235295,28.881765,10.887059
156,0.29803923,29.562943,11.520197
156,0.3137255,30.290197,12.168629
156,0.32941177,31.082355,12.835884
156,0.34509805,31.942942,13.542354
156,0.36078432,32.863335,14.248824
156,0.3764706,33.84,14.945294
156,0.39215687,34.89863,15.610784
156,0.40784314,36.03039,16.259214
156,0.42352942,37.211174,16.914705
156,0.4392157,38.46216,17.591177
156,0.45490196,39.762157,18.26451
156,0.47058824,41.06706,18.922941
156,0.4862745,42.362747,19.59059
156,0.5019608,43.686863,20.30706
156,0.5176471,45.03706,21.048824
156,0.53333336,46.38,21.783335
156,0.54901963,47.741573,22.537846
156,0.5647059,49.105885,23.311768
156,0.5803922,50.488827,24.114315
156,0.59607846,51.891766,24.966864
156,0.6117647,53.308235,25.819412
156,0.627451,54.719215,26.630392
156,0.6431373,56.140587,27.385294
156,0.65882355,57.618824,28.129412
156,0.6745098,59.179214,28.883923
156,0.6901961,60.80059,29.638432
156,0.7058824,62.399414,30.331177
156,0.72156864,64.04432,30.997648
156,0.7372549,65.830986,31.66412
156,0.7529412,67.69824,32.34059
156,0.76862746,69.50765,32.99706
156,0.78431374,71.29275,33.663532
156,0.8,73.16,34.38
156,0.8156863,75.0853,35.12451
156,0.83137256,77.04667,35.8951
156,0.84705883,79.05412,36.70765
156,0.8627451,81.10765,37.550198
156,0.8784314,83.177055,38.39294
156,0.89411765,85.274704,39.25353
156,0.9098039,87.36588,40.14412
156,0.9254902,89.465294,41.06902
156,0.9411765,91.58706,42.00765
156,0.95686275,93.72412,42.936275
156,0.972549,95.841965,43.846474
156,0.9882353,97.94295,44.76353
157,0.0,99.39,50.99
157,0.015686275,99.03764,50.84255
157,0.03137255,98.6553,50.6751
157,0.047058824,98.22294,50.487648
157,0.0627451,97.56117,50.22039
157,0.078431375,96.579216,49.818233
157,0.09411765,95.30765,49.271175
157,0.10980392,93.990585,48.701374
157,0.1254902,92.69314,48.141567
157,0.14117648,91.37647,47.581764
157,0.15686275,90.09941,47.05647
157,0.17254902,88.812355,46.522156
157,0.1882353,87.54471,45.982353
157,0.20392157,86.355095,45.499413
157,0.21960784,85.19549,45.027058
157,0.23529412,84.09588,44.584705
157,0.2509804,82.84706,44.093136
157,0.26666668,81.433334,43.513332
157,0.28235295,79.94882,42.94353
157,0.29803923,78.36431,42.373726
157,0.3137255,76.731766,41.793922
157,0.32941177,75.01235,41.184116
157,0.34509805,73.19294,40.654312
157,0.36078432,71.4349,40.185883
157,0.3764706,69.734116,39.75353
157,0.39215687,68.0547,39.411175
157,0.40784314,66.46902,39.156273
157,0.42352942,64.99941,39.01
157,0.4392157,63.868233,38.98
157,0.45490196,63.135685,39.026077
157,0.47058824,62.629414,39.07
157,0.4862745,62.31902,39.07098
157,0.5019608,62.10157,39.11
157,0.5176471,61.752354,39.16
157,0.53333336,61.09,39.263332
157,0.54901963,59.852158,39.49157
157,0.5647059,58.15294,39.902943
157,0.5803922,56.09039,40.59843
157,0.59607846,53.92294,41.50196
157,0.6117647,51.781174,42.474117
157,0.627451,49.49137,43.516273
157,0.6431373,46.891174,44.52294
157,0.65882355,44.10412,45.201763
157,0.6745098,41.292156,45.51
157,0.6901961,38.43098,45.23647
157,0.7058824,35.64941,44.302353
157,0.72156864,33.128822,42.664314
157,0.7372549,31.067646,40.37647
157,0.7529412,29.568823,37.644703
157,0.76862746,28.62451,34.612938
157,0.78431374,28.052353,31.27137
157,0.8,27.49,27.899996
157,0.8156863,26.782745,24.646076
157,0.83137256,25.875687,21.501959
157,0.84705883,24.62647,18.627647
157,0.8627451,22.962353,16.003334
157,0.8784314,20.981176,13.553922
157,0.89411765,18.59,11.269411
157,0.9098039,16.001175,9.33196
157,0.9254902,13.456665,7.644313
157,0.9411765,10.997057,6.0994105
157,0.95686275,8.60235,4.5703907
157,0.972549,6.4725466,3.2043123
157,0.9882353,4.6658807,2.0541162
158,0.0,21.16,66.8
158,0.015686275,21.43098,66.22255
158,0.03137255,21.701962,65.6351
158,0.047058824,21.96294,65.03765
158,0.0627451,22.253922,64.410194
158,0.078431375,22.558626,63.73902
158,0.09411765,22.878822,63.032356
158,0.10980392,23.206078,62.309414
158,0.1254902,23.559803,61.556473
158,0.14117648,23.918234,60.78353
158,0.15686275,24.274706,60.000587
158,0.17254902,24.63098,59.21745
158,0.1882353,24.977648,58.411766
158,0.20392157,25.33843,57.611767
158,0.21960784,25.700588,56.820393
158,0.23529412,26.045881,56.055885
158,0.2509804,26.349607,55.302944
158,0.26666668,26.663332,54.556667
158,0.28235295,26.997059,53.82706
158,0.29803923,27.332941,53.084118
158,0.3137255,27.64451,52.286274
158,0.32941177,27.938234,51.43294
158,0.34509805,28.22157,50.524117
158,0.36078432,28.49255,49.539803
158,0.3764706,28.707647,48.44412
158,0.39215687,28.885881,47.24745
158,0.40784314,29.012745,45.949806
158,0.42352942,29.104118,44.54118
158,0.4392157,29.13,43.0753
158,0.45490196,29.110392,41.539806
158,0.47058824,29.037647,39.938828
158,0.4862745,28.944902,38.307453
158,0.5019608,28.824314,36.706078
158,0.5176471,28.688234,35.11529
158,0.53333336,28.52,33.526665
158,0.54901963,28.325686,31.941961
158,0.5647059,28.11353,30.36059
158,0.5803922,27.873726,28.789217
158,0.59607846,27.598433,27.212158
158,0.6117647,27.294706,25.680592
158,0.627451,26.921373,24.17471
158,0.6431373,26.479609,22.691374
158,0.65882355,25.952353,21.273531
158,0.6745098,25.341568,19.921175
158,0.6901961,24.660587,18.614313
158,0.7058824,23.894117,17.359411
158,0.72156864,23.078432,16.18706
158,0.7372549,22.214706,15.096667
158,0.7529412,21.28353,14.02
158,0.76862746,20.293335,12.977844
158,0.78431374,19.246668,11.983923
158,0.8,18.140001,11.030002
158,0.8156863,16.987844,10.111569
158,0.83137256,15.805686,9.258628
158,0.84705883,14.605293,8.451176
158,0.8627451,13.401371,7.6582346
158,0.8784314,12.189215,6.8852935
158,0.89411765,10.987059,6.1423526
158,0.9098039,9.775686,5.3994117
158,0.9254902,8.572745,4.646471
158,0.9411765,7.390589,3.8935301
158,0.95686275,6.2284327,3.16804
158,0.972549,5.0664725,2.4378443
158,0.9882353,3.9570596,1.7376475
159,0.0,18.16,2.42
159,0.015686275,18.674118,2.7643142
159,0.03137255,19.188236,3.108824
159,0.047058824,19.72706,3.472942
159,0.0627451,20.276081,3.8472562
159,0.078431375,20.835098,4.241569
159,0.09411765,21.413528,4.6558824
159,0.10980392,22.017452,5.118824
159,0.1254902,22.650589,5.612942
159,0.14117648,23.289413,6.131178
159,0.15686275,23.928238,6.6701975
159,0.17254902,24.56706,7.233138
159,0.1882353,25.207058,7.8170586
159,0.20392157,25.82098,8.387256
159,0.21960784,26.414904,8.946276
159,0.23529412,26.998825,9.515296
159,0.2509804,27.592747,10.102747
159,0.26666668,28.206667,10.706667
159,0.28235295,28.818823,11.310588
159,0.29803923,29.447647,11.92451
159,0.3137255,30.114511,12.566472
159,0.32941177,30.841179,13.235295
159,0.34509805,31.61765,13.9119625
159,0.36078432,32.44392,14.582941
159,0.3764706,33.34,15.251764
159,0.39215687,34.32843,15.9205885
159,0.40784314,35.39902,16.579412
159,0.42352942,36.519413,17.18353
159,0.4392157,37.67961,17.74255
159,0.45490196,38.86745,18.281569
159,0.47058824,40.112354,18.830587
159,0.4862745,41.385098,19.40157
159,0.5019608,42.67471,20.005491
159,0.5176471,43.970592,20.641178
159,0.53333336,45.263336,21.300001
159,0.54901963,46.567646,22.000391
159,0.5647059,47.885292,22.734118
159,0.5803922,49.20294,23.509216
159,0.59607846,50.53059,24.32412
159,0.6117647,51.899414,25.178825
159,0.627451,53.298042,26.041178
159,0.6431373,54.72647,26.874704
159,0.65882355,56.208824,27.672352
159,0.6745098,57.73196,28.43098
159,0.6901961,59.294903,29.148235
159,0.7058824,60.90765,29.80706
159,0.72156864,62.570198,30.435883
159,0.7372549,64.29255,31.044313
159,0.7529412,66.11,31.648235
159,0.76862746,68.00687,32.272354
159,0.78431374,69.96353,32.921177
159,0.8,71.91,33.600002
159,0.8156863,73.886475,34.32863
159,0.83137256,75.90274,35.117058
159,0.84705883,77.99353,35.95529
159,0.8627451,80.0951,36.833725
159,0.8784314,82.21137,37.736668
159,0.89411765,84.33706,38.679413
159,0.9098039,86.46824,39.647648
159,0.9254902,88.628624,40.645096
159,0.9411765,90.79471,41.654118
159,0.95686275,92.99078,42.67235
159,0.972549,95.216866,43.70059
159,0.9882353,97.45294,44.718826
160,0.0,17.13,2.03
160,0.015686275,17.663332,2.3399992
160,0.03137255,18.196665,2.6599991
160,0.047058824,18.72,2.9799995
160,0.0627451,19.243334,3.303333
160,0.078431375,19.756666,3.6399996
160,0.09411765,20.279999,3.9899986
160,0.10980392,20.813332,4.3633323
160,0.1254902,21.363333,4.7466664
160,0.14117648,21.91,5.15
160,0.15686275,22.463331,5.5666656
160,0.17254902,23.016665,6.003332
160,0.1882353,23.58,6.4499993
160,0.20392157,24.146666,6.92
160,0.21960784,24.733334,7.4099994
160,0.23529412,25.309998,7.919998
160,0.2509804,25.906666,8.453332
160,0.26666668,26.523333,9.023333
160,0.28235295,27.18,9.650001
160,0.29803923,27.883331,10.313332
160,0.3137255,28.649998,11.026665
160,0.32941177,29.49,11.759999
160,0.34509805,30.376667,12.506667
160,0.36078432,31.31,13.243333
160,0.3764706,32.28,13.959998
160,0.39215687,33.306664,14.653332
160,0.40784314,34.373333,15.33
160,0.42352942,35.48,15.9800005
160,0.4392157,36.579998,16.576666
160,0.45490196,37.69,17.143332
160,0.47058824,38.84,17.72
160,0.4862745,40.056667,18.33
160,0.5019608,41.31,18.97
160,0.5176471,42.599995,19.639997
160,0.53333336,43.91333,20.333332
160,0.54901963,45.273335,21.063334
160,0.5647059,46.670002,21.83
160,0.5803922,48.046665,22.606667
160,0.59607846,49.423332,23.389997
160,0.6117647,50.82,24.189999
160,0.627451,52.260002,25.013334
160,0.6431373,53.763332,25.856667
160,0.65882355,55.329998,26.709997
160,0.6745098,56.95333,27.55
160,0.6901961,58.643333,28.36
160,0.7058824,60.38,29.12
160,0.72156864,62.16,29.853333
160,0.7372549,63.96333,30.566666
160,0.7529412,65.84,31.31
160,0.76862746,67.78333,32.08
160,0.78431374,69.75667,32.87
160,0.8,71.77,33.69
160,0.8156863,73.81,34.533333
160,0.83137256,75.88,35.386665
160,0.84705883,77.97,36.27
160,0.8627451,80.096664,37.166664
160,0.8784314,82.25333,38.083332
160,0.89411765,84.44,39.01
160,0.9098039,86.60667,39.926666
160,0.9254902,88.76667,40.843334
160,0.9411765,90.939995,41.769997
160,0.95686275,93.159996,42.71
160,0.972549,95.42667,43.690002
160,0.9882353,97.71001,44.68
161,0.0,21.37,66.58
161,0.015686275,21.975294,65.19235
161,0.03137255,22.57059,63.824707
161,0.047058824,23.164707,62.478233
161,0.0627451,23.761177,61.139412
161,0.078431375,24.38647,59.751766
161,0.09411765,25.019411,58.34647
161,0.10980392,25.61706,57.005882
161,0.1254902,26.182354,55.685295
161,0.14117648,26.694117,54.448235
161,0.15686275,27.142353,53.284706
161,0.17254902,27.515295,52.25647
161,0.1882353,27.799412,51.421764
161,0.20392157,27.991764,50.76294
161,0.21960784,28.108824,50.303528
161,0.23529412,28.17,49.97235
161,0.2509804,28.24294,49.684116
161,0.26666668,28.3,49.45
161,0.28235295,28.34706,49.255882
161,0.29803923,28.37,49.075882
161,0.3137255,28.4,48.938824
161,0.32941177,28.42,48.861763
161,0.34509805,28.455294,48.699413
161,0.36078432,28.512352,48.39294
161,0.3764706,28.599411,47.84353
161,0.39215687,28.736471,46.891766
161,0.40784314,28.87353,45.70471
161,0.42352942,28.950588,44.40353
161,0.4392157,28.96,42.978233
161,0.45490196,28.9,41.45353
161,0.47058824,28.788235,39.825294
161,0.4862745,28.671177,38.04647
161,0.5019608,28.62,36.10588
161,0.5176471,28.715883,34.09294
161,0.53333336,29.06,32.05
161,0.54901963,29.645294,30.044119
161,0.5647059,30.438824,28.168236
161,0.5803922,31.450588,26.424706
161,0.59607846,32.69059,24.861176
161,0.6117647,34.11353,23.51706
161,0.627451,35.690586,22.391176
161,0.6431373,37.361767,21.513529
161,0.65882355,39.19706,20.904118
161,0.6745098,41.17647,20.61647
161,0.6901961,43.229412,20.671177
161,0.7058824,45.322353,21.110588
161,0.72156864,47.415295,21.892942
161,0.7372549,49.42647,22.925882
161,0.7529412,51.421177,24.158234
161,0.76862746,53.55588,25.544706
161,0.78431374,55.852943,26.962355
161,0.8,58.28,28.29
161,0.8156863,60.858234,29.46353
161,0.83137256,63.570587,30.478823
161,0.84705883,66.34589,31.338236
161,0.8627451,69.21941,32.197647
161,0.8784314,72.23706,33.17235
161,0.89411765,75.358826,34.301174
161,0.9098039,78.57471,35.60353
161,0.9254902,81.884705,37.07765
161,0.9411765,85.358826,38.655884
161,0.95686275,88.96706,40.297646
161,0.972549,92.64177,41.969414
161,0.9882353,96.40118,43.685883
162,0.0,17.78,2.2
162,0.015686275,18.45098,2.6205878
162,0.03137255,19.12196,3.0413718
162,0.047058824,19.818235,3.4970589
162,0.0627451,20.554316,3.993138
162,0.078431375,21.305883,4.513922
162,0.09411765,22.066471,5.075294
162,0.10980392,22.828236,5.681176
162,0.1254902,23.58941,6.327842
162,0.14117648,24.37647,6.9988236
162,0.15686275,25.182747,7.7007856
162,0.17254902,26.02902,8.436863
162,0.1882353,26.906471,9.204118
162,0.20392157,27.834118,10.021568
162,0.21960784,28.80196,10.8892145
162,0.23529412,29.81353,11.790589
162,0.2509804,30.876669,12.701962
162,0.26666668,31.980001,13.596667
162,0.28235295,33.151764,14.464706
162,0.29803923,34.390392,15.309216
162,0.3137255,35.701176,16.101568
162,0.32941177,37.085297,16.844707
162,0.34509805,38.51961,17.543726
162,0.36078432,39.986866,18.21255
162,0.3764706,41.46412,18.86353
162,0.39215687,42.95137,19.51451
162,0.40784314,44.42608,20.208038
162,0.42352942,45.848236,20.941767
162,0.4392157,47.184906,21.745687
162,0.45490196,48.43118,22.609804
162,0.47058824,49.56706,23.534119
162,0.4862745,50.590588,24.528627
162,0.5019608,51.490784,25.573334
162,0.5176471,52.268826,26.690002
162,0.53333336,52.920002,27.883335
162,0.54901963,53.430588,29.12863
162,0.5647059,53.78412,30.400589
162,0.5803922,53.967255,31.692549
162,0.59607846,53.976273,32.990784
162,0.6117647,53.83353,34.27765
162,0.627451,53.53647,35.558434
162,0.6431373,53.10784,36.821373
162,0.65882355,52.548824,38.058235
162,0.6745098,51.86863,39.255882
162,0.6901961,51.039608,40.407646
162,0.7058824,50.08941,41.510002
162,0.72156864,49.04333,42.55216
162,0.7372549,47.897057,43.55412
162,0.7529412,46.690586,44.515884
162,0.76862746,45.433727,45.467255
162,0.78431374,44.131958,46.44353
162,0.8,42.809998,47.460003
162,0.8156863,41.478035,48.53667
162,0.83137256,40.136078,49.693726
162,0.84705883,38.804115,50.925884
162,0.8627451,37.48216,52.228233
162,0.8784314,36.180195,53.610786
162,0.89411765,34.888233,55.093533
162,0.9098039,33.606274,56.68216
162,0.9254902,32.325096,58.39118
162,0.9411765,31.058235,60.20471
162,0.95686275,29.831371,62.07843
162,0.972549,28.614508,64.03844
162,0.9882353,27.407644,66.04648
163,0.0,98.64,50.85
163,0.015686275,97.69412,50.41961
163,0.03137255,96.738235,49.98902
163,0.047058824,95.83765,49.578823
163,0.0627451,95.037254,49.218822
163,0.078431375,94.34706,48.91902
163,0.09411765,93.66647,48.618237
163,0.10980392,92.91451,48.267254
163,0.1254902,92.10373,47.886864
163,0.14117648,91.25706,47.47647
163,0.15686275,90.361176,47.046078
163,0.17254902,89.37922,46.585686
163,0.1882353,88.32823,46.10412
163,0.20392157,87.27726,45.61863
163,0.21960784,86.236275,45.16451
163,0.23529412,85.20529,44.724117
163,0.2509804,84.164314,44.293724
163,0.26666668,83.113335,43.863335
163,0.28235295,82.04235,43.44294
163,0.29803923,80.971375,43.02255
163,0.3137255,79.91039,42.632156
163,0.32941177,78.83942,42.248825
163,0.34509805,77.77059,41.88353
163,0.36078432,76.82196,41.568237
163,0.3764706,76.05353,41.325294
163,0.39215687,75.44275,41.135098
163,0.40784314,74.94981,40.98745
163,0.42352942,74.54706,40.872353
163,0.4392157,74.31725,40.807255
163,0.45490196,74.134315,40.752155
163,0.47058824,73.795296,40.64412
163,0.4862745,73.261765,40.473923
163,0.5019608,72.61804,40.283726
163,0.5176471,71.874115,40.07353
163,0.53333336,71.05333,39.863335
163,0.54901963,70.09569,39.633137
163,0.5647059,69.034706,39.409412
163,0.5803922,67.98373,39.202744
163,0.59607846,66.97647,39.036274
163,0.6117647,65.97176,38.89118
163,0.627451,64.994705,38.76608
163,0.6431373,64.06784,38.670982
163,0.65882355,63.22706,38.62
163,0.6745098,62.356274,38.61
163,0.6901961,61.302547,38.654312
163,0.7058824,60.10706,38.778824
163,0.72156864,58.81137,39.00353
163,0.7372549,57.4251,39.36843
163,0.7529412,55.984116,39.918236
163,0.76862746,54.442944,40.63843
163,0.78431374,52.841568,41.499214
163,0.8,51.18,42.46
163,0.8156863,49.423332,43.526077
163,0.83137256,47.596474,44.682156
163,0.84705883,45.724705,45.888237
163,0.8627451,43.80255,47.1751
163,0.8784314,41.835686,48.586864
163,0.89411765,39.858826,50.15941
163,0.9098039,37.91765,51.92235
163,0.9254902,36.036667,53.885685
163,0.9411765,34.21,56.079414
163,0.95686275,32.433334,58.514507
163,0.972549,30.636665,61.22804
163,0.9882353,28.861177,64.07176
164,0.0,48.26,3.9
164,0.015686275,48.60706,4.786471
164,0.03137255,48.91412,5.682942
164,0.047058824,49.174118,6.579413
164,0.0627451,49.408825,7.4558835
164,0.078431375,49.611763,8.302354
164,0.09411765,49.774117,9.128824
164,0.10980392,49.90647,9.925295
164,0.1254902,49.99,10.691766
164,0.14117648,50.051178,11.40706
164,0.15686275,50.1,12.047647
164,0.17254902,50.13,12.56353
164,0.1882353,50.16,13.004706
164,0.20392157,50.19,13.351765
164,0.21960784,50.2,13.6029415
164,0.23529412,50.2,13.74
164,0.2509804,50.2,13.8
164,0.26666668,50.2,13.82
164,0.28235295,50.19,13.84
164,0.29803923,50.18,13.85
164,0.3137255,50.18,13.85
164,0.32941177,50.18,13.86
164,0.34509805,50.19,13.87
164,0.36078432,50.19,13.89
164,0.3764706,50.2,13.89
164,0.39215687,50.2,13.88
164,0.40784314,50.2,13.87
164,0.42352942,50.2,13.85
164,0.4392157,50.2,13.9
164,0.45490196,50.2,13.978235
164,0.47058824,50.21,14.090589
164,0.4862745,50.21,14.232942
164,0.5019608,50.22,14.400589
164,0.5176471,50.227646,14.585295
164,0.53333336,50.24,14.76
164,0.54901963,50.25,14.892353
164,0.5647059,50.27,15.019412
164,0.5803922,50.31,15.264117
164,0.59607846,50.37,15.667647
164,0.6117647,50.461765,16.178823
164,0.627451,50.594116,16.844706
164,0.6431373,50.80294,17.705296
164,0.65882355,51.106472,18.71059
164,0.6745098,51.554707,19.862944
164,0.6901961,52.18118,21.152355
164,0.7058824,53.03706,22.62059
164,0.72156864,54.10412,24.148825
164,0.7372549,55.335884,25.576471
164,0.7529412,56.685295,26.78647
164,0.76862746,58.188824,27.822353
164,0.78431374,59.884705,28.73353
164,0.8,61.83,29.61
164,0.8156863,63.994705,30.45647
164,0.83137256,66.329414,31.302942
164,0.84705883,68.78824,32.196472
164,0.8627451,71.35706,33.15471
164,0.8784314,74.070595,34.185883
164,0.89411765,76.928825,35.29118
164,0.9098039,79.96824,36.484707
164,0.9254902,83.15824,37.758236
164,0.9411765,86.401764,39.082943
164,0.95686275,89.651764,40.428825
164,0.972549,92.928825,41.83059
164,0.9882353,96.21412,43.248825
165,0.0,21.46,66.48
165,0.015686275,21.865686,65.570786
165,0.03137255,22.251373,64.69157
165,0.047058824,22.61706,63.852352
165,0.0627451,22.968431,63.033134
165,0.078431375,23.318432,62.24353
165,0.09411765,23.654118,61.478233
165,0.10980392,23.959805,60.77039
165,0.1254902,24.224117,60.151764
165,0.14117648,24.435883,59.67353
165,0.15686275,24.618431,59.293137
165,0.17254902,24.796274,58.894314
165,0.1882353,24.954119,58.501766
165,0.20392157,25.111961,58.10608
165,0.21960784,25.279804,57.69549
165,0.23529412,25.457647,57.294704
165,0.2509804,25.61549,56.90902
165,0.26666668,25.793333,56.506668
165,0.28235295,25.991177,56.06647
165,0.29803923,26.19902,55.58294
165,0.3137255,26.416862,55.06098
165,0.32941177,26.657059,54.441177
165,0.34509805,26.928823,53.713528
165,0.36078432,27.230785,52.88804
165,0.3764706,27.54647,51.960587
165,0.39215687,27.862156,50.895493
165,0.40784314,28.145882,49.77451
165,0.42352942,28.367647,48.637646
165,0.4392157,28.529804,47.482742
165,0.45490196,28.633726,46.35157
165,0.47058824,28.68,45.222942
165,0.4862745,28.68,44.089607
165,0.5019608,28.63451,42.963135
165,0.5176471,28.560589,41.71941
165,0.53333336,28.476667,40.323334
165,0.54901963,28.382746,38.849415
165,0.5647059,28.308823,37.25765
165,0.5803922,28.214903,35.56804
165,0.59607846,28.09196,33.811565
165,0.6117647,27.944118,32.018238
165,0.627451,27.786274,30.229021
165,0.6431373,27.588432,28.442745
165,0.65882355,27.321177,26.63647
165,0.6745098,26.956863,24.848824
165,0.6901961,26.502157,23.109022
165,0.7058824,25.944706,21.40059
165,0.72156864,25.27647,19.75255
165,0.7372549,24.496862,18.192352
165,0.7529412,23.58941,16.71
165,0.76862746,22.57412,15.325492
165,0.78431374,21.474903,14.054904
165,0.8,20.300001,12.85
165,0.8156863,19.041176,11.725098
165,0.83137256,17.71451,10.658039
165,0.84705883,16.350002,9.66059
165,0.8627451,14.953336,8.707453
165,0.8784314,13.576276,7.8043146
165,0.89411765,12.23353,6.944706
165,0.9098039,10.9007845,6.1154904
165,0.9254902,9.589415,5.2976484
165,0.9411765,8.32059,4.50706
165,0.95686275,7.091766,3.7370596
165,0.972549,5.906079,2.971765
165,0.9882353,4.7111773,2.2264712
166,0.0,18.26,2.74
166,0.015686275,19.106077,3.318823
166,0.03137255,19.962156,3.8976464
166,0.047058824,20.778234,4.4664693
166,0.0627451,21.567057,5.025293
166,0.078431375,22.317253,5.572548
166,0.09411765,23.034706,6.1070585
166,0.10980392,23.712156,6.6215687
166,0.1254902,24.360588,7.1360784
166,0.14117648,24.979412,7.6305876
166,0.15686275,25.588234,8.125097
166,0.17254902,26.177057,8.619607
166,0.1882353,26.735882,9.094116
166,0.20392157,27.278627,9.552548
166,0.21960784,27.783138,9.992745
166,0.23529412,28.262941,10.418235
166,0.2509804,28.723137,10.824118
166,0.26666668,29.16,11.219999
166,0.28235295,29.565882,11.595881
166,0.29803923,29.963724,11.971765
166,0.3137255,30.420197,12.393922
166,0.32941177,30.954706,12.864706
166,0.34509805,31.544117,13.389215
166,0.36078432,32.22137,13.942941
166,0.3764706,32.99588,14.535294
166,0.39215687,33.877647,15.15843
166,0.40784314,34.854507,15.791568
166,0.42352942,35.920002,16.434706
166,0.4392157,37.084118,17.087845
166,0.45490196,38.311962,17.720982
166,0.47058824,39.607647,18.354118
166,0.4862745,40.958233,18.967255
166,0.5019608,42.3749,19.600391
166,0.5176471,43.814117,20.245882
166,0.53333336,45.256668,20.923334
166,0.54901963,46.72157,21.650785
166,0.5647059,48.191765,22.418825
166,0.5803922,49.661373,23.224903
166,0.59607846,51.110195,24.06098
166,0.6117647,52.541176,24.917059
166,0.627451,53.976078,25.783136
166,0.6431373,55.41098,26.64608
166,0.65882355,56.86706,27.485296
166,0.6745098,58.361767,28.295883
166,0.6901961,59.9251,29.067844
166,0.7058824,61.542942,29.795294
166,0.72156864,63.209213,30.492744
166,0.7372549,64.90412,31.160196
166,0.7529412,66.63059,31.82059
166,0.76862746,68.39844,32.483727
166,0.78431374,70.214905,33.16255
166,0.8,72.07,33.87
166,0.8156863,73.96941,34.59745
166,0.83137256,75.90882,35.35353
166,0.84705883,77.90118,36.148235
166,0.8627451,79.924904,36.964314
166,0.8784314,81.990204,37.800396
166,0.89411765,84.08412,38.666473
166,0.9098039,86.22647,39.562748
166,0.9254902,88.403336,40.497646
166,0.9411765,90.608826,41.462353
166,0.95686275,92.82667,42.450195
166,0.972549,95.05079,43.451767
166,0.9882353,97.271774,44.46824
167,0.0,99.16,51.05
167,0.015686275,98.19882,50.589413
167,0.03137255,97.23765,50.138824
167,0.047058824,96.29647,49.678234
167,0.0627451,95.35529,49.207645
167,0.078431375,94.42412,48.737057
167,0.09411765,93.507645,48.27647
167,0.10980392,92.61059,47.824707
167,0.1254902,91.70353,47.378235
167,0.14117648,90.81941,46.95471
167,0.15686275,89.96059,46.55412
167,0.17254902,89.13765,46.168823
167,0.1882353,88.3447,45.81235
167,0.20392157,87.60176,45.479412
167,0.21960784,86.92647,45.17706
167,0.23529412,86.31941,44.914707
167,0.2509804,85.72471,44.662354
167,0.26666668,85.12,44.420002
167,0.28235295,84.5153,44.18765
167,0.29803923,83.91235,43.963528
167,0.3137255,83.31353,43.745293
167,0.32941177,82.711174,43.530586
167,0.34509805,82.10647,43.318825
167,0.36078432,81.511765,43.12059
167,0.3764706,80.92706,42.91353
167,0.39215687,80.342354,42.724117
167,0.40784314,79.757645,42.51882
167,0.42352942,79.14176,42.307648
167,0.4392157,78.49294,42.084118
167,0.45490196,77.834114,41.851765
167,0.47058824,77.145294,41.61294
167,0.4862745,76.428825,41.367058
167,0.5019608,75.665886,41.114708
167,0.5176471,74.90294,40.868237
167,0.53333336,74.14,40.64
167,0.54901963,73.38706,40.41765
167,0.5647059,72.64235,40.20353
167,0.5803922,71.91118,40.00294
167,0.59607846,71.22471,39.80706
167,0.6117647,70.57588,39.628822
167,0.627451,69.882355,39.45059
167,0.6431373,69.09058,39.252354
167,0.65882355,68.26059,39.074116
167,0.6745098,67.29235,38.885883
167,0.6901961,66.10353,38.66765
167,0.7058824,64.70529,38.45941
167,0.72156864,63.16,38.31059
167,0.7372549,61.510002,38.27
167,0.7529412,59.83235,38.395294
167,0.76862746,58.12647,38.728825
167,0.78431374,56.302353,39.32706
167,0.8,54.35,40.21
167,0.8156863,52.29941,41.33353
167,0.83137256,50.132355,42.61529
167,0.84705883,47.828823,44.005295
167,0.8627451,45.36529,45.49353
167,0.8784314,42.834114,47.12059
167,0.89411765,40.357647,48.904118
167,0.9098039,38.05706,50.87412
167,0.9254902,35.935295,53.050587
167,0.9411765,33.931767,55.470585
167,0.95686275,31.996471,58.18647
167,0.972549,30.074118,61.184708
167,0.9882353,28.181763,64.320595
168,0.0,17.87,2.32
168,0.015686275,18.590588,2.791176
168,0.03137255,19.30941,3.2623522
168,0.047058824,19.99647,3.7335281
168,0.0627451,20.641764,4.1711755
168,0.078431375,21.244705,4.5864706
168,0.09411765,21.772352,4.9664702
168,0.10980392,22.228235,5.2958817
168,0.1254902,22.632353,5.595293
168,0.14117648,23.007647,5.871764
168,0.15686275,23.39294,6.155294
168,0.17254902,23.743528,6.4188232
168,0.1882353,24.073528,6.6723523
168,0.20392157,24.412352,6.925882
168,0.21960784,24.761765,7.189411
168,0.23529412,25.119411,7.471176
168,0.2509804,25.508823,7.770588
168,0.26666668,25.97,8.139999
168,0.28235295,26.461176,8.545293
168,0.29803923,26.99588,8.992352
168,0.3137255,27.568823,9.471176
168,0.32941177,28.181765,9.998235
168,0.34509805,28.843529,10.554705
168,0.36078432,29.563528,11.16294
168,0.3764706,30.376469,11.832939
168,0.39215687,31.295881,12.567646
168,0.40784314,32.26412,13.299412
168,0.42352942,33.213528,13.968234
168,0.4392157,34.17588,14.582352
168,0.45490196,35.15882,15.164704
168,0.47058824,36.18353,15.718235
168,0.4862745,37.237648,16.258823
168,0.5019608,38.329998,16.795881
168,0.5176471,39.484116,17.357058
168,0.53333336,40.719997,17.969997
168,0.54901963,42.017647,18.628822
168,0.5647059,43.35706,19.319412
168,0.5803922,44.748234,20.054117
168,0.59607846,46.20117,20.832352
168,0.6117647,47.725876,21.66235
168,0.627451,49.287056,22.534117
168,0.6431373,50.889412,23.447647
168,0.65882355,52.53647,24.405882
168,0.6745098,54.213528,25.381174
168,0.6901961,55.929405,26.35235
168,0.7058824,57.687057,27.315882
168,0.72156864,59.50647,28.248236
168,0.7372549,61.377644,29.144117
168,0.7529412,63.310585,29.978233
168,0.76862746,65.29705,30.758821
168,0.78431374,67.35176,31.519411
168,0.8,69.48,32.28
168,0.8156863,71.70588,33.06647
168,0.83137256,73.99999,33.88294
168,0.84705883,76.28764,34.71941
168,0.8627451,78.573524,35.595882
168,0.8784314,80.86941,36.511765
168,0.89411765,83.15,37.44412
168,0.9098039,85.42,38.406467
168,0.9254902,87.66999,39.36882
168,0.9411765,89.92,40.354115
168,0.95686275,92.159996,41.342354
168,0.972549,94.409996,42.340588
168,0.9882353,96.659996,43.348824
169,0.0,99.36,50.96
169,0.015686275,98.38118,50.49647
169,0.03137255,97.382355,50.021175
169,0.047058824,96.37118,49.541767
169,0.0627451,95.378235,49.072353
169,0.078431375,94.43471,48.622353
169,0.09411765,93.547646,48.204117
169,0.10980392,92.75176,47.82647
169,0.1254902,92.08765,47.515884
169,0.14117648,91.49529,47.244118
169,0.15686275,90.92588,46.98353
169,0.17254902,90.36176,46.74059
169,0.1882353,89.82706,46.518826
169,0.20392157,89.297646,46.29706
169,0.21960784,88.78824,46.075294
169,0.23529412,88.288826,45.86353
169,0.2509804,87.78941,45.651764
169,0.26666668,87.27,45.44
169,0.28235295,86.740585,45.218235
169,0.29803923,86.17117,44.994705
169,0.3137255,85.54412,44.744705
169,0.32941177,84.84529,44.469414
169,0.34509805,84.10412,44.181767
169,0.36078432,83.33765,43.89412
169,0.3764706,82.581764,43.607647
169,0.39215687,81.810585,43.328823
169,0.40784314,81.03941,43.05412
169,0.42352942,80.27824,42.792355
169,0.4392157,79.52706,42.53588
169,0.45490196,78.78588,42.288235
169,0.47058824,78.034706,42.03706
169,0.4862745,77.29353,41.795296
169,0.5019608,76.55235,41.553528
169,0.5176471,75.80118,41.311764
169,0.53333336,75.04,41.08
169,0.54901963,74.27294,40.848236
169,0.5647059,73.49765,40.626472
169,0.5803922,72.706474,40.404705
169,0.59607846,71.941765,40.18294
169,0.6117647,71.14471,39.971176
169,0.627451,70.23235,39.71412
169,0.6431373,69.16706,39.42647
169,0.65882355,67.975296,39.138824
169,0.6745098,66.64177,38.904118
169,0.6901961,65.11883,38.761177
169,0.7058824,63.390003,38.764706
169,0.72156864,61.488827,38.941765
169,0.7372549,59.49706,39.322353
169,0.7529412,57.442944,39.926468
169,0.76862746,55.295296,40.73588
169,0.78431374,53.10353,41.681175
169,0.8,50.98,42.67
169,0.8156863,48.862354,43.688824
169,0.83137256,46.734707,44.777645
169,0.84705883,44.607063,45.934116
169,0.8627451,42.52294,47.162354
169,0.8784314,40.49118,48.55176
169,0.89411765,38.479412,50.2
169,0.9098039,36.498825,52.193527
169,0.9254902,34.602943,54.45529
169,0.9411765,32.770004,56.950584
169,0.95686275,30.970001,59.64823
169,0.972549,29.150002,62.55176
169,0.9882353,27.340002,65.55705
170,0.0,21.35,66.91
170,0.015686275,22.175293,65.03529
170,0.03137255,22.97647,63.214706
170,0.047058824,23.724705,61.488235
170,0.0627451,24.422941,59.915882
170,0.078431375,25.035883,58.537647
170,0.09411765,25.464706,57.568237
170,0.10980392,25.67941,57.070587
170,0.1254902,25.79647,56.82353
170,0.14117648,25.87,56.66647
170,0.15686275,25.970589,56.348236
170,0.17254902,26.325294,55.50412
170,0.1882353,26.933529,54.10824
170,0.20392157,27.747059,51.95353
170,0.21960784,28.475294,49.24
170,0.23529412,28.931765,46.420002
170,0.2509804,29.1,43.47706
170,0.26666668,29.07,40.370003
170,0.28235295,28.942942,36.971767
170,0.29803923,28.731766,33.319416
170,0.3137255,28.387648,29.61412
170,0.32941177,27.78706,25.948824
170,0.34509805,26.772942,22.46412
170,0.36078432,25.28647,19.277647
170,0.3764706,23.566473,16.588827
170,0.39215687,21.825294,14.478825
170,0.40784314,20.228237,12.911766
170,0.42352942,19.006472,11.837059
170,0.4392157,18.26706,11.217059
170,0.45490196,17.885294,10.935294
170,0.47058824,17.82,10.9
170,0.4862745,17.83,10.92
170,0.5019608,17.83,10.92
170,0.5176471,17.83,10.93
170,0.53333336,17.83,10.92
170,0.54901963,17.83,10.92
170,0.5647059,17.83,10.92
170,0.5803922,17.84,10.92
170,0.59607846,17.84,10.92
170,0.6117647,17.84,10.92
170,0.627451,17.84,10.92
170,0.6431373,17.84,10.92
170,0.65882355,17.84,10.92
170,0.6745098,17.84,10.92
170,0.6901961,17.84,10.92
170,0.7058824,17.84,10.92
170,0.72156864,17.84,10.92
170,0.7372549,17.84,10.92
170,0.7529412,17.84,10.92
170,0.76862746,17.84,10.92
170,0.78431374,17.84,10.92
170,0.8,17.83,10.92
170,0.8156863,17.83,10.91
170,0.83137256,17.83,10.92
170,0.84705883,17.82,10.91
170,0.8627451,17.83,10.91
170,0.8784314,17.684118,10.799412
170,0.89411765,17.098236,10.340589
170,0.9098039,16.015295,9.523529
170,0.9254902,14.418825,8.338237
170,0.9411765,12.400589,6.898236
170,0.95686275,10.011179,5.2841196
170,0.972549,7.5252953,3.7011771
170,0.9882353,4.815296,1.9682364
171,0.0,98.75,51.12
171,0.015686275,98.07608,50.83353
171,0.03137255,97.40215,50.53706
171,0.047058824,96.71824,50.24059
171,0.0627451,96.024315,49.922157
171,0.078431375,95.3204,49.600197
171,0.09411765,94.61647,49.258236
171,0.10980392,93.89412,48.926273
171,0.1254902,93.1647,48.574314
171,0.14117648,92.41529,48.232353
171,0.15686275,91.670784,47.890392
171,0.17254902,90.94686,47.558434
171,0.1882353,90.22294,47.222355
171,0.20392157,89.50902,46.89588
171,0.21960784,88.86196,46.59941
171,0.23529412,88.28588,46.33294
171,0.2509804,87.76294,46.09647
171,0.26666668,87.26,45.87
171,0.28235295,86.72823,45.62353
171,0.29803923,86.20412,45.391373
171,0.3137255,85.681175,45.160587
171,0.32941177,85.15823,44.924118
171,0.34509805,84.63529,44.68765
171,0.36078432,84.12235,44.451176
171,0.3764706,83.611176,44.214706
171,0.39215687,83.136475,43.998234
171,0.40784314,82.69627,43.80451
171,0.42352942,82.248825,43.61353
171,0.4392157,81.71392,43.388824
171,0.45490196,81.07627,43.113136
171,0.47058824,80.367645,42.82118
171,0.4862745,79.57824,42.489216
171,0.5019608,78.72314,42.14157
171,0.5176471,77.787056,41.774117
171,0.53333336,76.763336,41.376667
171,0.54901963,75.64196,40.969215
171,0.5647059,74.41529,40.551765
171,0.5803922,73.089806,40.134315
171,0.59607846,71.67333,39.73549
171,0.6117647,70.17588,39.35353
171,0.627451,68.57784,39.021175
171,0.6431373,66.88804,38.769802
171,0.65882355,65.12706,38.66
171,0.6745098,63.302353,38.722157
171,0.6901961,61.44549,38.977844
171,0.7058824,59.57471,39.42235
171,0.72156864,57.693924,40.04039
171,0.7372549,55.813137,40.81039
171,0.7529412,53.935883,41.698822
171,0.76862746,52.08157,42.639217
171,0.78431374,50.235294,43.614117
171,0.8,48.380005,44.609997
171,0.8156863,46.50922,45.65137
171,0.83137256,44.577454,46.742744
171,0.84705883,42.64118,47.90059
171,0.8627451,40.726864,49.159412
171,0.8784314,38.87353,50.566666
171,0.89411765,37.15412,52.13588
171,0.9098039,35.55824,53.865486
171,0.9254902,34.039413,55.774113
171,0.9411765,32.56,57.855293
171,0.95686275,31.066668,60.147255
171,0.972549,29.583334,62.591373
171,0.9882353,28.11,65.15235
172,0.0,21.5,66.34
172,0.015686275,21.921177,65.36392
172,0.03137255,22.344902,64.36784
172,0.047058824,22.79353,63.341766
172,0.0627451,23.259607,62.285686
172,0.078431375,23.745882,61.199608
172,0.09411765,24.247059,60.09118
172,0.10980392,24.768234,58.881374
172,0.1254902,25.329216,57.571766
172,0.14117648,25.994118,56.104706
172,0.15686275,26.746275,54.470196
172,0.17254902,27.575882,52.435295
172,0.1882353,28.423529,49.890003
172,0.20392157,29.065294,47.158237
172,0.21960784,29.342157,44.463337
172,0.23529412,29.36,41.69412
172,0.2509804,29.250393,38.737843
172,0.26666668,29.056667,35.663334
172,0.28235295,28.795883,32.588825
172,0.29803923,28.447647,29.484314
172,0.3137255,27.99196,26.514315
172,0.32941177,27.397058,23.651768
172,0.34509805,26.722157,21.346472
172,0.36078432,25.97157,19.593138
172,0.3764706,25.361765,18.47294
172,0.39215687,25.116863,18.026863
172,0.40784314,25.07,17.923138
172,0.42352942,25.06,17.89
172,0.4392157,25.05,17.88
172,0.45490196,25.01,17.82
172,0.47058824,24.898235,17.646471
172,0.4862745,24.67902,17.333529
172,0.5019608,24.282352,16.833138
172,0.5176471,23.834118,16.288235
172,0.53333336,23.39,15.733334
172,0.54901963,22.958824,15.218823
172,0.5647059,22.561766,14.821765
172,0.5803922,22.252157,14.542157
172,0.59607846,22.128431,14.4284315
172,0.6117647,22.13,14.4
172,0.627451,22.13,14.41
172,0.6431373,22.13,14.41
172,0.65882355,22.13,14.41
172,0.6745098,22.13,14.42
172,0.6901961,22.13,14.42
172,0.7058824,22.12,14.42
172,0.72156864,22.12,14.42
172,0.7372549,22.12,14.42
172,0.7529412,22.12,14.42
172,0.76862746,22.12,14.42
172,0.78431374,22.12,14.42
172,0.8,22.12,14.42
172,0.8156863,22.12,14.42
172,0.83137256,22.112549,14.447451
172,0.84705883,21.826471,14.19647
172,0.8627451,21.19549,13.610392
172,0.8784314,20.418234,12.876862
172,0.89411765,19.311174,11.923529
172,0.9098039,17.647057,10.609215
172,0.9254902,15.522744,9.05196
172,0.9411765,13.267058,7.474705
172,0.95686275,10.866667,5.870196
172,0.972549,8.282352,4.2192154
172,0.9882353,5.4305863,2.4635284
173,0.0,21.07,66.49
173,0.015686275,21.53294,65.46471
173,0.03137255,22.035881,64.37706
173,0.047058824,22.578823,63.140587
173,0.0627451,23.151764,61.861767
173,0.078431375,23.724705,60.57765
173,0.09411765,24.297647,59.29765
173,0.10980392,24.870588,58.01059
173,0.1254902,25.44353,56.70353
173,0.14117648,26.00647,55.431767
173,0.15686275,26.569412,54.155296
173,0.17254902,27.045881,53.001766
173,0.1882353,27.411177,52.00353
173,0.20392157,27.695293,51.16647
173,0.21960784,27.91647,50.54706
173,0.23529412,28.068823,50.11353
173,0.2509804,28.16,49.821175
173,0.26666668,28.19,49.65
173,0.28235295,28.2,49.61
173,0.29803923,28.2,49.62
173,0.3137255,28.2,49.63
173,0.32941177,28.19,49.64
173,0.34509805,28.202942,49.6
173,0.36078432,28.25,49.51647
173,0.3764706,28.3,49.4
173,0.39215687,28.31,49.325294
173,0.40784314,28.34,49.16941
173,0.42352942,28.415882,48.786472
173,0.4392157,28.53647,48.128235
173,0.45490196,28.69706,47.055294
173,0.47058824,28.847647,45.5753
173,0.4862745,28.9,43.79
173,0.5019608,28.841177,41.68353
173,0.5176471,28.77,39.44177
173,0.53333336,28.76,37.15
173,0.54901963,28.861176,34.848236
173,0.5647059,29.093529,32.67765
173,0.5803922,29.497059,30.586473
173,0.59607846,30.11647,28.497648
173,0.6117647,30.99647,26.480001
173,0.627451,32.17235,24.59353
173,0.6431373,33.661762,22.892353
173,0.65882355,35.46,21.488237
173,0.6745098,37.485878,20.467648
173,0.6901961,39.72353,19.836472
173,0.7058824,42.11235,19.593529
173,0.72156864,44.582348,19.798235
173,0.7372549,47.075882,20.528822
173,0.7529412,49.47294,21.708822
173,0.76862746,51.726467,23.203527
173,0.78431374,53.928234,24.900587
173,0.8,56.18,26.57
173,0.8156863,58.56294,28.087645
173,0.83137256,61.17941,29.464117
173,0.84705883,64.06765,30.729412
173,0.8627451,67.14823,31.92588
173,0.8784314,70.38823,33.122353
173,0.89411765,73.79941,34.392353
173,0.9098039,77.409996,35.817646
173,0.9254902,81.204704,37.39588
173,0.9411765,85.02529,39.02941
173,0.95686275,88.88588,40.704117
173,0.972549,92.812935,42.403526
173,0.9882353,96.82411,44.12588
174,0.0,98.83,50.35
174,0.015686275,96.744514,49.4451
174,0.03137255,94.814705,48.625885
174,0.047058824,93.10412,47.902355
174,0.0627451,91.63628,47.30451
174,0.078431375,90.34785,46.763138
174,0.09411765,89.149414,46.244705
174,0.10980392,87.95589,45.730392
174,0.1254902,86.75255,45.21902
174,0.14117648,85.47412,44.677647
174,0.15686275,84.117256,44.107845
174,0.17254902,82.65471,43.48863
174,0.1882353,81.00647,42.80941
174,0.20392157,79.22255,42.090195
174,0.21960784,77.35294,41.381176
174,0.23529412,75.48529,40.741764
174,0.2509804,73.62314,40.15255
174,0.26666668,71.83667,39.61667
174,0.28235295,70.062355,39.126472
174,0.29803923,68.134705,38.70294
174,0.3137255,66.06333,38.386276
174,0.32941177,63.835297,38.27
174,0.34509805,61.52157,38.415096
174,0.36078432,59.09255,38.932354
174,0.3764706,56.62353,39.80588
174,0.39215687,54.13843,40.930782
174,0.40784314,51.56157,42.199215
174,0.42352942,48.90294,43.435883
174,0.4392157,46.257843,44.487255
174,0.45490196,43.718433,45.247253
174,0.47058824,41.27941,45.660587
174,0.4862745,38.85039,45.620586
174,0.5019608,36.432354,44.98314
174,0.5176471,34.287647,43.831764
174,0.53333336,32.61,42.31333
174,0.54901963,31.229412,40.462353
174,0.5647059,30.165882,38.4
174,0.5803922,29.469412,36.22647
174,0.59607846,29.181961,33.975292
174,0.6117647,29.281765,31.674116
174,0.627451,29.778627,29.366667
174,0.6431373,30.704117,27.154903
174,0.65882355,32.102943,25.108822
174,0.6745098,33.898823,23.285685
174,0.6901961,36.031765,21.82902
174,0.7058824,38.458824,20.862352
174,0.72156864,41.08569,20.449215
174,0.7372549,43.73255,20.625883
174,0.7529412,46.28294,21.441765
174,0.76862746,48.68765,22.727451
174,0.78431374,51.008827,24.268042
174,0.8,53.36,25.93
174,0.8156863,55.854706,27.594118
174,0.83137256,58.650787,29.168236
174,0.84705883,61.835297,30.535295
174,0.8627451,65.49118,31.762354
174,0.8784314,69.20647,32.92294
174,0.89411765,73.03177,34.22765
174,0.9098039,76.951965,35.688824
174,0.9254902,80.8951,37.27569
174,0.9411765,84.86882,38.958237
174,0.95686275,88.87981,40.75804
174,0.972549,92.97079,42.66412
174,0.9882353,97.27412,44.641766
175,0.0,98.73,49.66
175,0.015686275,97.3047,49.05941
175,0.03137255,95.907646,48.468822
175,0.047058824,94.61882,47.940586
175,0.0627451,93.411766,47.44412
175,0.078431375,92.244705,46.957645
175,0.09411765,91.09765,46.471176
175,0.10980392,89.87059,45.954704
175,0.1254902,88.560585,45.408234
175,0.14117648,87.17941,44.841763
175,0.15686275,85.695885,44.215294
175,0.17254902,84.10647,43.56353
175,0.1882353,82.397644,42.882942
175,0.20392157,80.59058,42.182354
175,0.21960784,78.76294,41.494118
175,0.23529412,76.895294,40.821175
175,0.2509804,75.08353,40.190586
175,0.26666668,73.35,39.64
175,0.28235295,71.518234,39.15353
175,0.29803923,69.54647,38.765293
175,0.3137255,67.409996,38.527645
175,0.32941177,65.043526,38.49
175,0.34509805,62.53941,38.721764
175,0.36078432,59.990585,39.288235
175,0.3764706,57.41235,40.151768
175,0.39215687,54.90706,41.236473
175,0.40784314,52.395878,42.45353
175,0.42352942,49.918823,43.578236
175,0.4392157,47.494705,44.43647
175,0.45490196,45.060585,45.037647
175,0.47058824,42.656467,45.36353
175,0.4862745,40.24235,45.324707
175,0.5019608,37.748234,44.787647
175,0.5176471,35.324116,43.701176
175,0.53333336,33.25,42.2
175,0.54901963,31.470587,40.33235
175,0.5647059,30.055882,38.31647
175,0.5803922,28.951176,36.234703
175,0.59607846,28.137648,34.29941
175,0.6117647,27.568235,32.67294
175,0.627451,27.190588,31.332352
175,0.6431373,26.971176,30.407059
175,0.65882355,26.84706,29.788235
175,0.6745098,26.73294,29.211763
175,0.6901961,26.63,28.74647
175,0.7058824,26.55,28.334118
175,0.72156864,26.490587,27.981764
175,0.7372549,26.43,27.515882
175,0.7529412,26.35,26.844116
175,0.76862746,26.238235,25.997646
175,0.78431374,26.084118,24.927057
175,0.8,25.84,23.64
175,0.8156863,25.437647,22.100586
175,0.83137256,24.848824,20.40294
175,0.84705883,24.043528,18.527056
175,0.8627451,22.991764,16.53294
175,0.8784314,21.714115,14.571762
175,0.89411765,20.253529,12.768823
175,0.9098039,18.506468,11.025291
175,0.9254902,16.419998,9.251763
175,0.9411765,14.02588,7.4982333
175,0.95686275,11.315292,5.8247046
175,0.972549,8.433527,4.1011753
175,0.9882353,5.463527,2.1188219
176,0.0,21.1,66.94
176,0.015686275,21.697844,65.61235
176,0.03137255,22.275686,64.3047
176,0.047058824,22.84353,63.037056
176,0.0627451,23.381372,61.857254
176,0.078431375,23.839413,60.86137
176,0.09411765,24.21353,60.041176
176,0.10980392,24.483727,59.438824
176,0.1254902,24.675686,59.00294
176,0.14117648,24.867647,58.597057
176,0.15686275,25.059216,58.211178
176,0.17254902,25.22157,57.846863
176,0.1882353,25.36353,57.492943
176,0.20392157,25.51549,57.11353
176,0.21960784,25.734901,56.660194
176,0.23529412,26.008823,56.122353
176,0.2509804,26.344118,55.423138
176,0.26666668,26.716667,54.62
176,0.28235295,27.055883,53.838234
176,0.29803923,27.37451,53.073727
176,0.3137255,27.639215,52.34392
176,0.32941177,27.862352,51.684116
176,0.34509805,28.063137,51.087452
176,0.36078432,28.260197,50.55961
176,0.3764706,28.43706,50.08882
176,0.39215687,28.57,49.66294
176,0.40784314,28.67098,49.278038
176,0.42352942,28.74,49.007057
176,0.4392157,28.77,48.8551
176,0.45490196,28.77,48.84
176,0.47058824,28.76,48.86
176,0.4862745,28.780785,48.79843
176,0.5019608,28.952745,48.306274
176,0.5176471,29.124706,47.33235
176,0.53333336,29.286667,45.793335
176,0.54901963,29.301373,43.849216
176,0.5647059,29.017647,42.02235
176,0.5803922,28.502354,40.29196
176,0.59607846,28.05098,38.774902
176,0.6117647,27.72353,37.431763
176,0.627451,27.521568,36.437843
176,0.6431373,27.4,35.768433
176,0.65882355,27.317648,35.21294
176,0.6745098,27.225687,34.76706
176,0.6901961,27.143726,34.371178
176,0.7058824,27.09,33.975296
176,0.72156864,27.04,33.499214
176,0.7372549,26.99,32.779217
176,0.7529412,26.93,31.861176
176,0.76862746,26.853922,30.675295
176,0.78431374,26.761961,29.171568
176,0.8,26.65,27.499998
176,0.8156863,26.478039,25.674511
176,0.83137256,26.172157,23.80902
176,0.84705883,25.690588,22.003529
176,0.8627451,24.97294,20.060196
176,0.8784314,23.99157,17.982943
176,0.89411765,22.650589,15.84353
176,0.9098039,20.794117,13.644116
176,0.9254902,18.38196,11.444706
176,0.9411765,15.471766,9.265295
176,0.95686275,12.089804,7.046274
176,0.972549,8.580782,4.856469
176,0.9882353,4.988236,2.64353
177,0.0,98.75,50.78
177,0.015686275,98.33647,50.578236
177,0.03137255,97.90294,50.37647
177,0.047058824,97.439415,50.164707
177,0.0627451,96.93353,49.93294
177,0.078431375,96.32059,49.658234
177,0.09411765,95.611176,49.352352
177,0.10980392,94.854706,49.02941
177,0.1254902,94.04823,48.68647
177,0.14117648,93.19647,48.34353
177,0.15686275,92.31941,47.980587
177,0.17254902,91.452354,47.637646
177,0.1882353,90.5953,47.274708
177,0.20392157,89.68059,46.884117
177,0.21960784,88.75294,46.480587
177,0.23529412,87.79647,46.06706
177,0.2509804,86.81824,45.643528
177,0.26666668,85.82,45.22
177,0.28235295,84.81177,44.786472
177,0.29803923,83.793526,44.33294
177,0.3137255,82.77529,43.89941
177,0.32941177,81.77706,43.495884
177,0.34509805,80.788826,43.095295
177,0.36078432,79.83412,42.698822
177,0.3764706,78.86647,42.295296
177,0.39215687,77.88412,41.90647
177,0.40784314,76.88588,41.528236
177,0.42352942,75.87765,41.15059
177,0.4392157,74.85941,40.777645
177,0.45490196,73.82412,40.424706
177,0.47058824,72.757645,40.081764
177,0.4862745,71.67647,39.748825
177,0.5019608,70.57883,39.434708
177,0.5176471,69.46941,39.142353
177,0.53333336,68.34,38.89
177,0.54901963,67.16941,38.688824
177,0.5647059,65.867645,38.558823
177,0.5803922,64.4847,38.51
177,0.59607846,63.095295,38.564705
177,0.6117647,61.734116,38.731766
177,0.627451,60.359413,39.017647
177,0.6431373,58.92353,39.418823
177,0.65882355,57.47588,39.93765
177,0.6745098,56.038826,40.547646
177,0.6901961,54.592354,41.218822
177,0.7058824,53.15059,41.924706
177,0.72156864,51.728825,42.63059
177,0.7372549,50.29941,43.34647
177,0.7529412,48.85706,44.08059
177,0.76862746,47.40353,44.828236
177,0.78431374,45.92235,45.61353
177,0.8,44.4,46.48
177,0.8156863,42.826473,47.448822
177,0.83137256,41.24294,48.54
177,0.84705883,39.681175,49.761765
177,0.8627451,38.16059,51.08706
177,0.8784314,36.734116,52.478825
177,0.89411765,35.382942,53.977646
177,0.9098039,34.041763,55.67706
177,0.9254902,32.725292,57.532352
177,0.9411765,31.454706,59.387646
177,0.95686275,30.21,61.258823
177,0.972549,28.95353,63.25412
177,0.9882353,27.665884,65.38176
178,0.0,21.07,66.24
178,0.015686275,21.360588,65.59882
178,0.03137255,21.620588,65.02824
178,0.047058824,21.795881,64.61823
178,0.0627451,21.941175,64.28765
178,0.078431375,22.05647,64.02353
178,0.09411765,22.171764,63.754707
178,0.10980392,22.384117,63.278824
178,0.1254902,22.674706,62.598236
178,0.14117648,23.015293,61.841766
178,0.15686275,23.388823,61.012352
178,0.17254902,23.746471,60.228825
178,0.1882353,24.037058,59.56235
178,0.20392157,24.308823,58.944706
178,0.21960784,24.568235,58.39353
178,0.23529412,24.819412,57.872353
178,0.2509804,25.069412,57.351177
178,0.26666668,25.29,56.84
178,0.28235295,25.465294,56.424118
178,0.29803923,25.620588,56.068825
178,0.3137255,25.795881,55.708237
178,0.32941177,25.951176,55.377647
178,0.34509805,26.16647,54.904118
178,0.36078432,26.49353,54.11941
178,0.3764706,26.854118,53.254707
178,0.39215687,27.204706,52.458237
178,0.40784314,27.525293,51.719414
178,0.42352942,27.752941,51.181175
178,0.4392157,27.888235,50.815292
178,0.45490196,28.07353,50.379414
178,0.47058824,28.277647,49.893528
178,0.4862745,28.498236,49.105293
178,0.5019608,28.74941,47.785885
178,0.5176471,28.974707,46.25294
178,0.53333336,29.11,44.69
178,0.54901963,29.17,43.01647
178,0.5647059,29.139412,41.25294
178,0.5803922,29.044117,39.33765
178,0.59607846,28.93,37.07118
178,0.6117647,28.92,34.52
178,0.627451,29.165295,31.961765
178,0.6431373,29.775293,29.43706
178,0.65882355,30.798822,27.07706
178,0.6745098,32.21647,25.048237
178,0.6901961,34.058235,23.36059
178,0.7058824,36.31353,22.024118
178,0.72156864,38.88,21.155882
178,0.7372549,41.61882,20.84
178,0.7529412,44.454117,21.112352
178,0.76862746,47.31941,21.965881
178,0.78431374,50.104706,23.267057
178,0.8,52.89,24.85
178,0.8156863,55.750587,26.548235
178,0.83137256,58.84235,28.215881
178,0.84705883,62.21529,29.73294
178,0.8627451,65.76705,31.170588
178,0.8784314,69.435295,32.628235
178,0.89411765,73.242355,34.16765
178,0.9098039,77.16353,35.787647
178,0.9254902,81.181175,37.47588
178,0.9411765,85.18882,39.174114
178,0.95686275,89.13647,40.86235
178,0.972549,93.14235,42.568825
178,0.9882353,97.24529,44.298824
179,0.0,98.38,51.15
179,0.015686275,97.46118,50.71353
179,0.03137255,96.50235,50.28706
179,0.047058824,95.50765,49.88059
179,0.0627451,94.50353,49.472942
179,0.078431375,93.485886,49.031178
179,0.09411765,92.45706,48.57765
179,0.10980392,91.448235,48.11765
179,0.1254902,90.43706,47.665882
179,0.14117648,89.44059,47.224117
179,0.15686275,88.47176,46.782352
179,0.17254902,87.48294,46.340588
179,0.1882353,86.48059,45.878822
179,0.20392157,85.456474,45.42706
179,0.21960784,84.41235,44.965294
179,0.23529412,83.34882,44.49353
179,0.2509804,82.23941,43.98706
179,0.26666668,81.08,43.460003
179,0.28235295,79.90059,42.958237
179,0.29803923,78.70059,42.47647
179,0.3137255,77.47588,42.024708
179,0.32941177,76.22,41.57294
179,0.34509805,74.96647,41.14118
179,0.36078432,73.731766,40.711178
179,0.3764706,72.50706,40.314705
179,0.39215687,71.270004,39.97059
179,0.40784314,70.0553,39.659412
179,0.42352942,68.90588,39.368237
179,0.4392157,67.82471,39.097057
179,0.45490196,66.73059,38.889412
179,0.47058824,65.685295,38.752354
179,0.4862745,64.774704,38.665882
179,0.5019608,63.975883,38.61
179,0.5176471,63.222942,38.58
179,0.53333336,62.48,38.58
179,0.54901963,61.74706,38.625294
179,0.5647059,60.94353,38.710587
179,0.5803922,60.069412,38.831764
179,0.59607846,59.125885,39.02353
179,0.6117647,58.155884,39.275883
179,0.627451,57.115295,39.640587
179,0.6431373,56.00412,40.109413
179,0.65882355,54.874706,40.65882
179,0.6745098,53.745296,41.261177
179,0.6901961,52.638824,41.91353
179,0.7058824,51.584705,42.574116
179,0.72156864,50.52059,43.251762
179,0.7372549,49.398823,43.91941
179,0.7529412,48.21412,44.58706
179,0.76862746,47.00941,45.284706
179,0.78431374,45.745296,46.037056
179,0.8,44.38,46.83
179,0.8156863,42.92412,47.66353
179,0.83137256,41.448822,48.57765
179,0.84705883,39.98824,49.602352
179,0.8627451,38.547646,50.76882
179,0.8784314,37.127064,52.066467
179,0.89411765,35.718235,53.54706
179,0.9098039,34.315887,55.26941
179,0.9254902,32.95765,57.148823
179,0.9411765,31.70765,59.011173
179,0.95686275,30.5,60.93941
179,0.972549,29.230003,63.087055
179,0.9882353,27.93,65.399414
180,0.0,97.81,50.07
180,0.015686275,95.91765,49.24647
180,0.03137255,93.99764,48.44294
180,0.047058824,92.06647,47.665882
180,0.0627451,90.145294,46.885883
180,0.078431375,88.25823,46.08647
180,0.09411765,86.43882,45.311764
180,0.10980392,84.68882,44.598824
180,0.1254902,83.014114,43.943527
180,0.14117648,81.45529,43.33588
180,0.15686275,80.00235,42.76588
180,0.17254902,78.62765,42.23647
180,0.1882353,77.35235,41.76882
180,0.20392157,76.22529,41.37647
180,0.21960784,75.253525,41.06588
180,0.23529412,74.36706,40.81059
180,0.2509804,73.55353,40.595295
180,0.26666668,72.75,40.38
180,0.28235295,71.98529,40.18353
180,0.29803923,71.238235,40.007057
180,0.3137255,70.48588,39.840588
180,0.32941177,69.70117,39.684116
180,0.34509805,68.90235,39.50353
180,0.36078432,68.11882,39.298237
180,0.3764706,67.26353,39.11647
180,0.39215687,66.32,39.00941
180,0.40784314,65.34,38.95059
180,0.42352942,64.34,38.911766
180,0.4392157,63.33294,38.9
180,0.45490196,62.274117,38.935883
180,0.47058824,61.190586,39.05412
180,0.4862745,60.12647,39.24059
180,0.5019608,59.077644,39.48941
180,0.5176471,58.05,39.79706
180,0.53333336,57.039997,40.16
180,0.54901963,56.05,40.551765
180,0.5647059,55.039997,40.95353
180,0.5803922,54.05,41.385296
180,0.59607846,53.069996,41.842354
180,0.6117647,52.104115,42.33706
180,0.627451,51.12,42.856472
180,0.6431373,50.109997,43.385883
180,0.65882355,49.110584,43.915295
180,0.6745098,48.129997,44.444706
180,0.6901961,47.12176,44.994118
180,0.7058824,46.072937,45.59059
180,0.72156864,45.004116,46.218826
180,0.7372549,43.93529,46.871765
180,0.7529412,42.84294,47.575882
180,0.76862746,41.725292,48.35059
180,0.78431374,40.617645,49.18647
180,0.8,39.53,50.06
180,0.8156863,38.441177,50.991177
180,0.83137256,37.38235,51.977646
180,0.84705883,36.38,53.00647
180,0.8627451,35.39,54.10059
180,0.8784314,34.39,55.282352
180,0.89411765,33.379997,56.534706
180,0.9098039,32.37,57.892353
180,0.9254902,31.359999,59.35471
180,0.9411765,30.359999,60.864708
180,0.95686275,29.378233,62.432358
180,0.972549,28.419998,64.03765
180,0.9882353,27.469997,65.746475
181,0.0,21.9,65.67
181,0.015686275,22.041372,65.36294
181,0.03137255,22.161373,65.085884
181,0.047058824,22.24,64.892944
181,0.0627451,22.3,64.74451
181,0.078431375,22.388432,64.54471
181,0.09411765,22.508236,64.28764
181,0.10980392,22.659609,63.960785
181,0.1254902,22.83098,63.56804
181,0.14117648,23.002354,63.165295
181,0.15686275,23.163725,62.79255
181,0.17254902,23.31255,62.442352
181,0.1882353,23.44647,62.155293
181,0.20392157,23.543922,61.942158
181,0.21960784,23.679216,61.61196
181,0.23529412,23.850588,61.18353
181,0.2509804,24.06196,60.674118
181,0.26666668,24.34,60.073334
181,0.28235295,24.659412,59.40588
181,0.29803923,24.944118,58.781765
181,0.3137255,25.191177,58.18765
181,0.32941177,25.408236,57.68294
181,0.34509805,25.600197,57.21961
181,0.36078432,25.770784,56.826862
181,0.3764706,25.87647,56.55706
181,0.39215687,25.942158,56.385685
181,0.40784314,25.98,56.28
181,0.42352942,26.03,56.132942
181,0.4392157,26.139215,55.83235
181,0.45490196,26.294903,55.42549
181,0.47058824,26.521765,54.85588
181,0.4862745,26.855099,54.057255
181,0.5019608,27.247843,53.07843
181,0.5176471,27.66059,51.930588
181,0.53333336,28.073334,50.676666
181,0.54901963,28.426079,49.433727
181,0.5647059,28.714117,48.148823
181,0.5803922,28.920784,46.884903
181,0.59607846,29.036077,45.65098
181,0.6117647,29.101765,44.448822
181,0.627451,29.13,43.29059
181,0.6431373,29.14,42.07608
181,0.65882355,29.14,40.697647
181,0.6745098,29.11,39.138824
181,0.6901961,29.039804,37.366077
181,0.7058824,28.908236,35.41647
181,0.72156864,28.726862,33.39706
181,0.7372549,28.498236,31.330395
181,0.7529412,28.178236,29.235296
181,0.76862746,27.756863,27.140196
181,0.78431374,27.209805,25.015099
181,0.8,26.52,22.910002
181,0.8156863,25.683138,20.824905
181,0.83137256,24.612158,18.658434
181,0.84705883,23.321177,16.437647
181,0.8627451,21.958824,14.3096075
181,0.8784314,20.56353,12.272943
181,0.89411765,19.06412,10.303532
181,0.9098039,17.443533,8.393925
181,0.9254902,15.715688,6.611178
181,0.9411765,13.937647,5.022353
181,0.95686275,12.129609,3.6139224
181,0.972549,10.426669,2.401962
181,0.9882353,8.926474,1.4076488
182,0.0,16.86,2.36
182,0.015686275,18.123922,3.2311776
182,0.03137255,19.352156,4.0823517
182,0.047058824,20.501179,4.910001
182,0.0627451,21.56882,5.6919594
182,0.078431375,22.57353,6.447451
182,0.09411765,23.558235,7.1929417
182,0.10980392,24.493135,7.9086266
182,0.1254902,25.336668,8.555687
182,0.14117648,26.13,9.157646
182,0.15686275,26.923334,9.759608
182,0.17254902,27.710392,10.371569
182,0.1882353,28.499998,10.993528
182,0.20392157,29.293335,11.615491
182,0.21960784,30.08686,12.23745
182,0.23529412,30.882353,12.849412
182,0.2509804,31.673332,13.445882
182,0.26666668,32.486664,14.043332
182,0.28235295,33.352356,14.645295
182,0.29803923,34.280388,15.267253
182,0.3137255,35.254116,15.889215
182,0.32941177,36.25353,16.511175
182,0.34509805,37.296078,17.135685
182,0.36078432,38.36863,17.775099
182,0.3764706,39.459408,18.405293
182,0.39215687,40.585884,19.045097
182,0.40784314,41.758038,19.7049
182,0.42352942,42.97588,20.384705
182,0.4392157,44.229412,21.074118
182,0.45490196,45.52117,21.774313
182,0.47058824,46.838234,22.484118
182,0.4862745,48.154705,23.18392
182,0.5019608,49.477448,23.874704
182,0.5176471,50.81706,24.56353
182,0.53333336,52.166664,25.253332
182,0.54901963,53.540783,25.933138
182,0.5647059,54.938232,26.61294
182,0.5803922,56.345882,27.282743
182,0.59607846,57.781178,27.942549
182,0.6117647,59.236465,28.59647
182,0.627451,60.70549,29.248432
182,0.6431373,62.198624,29.89039
182,0.65882355,63.701176,30.532352
182,0.6745098,65.22215,31.174313
182,0.6901961,66.753136,31.816273
182,0.7058824,68.31412,32.461178
182,0.72156864,69.88666,33.12098
182,0.7372549,71.4847,33.790783
182,0.7529412,73.09353,34.460587
182,0.76862746,74.71666,35.144703
182,0.78431374,76.333336,35.83235
182,0.8,77.95,36.53
182,0.8156863,79.566666,37.237648
182,0.83137256,81.183334,37.95529
182,0.84705883,82.799995,38.67294
182,0.8627451,84.416664,39.390587
182,0.8784314,86.02333,40.108234
182,0.89411765,87.63,40.828823
182,0.9098039,89.22666,41.54353
182,0.9254902,90.823326,42.261173
182,0.9411765,92.42941,42.968822
182,0.95686275,94.02666,43.676468
182,0.972549,95.63333,44.384117
182,0.9882353,97.24,45.091763
183,0.0,18.26,2.41
183,0.015686275,19.51196,3.256078
183,0.03137255,20.762547,4.1207833
183,0.047058824,21.99588,5.001175
183,0.0627451,23.160585,5.8715663
183,0.078431375,24.225096,6.73039
183,0.09411765,25.218235,7.5864697
183,0.10980392,26.14255,8.44255
183,0.1254902,27.003138,9.288628
183,0.14117648,27.844706,10.154705
183,0.15686275,28.657646,11.02392
183,0.17254902,29.47686,11.866861
183,0.1882353,30.312939,12.661175
183,0.20392157,31.211176,13.452941
183,0.21960784,32.20667,14.264707
183,0.23529412,33.29,15.041764
183,0.2509804,34.45137,15.730196
183,0.26666668,35.76,16.369999
183,0.28235295,37.12823,16.931175
183,0.29803923,38.543137,17.455685
183,0.3137255,40.004314,17.970196
183,0.32941177,41.49353,18.495295
183,0.34509805,42.987648,19.064117
183,0.36078432,44.48196,19.692156
183,0.3764706,45.947647,20.422352
183,0.39215687,47.352547,21.277645
183,0.40784314,48.673134,22.254509
183,0.42352942,49.876472,23.35
183,0.4392157,50.92255,24.545689
183,0.45490196,51.846275,25.85706
183,0.47058824,52.61353,27.237059
183,0.4862745,53.209805,28.63196
183,0.5019608,53.628235,30.036861
183,0.5176471,53.864704,31.494116
183,0.53333336,53.913334,33.0
183,0.54901963,53.78706,34.49255
183,0.5647059,53.49353,35.93647
183,0.5803922,53.023136,37.311764
183,0.59607846,52.35294,38.60451
183,0.6117647,51.542942,39.798233
183,0.627451,50.621765,40.900784
183,0.6431373,49.620193,41.91294
183,0.65882355,48.589996,42.856472
183,0.6745098,47.532154,43.721375
183,0.6901961,46.45333,44.54745
183,0.7058824,45.36,45.34353
183,0.72156864,44.266666,46.131176
183,0.7372549,43.15059,46.93294
183,0.7529412,42.03,47.751766
183,0.76862746,40.916664,48.60922
183,0.78431374,39.82333,49.49961
183,0.8,38.73,50.45
183,0.8156863,37.656666,51.46902
183,0.83137256,36.61196,52.536667
183,0.84705883,35.59294,53.66294
183,0.8627451,34.611176,54.83059
183,0.8784314,33.656467,56.059807
183,0.89411765,32.717644,57.32765
183,0.9098039,31.797058,58.64412
183,0.9254902,30.882353,60.004707
183,0.9411765,29.95647,61.434116
183,0.95686275,29.002941,62.935295
183,0.972549,28.048233,64.47883
183,0.9882353,27.115292,66.02059
184,0.0,21.23,67.14
184,0.015686275,21.504118,66.551765
184,0.03137255,21.768234,65.96353
184,0.047058824,22.038235,65.365295
184,0.0627451,22.284313,64.80922
184,0.078431375,22.510391,64.29902
184,0.09411765,22.70647,63.828823
184,0.10980392,22.856274,63.491177
184,0.1254902,22.934313,63.295685
184,0.14117648,23.012352,63.125294
184,0.15686275,23.100391,62.939217
184,0.17254902,23.236862,62.664707
184,0.1882353,23.412941,62.294117
184,0.20392157,23.629019,61.812943
184,0.21960784,23.927647,61.14961
184,0.23529412,24.292353,60.314705
184,0.2509804,24.723137,59.3251
184,0.26666668,25.223333,58.18
184,0.28235295,25.808235,56.908825
184,0.29803923,26.449215,55.53157
184,0.3137255,27.11549,54.058235
184,0.32941177,27.801764,52.47
184,0.34509805,28.441175,50.850197
184,0.36078432,28.95451,49.256668
184,0.3764706,29.341764,47.57706
184,0.39215687,29.57196,45.802357
184,0.40784314,29.65,43.949608
184,0.42352942,29.612942,41.971764
184,0.4392157,29.459805,39.827847
184,0.45490196,29.253725,37.61098
184,0.47058824,29.038824,35.341763
184,0.4862745,28.96,33.10804
184,0.5019608,29.084509,30.910395
184,0.5176471,29.491764,28.778824
184,0.53333336,30.23,26.796667
184,0.54901963,31.26647,24.985294
184,0.5647059,32.561764,23.349415
184,0.5803922,34.106667,21.945686
184,0.59607846,35.894314,20.799608
184,0.6117647,37.874115,19.955296
184,0.627451,40.016075,19.455294
184,0.6431373,42.25098,19.339607
184,0.65882355,44.430588,19.580587
184,0.6745098,46.48941,20.155489
184,0.6901961,48.48451,21.06098
184,0.7058824,50.413532,22.242943
184,0.72156864,52.27647,23.607254
184,0.7372549,54.129017,25.067646
184,0.7529412,56.033527,26.528234
184,0.76862746,58.140198,27.880981
184,0.78431374,60.457058,29.083529
184,0.8,62.92,30.169998
184,0.8156863,65.52706,31.210392
184,0.83137256,68.2402,32.246864
184,0.84705883,71.043526,33.34941
184,0.8627451,73.9447,34.51588
184,0.8784314,76.916084,35.71255
184,0.89411765,79.935295,36.92706
184,0.9098039,82.96451,38.095295
184,0.9254902,85.98373,39.251766
184,0.9411765,88.97059,40.428238
184,0.95686275,91.89176,41.624706
184,0.972549,94.78451,42.801174
184,0.9882353,97.617645,43.931175
185,0.0,47.67,3.58
185,0.015686275,48.007256,4.31196
185,0.03137255,48.33451,5.0439215
185,0.047058824,48.641766,5.7858834
185,0.0627451,48.919216,6.527843
185,0.078431375,49.141766,7.2798033
185,0.09411765,49.319412,8.03647
185,0.10980392,49.454315,8.793727
185,0.1254902,49.549606,9.515686
185,0.14117648,49.6,10.180588
185,0.15686275,49.62,10.780588
185,0.17254902,49.61804,11.335687
185,0.1882353,49.590588,11.855294
185,0.20392157,49.55314,12.374902
185,0.21960784,49.515686,12.900196
185,0.23529412,49.48,13.392354
185,0.2509804,49.46,13.883726
185,0.26666668,49.45,14.403333
185,0.28235295,49.45,14.981176
185,0.29803923,49.481567,15.635688
185,0.3137255,49.54902,16.378235
185,0.32941177,49.67294,17.177647
185,0.34509805,49.855686,17.933138
185,0.36078432,50.10549,18.676472
185,0.3764706,50.41412,19.42706
185,0.39215687,50.797646,20.195293
185,0.40784314,51.249805,20.978432
185,0.42352942,51.79059,21.815296
185,0.4392157,52.397648,22.66353
185,0.45490196,53.080784,23.512941
185,0.47058824,53.852352,24.365883
185,0.4862745,54.733727,25.222748
185,0.5019608,55.7349,26.08961
185,0.5176471,56.845882,26.94647
185,0.53333336,58.063335,27.77
185,0.54901963,59.36569,28.54863
185,0.5647059,60.742943,29.262354
185,0.5803922,62.2151,29.936863
185,0.59607846,63.762157,30.568235
185,0.6117647,65.344124,31.175295
185,0.627451,66.932945,31.754314
185,0.6431373,68.52177,32.32941
185,0.65882355,70.13059,32.91647
185,0.6745098,71.71941,33.51353
185,0.6901961,73.27255,34.112747
185,0.7058824,74.75647,34.707645
185,0.72156864,76.187645,35.314705
185,0.7372549,77.58412,35.911766
185,0.7529412,78.962944,36.518826
185,0.76862746,80.33196,37.12588
185,0.78431374,81.680984,37.722942
185,0.8,83.020004,38.31
185,0.8156863,84.34157,38.88706
185,0.83137256,85.643135,39.46412
185,0.84705883,86.93471,40.038822
185,0.8627451,88.19628,40.60824
185,0.8784314,89.45059,41.17804
185,0.89411765,90.69941,41.752354
185,0.9098039,91.97098,42.339413
185,0.9254902,93.24255,42.92647
185,0.9411765,94.507065,43.503532
185,0.95686275,95.795685,44.08059
185,0.972549,97.08726,44.637646
185,0.9882353,98.517654,45.254707
186,0.0,18.63,2.6
186,0.015686275,20.319996,3.8599968
186,0.03137255,22.019999,5.1399984
186,0.047058824,23.64,6.38
186,0.0627451,25.129997,7.539997
186,0.078431375,26.479998,8.629998
186,0.09411765,27.7,9.64
186,0.10980392,28.779997,10.559998
186,0.1254902,29.679998,11.339999
186,0.14117648,30.42,11.99
186,0.15686275,31.009998,12.519999
186,0.17254902,31.519999,12.98
186,0.1882353,31.93,13.36
186,0.20392157,32.23,13.629999
186,0.21960784,32.46,13.849999
186,0.23529412,32.67,14.03
186,0.2509804,32.88,14.2
186,0.26666668,33.07,14.36
186,0.28235295,33.23,14.49
186,0.29803923,33.38,14.599999
186,0.3137255,33.48,14.68
186,0.32941177,33.54,14.72
186,0.34509805,33.579998,14.75
186,0.36078432,33.61,14.78
186,0.3764706,33.63,14.8
186,0.39215687,33.65,14.82
186,0.40784314,33.68,14.84
186,0.42352942,33.73,14.86
186,0.4392157,33.78,14.889999
186,0.45490196,33.87,14.95
186,0.47058824,34.08,15.1
186,0.4862745,34.41,15.349999
186,0.5019608,34.87,15.7
186,0.5176471,35.51,16.14
186,0.53333336,36.359997,16.689999
186,0.54901963,37.44,17.33
186,0.5647059,38.72,18.05
186,0.5803922,40.179996,18.829998
186,0.59607846,41.809998,19.679998
186,0.6117647,43.66,20.62
186,0.627451,45.679996,21.629997
186,0.6431373,47.739998,22.659998
186,0.65882355,49.77,23.67
186,0.6745098,51.819996,24.689997
186,0.6901961,53.909996,25.71
186,0.7058824,56.05,26.74
186,0.72156864,58.239994,27.749998
186,0.7372549,60.449997,28.749998
186,0.7529412,62.7,29.75
186,0.76862746,64.899994,30.699997
186,0.78431374,67.1,31.64
186,0.8,69.31,32.59
186,0.8156863,71.56999,33.539997
186,0.83137256,73.909996,34.52
186,0.84705883,76.29,35.51
186,0.8627451,78.689995,36.499996
186,0.8784314,81.079994,37.5
186,0.89411765,83.46,38.49
186,0.9098039,85.84,39.489998
186,0.9254902,88.21,40.48
186,0.9411765,90.56,41.46
186,0.95686275,92.869995,42.409996
186,0.972549,95.14,43.35
186,0.9882353,97.4,44.27
187,0.0,21.51,66.9
187,0.015686275,21.7,66.44334
187,0.03137255,21.886667,66.0
187,0.047058824,22.08,65.56
187,0.0627451,22.273335,65.1
187,0.078431375,22.486668,64.60333
187,0.09411765,22.73,64.06
187,0.10980392,22.986668,63.47333
187,0.1254902,23.253334,62.859997
187,0.14117648,23.539999,62.23
187,0.15686275,23.83,61.57
187,0.17254902,24.123333,60.91
187,0.1882353,24.42,60.239998
187,0.20392157,24.73,59.566666
187,0.21960784,25.039999,58.863335
187,0.23529412,25.37,58.149998
187,0.2509804,25.710001,57.40333
187,0.26666668,26.066668,56.62
187,0.28235295,26.44,55.8
187,0.29803923,26.816668,54.956665
187,0.3137255,27.196667,54.066666
187,0.32941177,27.550001,53.149998
187,0.34509805,27.89,52.19
187,0.36078432,28.193333,51.183334
187,0.3764706,28.460001,50.149998
187,0.39215687,28.68,49.079998
187,0.40784314,28.86,47.969997
187,0.42352942,29.01,46.83
187,0.4392157,29.116667,45.666668
187,0.45490196,29.196667,44.476665
187,0.47058824,29.24,43.249996
187,0.4862745,29.263332,41.99
187,0.5019608,29.26,40.703335
187,0.5176471,29.24,39.39
187,0.53333336,29.196667,38.033333
187,0.54901963,29.143333,36.656666
187,0.5647059,29.06,35.250004
187,0.5803922,28.95,33.82
187,0.59607846,28.81,32.37
187,0.6117647,28.619999,30.929998
187,0.627451,28.393333,29.490002
187,0.6431373,28.11,28.040003
187,0.65882355,27.77,26.59
187,0.6745098,27.369999,25.15
187,0.6901961,26.893333,23.7
187,0.7058824,26.340002,22.270004
187,0.72156864,25.696669,20.840002
187,0.7372549,24.97,19.436666
187,0.7529412,24.17,18.06
187,0.76862746,23.283335,16.720001
187,0.78431374,22.330002,15.436669
187,0.8,21.310001,14.210001
187,0.8156863,20.233334,13.056666
187,0.83137256,19.093334,11.950001
187,0.84705883,17.890003,10.890003
187,0.8627451,16.620003,9.870002
187,0.8784314,15.266667,8.870001
187,0.89411765,13.839999,7.8799996
187,0.9098039,12.343337,6.910002
187,0.9254902,10.806671,5.940003
187,0.9411765,9.250003,4.9700017
187,0.95686275,7.6900005,3.9833338
187,0.972549,6.230002,3.0366678
187,0.9882353,4.640006,2.0100038
188,0.0,48.2,4.02
188,0.015686275,48.65294,5.190586
188,0.03137255,49.075882,6.371176
188,0.047058824,49.37941,7.4176464
188,0.0627451,49.562943,8.3335285
188,0.078431375,49.661175,9.138235
188,0.09411765,49.70941,9.757058
188,0.10980392,49.72,10.162941
188,0.1254902,49.72,10.517647
188,0.14117648,49.73,10.94647
188,0.15686275,49.75,11.381764
188,0.17254902,49.76,11.82294
188,0.1882353,49.77,12.305294
188,0.20392157,49.77,12.808235
188,0.21960784,49.76,13.241176
188,0.23529412,49.76,13.557058
188,0.2509804,49.76,13.813529
188,0.26666668,49.77,14.059999
188,0.28235295,49.77,14.306471
188,0.29803923,49.78,14.51294
188,0.3137255,49.78,14.664706
188,0.32941177,49.78,14.752941
188,0.34509805,49.77,14.841176
188,0.36078432,49.77,15.008823
188,0.3764706,49.77,15.215294
188,0.39215687,49.77,15.32
188,0.40784314,49.78,15.33
188,0.42352942,49.78,15.34
188,0.4392157,49.78,15.34
188,0.45490196,49.78,15.34
188,0.47058824,49.78,15.35
188,0.4862745,49.78,15.365294
188,0.5019608,49.78,15.594117
188,0.5176471,49.801765,16.132353
188,0.53333336,49.87,17.049997
188,0.54901963,50.034706,18.317059
188,0.5647059,50.37588,19.86353
188,0.5803922,50.978233,21.759409
188,0.59607846,51.74059,23.901764
188,0.6117647,52.457058,26.02235
188,0.627451,53.037647,28.148233
188,0.6431373,53.45294,30.285294
188,0.65882355,53.62,32.361763
188,0.6745098,53.531765,34.344116
188,0.6901961,53.21059,36.21
188,0.7058824,52.67647,37.918823
188,0.72156864,51.949413,39.464706
188,0.7372549,51.026474,40.89176
188,0.7529412,49.891766,42.208233
188,0.76862746,48.607647,43.398823
188,0.78431374,47.165295,44.507645
188,0.8,45.59,45.54
188,0.8156863,43.91824,46.552353
188,0.83137256,42.22647,47.584705
188,0.84705883,40.504707,48.721764
188,0.8627451,38.802944,49.965294
188,0.8784314,37.142353,51.356472
188,0.89411765,35.57824,52.901173
188,0.9098039,34.110588,54.629997
188,0.9254902,32.739414,56.531765
188,0.9411765,31.444708,58.58235
188,0.95686275,30.204119,60.714706
188,0.972549,28.963531,62.89235
188,0.9882353,27.722942,65.11647
189,0.0,18.4,2.69
189,0.015686275,19.350784,3.3168626
189,0.03137255,20.319607,3.9517646
189,0.047058824,21.120588,4.484706
189,0.0627451,21.625687,4.8417645
189,0.078431375,21.889803,5.039804
189,0.09411765,22.045883,5.165882
189,0.10980392,22.223726,5.306863
189,0.1254902,22.387842,5.427843
189,0.14117648,22.527647,5.5188236
189,0.15686275,22.659803,5.619804
189,0.17254902,22.81157,5.740784
189,0.1882353,22.96353,5.8517647
189,0.20392157,23.092745,5.952745
189,0.21960784,23.183725,6.01
189,0.23529412,23.23,6.04
189,0.2509804,23.27,6.06
189,0.26666668,23.3,6.09
189,0.28235295,23.317646,6.11
189,0.29803923,23.36,6.1586275
189,0.3137255,23.499216,6.2692156
189,0.32941177,23.721764,6.431176
189,0.34509805,24.036274,6.6547055
189,0.36078432,24.485294,6.9827447
189,0.3764706,25.088234,7.4511757
189,0.39215687,25.826078,8.031569
189,0.40784314,26.609411,8.668431
189,0.42352942,27.398235,9.341764
189,0.4392157,28.237059,10.069608
189,0.45490196,29.065882,10.8174515
189,0.47058824,29.815882,11.505882
189,0.4862745,30.482746,12.122354
189,0.5019608,31.119608,12.708236
189,0.5176471,31.818823,13.306471
189,0.53333336,32.59,13.943334
189,0.54901963,33.433136,14.590197
189,0.5647059,34.34294,15.252353
189,0.5803922,35.335293,15.923922
189,0.59607846,36.39706,16.58804
189,0.6117647,37.527058,17.227648
189,0.627451,38.70902,17.815294
189,0.6431373,39.922745,18.371176
189,0.65882355,41.22647,18.93706
189,0.6745098,42.666664,19.597254
189,0.6901961,44.23647,20.368235
189,0.7058824,45.884117,21.241177
189,0.72156864,47.60196,22.196077
189,0.7372549,49.43157,23.27294
189,0.7529412,51.375294,24.421764
189,0.76862746,53.4349,25.624508
189,0.78431374,55.62549,26.817253
189,0.8,57.949997,27.999998
189,0.8156863,60.44843,29.171764
189,0.83137256,63.150784,30.305489
189,0.84705883,66.05706,31.428234
189,0.8627451,69.13725,32.57098
189,0.8784314,72.31647,33.75863
189,0.89411765,75.57176,35.032352
189,0.9098039,78.913925,36.382942
189,0.9254902,82.31804,37.79549
189,0.9411765,85.79412,39.241177
189,0.95686275,89.37216,40.726864
189,0.972549,92.960594,42.20255
189,0.9882353,96.50353,43.646473
190,0.0,20.9,66.91
190,0.015686275,21.196667,66.27334
190,0.03137255,21.483332,65.65667
190,0.047058824,21.77,65.04
190,0.0627451,22.066666,64.4
190,0.078431375,22.369999,63.733334
190,0.09411765,22.689999,63.030003
190,0.10980392,23.023333,62.303333
190,0.1254902,23.366667,61.55
190,0.14117648,23.72,60.78
190,0.15686275,24.083332,59.97
190,0.17254902,24.466665,59.133335
190,0.1882353,24.869999,58.260002
190,0.20392157,25.286667,57.35
190,0.21960784,25.713333,56.4
190,0.23529412,26.14,55.430004
190,0.2509804,26.566666,54.43667
190,0.26666668,26.963333,53.443333
190,0.28235295,27.34,52.43
190,0.29803923,27.693333,51.38667
190,0.3137255,28.019999,50.326668
190,0.32941177,28.31,49.23
190,0.34509805,28.553333,48.11
190,0.36078432,28.76,46.963333
190,0.3764706,28.91,45.770004
190,0.39215687,29.026667,44.563335
190,0.40784314,29.096666,43.336666
190,0.42352942,29.14,42.09
190,0.4392157,29.14,40.83
190,0.45490196,29.12,39.56
190,0.47058824,29.07,38.280003
190,0.4862745,28.993334,36.996666
190,0.5019608,28.896667,35.703335
190,0.5176471,28.78,34.420002
190,0.53333336,28.64,33.140003
190,0.54901963,28.473333,31.876667
190,0.5647059,28.289999,30.609999
190,0.5803922,28.073334,29.350002
190,0.59607846,27.816668,28.080002
190,0.6117647,27.53,26.800001
190,0.627451,27.186666,25.496666
190,0.6431373,26.793333,24.2
190,0.65882355,26.36,22.930004
190,0.6745098,25.866667,21.690002
190,0.6901961,25.316668,20.44
190,0.7058824,24.679998,19.179998
190,0.72156864,23.983334,17.920002
190,0.7372549,23.2,16.676668
190,0.7529412,22.35,15.450001
190,0.76862746,21.42,14.266665
190,0.78431374,20.44,13.139999
190,0.8,19.400002,12.090002
190,0.8156863,18.300001,11.100001
190,0.83137256,17.133333,10.166666
190,0.84705883,15.919998,9.289999
190,0.8627451,14.656668,8.456667
190,0.8784314,13.333335,7.6400013
190,0.89411765,11.97,6.84
190,0.9098039,10.706665,6.059999
190,0.9254902,9.223332,5.166666
190,0.9411765,7.790003,4.2400017
190,0.95686275,6.4366674,3.4300005
190,0.972549,5.076666,2.5833328
190,0.9882353,3.7099974,1.7299985
191,0.0,21.2,66.74
191,0.015686275,21.611765,65.87647
191,0.03137255,22.020588,65.00588
191,0.047058824,22.425882,64.138824
191,0.0627451,22.821177,63.271763
191,0.078431375,23.216473,62.414703
191,0.09411765,23.601767,61.567646
191,0.10980392,23.97706,60.730587
191,0.1254902,24.342354,59.90353
191,0.14117648,24.707647,59.05647
191,0.15686275,25.078236,58.194706
191,0.17254902,25.458237,57.301174
191,0.1882353,25.85353,56.37
191,0.20392157,26.244707,55.399998
191,0.21960784,26.63353,54.42
191,0.23529412,27.002354,53.432938
191,0.2509804,27.351177,52.44647
191,0.26666668,27.68,51.46
191,0.28235295,27.965883,50.48
191,0.29803923,28.224707,49.489998
191,0.3137255,28.447647,48.490585
191,0.32941177,28.627647,47.484116
191,0.34509805,28.764706,46.457645
191,0.36078432,28.858824,45.441174
191,0.3764706,28.925295,44.414703
191,0.39215687,28.96,43.378235
191,0.40784314,28.97,42.31353
191,0.42352942,28.965294,41.22588
191,0.4392157,28.948824,40.11647
191,0.45490196,28.92,38.987057
191,0.47058824,28.88,37.837643
191,0.4862745,28.83941,36.657642
191,0.5019608,28.782942,35.444702
191,0.5176471,28.72647,34.17882
191,0.53333336,28.65,32.87
191,0.54901963,28.557058,31.534704
191,0.5647059,28.424118,30.20235
191,0.5803922,28.261765,28.893526
191,0.59607846,28.05647,27.604702
191,0.6117647,27.798235,26.335878
191,0.627451,27.487059,25.077055
191,0.6431373,27.11294,23.833527
191,0.65882355,26.695883,22.591175
191,0.6745098,26.215881,21.387058
191,0.6901961,25.69294,20.215881
191,0.7058824,25.117058,19.07647
191,0.72156864,24.478233,17.967056
191,0.7372549,23.786469,16.871761
191,0.7529412,23.031761,15.81882
191,0.76862746,22.204115,14.782939
191,0.78431374,21.323528,13.776469
191,0.8,20.38,12.8
191,0.8156863,19.38353,11.849999
191,0.83137256,18.311174,10.92294
191,0.84705883,17.17235,10.028822
191,0.8627451,15.976468,9.151763
191,0.8784314,14.748232,8.304704
191,0.89411765,13.487055,7.467644
191,0.9098039,12.233527,6.6658807
191,0.9254902,10.991176,5.8852935
191,0.9411765,9.748823,5.0947056
191,0.95686275,8.50647,4.318823
191,0.972549,7.264116,3.543528
191,0.9882353,6.014115,2.7629395
192,0.0,21.66,65.92
192,0.015686275,22.210001,64.65333
192,0.03137255,22.756668,63.396664
192,0.047058824,23.320002,62.129997
192,0.0627451,23.89,60.853333
192,0.078431375,24.480001,59.553333
192,0.09411765,25.080002,58.239998
192,0.10980392,25.69,56.896664
192,0.1254902,26.286667,55.54333
192,0.14117648,26.85,54.18
192,0.15686275,27.376667,52.8
192,0.17254902,27.86,51.396664
192,0.1882353,28.28,49.969997
192,0.20392157,28.606667,48.523335
192,0.21960784,28.826666,47.066666
192,0.23529412,28.94,45.619995
192,0.2509804,28.96,44.16333
192,0.26666668,28.916666,42.696667
192,0.28235295,28.82,41.2
192,0.29803923,28.686666,39.676662
192,0.3137255,28.553333,38.13333
192,0.32941177,28.45,36.579998
192,0.34509805,28.4,35.006668
192,0.36078432,28.443333,33.43
192,0.3764706,28.6,31.849997
192,0.39215687,28.883333,30.269999
192,0.40784314,29.316668,28.723333
192,0.42352942,29.91,27.220001
192,0.4392157,30.670002,25.799997
192,0.45490196,31.600002,24.466665
192,0.47058824,32.690002,23.259998
192,0.4862745,33.916668,22.206667
192,0.5019608,35.28,21.33
192,0.5176471,36.750004,20.65
192,0.53333336,38.293335,20.176666
192,0.54901963,39.9,19.913334
192,0.5647059,41.559998,19.88
192,0.5803922,43.22,20.096666
192,0.59607846,44.83,20.533335
192,0.6117647,46.39,21.140001
192,0.627451,47.913334,21.886665
192,0.6431373,49.49,22.79
192,0.65882355,51.090004,23.790003
192,0.6745098,52.716667,24.846668
192,0.6901961,54.393333,25.913334
192,0.7058824,56.12,26.949999
192,0.72156864,57.93667,27.923334
192,0.7372549,59.826668,28.843334
192,0.7529412,61.79,29.73
192,0.76862746,63.789997,30.596666
192,0.78431374,65.83,31.45
192,0.8,67.880005,32.31
192,0.8156863,69.96667,33.183334
192,0.83137256,72.1,34.086666
192,0.84705883,74.28,35.039997
192,0.8627451,76.526665,36.036667
192,0.8784314,78.82667,37.08
192,0.89411765,81.18,38.15
192,0.9098039,83.60333,39.236668
192,0.9254902,86.11667,40.353333
192,0.9411765,88.69,41.47
192,0.95686275,91.32667,42.603333
192,0.972549,94.003334,43.756664
192,0.9882353,96.579994,44.87
193,0.0,17.85,2.25
193,0.015686275,18.915293,2.982941
193,0.03137255,19.970587,3.7158816
193,0.047058824,20.973528,4.4288225
193,0.0627451,21.884705,5.095293
193,0.078431375,22.735292,5.7441163
193,0.09411765,23.552353,6.3829403
193,0.10980392,24.340588,7.0217648
193,0.1254902,25.070587,7.640588
193,0.14117648,25.78647,8.279411
193,0.15686275,26.539412,8.959411
193,0.17254902,27.332352,9.702352
193,0.1882353,28.115294,10.445881
193,0.20392157,28.814705,11.134705
193,0.21960784,29.45353,11.773529
193,0.23529412,30.030588,12.350588
193,0.2509804,30.50941,12.833529
193,0.26666668,30.84,13.179999
193,0.28235295,31.072353,13.408235
193,0.29803923,31.25647,13.586471
193,0.3137255,31.422352,13.744705
193,0.32941177,31.54647,13.86647
193,0.34509805,31.660587,13.980588
193,0.36078432,31.754705,14.074706
193,0.3764706,31.848824,14.168823
193,0.39215687,31.922941,14.242941
193,0.40784314,32.007057,14.32
193,0.42352942,32.08,14.381176
193,0.4392157,32.14,14.435294
193,0.45490196,32.19,14.48
193,0.47058824,32.213528,14.5
193,0.4862745,32.267647,14.5476465
193,0.5019608,32.405293,14.703529
193,0.5176471,32.68353,14.977647
193,0.53333336,33.11,15.349999
193,0.54901963,33.71294,15.800588
193,0.5647059,34.522354,16.301176
193,0.5803922,35.528236,16.844118
193,0.59607846,36.69412,17.398823
193,0.6117647,38.02882,17.993528
193,0.627451,39.52529,18.62294
193,0.6431373,41.109997,19.291763
193,0.65882355,42.699997,19.983528
193,0.6745098,44.289997,20.72353
193,0.6901961,45.961178,21.541765
193,0.7058824,47.76588,22.49294
193,0.72156864,49.717644,23.553528
193,0.7372549,51.781174,24.682352
193,0.7529412,53.895878,25.791763
193,0.76862746,56.080585,26.87941
193,0.78431374,58.351173,27.944704
193,0.8,60.7,28.99
193,0.8156863,63.08706,30.001177
193,0.83137256,65.52412,31.000587
193,0.84705883,68.06588,32.025883
193,0.8627451,70.72117,33.091175
193,0.8784314,73.47764,34.217056
193,0.89411765,76.34058,35.42588
193,0.9098039,79.35117,36.74353
193,0.9254902,82.479996,38.15706
193,0.9411765,85.707054,39.64294
193,0.95686275,89.04235,41.179996
193,0.972549,92.50117,42.769997
193,0.9882353,96.01823,44.379997
194,0.0,21.43,66.06
194,0.015686275,22.044117,64.685295
194,0.03137255,22.648233,63.30059
194,0.047058824,23.267057,61.925884
194,0.0627451,23.88647,60.548237
194,0.078431375,24.520588,59.17647
194,0.09411765,25.154705,57.80177
194,0.10980392,25.778824,56.42706
194,0.1254902,26.39294,55.032352
194,0.14117648,26.97294,53.60353
194,0.15686275,27.508821,52.16059
194,0.17254902,27.984118,50.687057
194,0.1882353,28.384117,49.16706
194,0.20392157,28.688234,47.59059
194,0.21960784,28.870588,45.94765
194,0.23529412,28.95353,44.261765
194,0.2509804,28.96,42.565884
194,0.26666668,28.92,40.870007
194,0.28235295,28.88,39.212353
194,0.29803923,28.85,37.56471
194,0.3137255,28.85,35.91706
194,0.32941177,28.922941,34.299416
194,0.34509805,29.083529,32.71412
194,0.36078432,29.357058,31.192944
194,0.3764706,29.743528,29.739416
194,0.39215687,30.262941,28.332355
194,0.40784314,30.931175,27.001766
194,0.42352942,31.750587,25.740002
194,0.4392157,32.70882,24.590591
194,0.45490196,33.8,23.557648
194,0.47058824,35.01412,22.665295
194,0.4862745,36.381172,21.89706
194,0.5019608,37.867645,21.305296
194,0.5176471,39.430588,20.901176
194,0.53333336,41.03,20.68
194,0.54901963,42.647644,20.658236
194,0.5647059,44.218822,20.835882
194,0.5803922,45.75353,21.192942
194,0.59607846,47.2647,21.726469
194,0.6117647,48.75588,22.41294
194,0.627451,50.227646,23.232353
194,0.6431373,51.708233,24.157057
194,0.65882355,53.209408,25.138233
194,0.6745098,54.7647,26.137646
194,0.6901961,56.40882,27.125294
194,0.7058824,58.155293,28.057646
194,0.72156864,59.97823,28.92588
194,0.7372549,61.887646,29.754705
194,0.7529412,63.86353,30.563528
194,0.76862746,65.89588,31.352352
194,0.78431374,68.0147,32.161175
194,0.8,70.19,33.0
194,0.8156863,72.393524,33.85706
194,0.83137256,74.649994,34.760586
194,0.84705883,76.92999,35.70588
194,0.8627451,79.24,36.69412
194,0.8784314,81.57,37.707645
194,0.89411765,83.88999,38.731174
194,0.9098039,86.189995,39.754704
194,0.9254902,88.5,40.788235
194,0.9411765,90.81999,41.821762
194,0.95686275,93.13999,42.86529
194,0.972549,95.46941,43.918823
194,0.9882353,97.867645,44.982353
195,0.0,18.89,2.85
195,0.015686275,19.789804,3.4768627
195,0.03137255,20.669607,4.113725
195,0.047058824,21.51647,4.727647
195,0.0627451,22.311373,5.3235292
195,0.078431375,23.049215,5.8894114
195,0.09411765,23.731176,6.445294
195,0.10980392,24.388039,6.981176
195,0.1254902,25.004902,7.5092154
195,0.14117648,25.56294,8.004117
195,0.15686275,26.05902,8.45902
195,0.17254902,26.472353,8.823137
195,0.1882353,26.755295,9.083529
195,0.20392157,26.97549,9.27549
195,0.21960784,27.157452,9.443726
195,0.23529412,27.294706,9.574706
195,0.2509804,27.405685,9.681373
195,0.26666668,27.506666,9.776667
195,0.28235295,27.605295,9.867647
195,0.29803923,27.698627,9.958628
195,0.3137255,27.779608,10.039608
195,0.32941177,27.850588,10.110588
195,0.34509805,27.91157,10.17
195,0.36078432,27.96,10.21
195,0.3764706,28.013529,10.25353
195,0.39215687,28.08,10.30451
195,0.40784314,28.15549,10.37549
195,0.42352942,28.26647,10.48647
195,0.4392157,28.424902,10.654902
195,0.45490196,28.655294,10.895294
195,0.47058824,28.958235,11.1982355
195,0.4862745,29.301176,11.521176
195,0.5019608,29.63549,11.83549
195,0.5176471,30.039412,12.231765
195,0.53333336,30.52,12.75
195,0.54901963,31.13451,13.35451
195,0.5647059,31.962942,14.062353
195,0.5803922,32.995293,14.800196
195,0.59607846,34.22157,15.508039
195,0.6117647,35.65,16.215881
195,0.627451,37.255882,16.97294
195,0.6431373,39.03412,17.83196
195,0.65882355,40.975883,18.772942
195,0.6745098,43.061764,19.825882
195,0.6901961,45.225296,20.960785
195,0.7058824,47.52706,22.217648
195,0.72156864,49.857452,23.531374
195,0.7372549,52.14804,24.821178
195,0.7529412,54.456474,26.098825
195,0.76862746,56.82902,27.354511
195,0.78431374,59.283535,28.548237
195,0.8,61.850006,29.630001
195,0.8156863,64.48942,30.589806
195,0.83137256,67.21079,31.54157
195,0.84705883,70.05118,32.575294
195,0.8627451,72.96549,33.68098
195,0.8784314,75.94177,34.843727
195,0.89411765,78.954124,36.052353
195,0.9098039,81.97647,37.316082
195,0.9254902,85.01883,38.647648
195,0.9411765,88.06118,40.061176
195,0.95686275,91.10334,41.49706
195,0.972549,94.15667,42.931767
195,0.9882353,97.240005,44.318237
196,0.0,21.68,66.0
196,0.015686275,22.400196,64.46157
196,0.03137255,23.10039,62.943142
196,0.047058824,23.780588,61.397648
196,0.0627451,24.460783,59.866276
196,0.078431375,25.14098,58.347847
196,0.09411765,25.817059,56.809414
196,0.10980392,26.478235,55.237843
196,0.1254902,27.067255,53.67255
196,0.14117648,27.588234,52.11412
196,0.15686275,28.030981,50.52549
196,0.17254902,28.376862,48.92804
196,0.1882353,28.58647,47.32059
196,0.20392157,28.66,45.703136
196,0.21960784,28.633726,44.089413
196,0.23529412,28.554707,42.478237
196,0.2509804,28.441372,40.890785
196,0.26666668,28.306667,39.29333
196,0.28235295,28.207647,37.685883
196,0.29803923,28.16,36.067062
196,0.3137255,28.210785,34.43098
196,0.32941177,28.388235,32.80412
196,0.34509805,28.720587,31.206081
196,0.36078432,29.229609,29.666079
196,0.3764706,29.891176,28.184118
196,0.39215687,30.701372,26.770197
196,0.40784314,31.618628,25.468824
196,0.42352942,32.62294,24.333529
196,0.4392157,33.775883,23.281765
196,0.45490196,35.0698,22.329609
196,0.47058824,36.431767,21.534117
196,0.4862745,37.861763,20.913137
196,0.5019608,39.349804,20.468235
196,0.5176471,40.885883,20.204706
196,0.53333336,42.43667,20.12
196,0.54901963,43.965096,20.237059
196,0.5647059,45.44353,20.513529
196,0.5803922,46.908237,20.926079
196,0.59607846,48.332157,21.497452
196,0.6117647,49.65353,22.241177
196,0.627451,50.924118,23.110197
196,0.6431373,52.206276,24.067255
196,0.65882355,53.54647,25.053528
196,0.6745098,54.926865,26.001963
196,0.6901961,56.35412,26.902353
196,0.7058824,57.839413,27.78647
196,0.72156864,59.427647,28.628824
196,0.7372549,61.118042,29.41314
196,0.7529412,62.942352,30.172354
196,0.76862746,64.91686,30.921568
196,0.78431374,66.9804,31.690786
196,0.8,69.15,32.510002
196,0.8156863,71.38765,33.368237
196,0.83137256,73.579216,34.216473
196,0.84705883,75.765884,35.098824
196,0.8627451,77.97451,36.045097
196,0.8784314,80.15314,37.021374
196,0.89411765,82.38177,38.00765
196,0.9098039,84.689804,39.01706
196,0.9254902,87.07333,40.062355
196,0.9411765,89.50236,41.13765
196,0.95686275,91.97726,42.243336
196,0.972549,94.51098,43.36745
196,0.9882353,97.10295,44.481766
197,0.0,98.76,50.78
197,0.015686275,96.23235,49.689022
197,0.03137255,93.810394,48.665886
197,0.047058824,91.53412,47.72059
197,0.0627451,89.42353,46.837452
197,0.078431375,87.46863,45.993923
197,0.09411765,85.65942,45.184708
197,0.10980392,84.028435,44.43294
197,0.1254902,82.4853,43.76039
197,0.14117648,81.02529,43.18294
197,0.15686275,79.691765,42.664707
197,0.17254902,78.42608,42.16118
197,0.1882353,77.18412,41.674706
197,0.20392157,75.975296,41.2151
197,0.21960784,74.80138,40.81039
197,0.23529412,73.60647,40.434708
197,0.2509804,72.50706,40.101765
197,0.26666668,71.56333,39.83
197,0.28235295,70.75471,39.618824
197,0.29803923,70.10843,39.46098
197,0.3137255,69.53941,39.333138
197,0.32941177,68.985886,39.217648
197,0.34509805,68.44608,39.087452
197,0.36078432,67.888626,38.93961
197,0.3764706,67.26706,38.815884
197,0.39215687,66.56765,38.741962
197,0.40784314,65.852356,38.66804
197,0.42352942,65.07706,38.564117
197,0.4392157,64.27177,38.5
197,0.45490196,63.51647,38.493725
197,0.47058824,62.838825,38.52
197,0.4862745,62.20902,38.54
197,0.5019608,61.57608,38.56
197,0.5176471,60.904705,38.609413
197,0.53333336,60.15,38.706665
197,0.54901963,59.290195,38.881763
197,0.5647059,58.29471,39.134705
197,0.5803922,57.12353,39.480392
197,0.59607846,55.874706,39.905098
197,0.6117647,54.575882,40.407646
197,0.627451,53.210197,41.0049
197,0.6431373,51.756668,41.67706
197,0.65882355,50.38471,42.367645
197,0.6745098,49.07196,43.06902
197,0.6901961,47.811764,43.792942
197,0.7058824,46.615883,44.511765
197,0.72156864,45.515297,45.19314
197,0.7372549,44.498238,45.840195
197,0.7529412,43.52941,46.475883
197,0.76862746,42.616276,47.115097
197,0.78431374,41.749214,47.75863
197,0.8,40.89,48.399998
197,0.8156863,40.040787,49.071373
197,0.83137256,39.20157,49.79059
197,0.84705883,38.352352,50.579414
197,0.8627451,37.421764,51.508236
197,0.8784314,36.394707,52.5749
197,0.89411765,35.294117,53.78294
197,0.9098039,34.173138,55.156666
197,0.9254902,33.052155,56.74608
197,0.9411765,31.951176,58.451176
197,0.95686275,30.860197,60.251957
197,0.972549,29.71608,62.21843
197,0.9882353,28.514116,64.36353
198,0.0,21.57,66.82
198,0.015686275,21.99059,65.90098
198,0.03137255,22.41549,64.96628
198,0.047058824,22.828236,64.03941
198,0.0627451,23.22098,63.133923
198,0.078431375,23.593725,62.244118
198,0.09411765,23.97647,61.315884
198,0.10980392,24.359215,60.406864
198,0.1254902,24.731962,59.550587
198,0.14117648,25.094706,58.698826
198,0.15686275,25.44902,57.809803
198,0.17254902,25.773922,56.910786
198,0.1882353,26.12294,56.045883
198,0.20392157,26.493727,55.204704
198,0.21960784,26.848627,54.33373
198,0.23529412,27.173529,53.42706
198,0.2509804,27.46294,52.505688
198,0.26666668,27.726665,51.583336
198,0.28235295,27.977058,50.65647
198,0.29803923,28.225098,49.70961
198,0.3137255,28.454313,48.725883
198,0.32941177,28.644117,47.691177
198,0.34509805,28.797647,46.653923
198,0.36078432,28.910784,45.63137
198,0.3764706,28.988235,44.598827
198,0.39215687,29.046078,43.556274
198,0.40784314,29.07,42.499805
198,0.42352942,29.07,41.399414
198,0.4392157,29.06,40.29902
198,0.45490196,29.05,39.21863
198,0.47058824,29.034706,38.10294
198,0.4862745,28.983727,36.92157
198,0.5019608,28.89902,35.74647
198,0.5176471,28.831177,34.55941
198,0.53333336,28.763334,33.32667
198,0.54901963,28.66098,32.082745
198,0.5647059,28.520588,30.848825
198,0.5803922,28.32902,29.604904
198,0.59607846,28.091764,28.35098
198,0.6117647,27.824707,27.107061
198,0.627451,27.537647,25.886862
198,0.6431373,27.217451,24.66922
198,0.65882355,26.834707,23.454708
198,0.6745098,26.37745,22.265882
198,0.6901961,25.873922,21.08765
198,0.7058824,25.334705,19.939411
198,0.72156864,24.729021,18.80118
198,0.7372549,24.050589,17.69157
198,0.7529412,23.346472,16.664118
198,0.76862746,22.590982,15.615101
198,0.78431374,21.761177,14.552549
198,0.8,20.870003,13.530004
198,0.8156863,19.933138,12.573138
198,0.83137256,18.95059,11.6619625
198,0.84705883,17.942356,10.7729435
198,0.8627451,16.888432,9.885294
198,0.8784314,15.788043,9.004121
198,0.89411765,14.65059,8.150001
198,0.9098039,13.477453,7.3266683
198,0.9254902,12.261375,6.4905906
198,0.9411765,11.014706,5.64
198,0.95686275,9.742358,4.8082385
198,0.972549,8.434316,3.9870598
198,0.9882353,7.1347094,3.1458845
199,0.0,18.69,2.81
199,0.015686275,19.534315,3.4082363
199,0.03137255,20.29255,3.9603927
199,0.047058824,20.77647,4.342353
199,0.0627451,21.11647,4.6064706
199,0.078431375,21.41059,4.8303924
199,0.09411765,21.646471,4.996471
199,0.10980392,21.868824,5.142549
199,0.1254902,22.044313,5.2643137
199,0.14117648,22.182354,5.3823533
199,0.15686275,22.280392,5.490392
199,0.17254902,22.368431,5.578431
199,0.1882353,22.45647,5.6464705
199,0.20392157,22.52451,5.69451
199,0.21960784,22.56,5.72
199,0.23529412,22.56,5.73
199,0.2509804,22.56,5.72
199,0.26666668,22.55,5.7
199,0.28235295,22.56,5.71
199,0.29803923,22.57,5.72
199,0.3137255,22.57,5.73
199,0.32941177,22.57,5.74
199,0.34509805,22.55,5.75
199,0.36078432,22.56,5.744902
199,0.3764706,22.64294,5.8058825
199,0.39215687,22.88392,6.022941
199,0.40784314,23.344118,6.4150977
199,0.42352942,24.05353,7.026471
199,0.4392157,25.071177,7.920981
199,0.45490196,26.260784,9.030784
199,0.47058824,27.627645,10.33647
199,0.4862745,29.167452,11.69902
199,0.5019608,30.900589,13.054314
199,0.5176471,32.760586,14.298235
199,0.53333336,34.686665,15.363333
199,0.54901963,36.708824,16.282354
199,0.5647059,38.79706,17.095295
199,0.5803922,40.906467,17.859608
199,0.59607846,43.010784,18.639412
199,0.6117647,45.05059,19.501764
199,0.627451,46.969803,20.507254
199,0.6431373,48.72333,21.6949
199,0.65882355,50.254707,23.02706
199,0.6745098,51.548237,24.475294
199,0.6901961,52.58353,26.063332
199,0.7058824,53.31059,27.769999
199,0.72156864,53.73941,29.556276
199,0.7372549,53.89,31.439018
199,0.7529412,53.74235,33.331764
199,0.76862746,53.306473,35.214508
199,0.78431374,52.584312,37.057255
199,0.8,51.57,38.89
199,0.8156863,50.259415,40.684704
199,0.83137256,48.70667,42.387253
199,0.84705883,46.931767,43.975883
199,0.8627451,44.99471,45.514507
199,0.8784314,42.93569,47.103134
199,0.89411765,40.808823,48.798237
199,0.9098039,38.678238,50.63549
199,0.9254902,36.589413,52.69921
199,0.9411765,34.478237,55.145878
199,0.95686275,32.361763,58.002155
199,0.972549,30.351374,61.0298
199,0.9882353,28.380592,64.20352
200,0.0,99.02,51.64
200,0.015686275,96.78882,50.65039
200,0.03137255,94.64157,49.694706
200,0.047058824,92.668236,48.81294
200,0.0627451,90.80882,47.977253
200,0.078431375,89.05334,47.18157
200,0.09411765,87.38176,46.427647
200,0.10980392,85.78412,45.727646
200,0.1254902,84.28039,45.075882
200,0.14117648,82.86294,44.454117
200,0.15686275,81.5151,43.88196
200,0.17254902,80.251175,43.383724
200,0.1882353,79.071175,42.95941
200,0.20392157,77.9751,42.58353
200,0.21960784,76.92549,42.230194
200,0.23529412,75.915886,41.901764
200,0.2509804,74.94627,41.575882
200,0.26666668,73.986664,41.25
200,0.28235295,73.03235,40.94412
200,0.29803923,72.064705,40.66549
200,0.3137255,71.11706,40.392353
200,0.32941177,70.19941,40.14647
200,0.34509805,69.29176,39.90059
200,0.36078432,68.36412,39.664707
200,0.3764706,67.43647,39.435883
200,0.39215687,66.538826,39.221962
200,0.40784314,65.58921,39.04804
200,0.42352942,64.477646,38.917057
200,0.4392157,63.231174,38.8351
200,0.45490196,61.863922,38.79
200,0.47058824,60.387646,38.878822
200,0.4862745,58.77745,39.19314
200,0.5019608,57.04333,39.739216
200,0.5176471,55.21,40.52765
200,0.53333336,53.43,41.420002
200,0.54901963,51.60608,42.356274
200,0.5647059,49.668232,43.234707
200,0.5803922,47.58647,43.985294
200,0.59607846,45.420784,44.58255
200,0.6117647,43.207645,44.999413
200,0.627451,40.94608,45.13
200,0.6431373,38.66137,44.88843
200,0.65882355,36.47059,44.291176
200,0.6745098,34.45804,43.36255
200,0.6901961,32.54706,42.005882
200,0.7058824,30.866472,40.24353
200,0.72156864,29.507645,38.19588
200,0.7372549,28.500587,35.97255
200,0.7529412,27.785294,33.591175
200,0.76862746,27.275686,31.068037
200,0.78431374,26.895882,28.479021
200,0.8,26.529999,25.879997
200,0.8156863,26.036274,23.290981
200,0.83137256,25.274706,20.761961
200,0.84705883,24.219412,18.318823
200,0.8627451,22.842354,15.9874525
200,0.8784314,21.213331,13.84392
200,0.89411765,19.406471,11.9482355
200,0.9098039,17.381765,10.240393
200,0.9254902,15.1949005,8.694705
200,0.9411765,12.971766,7.232942
200,0.95686275,10.778234,5.795489
200,0.972549,8.628628,4.3780394
200,0.9882353,6.5294123,2.994118
201,0.0,99.44,51.28
201,0.015686275,96.88157,50.224705
201,0.03137255,94.40098,49.207253
201,0.047058824,92.128235,48.277645
201,0.0627451,89.99333,47.390194
201,0.078431375,87.99628,46.542744
201,0.09411765,86.130585,45.748825
201,0.10980392,84.38314,45.022743
201,0.1254902,82.79216,44.37314
201,0.14117648,81.33647,43.77353
201,0.15686275,79.988625,43.22392
201,0.17254902,78.69862,42.72059
201,0.1882353,77.44941,42.261765
201,0.20392157,76.23118,41.81608
201,0.21960784,75.06588,41.365295
201,0.23529412,73.920586,40.93353
201,0.2509804,72.7653,40.541763
201,0.26666668,71.61,40.19
201,0.28235295,70.51529,39.85882
201,0.29803923,69.45941,39.55098
201,0.3137255,68.23725,39.254707
201,0.32941177,66.79176,38.985294
201,0.34509805,65.38098,38.783726
201,0.36078432,64.017845,38.659805
201,0.3764706,62.792942,38.6
201,0.39215687,61.823727,38.61
201,0.40784314,61.130196,38.65
201,0.42352942,60.758236,38.66
201,0.4392157,60.63,38.66
201,0.45490196,60.526276,38.67
201,0.47058824,60.482353,38.68
201,0.4862745,60.336864,38.711567
201,0.5019608,60.09353,38.75
201,0.5176471,59.66294,38.819412
201,0.53333336,58.936665,38.973335
201,0.54901963,57.944706,39.271767
201,0.5647059,56.665882,39.825882
201,0.5803922,55.173725,40.575687
201,0.59607846,53.534706,41.442158
201,0.6117647,51.66294,42.42353
201,0.627451,49.81706,43.32804
201,0.6431373,47.96745,44.114708
201,0.65882355,45.96,44.728825
201,0.6745098,43.73608,45.107254
201,0.6901961,41.41157,45.177452
201,0.7058824,39.067062,44.890587
201,0.72156864,36.802944,44.187256
201,0.7372549,34.626667,42.998238
201,0.7529412,32.684704,41.328236
201,0.76862746,31.138432,39.261177
201,0.78431374,30.021372,36.88843
201,0.8,29.220001,34.29
201,0.8156863,28.620392,31.539806
201,0.83137256,28.060785,28.719612
201,0.84705883,27.369413,25.869415
201,0.8627451,26.49451,23.029217
201,0.8784314,25.314314,20.099411
201,0.89411765,23.760588,17.182354
201,0.9098039,21.823334,14.473531
201,0.9254902,19.492552,11.943923
201,0.9411765,16.883532,9.670002
201,0.95686275,14.088043,7.652552
201,0.972549,11.124709,5.719806
201,0.9882353,8.033531,3.7570598
202,0.0,98.61,51.02
202,0.015686275,96.526665,50.16804
202,0.03137255,94.509605,49.342354
202,0.047058824,92.668236,48.57353
202,0.0627451,90.954315,47.854706
202,0.078431375,89.371765,47.18157
202,0.09411765,87.88412,46.545883
202,0.10980392,86.43843,45.918236
202,0.1254902,85.06392,45.31451
202,0.14117648,83.77765,44.757057
202,0.15686275,82.57627,44.23451
202,0.17254902,81.3649,43.73196
202,0.1882353,80.11353,43.229412
202,0.20392157,78.89216,42.747646
202,0.21960784,77.72471,42.298237
202,0.23529412,76.58647,41.878822
202,0.2509804,75.43804,41.48941
202,0.26666668,74.28667,41.14
202,0.28235295,73.10529,40.76059
202,0.29803923,71.88392,40.371178
202,0.3137255,70.62255,40.021763
202,0.32941177,69.27529,39.702354
202,0.34509805,68.05882,39.45196
202,0.36078432,67.1349,39.26784
202,0.3764706,66.48882,39.144707
202,0.39215687,66.173134,39.1
202,0.40784314,66.03843,39.09
202,0.42352942,65.88529,39.065292
202,0.4392157,65.772156,39.04
202,0.45490196,65.54804,38.99
202,0.47058824,65.24765,38.95
202,0.4862745,64.848236,38.902744
202,0.5019608,64.32804,38.86
202,0.5176471,63.541763,38.83
202,0.53333336,62.423332,38.82
202,0.54901963,61.072353,38.879803
202,0.5647059,59.591766,39.065884
202,0.5803922,57.9449,39.454315
202,0.59607846,56.161762,40.15451
202,0.6117647,54.377056,41.078823
202,0.627451,52.532154,42.149414
202,0.6431373,50.523335,43.267647
202,0.65882355,48.32647,44.282352
202,0.6745098,45.89706,45.07941
202,0.6901961,43.32118,45.526077
202,0.7058824,40.735294,45.49647
202,0.72156864,38.203724,44.974117
202,0.7372549,35.74098,43.96549
202,0.7529412,33.42,42.401173
202,0.76862746,31.457842,40.289215
202,0.78431374,29.961372,37.72902
202,0.8,28.9,34.829998
202,0.8156863,28.174314,31.66843
202,0.83137256,27.558628,28.446863
202,0.84705883,26.824118,25.264706
202,0.8627451,25.84706,22.156275
202,0.8784314,24.531763,19.169214
202,0.89411765,22.867645,16.345879
202,0.9098039,20.886663,13.66882
202,0.9254902,18.578037,11.173135
202,0.9411765,15.930586,8.929998
202,0.95686275,12.995685,6.9294105
202,0.972549,9.892744,5.0078425
202,0.9882353,6.643529,2.9976468
203,0.0,21.09,66.78
203,0.015686275,21.97098,64.84667
203,0.03137255,22.769215,63.048824
203,0.047058824,23.430588,61.51059
203,0.0627451,23.96196,60.2651
203,0.078431375,24.390587,59.27196
203,0.09411765,24.638235,58.695293
203,0.10980392,24.7,58.540394
203,0.1254902,24.71098,58.53
203,0.14117648,24.73,58.54
203,0.15686275,24.73,58.54
203,0.17254902,24.73,58.53
203,0.1882353,24.73,58.53
203,0.20392157,24.73,58.53
203,0.21960784,24.73,58.52
203,0.23529412,24.800589,58.348824
203,0.2509804,24.985882,57.9102
203,0.26666668,25.293333,57.216667
203,0.28235295,25.684118,56.337646
203,0.29803923,26.154314,55.27314
203,0.3137255,26.669804,54.07804
203,0.32941177,27.204119,52.794117
203,0.34509805,27.75098,51.477844
203,0.36078432,28.257843,50.221176
203,0.3764706,28.721766,48.848824
203,0.39215687,29.112942,47.275295
203,0.40784314,29.325686,45.529022
203,0.42352942,29.31294,43.545883
203,0.4392157,29.124706,41.488235
203,0.45490196,28.83059,39.503532
203,0.47058824,28.487648,37.528824
203,0.4862745,28.204903,35.554115
203,0.5019608,28.006079,33.52941
203,0.5176471,27.975294,31.429413
203,0.53333336,28.206667,29.293333
203,0.54901963,28.778236,27.215292
203,0.5647059,29.684706,25.28
203,0.5803922,30.879412,23.57902
203,0.59607846,32.380196,22.124117
203,0.6117647,34.12,20.948235
203,0.627451,36.018234,20.08059
203,0.6431373,38.00294,19.504902
203,0.65882355,40.095295,19.242353
203,0.6745098,42.230392,19.33804
203,0.6901961,44.34745,19.832354
203,0.7058824,46.381767,20.70765
203,0.72156864,48.36647,21.84451
203,0.7372549,50.371178,23.144117
203,0.7529412,52.425884,24.546473
203,0.76862746,54.5551,26.014315
203,0.78431374,56.841175,27.433529
203,0.8,59.370003,28.74
203,0.8156863,62.064316,29.903727
203,0.83137256,64.861374,30.954706
203,0.84705883,67.69294,31.94706
203,0.8627451,70.54275,32.979412
203,0.8784314,73.465294,34.07863
203,0.89411765,76.51059,35.278824
203,0.9098039,79.66863,36.565296
203,0.9254902,82.92844,37.962746
203,0.9411765,86.28059,39.430588
203,0.95686275,89.73922,40.96216
203,0.972549,93.293144,42.541374
203,0.9882353,96.89353,44.13059
204,0.0,19.9,3.13
204,0.015686275,20.47941,3.5770578
204,0.03137255,21.137056,4.062351
204,0.047058824,21.880587,4.5935283
204,0.0627451,22.604116,5.151176
204,0.078431375,23.287647,5.7264705
204,0.09411765,23.956469,6.2970576
204,0.10980392,24.597057,6.80941
204,0.1254902,25.205292,7.3294106
204,0.14117648,25.807646,7.8705873
204,0.15686275,26.371765,8.390588
204,0.17254902,26.90294,8.897646
204,0.1882353,27.454115,9.414116
204,0.20392157,28.058823,9.978822
204,0.21960784,28.681765,10.594117
204,0.23529412,29.279411,11.231176
204,0.2509804,29.884705,11.890587
204,0.26666668,30.539997,12.569998
204,0.28235295,31.257645,13.263528
204,0.29803923,32.005295,13.9288225
204,0.3137255,32.817646,14.555882
204,0.32941177,33.69,15.141175
204,0.34509805,34.641174,15.695881
204,0.36078432,35.65941,16.227057
204,0.3764706,36.70647,16.719412
204,0.39215687,37.791763,17.17647
204,0.40784314,38.908234,17.643528
204,0.42352942,40.034702,18.151762
204,0.4392157,41.19647,18.70294
204,0.45490196,42.39647,19.274117
204,0.47058824,43.621174,19.878822
204,0.4862745,44.865883,20.501764
204,0.5019608,46.110584,21.141174
204,0.5176471,47.34529,21.810587
204,0.53333336,48.57,22.499998
204,0.54901963,49.794704,23.20353
204,0.5647059,51.011177,23.897058
204,0.5803922,52.224113,24.600586
204,0.59607846,53.44235,25.304115
204,0.6117647,54.684116,26.008234
204,0.627451,55.98294,26.731176
204,0.6431373,57.34941,27.464706
204,0.65882355,58.779408,28.168234
204,0.6745098,60.260582,28.827644
204,0.6901961,61.78294,29.46294
204,0.7058824,63.32353,30.078236
204,0.72156864,64.91235,30.702942
204,0.7372549,66.58941,31.342352
204,0.7529412,68.3147,31.991762
204,0.76862746,70.03647,32.651176
204,0.78431374,71.78412,33.32647
204,0.8,73.57,34.02
204,0.8156863,75.40411,34.743526
204,0.83137256,77.28823,35.495293
204,0.84705883,79.2147,36.265293
204,0.8627451,81.16941,37.077057
204,0.8784314,83.17177,37.91941
204,0.89411765,85.21882,38.760586
204,0.9098039,87.29411,39.601173
204,0.9254902,89.35176,40.467056
204,0.9411765,91.391174,41.34294
204,0.95686275,93.43471,42.238823
204,0.972549,95.44588,43.104706
204,0.9882353,97.389404,43.950584
205,0.0,98.62,51.39
205,0.015686275,96.37255,50.306274
205,0.03137255,94.23058,49.27529
205,0.047058824,92.20588,48.307056
205,0.0627451,90.302155,47.39608
205,0.078431375,88.4902,46.55196
205,0.09411765,86.76647,45.770588
205,0.10980392,85.17549,45.06235
205,0.1254902,83.67725,44.424118
205,0.14117648,82.27941,43.818233
205,0.15686275,80.96902,43.26137
205,0.17254902,79.77902,42.749607
205,0.1882353,78.69529,42.304115
205,0.20392157,77.69725,41.91647
205,0.21960784,76.75706,41.572353
205,0.23529412,75.90588,41.278236
205,0.2509804,75.15823,41.03608
205,0.26666668,74.54,40.853333
205,0.28235295,73.99647,40.69059
205,0.29803923,73.505684,40.53392
205,0.3137255,73.05019,40.412548
205,0.32941177,72.634705,40.331177
205,0.34509805,72.26941,40.249805
205,0.36078432,71.91529,40.13843
205,0.3764706,71.558235,40.01412
205,0.39215687,71.142746,39.885685
205,0.40784314,70.62157,39.748627
205,0.42352942,69.920586,39.575882
205,0.4392157,69.054115,39.383137
205,0.45490196,67.96216,39.160393
205,0.47058824,66.67588,38.91765
205,0.4862745,65.191765,38.68745
205,0.5019608,63.511177,38.57608
205,0.5176471,61.719997,38.660587
205,0.53333336,59.846664,39.016666
205,0.54901963,57.993336,39.638233
205,0.5647059,56.05,40.475296
205,0.5803922,54.136665,41.356277
205,0.59607846,52.23549,42.269413
205,0.6117647,50.36,43.198235
205,0.627451,48.456665,44.069218
205,0.6431373,46.487057,44.84392
205,0.65882355,44.414707,45.47059
205,0.6745098,42.210587,45.81902
205,0.6901961,39.861763,45.809216
205,0.7058824,37.59647,45.379414
205,0.72156864,35.550392,44.472355
205,0.7372549,33.513332,42.967842
205,0.7529412,31.827646,41.078236
205,0.76862746,30.53745,38.860394
205,0.78431374,29.529608,36.25294
205,0.8,28.83,33.42
205,0.8156863,28.365883,30.464315
205,0.83137256,27.94902,27.463137
205,0.84705883,27.365294,24.43294
205,0.8627451,26.475098,21.552744
205,0.8784314,25.153923,18.778433
205,0.89411765,23.42,16.180588
205,0.9098039,21.30784,13.698626
205,0.9254902,18.806473,11.360394
205,0.9411765,15.924118,9.217648
205,0.95686275,12.688233,7.1929398
205,0.972549,9.297059,5.1682353
205,0.9882353,6.0388255,3.1435306
206,0.0,19.8,3.27
206,0.015686275,20.482353,3.8235304
206,0.03137255,21.202353,4.395881
206,0.047058824,21.92353,4.9788237
206,0.0627451,22.654707,5.554118
206,0.078431375,23.348822,6.1076465
206,0.09411765,24.014118,6.6611767
206,0.10980392,24.656471,7.2505884
206,0.1254902,25.308823,7.853529
206,0.14117648,25.975883,8.426471
206,0.15686275,26.657646,8.989411
206,0.17254902,27.359411,9.605882
206,0.1882353,28.084118,10.241178
206,0.20392157,28.88,10.935293
206,0.21960784,29.75,11.68647
206,0.23529412,30.601177,12.437649
206,0.2509804,31.491175,13.168822
206,0.26666668,32.47,13.88
206,0.28235295,33.52706,14.551766
206,0.29803923,34.614117,15.204704
206,0.3137255,35.721176,15.838823
206,0.32941177,36.86353,16.431765
206,0.34509805,38.00235,16.977646
206,0.36078432,39.128826,17.511177
206,0.3764706,40.281178,18.044706
206,0.39215687,41.441765,18.588234
206,0.40784314,42.578236,19.131765
206,0.42352942,43.718822,19.695293
206,0.4392157,44.901176,20.305882
206,0.45490196,46.07059,20.961178
206,0.47058824,47.234116,21.63294
206,0.4862745,48.38235,22.31294
206,0.5019608,49.547062,23.007648
206,0.5176471,50.704117,23.748821
206,0.53333336,51.84,24.5
206,0.54901963,52.966473,25.251179
206,0.5647059,54.084114,25.963528
206,0.5803922,55.181175,26.62706
206,0.59607846,56.295883,27.249413
206,0.6117647,57.496468,27.844706
206,0.627451,58.778236,28.431177
206,0.6431373,60.098824,29.010588
206,0.65882355,61.42294,29.558235
206,0.6745098,62.76706,30.071766
206,0.6901961,64.149414,30.557058
206,0.7058824,65.57235,31.025293
206,0.72156864,67.06118,31.509413
206,0.7372549,68.60529,32.01588
206,0.7529412,70.17647,32.54941
206,0.76862746,71.72647,33.102943
206,0.78431374,73.25823,33.67706
206,0.8,74.83,34.28
206,0.8156863,76.47,34.922356
206,0.83137256,78.17882,35.603527
206,0.84705883,79.93647,36.32353
206,0.8627451,81.73294,37.064705
206,0.8784314,83.598236,37.82294
206,0.89411765,85.492355,38.59353
206,0.9098039,87.40942,39.38
206,0.9254902,89.33647,40.194706
206,0.9411765,91.268234,41.030003
206,0.95686275,93.21059,41.87
206,0.972549,95.11411,42.70647
206,0.9882353,96.97883,43.530003
207,0.0,21.18,66.38
207,0.015686275,21.468628,65.73274
207,0.03137255,21.698627,65.234116
207,0.047058824,21.842941,64.95706
207,0.0627451,21.89,64.88
207,0.078431375,21.88,64.9
207,0.09411765,21.88,64.9
207,0.10980392,21.889803,64.88
207,0.1254902,21.86,64.89
207,0.14117648,21.918823,64.78236
207,0.15686275,22.159412,64.274315
207,0.17254902,22.612352,63.26039
207,0.1882353,23.065294,62.197647
207,0.20392157,23.462156,61.22745
207,0.21960784,23.951569,60.096863
207,0.23529412,24.608824,58.722942
207,0.2509804,25.306078,57.230785
207,0.26666668,26.006666,55.64
207,0.28235295,26.680588,54.03588
207,0.29803923,27.307842,52.51039
207,0.3137255,27.818823,51.19353
207,0.32941177,28.191175,50.106472
207,0.34509805,28.424902,49.355293
207,0.36078432,28.51,49.040783
207,0.3764706,28.52,48.99
207,0.39215687,28.52,48.99
207,0.40784314,28.52,48.99
207,0.42352942,28.52,48.98
207,0.4392157,28.51,48.99
207,0.45490196,28.51,48.98
207,0.47058824,28.51,48.97
207,0.4862745,28.52,48.98
207,0.5019608,28.52,48.98
207,0.5176471,28.52,48.98
207,0.53333336,28.53,48.98
207,0.54901963,28.53,48.98
207,0.5647059,28.53,48.98
207,0.5803922,28.52,48.99
207,0.59607846,28.52,49.0
207,0.6117647,28.51,49.01
207,0.627451,28.51,49.01
207,0.6431373,28.493137,49.05686
207,0.65882355,28.541176,48.89647
207,0.6745098,28.72549,48.30706
207,0.6901961,28.949608,47.261765
207,0.7058824,29.144117,45.696472
207,0.72156864,29.23,43.71353
207,0.7372549,29.157255,41.41608
207,0.7529412,28.965883,38.99706
207,0.76862746,28.707254,36.526665
207,0.78431374,28.448627,33.91196
207,0.8,28.22,31.100004
207,0.8156863,27.887058,28.135101
207,0.83137256,27.306864,24.990198
207,0.84705883,26.36647,21.938236
207,0.8627451,24.952942,18.964903
207,0.8784314,23.18961,16.221767
207,0.89411765,21.21765,13.745885
207,0.9098039,19.04706,11.537256
207,0.9254902,16.753334,9.655883
207,0.9411765,14.212354,8.022942
207,0.95686275,11.417257,6.5586286
207,0.972549,8.426083,5.01059
207,0.9882353,5.14765,3.0852957
208,0.0,99.39,50.9
208,0.015686275,97.43588,50.03412
208,0.03137255,95.526474,49.18294
208,0.047058824,93.74177,48.38647
208,0.0627451,92.081764,47.644707
208,0.078431375,90.54824,46.955883
208,0.09411765,89.17412,46.351177
208,0.10980392,87.932945,45.811176
208,0.1254902,86.76647,45.31706
208,0.14117648,85.68588,44.85412
208,0.15686275,84.70765,44.445885
208,0.17254902,83.80118,44.090588
208,0.1882353,82.985886,43.76706
208,0.20392157,82.274704,43.468235
208,0.21960784,81.62647,43.201176
208,0.23529412,81.03294,42.969414
208,0.2509804,80.50412,42.774708
208,0.26666668,80.07,42.62
208,0.28235295,79.70059,42.477646
208,0.29803923,79.40118,42.360588
208,0.3137255,79.10177,42.245884
208,0.32941177,78.78236,42.140587
208,0.34509805,78.4847,42.04647
208,0.36078432,78.21764,41.941765
208,0.3764706,77.95412,41.84353
208,0.39215687,77.69353,41.751175
208,0.40784314,77.42529,41.648823
208,0.42352942,77.14588,41.54647
208,0.4392157,76.810585,41.428234
208,0.45490196,76.36059,41.28353
208,0.47058824,75.77529,41.10882
208,0.4862745,75.06353,40.901176
208,0.5019608,74.26706,40.654118
208,0.5176471,73.375885,40.37706
208,0.53333336,72.37,40.06
208,0.54901963,71.329414,39.75294
208,0.5647059,70.21412,39.451176
208,0.5803922,68.98706,39.161766
208,0.59607846,67.66941,38.921177
208,0.6117647,66.28,38.74647
208,0.627451,64.87,38.65
208,0.6431373,63.42353,38.63647
208,0.65882355,61.902355,38.727646
208,0.6745098,60.397648,38.944706
208,0.6901961,58.896473,39.287647
208,0.7058824,57.39824,39.725292
208,0.72156864,55.911766,40.237648
208,0.7372549,54.429413,40.804707
208,0.7529412,52.95706,41.43353
208,0.76862746,51.429413,42.137646
208,0.78431374,49.902355,42.90882
208,0.8,48.37,43.73
208,0.8156863,46.802944,44.61588
208,0.83137256,45.135887,45.57647
208,0.84705883,43.411766,46.648823
208,0.8627451,41.682354,47.88059
208,0.8784314,39.952946,49.28176
208,0.89411765,38.21353,50.84235
208,0.9098039,36.50412,52.572353
208,0.9254902,34.872353,54.481766
208,0.9411765,33.28765,56.632935
208,0.95686275,31.689415,59.102936
208,0.972549,30.128237,61.66235
208,0.9882353,28.611765,64.215294
209,0.0,21.3,67.11
209,0.015686275,21.831177,65.92706
209,0.03137255,22.342352,64.77412
209,0.047058824,22.833529,63.66706
209,0.0627451,23.294706,62.579414
209,0.078431375,23.725882,61.495296
209,0.09411765,24.147058,60.48412
209,0.10980392,24.581177,59.54059
209,0.1254902,24.967058,58.705883
209,0.14117648,25.29294,57.974117
209,0.15686275,25.535883,57.388237
209,0.17254902,25.66,57.06353
209,0.1882353,25.73353,56.876472
209,0.20392157,25.78,56.761177
209,0.21960784,25.79,56.754116
209,0.23529412,25.77,56.80941
209,0.2509804,25.76,56.83
209,0.26666668,25.77,56.81
209,0.28235295,25.785294,56.78
209,0.29803923,25.82,56.73941
209,0.3137255,25.875883,56.608234
209,0.32941177,25.991177,56.31647
209,0.34509805,26.12647,55.96059
209,0.36078432,26.291765,55.554707
209,0.3764706,26.42706,55.23588
209,0.39215687,26.49,55.1
209,0.40784314,26.52,55.07
209,0.42352942,26.49,55.11
209,0.4392157,26.47,55.12
209,0.45490196,26.47,55.12
209,0.47058824,26.48,55.11
209,0.4862745,26.49,55.08
209,0.5019608,26.5,55.05
209,0.5176471,26.51,55.04
209,0.53333336,26.53,55.04
209,0.54901963,26.585295,54.91941
209,0.5647059,26.741177,54.53706
209,0.5803922,27.047647,53.75706
209,0.59607846,27.474707,52.64706
209,0.6117647,27.975882,51.245884
209,0.627451,28.467058,49.581768
209,0.6431373,28.908236,47.622944
209,0.65882355,29.244705,45.54765
209,0.6745098,29.427647,43.550003
209,0.6901961,29.49294,41.44412
209,0.7058824,29.461765,39.175293
209,0.72156864,29.336472,36.825886
209,0.7372549,29.11353,34.38471
209,0.7529412,28.807648,31.923532
209,0.76862746,28.422354,29.532354
209,0.78431374,27.93647,27.151178
209,0.8,27.31,24.74
209,0.8156863,26.537647,22.39412
209,0.83137256,25.544119,20.07824
209,0.84705883,24.309414,17.88412
209,0.8627451,22.863531,15.861178
209,0.8784314,21.269413,14.042942
209,0.89411765,19.615294,12.447059
209,0.9098039,17.85706,10.995295
209,0.9254902,16.000002,9.651767
209,0.9411765,13.927062,8.298238
209,0.95686275,11.575297,6.8217664
209,0.972549,9.010591,5.2164717
209,0.9882353,6.171766,3.40353
210,0.0,98.25,49.91
210,0.015686275,95.31588,48.664703
210,0.03137255,92.39412,47.431763
210,0.047058824,89.53117,46.227646
210,0.0627451,86.73823,45.07353
210,0.078431375,83.961174,43.955296
210,0.09411765,81.19941,42.87941
210,0.10980392,78.46764,41.88588
210,0.1254902,75.80529,40.994705
210,0.14117648,73.295876,40.22588
210,0.15686275,70.88941,39.569412
210,0.17254902,68.63824,39.035294
210,0.1882353,66.61176,38.643528
210,0.20392157,64.75471,38.389412
210,0.21960784,63.086468,38.29
210,0.23529412,61.517647,38.337646
210,0.2509804,59.918823,38.517647
210,0.26666668,58.309998,38.86
210,0.28235295,56.681175,39.40706
210,0.29803923,55.104706,40.138824
210,0.3137255,53.493526,41.051765
210,0.32941177,51.82,42.081764
210,0.34509805,50.12,43.108826
210,0.36078432,48.37,44.06353
210,0.3764706,46.561764,44.877647
210,0.39215687,44.731174,45.47706
210,0.40784314,42.86941,45.811176
210,0.42352942,40.94647,45.858234
210,0.4392157,39.024113,45.608234
210,0.45490196,37.219997,45.095295
210,0.47058824,35.54529,44.29235
210,0.4862745,33.98294,43.15588
210,0.5019608,32.608234,41.705296
210,0.5176471,31.44294,40.039997
210,0.53333336,30.509998,38.199997
210,0.54901963,29.79294,36.247646
210,0.5647059,29.260588,34.24294
210,0.5803922,28.855883,32.20941
210,0.59607846,28.525883,30.181175
210,0.6117647,28.182352,28.10235
210,0.627451,27.761765,26.028824
210,0.6431373,27.220587,23.99529
210,0.65882355,26.524706,22.021763
210,0.6745098,25.654118,20.149412
210,0.6901961,24.588821,18.328232
210,0.7058824,23.311764,16.487057
210,0.72156864,21.88235,14.724116
210,0.7372549,20.400585,13.160586
210,0.7529412,18.87294,11.709412
210,0.76862746,17.315292,10.292939
210,0.78431374,15.777645,8.876469
210,0.8,14.3,7.49
210,0.8156863,12.864703,6.1247034
210,0.83137256,11.561764,4.8717637
210,0.84705883,10.391175,3.7547052
210,0.8627451,9.33294,2.7776456
210,0.8784314,8.387058,1.9488232
210,0.89411765,7.5935283,1.2976462
210,0.9098039,7.007058,0.85529375
210,0.9254902,6.671765,0.6311765
210,0.9411765,6.529412,0.47882316
210,0.95686275,6.46,0.31823522
210,0.972549,6.377059,0.22
210,0.9882353,6.305882,0.19
211,0.0,18.8,2.29
211,0.015686275,19.773727,2.9827464
211,0.03137255,20.74784,3.695489
211,0.047058824,21.721764,4.408235
211,0.0627451,22.674904,5.121766
211,0.078431375,23.596664,5.833724
211,0.09411765,24.448824,6.525294
211,0.10980392,25.24059,7.1878443
211,0.1254902,25.983528,7.8488226
211,0.14117648,26.684706,8.492941
211,0.15686275,27.365492,9.133531
211,0.17254902,28.018038,9.768038
211,0.1882353,28.680588,10.410587
211,0.20392157,29.323137,11.050589
211,0.21960784,29.95294,11.652941
211,0.23529412,30.578234,12.235293
211,0.2509804,31.230785,12.81451
211,0.26666668,31.919998,13.379999
211,0.28235295,32.66294,13.938823
211,0.29803923,33.45961,14.490981
211,0.3137255,34.296665,15.019216
211,0.32941177,35.174118,15.531176
211,0.34509805,36.09196,16.033138
211,0.36078432,37.050194,16.525097
211,0.3764706,38.054115,17.017057
211,0.39215687,39.10294,17.50902
211,0.40784314,40.182156,18.01098
211,0.42352942,41.296467,18.52294
211,0.4392157,42.430786,19.050392
211,0.45490196,43.58647,19.608234
211,0.47058824,44.765293,20.210587
211,0.4862745,45.955883,20.83902
211,0.5019608,47.144314,21.511568
211,0.5176471,48.34529,22.210587
211,0.53333336,49.566666,22.93
211,0.54901963,50.81843,23.672941
211,0.5647059,52.103527,24.43588
211,0.5803922,53.42588,25.216078
211,0.59607846,54.798626,26.009216
211,0.6117647,56.204113,26.794704
211,0.627451,57.64745,27.567646
211,0.6431373,59.131176,28.32255
211,0.65882355,60.63529,29.035292
211,0.6745098,62.16137,29.719606
211,0.6901961,63.72745,30.372156
211,0.7058824,65.32235,31.004704
211,0.72156864,66.94765,31.637255
211,0.7372549,68.59412,32.279804
211,0.7529412,70.26058,32.931763
211,0.76862746,71.956665,33.604507
211,0.78431374,73.67333,34.307255
211,0.8,75.409996,35.019997
211,0.8156863,77.17686,35.76294
211,0.83137256,78.95412,36.515884
211,0.84705883,80.77176,37.279408
211,0.8627451,82.61902,38.072548
211,0.8784314,84.50627,38.865685
211,0.89411765,86.4047,39.67882
211,0.9098039,88.32215,40.49196
211,0.9254902,90.22961,41.3051
211,0.9411765,92.137054,42.10647
211,0.95686275,94.0445,42.90137
211,0.972549,95.96412,43.72451
211,0.9882353,97.91176,44.559998
212,0.0,21.18,66.13
212,0.015686275,21.537647,65.325294
212,0.03137255,21.875294,64.588234
212,0.047058824,22.164705,63.97235
212,0.0627451,22.405294,63.424118
212,0.078431375,22.651176,62.887646
212,0.09411765,22.92941,62.331177
212,0.10980392,23.151764,61.844707
212,0.1254902,23.32059,61.40353
212,0.14117648,23.484707,61.03588
212,0.15686275,23.624117,60.771763
212,0.17254902,23.68,60.64647
212,0.1882353,23.7,60.61
212,0.20392157,23.7,60.61
212,0.21960784,23.69,60.62
212,0.23529412,23.69,60.62
212,0.2509804,23.68,60.63
212,0.26666668,23.66,60.64
212,0.28235295,23.66,60.68
212,0.29803923,23.66,60.7
212,0.3137255,23.66,60.7
212,0.32941177,23.66,60.7
212,0.34509805,23.667059,60.69
212,0.36078432,23.7,60.643528
212,0.3764706,23.735882,60.548237
212,0.39215687,23.805294,60.344116
212,0.40784314,23.989412,59.931767
212,0.42352942,24.242353,59.381176
212,0.4392157,24.554117,58.691765
212,0.45490196,24.967648,57.79765
212,0.47058824,25.48647,56.68706
212,0.4862745,26.094116,55.371765
212,0.5019608,26.718235,53.921177
212,0.5176471,27.30353,52.399414
212,0.53333336,27.82,50.83
212,0.54901963,28.237646,49.30059
212,0.5647059,28.54647,47.72118
212,0.5803922,28.75647,46.05353
212,0.59607846,28.86,44.31706
212,0.6117647,28.92,42.501766
212,0.627451,28.95,40.57765
212,0.6431373,28.944118,38.54471
212,0.65882355,28.884706,36.402943
212,0.6745098,28.760588,34.20706
212,0.6901961,28.571764,32.02706
212,0.7058824,28.309412,29.865295
212,0.72156864,27.958235,27.785295
212,0.7372549,27.48353,25.735884
212,0.7529412,26.855883,23.671177
212,0.76862746,26.088236,21.725294
212,0.78431374,25.16353,19.898823
212,0.8,24.13,18.17
212,0.8156863,22.948235,16.481176
212,0.83137256,21.608824,14.831176
212,0.84705883,20.198235,13.288235
212,0.8627451,18.73,11.8652935
212,0.8784314,17.15294,10.514117
212,0.89411765,15.4605875,9.239411
212,0.9098039,13.63647,7.9976463
212,0.9254902,11.658235,6.791176
212,0.9411765,9.527058,5.5741167
212,0.95686275,7.2829394,4.288234
212,0.972549,4.9011745,2.859999
212,0.9882353,2.417645,1.2870575
213,0.0,21.52,66.48
213,0.015686275,21.821177,65.772354
213,0.03137255,22.15294,65.01353
213,0.047058824,22.545296,64.10353
213,0.0627451,22.987059,63.10353
213,0.078431375,23.438824,62.03294
213,0.09411765,23.920588,60.90353
213,0.10980392,24.419413,59.72706
213,0.1254902,24.958824,58.45529
213,0.14117648,25.571177,57.0147
213,0.15686275,26.200588,55.471176
213,0.17254902,26.767649,53.93529
213,0.1882353,27.271177,52.35588
213,0.20392157,27.712942,50.72588
213,0.21960784,28.076471,49.04529
213,0.23529412,28.358236,47.342937
213,0.2509804,28.514706,45.656467
213,0.26666668,28.58,43.96
213,0.28235295,28.59,42.23823
213,0.29803923,28.56,40.52647
213,0.3137255,28.524118,38.814705
213,0.32941177,28.511177,37.10294
213,0.34509805,28.566471,35.391174
213,0.36078432,28.725294,33.691174
213,0.3764706,28.998236,32.021763
213,0.39215687,29.384119,30.420588
213,0.40784314,29.911179,28.879408
213,0.42352942,30.599413,27.404116
213,0.4392157,31.448826,26.011763
213,0.45490196,32.43941,24.777058
213,0.47058824,33.551178,23.696468
213,0.4862745,34.8,22.734705
213,0.5019608,36.148827,21.92588
213,0.5176471,37.579414,21.297058
213,0.53333336,39.060005,20.88
213,0.54901963,40.59118,20.659412
213,0.5647059,42.172356,20.61
213,0.5803922,43.77353,20.721766
213,0.59607846,45.415886,20.995884
213,0.6117647,47.052353,21.435295
213,0.627451,48.677063,22.04765
213,0.6431373,50.258236,22.844706
213,0.65882355,51.849415,23.77059
213,0.6745098,53.46059,24.79706
213,0.6901961,55.10471,25.86118
213,0.7058824,56.781178,26.915295
213,0.72156864,58.51471,27.939415
213,0.7372549,60.35059,28.914705
213,0.7529412,62.27706,29.819414
213,0.76862746,64.29412,30.69353
213,0.78431374,66.41647,31.576473
213,0.8,68.61,32.49
213,0.8156863,70.87412,33.468826
213,0.83137256,73.168236,34.458237
213,0.84705883,75.48824,35.466473
213,0.8627451,77.85647,36.48647
213,0.8784314,80.257065,37.53059
213,0.89411765,82.69647,38.594707
213,0.9098039,85.142944,39.685883
213,0.9254902,87.60529,40.775295
213,0.9411765,90.07471,41.86706
213,0.95686275,92.55706,42.93118
213,0.972549,95.06177,43.985294
213,0.9882353,97.600006,45.02941
214,0.0,21.67,66.27
214,0.015686275,22.010588,65.52353
214,0.03137255,22.344706,64.77706
214,0.047058824,22.691765,64.00059
214,0.0627451,23.032352,63.23412
214,0.078431375,23.36294,62.45765
214,0.09411765,23.694117,61.671177
214,0.10980392,24.034117,60.884705
214,0.1254902,24.364706,60.098236
214,0.14117648,24.701176,59.311768
214,0.15686275,25.035881,58.517647
214,0.17254902,25.395882,57.69
214,0.1882353,25.78941,56.79883
214,0.20392157,26.206469,55.83412
214,0.21960784,26.637648,54.835884
214,0.23529412,27.051764,53.82059
214,0.2509804,27.465881,52.785297
214,0.26666668,27.849998,51.72
214,0.28235295,28.212353,50.631176
214,0.29803923,28.531176,49.522354
214,0.3137255,28.806469,48.398827
214,0.32941177,29.021175,47.24765
214,0.34509805,29.18647,46.06706
214,0.36078432,29.291176,44.876476
214,0.3764706,29.362352,43.665886
214,0.39215687,29.39,42.441177
214,0.40784314,29.4,41.18294
214,0.42352942,29.382353,39.916473
214,0.4392157,29.36,38.64412
214,0.45490196,29.307648,37.37059
214,0.47058824,29.227058,36.096474
214,0.4862745,29.130589,34.812355
214,0.5019608,29.01706,33.511765
214,0.5176471,28.885294,32.21412
214,0.53333336,28.74,30.910006
214,0.54901963,28.57294,29.605885
214,0.5647059,28.365883,28.301765
214,0.5803922,28.13353,26.99765
214,0.59607846,27.857649,25.686476
214,0.6117647,27.54706,24.379414
214,0.627451,27.175295,23.075294
214,0.6431373,26.738825,21.813534
214,0.65882355,26.228825,20.585297
214,0.6745098,25.639412,19.384706
214,0.6901961,24.980589,18.204119
214,0.7058824,24.258238,17.062946
214,0.72156864,23.451178,15.965297
214,0.7372549,22.577059,14.901177
214,0.7529412,21.63059,13.890591
214,0.76862746,20.620592,12.943532
214,0.78431374,19.57706,12.058237
214,0.8,18.5,11.23
214,0.8156863,17.36118,10.433532
214,0.83137256,16.178827,9.657061
214,0.84705883,14.952943,8.8805895
214,0.8627451,13.683531,8.104118
214,0.8784314,12.379416,7.31765
214,0.89411765,11.0547085,6.52059
214,0.9098039,9.688824,5.7000003
214,0.9254902,8.298827,4.8541193
214,0.9411765,6.891181,3.9900026
214,0.95686275,5.4758844,3.1100013
214,0.972549,4.0458827,2.2100003
214,0.9882353,2.5870638,1.2888267
215,0.0,21.43,66.58
215,0.015686275,21.77588,65.80882
215,0.03137255,22.121763,65.028824
215,0.047058824,22.467648,64.276474
215,0.0627451,22.813528,63.50765
215,0.078431375,23.16647,62.73706
215,0.09411765,23.535294,61.920002
215,0.10980392,23.911175,61.07412
215,0.1254902,24.292353,60.214706
215,0.14117648,24.687647,59.33059
215,0.15686275,25.097057,58.411766
215,0.17254902,25.521765,57.449413
215,0.1882353,25.976469,56.44824
215,0.20392157,26.421175,55.41059
215,0.21960784,26.865883,54.352943
215,0.23529412,27.290586,53.27412
215,0.2509804,27.694706,52.19706
215,0.26666668,28.06,51.13
215,0.28235295,28.376469,50.072945
215,0.29803923,28.662941,49.005886
215,0.3137255,28.89294,47.94706
215,0.32941177,29.07294,46.861767
215,0.34509805,29.211176,45.767647
215,0.36078432,29.32294,44.63471
215,0.3764706,29.401764,43.458828
215,0.39215687,29.455294,42.24765
215,0.40784314,29.5,41.012356
215,0.42352942,29.52,39.78118
215,0.4392157,29.52,38.565296
215,0.45490196,29.50706,37.356476
215,0.47058824,29.467648,36.163532
215,0.4862745,29.408236,34.997646
215,0.5019608,29.327648,33.831768
215,0.5176471,29.228825,32.666473
215,0.53333336,29.1,31.51
215,0.54901963,28.951765,30.363533
215,0.5647059,28.774706,29.218237
215,0.5803922,28.567059,28.07059
215,0.59607846,28.31412,26.914122
215,0.6117647,28.027647,25.767649
215,0.627451,27.684706,24.657648
215,0.6431373,27.27706,23.566473
215,0.65882355,26.79706,22.508825
215,0.6745098,26.24353,21.436474
215,0.6901961,25.622355,20.339415
215,0.7058824,24.940588,19.242353
215,0.72156864,24.205885,18.155296
215,0.7372549,23.410002,17.070591
215,0.7529412,22.528236,15.981177
215,0.76862746,21.575298,14.874122
215,0.78431374,20.55765,13.797649
215,0.8,19.52,12.78
215,0.8156863,18.433535,11.811769
215,0.83137256,17.29706,10.881178
215,0.84705883,16.084118,9.95353
215,0.8627451,14.811181,9.0423565
215,0.8784314,13.4994135,8.142942
215,0.89411765,12.155296,7.2535305
215,0.9098039,10.769417,6.3741207
215,0.9254902,9.356472,5.4747066
215,0.9411765,7.9235325,4.575296
215,0.95686275,6.4905925,3.675885
215,0.972549,5.0611773,2.7864711
215,0.9882353,3.63471,1.8870614
216,0.0,17.51,1.89
216,0.015686275,19.293922,3.072549
216,0.03137255,21.01706,4.255098
216,0.047058824,22.559412,5.397059
216,0.0627451,23.91098,6.4794116
216,0.078431375,25.071764,7.469804
216,0.09411765,26.091764,8.360588
216,0.10980392,27.075098,9.212353
216,0.1254902,27.995686,9.992549
216,0.14117648,28.835882,10.704118
216,0.15686275,29.575686,11.353725
216,0.17254902,30.265099,11.972941
216,0.1882353,30.916471,12.556471
216,0.20392157,31.570393,13.127843
216,0.21960784,32.28196,13.719215
216,0.23529412,33.04941,14.310588
216,0.2509804,33.997646,14.985098
216,0.26666668,35.113335,15.696667
216,0.28235295,36.37294,16.384706
216,0.29803923,37.789608,17.03608
216,0.3137255,39.262745,17.63353
216,0.32941177,40.72,18.188824
216,0.34509805,42.183334,18.770197
216,0.36078432,43.632156,19.426079
216,0.3764706,45.04059,20.137648
216,0.39215687,46.37353,20.879215
216,0.40784314,47.651375,21.68098
216,0.42352942,48.89412,22.61353
216,0.4392157,50.065884,23.711372
216,0.45490196,51.12255,24.945295
216,0.47058824,52.03294,26.314117
216,0.4862745,52.74647,27.757256
216,0.5019608,53.251373,29.200394
216,0.5176471,53.55941,30.62353
216,0.53333336,53.69,31.980001
216,0.54901963,53.683136,33.292942
216,0.5647059,53.565884,34.578823
216,0.5803922,53.328236,35.814316
216,0.59607846,52.990196,36.996864
216,0.6117647,52.551765,38.091766
216,0.627451,52.042942,39.116276
216,0.6431373,51.463726,40.060394
216,0.65882355,50.794117,40.952354
216,0.6745098,50.01412,41.80588
216,0.6901961,49.133724,42.599022
216,0.7058824,48.19294,43.320587
216,0.72156864,47.200783,44.012157
216,0.7372549,46.16941,44.683727
216,0.7529412,45.117058,45.365295
216,0.76862746,43.9951,46.076862
216,0.78431374,42.812744,46.838234
216,0.8,41.59,47.65
216,0.8156863,40.357254,48.54196
216,0.83137256,39.09451,49.534706
216,0.84705883,37.821762,50.677647
216,0.8627451,36.5698,51.951767
216,0.8784314,35.388233,53.36667
216,0.89411765,34.275883,54.901176
216,0.9098039,33.20353,56.52608
216,0.9254902,32.131176,58.251373
216,0.9411765,31.070587,60.045296
216,0.95686275,30.02647,61.89118
216,0.972549,28.954117,63.79745
216,0.9882353,27.81941,65.81412
217,0.0,17.55,2.13
217,0.015686275,18.476274,2.7749016
217,0.03137255,19.396862,3.4254897
217,0.047058824,20.295294,4.064705
217,0.0627451,21.12235,4.659607
217,0.078431375,21.84451,5.205293
217,0.09411765,22.48941,5.702352
217,0.10980392,23.039412,6.134509
217,0.1254902,23.503725,6.51098
217,0.14117648,23.96294,6.8723526
217,0.15686275,24.410587,7.2237253
217,0.17254902,24.907646,7.6313725
217,0.1882353,25.468824,8.074706
217,0.20392157,26.157648,8.635687
217,0.21960784,26.99804,9.358235
217,0.23529412,27.924118,10.168823
217,0.2509804,28.935883,11.054901
217,0.26666668,30.033333,12.016665
217,0.28235295,31.227646,13.0241165
217,0.29803923,32.63333,14.166273
217,0.3137255,34.18353,15.302352
217,0.32941177,35.864117,16.35647
217,0.34509805,37.726078,17.30549
217,0.36078432,39.729412,18.153528
217,0.3764706,41.749413,18.944118
217,0.39215687,43.703728,19.754705
217,0.40784314,45.56843,20.629215
217,0.42352942,47.241764,21.549412
217,0.4392157,48.71412,22.515688
217,0.45490196,49.956863,23.511961
217,0.47058824,50.958237,24.518236
217,0.4862745,51.795097,25.570784
217,0.5019608,52.476864,26.661764
217,0.5176471,53.01412,27.804705
217,0.53333336,53.406666,29.003332
217,0.54901963,53.64902,30.247646
217,0.5647059,53.772354,31.587646
217,0.5803922,53.769802,33.013138
217,0.59607846,53.613922,34.43863
217,0.6117647,53.31647,35.85412
217,0.627451,52.891373,37.205883
217,0.6431373,52.38059,38.43196
217,0.65882355,51.774704,39.572353
217,0.6745098,51.08196,40.619804
217,0.6901961,50.27902,41.62608
217,0.7058824,49.334705,42.612354
217,0.72156864,48.29059,43.557842
217,0.7372549,47.159218,44.466274
217,0.7529412,45.93294,45.348236
217,0.76862746,44.64098,46.173138
217,0.78431374,43.287647,46.979412
217,0.8,41.91,47.81
217,0.8156863,40.534508,48.716274
217,0.83137256,39.164703,49.728237
217,0.84705883,37.840588,50.835884
217,0.8627451,36.57078,52.07059
217,0.8784314,35.360195,53.447453
217,0.89411765,34.188232,54.95706
217,0.9098039,33.051373,56.58804
217,0.9254902,31.904314,58.34765
217,0.9411765,30.81294,60.141766
217,0.95686275,29.768824,61.908627
217,0.972549,28.714706,63.74804
217,0.9882353,27.57647,65.73471
218,0.0,21.78,66.11
218,0.015686275,22.229412,65.08
218,0.03137255,22.688824,64.05
218,0.047058824,23.148235,63.03
218,0.0627451,23.582941,62.04941
218,0.078431375,24.011175,61.095882
218,0.09411765,24.439411,60.154118
218,0.10980392,24.857647,59.22647
218,0.1254902,25.25647,58.348236
218,0.14117648,25.63353,57.512356
218,0.15686275,25.980587,56.728825
218,0.17254902,26.304705,56.00765
218,0.1882353,26.590588,55.344707
218,0.20392157,26.841175,54.742355
218,0.21960784,27.059412,54.22471
218,0.23529412,27.24294,53.77647
218,0.2509804,27.40647,53.368237
218,0.26666668,27.57,52.960003
218,0.28235295,27.77353,52.511765
218,0.29803923,27.987059,52.05353
218,0.3137255,28.200588,51.595295
218,0.32941177,28.404118,51.09765
218,0.34509805,28.617647,50.531178
218,0.36078432,28.831177,49.825294
218,0.3764706,29.034706,48.994705
218,0.39215687,29.218235,48.04941
218,0.40784314,29.371176,47.019413
218,0.42352942,29.471766,45.928234
218,0.4392157,29.52,44.78412
218,0.45490196,29.53,43.573532
218,0.47058824,29.494705,42.308826
218,0.4862745,29.433529,41.00765
218,0.5019608,29.344706,39.681767
218,0.5176471,29.242353,38.317062
218,0.53333336,29.12,36.910004
218,0.54901963,28.997646,35.472942
218,0.5647059,28.875294,34.023533
218,0.5803922,28.752941,32.555298
218,0.59607846,28.630589,31.072357
218,0.6117647,28.492353,29.572945
218,0.627451,28.301765,28.073534
218,0.6431373,28.04706,26.602358
218,0.65882355,27.703531,25.154121
218,0.6745098,27.265295,23.726475
218,0.6901961,26.74412,22.329416
218,0.7058824,26.150589,20.965298
218,0.72156864,25.49059,19.643532
218,0.7372549,24.761177,18.358826
218,0.7529412,23.965883,17.10059
218,0.76862746,23.112942,15.8847065
218,0.78431374,22.197647,14.7023535
218,0.8,21.23,13.55
218,0.8156863,20.210001,12.45
218,0.83137256,19.147648,11.397648
218,0.84705883,18.012941,10.36353
218,0.8627451,16.801178,9.364707
218,0.8784314,15.526472,8.375883
218,0.89411765,14.194708,7.41706
218,0.9098039,12.818826,6.476472
218,0.9254902,11.4041195,5.538825
218,0.9411765,9.955885,4.59059
218,0.95686275,8.465885,3.6317666
218,0.972549,6.9464736,2.6529431
218,0.9882353,5.4170623,1.6841199
219,0.0,21.37,66.33
219,0.015686275,21.651764,65.6953
219,0.03137255,21.903528,65.119415
219,0.047058824,22.137058,64.52588
219,0.0627451,22.357058,63.97353
219,0.078431375,22.578823,63.466473
219,0.09411765,22.814117,62.951763
219,0.10980392,22.988235,62.58353
219,0.1254902,23.148823,62.162354
219,0.14117648,23.401176,61.567646
219,0.15686275,23.591764,61.084705
219,0.17254902,23.779411,60.634705
219,0.1882353,23.991177,60.140587
219,0.20392157,24.20294,59.628826
219,0.21960784,24.434706,59.094116
219,0.23529412,24.695293,58.53059
219,0.2509804,24.967646,57.855885
219,0.26666668,25.25,57.11
219,0.28235295,25.57294,56.372944
219,0.29803923,25.925882,55.575886
219,0.3137255,26.248823,54.758823
219,0.32941177,26.611765,53.889412
219,0.34509805,27.004705,52.958824
219,0.36078432,27.367647,51.937057
219,0.3764706,27.744705,50.780003
219,0.39215687,28.12353,49.461178
219,0.40784314,28.405882,48.01412
219,0.42352942,28.667646,46.622356
219,0.4392157,28.82294,45.24059
219,0.45490196,28.877058,43.835884
219,0.47058824,28.89,42.43706
219,0.4862745,28.871765,41.04353
219,0.5019608,28.791176,39.672356
219,0.5176471,28.690588,38.390003
219,0.53333336,28.58,37.1
219,0.54901963,28.448824,35.839413
219,0.5647059,28.29647,34.610004
219,0.5803922,28.146471,33.41
219,0.59607846,27.98294,32.22
219,0.6117647,27.794119,31.062943
219,0.627451,27.629412,29.92353
219,0.6431373,27.417648,28.82412
219,0.65882355,27.220589,27.719414
219,0.6745098,26.978825,26.635296
219,0.6901961,26.66059,25.515884
219,0.7058824,26.364119,24.402943
219,0.72156864,26.074707,23.230001
219,0.7372549,25.618824,22.030003
219,0.7529412,25.064117,20.84
219,0.76862746,24.49059,19.552355
219,0.78431374,23.855885,18.23059
219,0.8,23.09,17.09
219,0.8156863,22.151766,15.828826
219,0.83137256,21.122356,14.44765
219,0.84705883,19.99,13.181765
219,0.8627451,18.715296,12.010002
219,0.8784314,17.48412,10.930002
219,0.89411765,16.011766,9.712942
219,0.9098039,14.329415,8.49412
219,0.9254902,12.811768,7.4694133
219,0.9411765,11.157648,6.350001
219,0.95686275,9.291181,5.1558847
219,0.972549,7.365296,3.9600012
219,0.9882353,5.395296,2.7029424
220,0.0,17.28,1.95
220,0.015686275,17.837059,2.2894115
220,0.03137255,18.394117,2.6405876
220,0.047058824,18.968822,3.0358813
220,0.0627451,19.561764,3.4611757
220,0.078431375,20.194706,3.8964705
220,0.09411765,20.852942,4.3370585
220,0.10980392,21.500587,4.7782345
220,0.1254902,22.133528,5.2494106
220,0.14117648,22.77941,5.753528
220,0.15686275,23.418236,6.280588
220,0.17254902,24.052353,6.7976465
220,0.1882353,24.645292,7.284705
220,0.20392157,25.218233,7.755293
220,0.21960784,25.798822,8.236469
220,0.23529412,26.384117,8.737647
220,0.2509804,26.981176,9.282941
220,0.26666668,27.58,9.839999
220,0.28235295,28.198822,10.41294
220,0.29803923,28.85941,10.995881
220,0.3137255,29.574118,11.59647
220,0.32941177,30.332352,12.245294
220,0.34509805,31.142351,12.933528
220,0.36078432,31.97882,13.60294
220,0.3764706,32.866467,14.261763
220,0.39215687,33.825882,14.890588
220,0.40784314,34.827057,15.47647
220,0.42352942,35.871174,16.078234
220,0.4392157,36.945293,16.702353
220,0.45490196,38.059998,17.32588
220,0.47058824,39.22647,17.954704
220,0.4862745,40.444706,18.583529
220,0.5019608,41.69647,19.222353
220,0.5176471,42.958233,19.891174
220,0.53333336,44.259995,20.589998
220,0.54901963,45.597645,21.340588
220,0.5647059,46.96706,22.121176
220,0.5803922,48.350586,22.921764
220,0.59607846,49.754116,23.73588
220,0.6117647,51.177643,24.562351
220,0.627451,52.656467,25.408823
220,0.6431373,54.178234,26.275293
220,0.65882355,55.75647,27.121763
220,0.6745098,57.403526,27.955292
220,0.6901961,59.12823,28.747057
220,0.7058824,60.897057,29.52647
220,0.72156864,62.696472,30.287058
220,0.7372549,64.55765,31.051176
220,0.7529412,66.50059,31.828234
220,0.76862746,68.497055,32.61882
220,0.78431374,70.507645,33.42941
220,0.8,72.55,34.27
220,0.8156863,74.694115,35.162354
220,0.83137256,76.899994,36.084705
220,0.84705883,79.13,37.007057
220,0.8627451,81.40353,37.952938
220,0.8784314,83.70941,38.911766
220,0.89411765,86.005295,39.87412
220,0.9098039,88.27,40.836468
220,0.9254902,90.48293,41.77882
220,0.9411765,92.659996,42.734116
220,0.95686275,94.88,43.712353
220,0.972549,97.13,44.70059
220,0.9882353,99.48705,45.72706
221,0.0,21.61,66.38
221,0.015686275,22.012745,65.48314
221,0.03137255,22.40549,64.58627
221,0.047058824,22.815294,63.66647
221,0.0627451,23.24098,62.70255
221,0.078431375,23.673725,61.715687
221,0.09411765,24.11647,60.708824
221,0.10980392,24.54902,59.712154
221,0.1254902,24.987452,58.699608
221,0.14117648,25.424706,57.698235
221,0.15686275,25.854313,56.711372
221,0.17254902,26.290195,55.72451
221,0.1882353,26.682941,54.797646
221,0.20392157,27.021765,53.968628
221,0.21960784,27.298824,53.223137
221,0.23529412,27.520588,52.562943
221,0.2509804,27.72098,51.98412
221,0.26666668,27.876667,51.493332
221,0.28235295,28.004705,51.090588
221,0.29803923,28.11804,50.76588
221,0.3137255,28.193726,50.53255
221,0.32941177,28.25,50.371178
221,0.34509805,28.295097,50.244904
221,0.36078432,28.32,50.139217
221,0.3764706,28.34,50.07353
221,0.39215687,28.36,50.02
221,0.40784314,28.38,49.99
221,0.42352942,28.39,49.98
221,0.4392157,28.41,49.950783
221,0.45490196,28.42,49.91
221,0.47058824,28.42,49.84941
221,0.4862745,28.43,49.78
221,0.5019608,28.44,49.71804
221,0.5176471,28.457647,49.67235
221,0.53333336,28.5,49.553333
221,0.54901963,28.58902,49.273922
221,0.5647059,28.689411,48.89647
221,0.5803922,28.820784,48.347256
221,0.59607846,29.002157,47.559216
221,0.6117647,29.19353,46.51882
221,0.627451,29.35745,45.265686
221,0.6431373,29.43,43.872944
221,0.65882355,29.391176,42.300003
221,0.6745098,29.280981,40.578823
221,0.6901961,29.139803,38.816273
221,0.7058824,29.008236,37.008236
221,0.72156864,28.866863,35.13863
221,0.7372549,28.70549,33.16765
221,0.7529412,28.511177,31.105297
221,0.76862746,28.244118,28.961569
221,0.78431374,27.84843,26.770784
221,0.8,27.31,24.54
221,0.8156863,26.568825,22.273533
221,0.83137256,25.60353,19.997063
221,0.84705883,24.391176,17.767647
221,0.8627451,22.943333,15.619608
221,0.8784314,21.268236,13.5629425
221,0.89411765,19.41765,11.651767
221,0.9098039,17.394318,9.873729
221,0.9254902,15.178237,8.196668
221,0.9411765,12.728235,6.5388236
221,0.95686275,10.050982,4.8564715
221,0.972549,7.306082,3.1766686
221,0.9882353,4.5676517,1.4717679
222,0.0,17.49,2.39
222,0.015686275,18.797056,3.2947042
222,0.03137255,20.124117,4.216862
222,0.047058824,21.409998,5.1441164
222,0.0627451,22.60843,6.0488224
222,0.078431375,23.710783,6.9335284
222,0.09411765,24.75294,7.8182335
222,0.10980392,25.72902,8.67294
222,0.1254902,26.637646,9.478038
222,0.14117648,27.488823,10.235294
222,0.15686275,28.282547,10.925293
222,0.17254902,29.029804,11.567843
222,0.1882353,29.737059,12.147646
222,0.20392157,30.36745,12.650588
222,0.21960784,30.905098,13.060784
222,0.23529412,31.431177,13.445294
222,0.2509804,32.02647,13.867647
222,0.26666668,32.72333,14.363333
222,0.28235295,33.480587,14.869411
222,0.29803923,34.33941,15.396274
222,0.3137255,35.337646,15.951569
222,0.32941177,36.538235,16.535881
222,0.34509805,37.939217,17.147648
222,0.36078432,39.44941,17.77549
222,0.3764706,40.99765,18.395294
222,0.39215687,42.525883,19.025097
222,0.40784314,44.07412,19.691765
222,0.42352942,45.612354,20.44647
222,0.4392157,47.09196,21.311764
222,0.45490196,48.43667,22.282549
222,0.47058824,49.658234,23.378235
222,0.4862745,50.756863,24.583334
222,0.5019608,51.710587,25.85588
222,0.5176471,52.49647,27.162943
222,0.53333336,53.126667,28.499998
222,0.54901963,53.61196,29.857061
222,0.5647059,53.932354,31.224117
222,0.5803922,54.10784,32.59118
222,0.59607846,54.11843,33.928234
222,0.6117647,53.98412,35.22
222,0.627451,53.684902,36.474316
222,0.6431373,53.220783,37.703922
222,0.65882355,52.595295,38.840588
222,0.6745098,51.847843,39.902744
222,0.6901961,50.97902,40.91098
222,0.7058824,49.98294,41.871765
222,0.72156864,48.908035,42.797844
222,0.7372549,47.748432,43.691177
222,0.7529412,46.539997,44.575886
222,0.76862746,45.274117,45.46059
222,0.78431374,43.97333,46.365295
222,0.8,42.649998,47.3
222,0.8156863,41.30294,48.30216
222,0.83137256,39.95588,49.381767
222,0.84705883,38.60882,50.54
222,0.8627451,37.28176,51.798237
222,0.8784314,35.964706,53.16392
222,0.89411765,34.67,54.629414
222,0.9098039,33.406666,56.219803
222,0.9254902,32.15333,57.915493
222,0.9411765,30.923529,59.718235
222,0.95686275,29.723919,61.598633
222,0.972549,28.513332,63.597454
222,0.9882353,27.284704,65.691765
223,0.0,18.21,2.72
223,0.015686275,18.92706,3.2152944
223,0.03137255,19.58961,3.7260787
223,0.047058824,20.219412,4.1823535
223,0.0627451,20.810198,4.583138
223,0.078431375,21.320198,4.9639225
223,0.09411765,21.754707,5.297648
223,0.10980392,22.124706,5.5939226
223,0.1254902,22.450197,5.8821573
223,0.14117648,22.736471,6.0858827
223,0.15686275,23.000196,6.300196
223,0.17254902,23.219412,6.4994116
223,0.1882353,23.391176,6.6511765
223,0.20392157,23.57294,6.7886276
223,0.21960784,23.756275,6.9131374
223,0.23529412,23.93647,7.076471
223,0.2509804,24.134314,7.2743144
223,0.26666668,24.386667,7.4600005
223,0.28235295,24.652943,7.6823535
223,0.29803923,24.994904,7.9692163
223,0.3137255,25.380589,8.260589
223,0.32941177,25.768824,8.614118
223,0.34509805,26.26647,9.017255
223,0.36078432,26.798628,9.471765
223,0.3764706,27.395294,9.977059
223,0.39215687,28.077845,10.535099
223,0.40784314,28.820786,11.164903
223,0.42352942,29.642355,11.81059
223,0.4392157,30.48706,12.573923
223,0.45490196,31.386276,13.3251
223,0.47058824,32.35765,14.031766
223,0.4862745,33.403137,14.778628
223,0.5019608,34.47098,15.538039
223,0.5176471,35.627647,16.272352
223,0.53333336,36.829998,16.97
223,0.54901963,38.134117,17.633137
223,0.5647059,39.498238,18.284119
223,0.5803922,40.910786,18.951178
223,0.59607846,42.377846,19.608236
223,0.6117647,43.879414,20.341179
223,0.627451,45.395298,21.132748
223,0.6431373,46.97863,21.941767
223,0.65882355,48.562355,22.795883
223,0.6745098,50.142746,23.663332
223,0.6901961,51.9949,24.665882
223,0.7058824,53.780586,25.66
223,0.72156864,55.646667,26.690784
223,0.7372549,57.695293,27.736668
223,0.7529412,59.774708,28.711765
223,0.76862746,61.91961,29.673334
223,0.78431374,64.35079,30.696669
223,0.8,66.87,31.680002
223,0.8156863,69.35197,32.633335
223,0.83137256,71.848434,33.665688
223,0.84705883,74.41941,34.721764
223,0.8627451,77.07392,35.83941
223,0.8784314,79.7149,37.029213
223,0.89411765,82.36941,38.070587
223,0.9098039,85.098434,39.26647
223,0.9254902,87.82784,40.440784
223,0.9411765,90.50353,41.631176
223,0.95686275,93.19236,42.800983
223,0.972549,96.0104,43.985886
223,0.9882353,98.55941,45.10706
224,0.0,21.0,66.58
224,0.015686275,21.44706,65.54706
224,0.03137255,21.894117,64.51294
224,0.047058824,22.331177,63.50941
224,0.0627451,22.74059,62.57353
224,0.078431375,23.148235,61.659412
224,0.09411765,23.515882,60.831764
224,0.10980392,23.817648,60.154705
224,0.1254902,24.040588,59.63353
224,0.14117648,24.219412,59.221176
224,0.15686275,24.368235,58.85353
224,0.17254902,24.51706,58.51588
224,0.1882353,24.64294,58.221176
224,0.20392157,24.752354,57.96294
224,0.21960784,24.861765,57.704704
224,0.23529412,24.951176,57.48647
224,0.2509804,25.020588,57.288822
224,0.26666668,25.1,57.12
224,0.28235295,25.16,56.980587
224,0.29803923,25.228823,56.851177
224,0.3137255,25.28,56.731766
224,0.32941177,25.32,56.642353
224,0.34509805,25.35,56.562943
224,0.36078432,25.38647,56.46706
224,0.3764706,25.435883,56.334118
224,0.39215687,25.485294,56.18941
224,0.40784314,25.55,56.020588
224,0.42352942,25.624117,55.841763
224,0.4392157,25.71353,55.652943
224,0.45490196,25.81294,55.441177
224,0.47058824,25.942352,55.15294
224,0.4862745,26.08353,54.80294
224,0.5019608,26.252354,54.404118
224,0.5176471,26.471176,53.89588
224,0.53333336,26.76,53.219997
224,0.54901963,27.127647,52.38588
224,0.5647059,27.514118,51.384117
224,0.5803922,27.882942,50.176468
224,0.59607846,28.222942,48.729996
224,0.6117647,28.494118,47.07882
224,0.627451,28.68647,45.280586
224,0.6431373,28.795883,43.340584
224,0.65882355,28.82,41.232937
224,0.6745098,28.775293,39.067055
224,0.6901961,28.695883,36.931175
224,0.7058824,28.566471,34.815292
224,0.72156864,28.394117,32.68941
224,0.7372549,28.162941,30.553528
224,0.7529412,27.862942,28.377645
224,0.76862746,27.464117,26.191765
224,0.78431374,26.925882,24.015882
224,0.8,26.21,21.86
224,0.8156863,25.25706,19.724117
224,0.83137256,24.10647,17.657059
224,0.84705883,22.758236,15.667058
224,0.8627451,21.24,13.779411
224,0.8784314,19.548822,11.998823
224,0.89411765,17.697647,10.3335285
224,0.9098039,15.7147045,8.7699995
224,0.9254902,13.60294,7.2752934
224,0.9411765,11.417058,5.854705
224,0.95686275,9.261175,4.4982343
224,0.972549,7.178822,3.1770577
224,0.9882353,5.1323514,1.8688226
225,0.0,98.31,49.98
225,0.015686275,96.05294,49.00706
225,0.03137255,93.79588,48.03412
225,0.047058824,91.538826,47.07118
225,0.0627451,89.28177,46.132355
225,0.078431375,87.04236,45.232944
225,0.09411765,84.788826,44.344707
225,0.10980392,82.5353,43.498825
225,0.1254902,80.29176,42.69294
225,0.14117648,78.090004,41.960587
225,0.15686275,75.96,41.28706
225,0.17254902,73.86765,40.69059
225,0.1882353,71.80471,40.17353
225,0.20392157,69.78177,39.744705
225,0.21960784,67.79824,39.422943
225,0.23529412,65.86177,39.21412
225,0.2509804,63.992355,39.13
225,0.26666668,62.18,39.16
225,0.28235295,60.414707,39.31059
225,0.29803923,58.689415,39.585293
225,0.3137255,57.02412,39.984116
225,0.32941177,55.387062,40.487057
225,0.34509805,53.816475,41.07647
225,0.36078432,52.302944,41.71176
225,0.3764706,50.821766,42.367058
225,0.39215687,49.340588,43.032352
225,0.40784314,47.857647,43.66765
225,0.42352942,46.352943,44.24235
225,0.4392157,44.819412,44.71294
225,0.45490196,43.26118,45.04941
225,0.47058824,41.672947,45.231766
225,0.4862745,40.094124,45.250587
225,0.5019608,38.542355,45.088238
225,0.5176471,37.101177,44.744705
225,0.53333336,35.75,44.22
225,0.54901963,34.449413,43.50412
225,0.5647059,33.25294,42.62412
225,0.5803922,32.16059,41.600002
225,0.59607846,31.182354,40.44177
225,0.6117647,30.338238,39.18706
225,0.627451,29.628237,37.854122
225,0.6431373,29.042355,36.411766
225,0.65882355,28.562353,34.864117
225,0.6745098,28.17941,33.21412
225,0.6901961,27.858824,31.51706
225,0.7058824,27.565884,29.771767
225,0.72156864,27.258236,27.991768
225,0.7372549,26.914707,26.185299
225,0.7529412,26.49412,24.347065
225,0.76862746,25.963531,22.501768
225,0.78431374,25.318825,20.668825
225,0.8,24.53,18.89
225,0.8156863,23.60353,17.184708
225,0.83137256,22.522942,15.553532
225,0.84705883,21.30765,14.005885
225,0.8627451,19.949415,12.519415
225,0.8784314,18.458828,11.099416
225,0.89411765,16.839417,9.735298
225,0.9098039,15.118238,8.425884
225,0.9254902,13.3211775,7.1652946
225,0.9411765,11.458824,5.936471
225,0.95686275,9.545884,4.7294126
225,0.972549,7.56765,3.5035312
225,0.9882353,5.55471,2.2829437
226,0.0,17.69,2.5
226,0.015686275,18.105883,2.7772553
226,0.03137255,18.510393,3.0545106
226,0.047058824,18.91059,3.3317654
226,0.0627451,19.330786,3.626275
226,0.078431375,19.75098,3.9378436
226,0.09411765,20.181177,4.259412
226,0.10980392,20.621372,4.5909805
226,0.1254902,21.08157,4.942549
226,0.14117648,21.561766,5.3229423
226,0.15686275,22.0751,5.721962
226,0.17254902,22.60961,6.1421576
226,0.1882353,23.165882,6.5841184
226,0.20392157,23.744705,7.0586276
226,0.21960784,24.343529,7.543137
226,0.23529412,24.96706,8.067648
226,0.2509804,25.610197,8.612158
226,0.26666668,26.283335,9.1900015
226,0.28235295,26.98412,9.796472
226,0.29803923,27.73353,10.439609
226,0.3137255,28.511568,11.109019
226,0.32941177,29.328236,11.796471
226,0.34509805,30.198627,12.503922
226,0.36078432,31.108238,13.211374
226,0.3764706,32.062943,13.928825
226,0.39215687,33.06549,14.636275
226,0.40784314,34.11451,15.343726
226,0.42352942,35.21647,16.051176
226,0.4392157,36.3949,16.769411
226,0.45490196,37.63196,17.506079
226,0.47058824,38.92765,18.242943
226,0.4862745,40.258236,18.984707
226,0.5019608,41.628826,19.72647
226,0.5176471,43.011765,20.458235
226,0.53333336,44.406666,21.193333
226,0.54901963,45.84255,21.941765
226,0.5647059,47.311768,22.71353
226,0.5803922,48.800983,23.495296
226,0.59607846,50.280197,24.28706
226,0.6117647,51.759415,25.078825
226,0.627451,53.261177,25.880589
226,0.6431373,54.784706,26.672352
226,0.65882355,56.34941,27.444117
226,0.6745098,57.947254,28.205883
226,0.6901961,59.5751,28.937845
226,0.7058824,61.24118,29.659412
226,0.72156864,62.947647,30.382746
226,0.7372549,64.676865,31.100197
226,0.7529412,66.45765,31.837646
226,0.76862746,68.269806,32.58647
226,0.78431374,70.1249,33.348236
226,0.8,72.020004,34.120003
226,0.8156863,73.94942,34.91608
226,0.83137256,75.90882,35.72353
226,0.84705883,77.91118,36.558235
226,0.8627451,79.942154,37.404312
226,0.8784314,82.01019,38.27196
226,0.89411765,84.12,39.17235
226,0.9098039,86.276474,40.092747
226,0.9254902,88.45334,41.017647
226,0.9411765,90.63,41.952354
226,0.95686275,92.80666,42.883923
226,0.972549,94.98333,43.804314
226,0.9882353,97.17,44.724705
227,0.0,21.06,66.36
227,0.015686275,21.316275,65.80902
227,0.03137255,21.579412,65.23804
227,0.047058824,21.814117,64.72176
227,0.0627451,21.99255,64.3049
227,0.078431375,22.125687,63.998627
227,0.09411765,22.219412,63.761765
227,0.10980392,22.290981,63.55804
227,0.1254902,22.37255,63.364902
227,0.14117648,22.43,63.225883
227,0.15686275,22.475687,63.108627
227,0.17254902,22.52,63.00549
227,0.1882353,22.56,62.911175
227,0.20392157,22.6,62.82961
227,0.21960784,22.64,62.72804
227,0.23529412,22.68,62.63647
227,0.2509804,22.725098,62.529804
227,0.26666668,22.776667,62.406666
227,0.28235295,22.858234,62.235294
227,0.29803923,22.979803,61.960587
227,0.3137255,23.122746,61.64451
227,0.32941177,23.282942,61.305294
227,0.34509805,23.43902,60.96196
227,0.36078432,23.582157,60.625687
227,0.3764706,23.725294,60.271763
227,0.39215687,23.907646,59.854706
227,0.40784314,24.122353,59.34451
227,0.42352942,24.379412,58.731174
227,0.4392157,24.685686,58.030785
227,0.45490196,25.02745,57.225098
227,0.47058824,25.432354,56.29529
227,0.4862745,25.873138,55.24784
227,0.5019608,26.35098,54.09706
227,0.5176471,26.830587,52.85353
227,0.53333336,27.306667,51.533333
227,0.54901963,27.76451,50.111767
227,0.5647059,28.182352,48.58706
227,0.5803922,28.552156,46.941177
227,0.59607846,28.848433,45.158627
227,0.6117647,29.06353,43.26177
227,0.627451,29.212746,41.30412
227,0.6431373,29.27,39.292156
227,0.65882355,29.25,37.21706
227,0.6745098,29.145098,35.113728
227,0.6901961,28.952942,33.00549
227,0.7058824,28.687647,30.915293
227,0.72156864,28.319216,28.833923
227,0.7372549,27.833921,26.756865
227,0.7529412,27.217648,24.677647
227,0.76862746,26.44451,22.60843
227,0.78431374,25.518826,20.60765
227,0.8,24.43,18.680002
227,0.8156863,23.194902,16.84549
227,0.83137256,21.783531,15.09412
227,0.84705883,20.245884,13.415885
227,0.8627451,18.598236,11.830785
227,0.8784314,16.837452,10.308824
227,0.89411765,15.013534,8.870591
227,0.9098039,13.147453,7.514315
227,0.9254902,11.303922,6.241765
227,0.9411765,9.489414,5.0423546
227,0.95686275,7.6949053,3.8803942
227,0.972549,5.9031386,2.7111776
227,0.9882353,4.0370593,1.4688239
228,0.0,18.51,2.82
228,0.015686275,19.449213,3.4817631
228,0.03137255,20.458431,4.203529
228,0.047058824,21.478233,4.9158807
228,0.0627451,22.459412,5.6645093
228,0.078431375,23.466078,6.453136
228,0.09411765,24.464117,7.300587
228,0.10980392,25.368431,8.020391
228,0.1254902,26.218822,8.7741165
228,0.14117648,27.099411,9.557647
228,0.15686275,27.956272,10.279018
228,0.17254902,28.764902,10.999412
228,0.1882353,29.42647,11.63647
228,0.20392157,30.251371,12.233725
228,0.21960784,30.878628,12.812549
228,0.23529412,31.62647,13.423529
228,0.2509804,32.377842,13.988627
228,0.26666668,33.22333,14.576666
228,0.28235295,34.115883,15.168235
228,0.29803923,35.155487,15.793136
228,0.3137255,36.22431,16.388039
228,0.32941177,37.464115,17.002941
228,0.34509805,38.827644,17.616861
228,0.36078432,40.191177,18.162745
228,0.3764706,41.56941,18.762352
228,0.39215687,43.028236,19.39255
228,0.40784314,44.508625,20.08588
228,0.42352942,45.945293,20.832941
228,0.4392157,47.31882,21.673725
228,0.45490196,48.683334,22.616274
228,0.47058824,49.938236,23.672352
228,0.4862745,51.05843,24.801176
228,0.5019608,52.025295,26.013334
228,0.5176471,52.911175,27.41294
228,0.53333336,53.586666,28.833334
228,0.54901963,54.060978,30.323723
228,0.5647059,54.35412,31.901176
228,0.5803922,54.46,33.45235
228,0.59607846,54.326862,35.057255
228,0.6117647,54.031765,36.547646
228,0.627451,53.533924,38.031174
228,0.6431373,52.846275,39.414707
228,0.65882355,52.04941,40.73
228,0.6745098,51.073727,41.891373
228,0.6901961,50.018627,42.997448
228,0.7058824,48.88,43.984707
228,0.72156864,47.61902,44.912548
228,0.7372549,46.27667,45.79804
228,0.7529412,44.97059,46.64353
228,0.76862746,43.59706,47.44902
228,0.78431374,42.22353,48.357647
228,0.8,40.910004,49.23
228,0.8156863,39.513332,50.239216
228,0.83137256,38.30412,51.25843
228,0.84705883,37.08059,52.37941
228,0.8627451,35.783333,53.71157
228,0.8784314,34.70255,55.034706
228,0.89411765,33.744705,56.292355
228,0.9098039,32.729412,57.9349
228,0.9254902,31.626274,59.618042
228,0.9411765,30.742353,61.081764
228,0.95686275,29.84647,62.49255
228,0.972549,28.953136,64.026276
228,0.9882353,28.04647,65.5947
229,0.0,21.11,67.2
229,0.015686275,21.25902,66.84745
229,0.03137255,21.398039,66.4949
229,0.047058824,21.550589,66.132355
229,0.0627451,21.706078,65.74177
229,0.078431375,21.865097,65.327255
229,0.09411765,22.034119,64.897644
229,0.10980392,22.214706,64.41902
229,0.1254902,22.448235,63.861374
229,0.14117648,22.722353,63.194706
229,0.15686275,23.03549,62.45902
229,0.17254902,23.368431,61.674316
229,0.1882353,23.71647,60.854706
229,0.20392157,24.06451,60.00647
229,0.21960784,24.435686,59.11235
229,0.23529412,24.808235,58.198235
229,0.2509804,25.180784,57.284115
229,0.26666668,25.553333,56.38
229,0.28235295,25.925882,55.48588
229,0.29803923,26.288431,54.591766
229,0.3137255,26.66098,53.687645
229,0.32941177,27.02353,52.79353
229,0.34509805,27.366863,51.90941
229,0.36078432,27.704903,51.02157
229,0.3764706,28.022942,50.111176
229,0.39215687,28.31098,49.17706
229,0.40784314,28.571766,48.235683
229,0.42352942,28.795294,47.255295
229,0.4392157,28.978825,46.222157
229,0.45490196,29.110785,45.138233
229,0.47058824,29.195293,44.010586
229,0.4862745,29.249804,42.833138
229,0.5019608,29.26,41.586666
229,0.5176471,29.251177,40.25235
229,0.53333336,29.22,38.856667
229,0.54901963,29.162157,37.413136
229,0.5647059,29.077646,35.93294
229,0.5803922,28.956274,34.40588
229,0.59607846,28.807255,32.851177
229,0.6117647,28.622353,31.270586
229,0.627451,28.398432,29.701765
229,0.6431373,28.130392,28.147057
229,0.65882355,27.812353,26.602354
229,0.6745098,27.440392,25.071566
229,0.6901961,27.019411,23.589804
229,0.7058824,26.54941,22.164116
229,0.72156864,26.010391,20.765882
229,0.7372549,25.392351,19.394703
229,0.7529412,24.695293,18.04353
229,0.76862746,23.899214,16.713331
229,0.78431374,23.024117,15.426666
229,0.8,22.049997,14.169997
229,0.8156863,20.982353,12.972352
229,0.83137256,19.825684,11.843723
229,0.84705883,18.589998,10.770588
229,0.8627451,17.275291,9.755488
229,0.8784314,15.899018,8.756862
229,0.89411765,14.44588,7.7782335
229,0.9098039,12.947057,6.819607
229,0.9254902,11.39235,5.850979
229,0.9411765,9.787057,4.8723516
229,0.95686275,8.122743,3.878626
229,0.972549,6.3794093,2.8454888
229,0.9882353,4.5911746,1.7923518
230,0.0,17.85,2.59
230,0.015686275,18.614708,3.0741184
230,0.03137255,19.312944,3.5117662
230,0.047058824,20.039413,3.9629421
230,0.0627451,20.845882,4.5076475
230,0.078431375,21.641178,5.06706
230,0.09411765,22.428827,5.637061
230,0.10980392,23.235294,6.24353
230,0.1254902,24.017649,6.825295
230,0.14117648,24.778238,7.4764724
230,0.15686275,25.574709,8.151767
230,0.17254902,26.351177,8.812353
230,0.1882353,27.158825,9.516472
230,0.20392157,27.94118,10.2411785
230,0.21960784,28.744707,11.020001
230,0.23529412,29.61353,11.784118
230,0.2509804,30.488237,12.531767
230,0.26666668,31.390003,13.270002
230,0.28235295,32.248238,13.901176
230,0.29803923,33.21059,14.555883
230,0.3137255,34.185295,15.183531
230,0.32941177,35.16412,15.794707
230,0.34509805,36.157646,16.377058
230,0.36078432,37.181767,16.956472
230,0.3764706,38.239414,17.50353
230,0.39215687,39.286472,18.035295
230,0.40784314,40.389412,18.614706
230,0.42352942,41.450592,19.17412
230,0.4392157,42.577065,19.762943
230,0.45490196,43.71706,20.334118
230,0.47058824,44.88471,20.952354
230,0.4862745,46.05824,21.536472
230,0.5019608,47.238827,22.177649
230,0.5176471,48.44588,22.827059
230,0.53333336,49.72,23.500002
230,0.54901963,50.934124,24.154709
230,0.5647059,52.234707,24.885883
230,0.5803922,53.517647,25.568825
230,0.59607846,54.85353,26.288826
230,0.6117647,56.229416,27.013533
230,0.627451,57.615883,27.737648
230,0.6431373,59.05824,28.43059
230,0.65882355,60.559418,29.11765
230,0.6745098,62.096474,29.836472
230,0.6901961,63.611767,30.519413
230,0.7058824,65.14236,31.172354
230,0.72156864,66.79883,31.79412
230,0.7372549,68.51706,32.438236
230,0.7529412,70.2353,33.09118
230,0.76862746,71.93353,33.80059
230,0.78431374,73.66,34.525295
230,0.8,75.47,35.28
230,0.8156863,77.26,36.036472
230,0.83137256,79.08707,36.789413
230,0.84705883,81.00589,37.54941
230,0.8627451,82.88118,38.36294
230,0.8784314,84.8053,39.2
230,0.89411765,86.73177,40.039413
230,0.9098039,88.65942,40.877647
230,0.9254902,90.65059,41.74
230,0.9411765,92.63765,42.59412
230,0.95686275,94.5806,43.430004
230,0.972549,96.51765,44.300587
230,0.9882353,98.47471,45.120003
231,0.0,17.47,2.36
231,0.015686275,18.155685,2.8168628
231,0.03137255,18.841373,3.27451
231,0.047058824,19.52706,3.7405882
231,0.0627451,20.202745,4.207451
231,0.078431375,20.868431,4.674314
231,0.09411765,21.524118,5.1411767
231,0.10980392,22.169804,5.6107845
231,0.1254902,22.798628,6.0849023
231,0.14117648,23.424706,6.5617647
231,0.15686275,24.046864,7.0386276
231,0.17254902,24.656862,7.5154905
231,0.1882353,25.262941,7.992353
231,0.20392157,25.86902,8.479216
231,0.21960784,26.475098,8.960588
231,0.23529412,27.085295,9.457059
231,0.2509804,27.697256,9.959805
231,0.26666668,28.306667,10.456667
231,0.28235295,28.919413,10.956471
231,0.29803923,29.54549,11.462941
231,0.3137255,30.191568,11.987255
231,0.32941177,30.849413,12.514118
231,0.34509805,31.526472,13.032353
231,0.36078432,32.232746,13.558824
231,0.3764706,32.997646,14.084706
231,0.39215687,33.84294,14.621765
231,0.40784314,34.77667,15.158236
231,0.42352942,35.77941,15.704706
231,0.4392157,36.832355,16.251177
231,0.45490196,37.943924,16.807648
231,0.47058824,39.08647,17.382353
231,0.4862745,40.256863,17.978432
231,0.5019608,41.459023,18.601961
231,0.5176471,42.69824,19.254707
231,0.53333336,43.960003,19.93
231,0.54901963,45.24804,20.635296
231,0.5647059,46.559414,21.366472
231,0.5803922,47.900787,22.121374
231,0.59607846,49.277256,22.906275
231,0.6117647,50.682945,23.705883
231,0.627451,52.12353,24.516079
231,0.6431373,53.59804,25.334904
231,0.65882355,55.111767,26.159412
231,0.6745098,56.664707,26.980785
231,0.6901961,58.276867,27.798433
231,0.7058824,59.945885,28.612942
231,0.72156864,61.678825,29.425491
231,0.7372549,63.47863,30.231962
231,0.7529412,65.337654,31.045296
231,0.76862746,67.235886,31.860983
231,0.78431374,69.17294,32.685883
231,0.8,71.130005,33.54
231,0.8156863,73.12667,34.41412
231,0.83137256,75.16255,35.318237
231,0.84705883,77.22883,36.242355
231,0.8627451,79.3351,37.194904
231,0.8784314,81.49941,38.176666
231,0.89411765,83.72059,39.18
231,0.9098039,85.98294,40.193333
231,0.9254902,88.26765,41.216667
231,0.9411765,90.57236,42.23
231,0.95686275,92.89706,43.233334
231,0.972549,95.231766,44.22098
231,0.9882353,97.581764,45.204704
232,0.0,17.37,2.12
232,0.015686275,18.121176,2.650784
232,0.03137255,18.872156,3.181568
232,0.047058824,19.61353,3.712353
232,0.0627451,20.354315,4.253138
232,0.078431375,21.095882,4.803922
232,0.09411765,21.836472,5.374706
232,0.10980392,22.562548,5.951176
232,0.1254902,23.278627,6.5370584
232,0.14117648,23.968824,7.1129413
232,0.15686275,24.629805,7.6888247
232,0.17254902,25.270784,8.264707
232,0.1882353,25.901764,8.840589
232,0.20392157,26.532745,9.410195
232,0.21960784,27.173725,9.9923525
232,0.23529412,27.814707,10.568235
232,0.2509804,28.435688,11.134119
232,0.26666668,29.060001,11.710001
232,0.28235295,29.687647,12.317647
232,0.29803923,30.328627,12.968627
232,0.3137255,30.979607,13.651568
232,0.32941177,31.647648,14.347648
232,0.34509805,32.365883,15.04157
232,0.36078432,33.164314,15.722549
232,0.3764706,34.03294,16.37353
232,0.39215687,34.981766,16.987059
232,0.40784314,35.990784,17.570393
232,0.42352942,37.070004,18.128824
232,0.4392157,38.21216,18.674707
232,0.45490196,39.41902,19.220589
232,0.47058824,40.685883,19.76647
232,0.4862745,41.988823,20.322353
232,0.5019608,43.315884,20.898235
232,0.5176471,44.672943,21.502354
232,0.53333336,46.093334,22.146667
232,0.54901963,47.535492,22.824314
232,0.5647059,48.977646,23.515295
232,0.5803922,50.379803,24.186274
232,0.59607846,51.74451,24.857256
232,0.6117647,53.0953,25.528236
232,0.627451,54.462357,26.203138
232,0.6431373,55.858433,26.889217
232,0.65882355,57.30059,27.595295
232,0.6745098,58.772743,28.311373
232,0.6901961,60.29353,29.027452
232,0.7058824,61.855885,29.752943
232,0.72156864,63.49275,30.48412
232,0.7372549,65.19981,31.235294
232,0.7529412,66.97176,31.986471
232,0.76862746,68.79451,32.75765
232,0.78431374,70.66216,33.538826
232,0.8,72.560005,34.320004
232,0.8156863,74.49294,35.126278
232,0.83137256,76.46608,35.95255
232,0.84705883,78.49412,36.798824
232,0.8627451,80.572945,37.6751
232,0.8784314,82.73667,38.576862
232,0.89411765,84.96001,39.508827
232,0.9098039,87.22903,40.465298
232,0.9254902,89.52745,41.43098
232,0.9411765,91.84589,42.392353
232,0.95686275,94.14628,43.376667
232,0.972549,96.462746,44.401176
232,0.9882353,98.71118,45.356472
233,0.0,21.54,66.33
233,0.015686275,22.242548,64.687065
233,0.03137255,22.945097,63.017258
233,0.047058824,23.617647,61.410587
233,0.0627451,24.22392,59.96961
233,0.078431375,24.767057,58.672356
233,0.09411765,25.26647,57.458237
233,0.10980392,25.756863,56.255295
233,0.1254902,26.265293,55.021767
233,0.14117648,26.764706,53.798237
233,0.15686275,27.228432,52.56902
233,0.17254902,27.666275,51.32118
233,0.1882353,28.045294,50.038826
233,0.20392157,28.371569,48.74373
233,0.21960784,28.635881,47.406666
233,0.23529412,28.827059,46.01647
233,0.2509804,28.945097,44.588238
233,0.26666668,29.0,43.12
233,0.28235295,29.01,41.631763
233,0.29803923,28.99,40.12373
233,0.3137255,28.948627,38.583923
233,0.32941177,28.92,37.024117
233,0.34509805,28.92451,35.459805
233,0.36078432,28.996078,33.884514
233,0.3764706,29.15294,32.304707
233,0.39215687,29.426863,30.734901
233,0.40784314,29.834705,29.205101
233,0.42352942,30.398823,27.737648
233,0.4392157,31.125294,26.343334
233,0.45490196,32.005882,25.042158
233,0.47058824,33.04882,23.858236
233,0.4862745,34.238037,22.80647
233,0.5019608,35.553333,21.928234
233,0.5176471,36.991764,21.249413
233,0.53333336,38.513332,20.81
233,0.54901963,40.07804,20.605099
233,0.5647059,41.66294,20.62647
233,0.5803922,43.222744,20.852156
233,0.59607846,44.73294,21.277647
233,0.6117647,46.191177,21.849413
233,0.627451,47.62941,22.564705
233,0.6431373,49.077644,23.37745
233,0.65882355,50.525883,24.254705
233,0.6745098,52.004116,25.17196
233,0.6901961,53.54137,26.099215
233,0.7058824,55.151764,27.00647
233,0.72156864,56.837452,27.873726
233,0.7372549,58.615685,28.727255
233,0.7529412,60.481762,29.537647
233,0.76862746,62.44157,30.321764
233,0.78431374,64.48922,31.104315
233,0.8,66.64,31.89
233,0.8156863,68.89392,32.705685
233,0.83137256,71.250984,33.57451
233,0.84705883,73.69118,34.48647
233,0.8627451,76.18451,35.461567
233,0.8784314,78.713135,36.50196
233,0.89411765,81.291176,37.601765
233,0.9098039,83.93235,38.764706
233,0.9254902,86.65666,39.988235
233,0.9411765,89.47412,41.265884
233,0.95686275,92.35902,42.59667
233,0.972549,95.25392,43.963333
233,0.9882353,98.117645,45.36
234,0.0,18.15,2.06
234,0.015686275,18.874903,2.5868628
234,0.03137255,19.590588,3.1229413
234,0.047058824,20.305882,3.659412
234,0.0627451,21.002745,4.2058825
234,0.078431375,21.68843,4.752353
234,0.09411765,22.354118,5.3088236
234,0.10980392,22.999804,5.872549
234,0.1254902,23.628628,6.4386277
234,0.14117648,24.264706,7.014706
234,0.15686275,24.906862,7.6107845
234,0.17254902,25.56255,8.206863
234,0.1882353,26.218235,8.802941
234,0.20392157,26.898825,9.413922
234,0.21960784,27.604118,10.025099
234,0.23529412,28.349413,10.655294
234,0.2509804,29.132158,11.29098
234,0.26666668,29.956667,11.926667
234,0.28235295,30.811176,12.562353
234,0.29803923,31.708237,13.205491
234,0.3137255,32.63451,13.833726
234,0.32941177,33.61,14.459413
234,0.34509805,34.623333,15.085098
234,0.36078432,35.66765,15.720785
234,0.3764706,36.76059,16.356472
234,0.39215687,37.91392,17.022158
234,0.40784314,39.10608,17.697844
234,0.42352942,40.34765,18.392942
234,0.4392157,41.61843,19.108236
234,0.45490196,42.909805,19.82353
234,0.47058824,44.191177,20.538824
234,0.4862745,45.482548,21.264118
234,0.5019608,46.81137,22.00941
234,0.5176471,48.15235,22.761765
234,0.53333336,49.503334,23.516666
234,0.54901963,50.828037,24.255293
234,0.5647059,52.139412,24.970589
234,0.5803922,53.440784,25.665882
234,0.59607846,54.752155,26.346077
234,0.6117647,56.088234,27.021765
234,0.627451,57.487843,27.68745
234,0.6431373,58.944115,28.339214
234,0.65882355,60.428234,28.975294
234,0.6745098,61.941566,29.601372
234,0.6901961,63.494114,30.22745
234,0.7058824,65.06117,30.85588
234,0.72156864,66.65294,31.501568
234,0.7372549,68.28392,32.177254
234,0.7529412,69.952934,32.864117
234,0.76862746,71.64274,33.57941
234,0.78431374,73.37176,34.304703
234,0.8,75.13,35.039997
234,0.8156863,76.90823,35.7949
234,0.83137256,78.70568,36.550587
234,0.84705883,80.52352,37.334705
234,0.8627451,82.36137,38.129604
234,0.8784314,84.21921,38.942547
234,0.89411765,86.1147,39.777058
234,0.9098039,88.03215,40.631565
234,0.9254902,89.9596,41.486076
234,0.9411765,91.87705,42.330585
234,0.95686275,93.7945,43.175095
234,0.972549,95.76333,43.999607
234,0.9882353,97.859406,44.86882
235,0.0,17.05,1.95
235,0.015686275,17.747648,2.4182355
235,0.03137255,18.435295,2.88353
235,0.047058824,19.132355,3.3547068
235,0.0627451,19.810589,3.8229413
235,0.078431375,20.488235,4.298823
235,0.09411765,21.155882,4.7705874
235,0.10980392,21.788235,5.2323527
235,0.1254902,22.411177,5.7041173
235,0.14117648,23.040588,6.184118
235,0.15686275,23.681765,6.6923532
235,0.17254902,24.334118,7.211766
235,0.1882353,25.001766,7.766471
235,0.20392157,25.66941,8.325294
235,0.21960784,26.367645,8.91647
235,0.23529412,27.101765,9.554705
235,0.2509804,27.912941,10.275882
235,0.26666668,28.77,11.04
235,0.28235295,29.69,11.840589
235,0.29803923,30.660002,12.664119
235,0.3137255,31.688826,13.491178
235,0.32941177,32.761765,14.292354
235,0.34509805,33.897057,15.062941
235,0.36078432,35.104115,15.823528
235,0.3764706,36.371765,16.558823
235,0.39215687,37.70059,17.29294
235,0.40784314,39.075882,18.02706
235,0.42352942,40.512356,18.771177
235,0.4392157,42.001766,19.526472
235,0.45490196,43.52647,20.299412
235,0.47058824,45.051174,21.067646
235,0.4862745,46.535294,21.827646
235,0.5019608,48.02353,22.588823
235,0.5176471,49.515293,23.369411
235,0.53333336,51.0,24.16
235,0.54901963,52.488235,24.940588
235,0.5647059,53.966473,25.711178
235,0.5803922,55.434708,26.462355
235,0.59607846,56.882942,27.180588
235,0.6117647,58.31882,27.868235
235,0.627451,59.75941,28.535881
235,0.6431373,61.207645,29.19353
235,0.65882355,62.67588,29.851175
235,0.6745098,64.17412,30.508823
235,0.6901961,65.70706,31.176472
235,0.7058824,67.25177,31.844118
235,0.72156864,68.81412,32.521767
235,0.7372549,70.395294,33.20941
235,0.7529412,71.997055,33.897057
235,0.76862746,73.6147,34.591763
235,0.78431374,75.25235,35.295883
235,0.8,76.9,36.01
235,0.8156863,78.57412,36.73412
235,0.83137256,80.24824,37.471176
235,0.84705883,81.952354,38.222355
235,0.8627451,83.66647,38.98647
235,0.8784314,85.40294,39.760586
235,0.89411765,87.15353,40.54353
235,0.9098039,88.90941,41.32941
235,0.9254902,90.68471,42.124706
235,0.9411765,92.47353,42.925293
235,0.95686275,94.27059,43.73059
235,0.972549,96.08765,44.537647
235,0.9882353,97.89471,45.34706
236,0.0,21.59,66.63
236,0.015686275,22.04706,65.56764
236,0.03137255,22.514118,64.475296
236,0.047058824,22.978823,63.39294
236,0.0627451,23.431765,62.33059
236,0.078431375,23.864706,61.319412
236,0.09411765,24.262941,60.37
236,0.10980392,24.641766,59.47882
236,0.1254902,25.007647,58.62588
236,0.14117648,25.359411,57.80412
236,0.15686275,25.708235,56.982353
236,0.17254902,26.087059,56.135292
236,0.1882353,26.465883,55.27941
236,0.20392157,26.844706,54.42353
236,0.21960784,27.20353,53.56765
236,0.23529412,27.550589,52.69
236,0.2509804,27.865294,51.78
236,0.26666668,28.15,50.829998
236,0.28235295,28.38647,49.861767
236,0.29803923,28.57294,48.871765
236,0.3137255,28.714706,47.855293
236,0.32941177,28.816471,46.827057
236,0.34509805,28.880589,45.778233
236,0.36078432,28.91,44.705883
236,0.3764706,28.901176,43.614708
236,0.39215687,28.887058,42.511177
236,0.40784314,28.852942,41.381763
236,0.42352942,28.82,40.23529
236,0.4392157,28.8,39.07353
236,0.45490196,28.78,37.87353
236,0.47058824,28.77,36.658825
236,0.4862745,28.752354,35.414116
236,0.5019608,28.728235,34.15941
236,0.5176471,28.674118,32.894707
236,0.53333336,28.59,31.620003
236,0.54901963,28.481764,30.321177
236,0.5647059,28.325294,29.022352
236,0.5803922,28.130589,27.72588
236,0.59607846,27.887648,26.444706
236,0.6117647,27.596472,25.186472
236,0.627451,27.247059,23.96647
236,0.6431373,26.858234,22.775883
236,0.65882355,26.413528,21.628233
236,0.6745098,25.90941,20.491764
236,0.6901961,25.34706,19.355295
236,0.7058824,24.71647,18.218824
236,0.72156864,24.037647,17.102352
236,0.7372549,23.297058,16.019411
236,0.7529412,22.497646,14.9647045
236,0.76862746,21.641766,13.948236
236,0.78431374,20.740002,12.994119
236,0.8,19.79,12.08
236,0.8156863,18.781763,11.214117
236,0.83137256,17.725292,10.378234
236,0.84705883,16.632942,9.564707
236,0.8627451,15.497648,8.742942
236,0.8784314,14.307059,7.9211764
236,0.89411765,13.081763,7.089411
236,0.9098039,11.808233,6.257646
236,0.9254902,10.519413,5.435883
236,0.9411765,9.21059,4.6411777
236,0.95686275,7.8805885,3.8635297
236,0.972549,6.558234,3.0805876
236,0.9882353,5.3735275,2.2494104
237,0.0,21.7,66.32
237,0.015686275,22.249607,65.068436
237,0.03137255,22.799215,63.821766
237,0.047058824,23.348822,62.5753
237,0.0627451,23.878628,61.34353
237,0.078431375,24.400784,60.15667
237,0.09411765,24.90294,59.000004
237,0.10980392,25.395098,57.853336
237,0.1254902,25.906862,56.67706
237,0.14117648,26.44353,55.408825
237,0.15686275,27.006077,54.055298
237,0.17254902,27.543724,52.636868
237,0.1882353,28.01647,51.152943
237,0.20392157,28.387451,49.632156
237,0.21960784,28.598627,48.076473
237,0.23529412,28.67,46.47765
237,0.2509804,28.630785,44.84961
237,0.26666668,28.506666,43.24
237,0.28235295,28.331764,41.655296
237,0.29803923,28.135294,40.083923
237,0.3137255,27.952942,38.52255
237,0.32941177,27.82353,36.961178
237,0.34509805,27.783922,35.409805
237,0.36078432,27.872746,33.86981
237,0.3764706,28.095295,32.365883
237,0.39215687,28.46392,30.898235
237,0.40784314,28.973528,29.471767
237,0.42352942,29.63294,28.11765
237,0.4392157,30.442158,26.854706
237,0.45490196,31.391176,25.682745
237,0.47058824,32.46,24.61706
237,0.4862745,33.658627,23.657257
237,0.5019608,34.98706,22.817255
237,0.5176471,36.41353,22.101177
237,0.53333336,37.916664,21.536667
237,0.54901963,39.47882,21.126863
237,0.5647059,41.07765,20.895294
237,0.5803922,42.67647,20.855686
237,0.59607846,44.265293,20.989412
237,0.6117647,45.843525,21.29353
237,0.627451,47.3949,21.764315
237,0.6431373,48.956276,22.404902
237,0.65882355,50.487644,23.168234
237,0.6745098,52.018623,24.025488
237,0.6901961,53.540394,24.949804
237,0.7058824,55.071766,25.904118
237,0.72156864,56.613136,26.84843
237,0.7372549,58.1949,27.772743
237,0.7529412,59.888824,28.689413
237,0.76862746,61.732746,29.571177
237,0.78431374,63.719017,30.410587
237,0.8,65.82,31.22
237,0.8156863,68.043335,32.02941
237,0.83137256,70.386475,32.89863
237,0.84705883,72.86941,33.845295
237,0.8627451,75.50215,34.896862
237,0.8784314,78.24745,36.023335
237,0.89411765,81.02294,37.184708
237,0.9098039,83.78843,38.356667
237,0.9254902,86.56392,39.52333
237,0.9411765,89.356476,40.707058
237,0.95686275,92.144905,41.906666
237,0.972549,94.89039,43.103333
237,0.9882353,97.586464,44.289997
238,0.0,18.64,2.79
238,0.015686275,19.818825,3.6505885
238,0.03137255,20.987648,4.5211773
238,0.047058824,22.135296,5.401766
238,0.0627451,23.23706,6.300589
238,0.078431375,24.33353,7.2382355
238,0.09411765,25.375881,8.155882
238,0.10980392,26.304117,8.994705
238,0.1254902,27.111765,9.731764
238,0.14117648,27.838236,10.384706
238,0.15686275,28.494118,10.96353
238,0.17254902,29.11353,11.485883
238,0.1882353,29.658236,11.92353
238,0.20392157,30.178823,12.3170595
238,0.21960784,30.672941,12.675295
238,0.23529412,31.185295,13.049412
238,0.2509804,31.674706,13.398824
238,0.26666668,32.079998,13.679999
238,0.28235295,32.344116,13.864118
238,0.29803923,32.48412,13.944118
238,0.3137255,32.572353,14.001177
238,0.32941177,32.71647,14.07
238,0.34509805,32.85059,14.145294
238,0.36078432,33.007057,14.234706
238,0.3764706,33.29706,14.408824
238,0.39215687,33.738823,14.689412
238,0.40784314,34.304707,15.024117
238,0.42352942,35.035294,15.402352
238,0.4392157,35.921764,15.798235
238,0.45490196,37.031178,16.253529
238,0.47058824,38.27647,16.730589
238,0.4862745,39.57353,17.224117
238,0.5019608,40.878235,17.735294
238,0.5176471,42.21706,18.290588
238,0.53333336,43.61,18.92
238,0.54901963,45.08,19.67353
238,0.5647059,46.6,20.531176
238,0.5803922,48.131176,21.474117
238,0.59607846,49.658234,22.498823
238,0.6117647,51.18529,23.578823
238,0.627451,52.73,24.690588
238,0.6431373,54.289413,25.782942
238,0.65882355,55.84647,26.771177
238,0.6745098,57.43706,27.665295
238,0.6901961,59.081177,28.484707
238,0.7058824,60.81059,29.238825
238,0.72156864,62.618824,29.937647
238,0.7372549,64.47882,30.602352
238,0.7529412,66.38412,31.241764
238,0.76862746,68.31529,31.871176
238,0.78431374,70.28764,32.52353
238,0.8,72.31,33.21
238,0.8156863,74.399414,33.94353
238,0.83137256,76.528824,34.72706
238,0.84705883,78.689415,35.571766
238,0.8627451,80.88412,36.47059
238,0.8784314,83.147644,37.43353
238,0.89411765,85.46353,38.448235
238,0.9098039,87.7547,39.47353
238,0.9254902,89.92176,40.461174
238,0.9411765,92.00471,41.415295
238,0.95686275,94.06412,42.345882
238,0.972549,96.276474,43.301765
238,0.9882353,98.41765,44.231766
239,0.0,21.33,66.39
239,0.015686275,22.218628,64.41039
239,0.03137255,23.107258,62.42078
239,0.047058824,23.97353,60.45353
239,0.0627451,24.801373,58.524704
239,0.078431375,25.569218,56.6498
239,0.09411765,26.272354,54.791763
239,0.10980392,26.888432,52.913723
239,0.1254902,27.407648,50.98941
239,0.14117648,27.815294,49.030586
239,0.15686275,28.121372,47.071766
239,0.17254902,28.337255,45.09431
239,0.1882353,28.479412,43.124115
239,0.20392157,28.560196,41.155296
239,0.21960784,28.6,39.20745
239,0.23529412,28.63,37.34117
239,0.2509804,28.66255,35.523922
239,0.26666668,28.746666,33.736668
239,0.28235295,28.922354,31.999409
239,0.29803923,29.22451,30.287058
239,0.3137255,29.679804,28.666275
239,0.32941177,30.281765,27.137056
239,0.34509805,31.042551,25.716665
239,0.36078432,31.93647,24.419413
239,0.3764706,32.95471,23.255293
239,0.39215687,34.094513,22.224705
239,0.40784314,35.356274,21.36608
239,0.42352942,36.7,20.691765
239,0.4392157,38.105297,20.210196
239,0.45490196,39.569412,19.91451
239,0.47058824,41.10706,19.81
239,0.4862745,42.676277,19.908628
239,0.5019608,44.236862,20.190392
239,0.5176471,45.755882,20.661177
239,0.53333336,47.23,21.306667
239,0.54901963,48.646667,22.104511
239,0.5647059,50.03,23.008823
239,0.5803922,51.384315,23.949217
239,0.59607846,52.74667,24.897844
239,0.6117647,54.13,25.83647
239,0.627451,55.55608,26.745098
239,0.6431373,57.080982,27.633726
239,0.65882355,58.681763,28.479412
239,0.6745098,60.358234,29.277254
239,0.6901961,62.099216,30.050589
239,0.7058824,63.911766,30.787647
239,0.72156864,65.78588,31.518627
239,0.7372549,67.71471,32.251766
239,0.7529412,69.67118,32.978825
239,0.76862746,71.640785,33.734314
239,0.78431374,73.65039,34.512157
239,0.8,75.68,35.31
239,0.8156863,77.719604,36.117844
239,0.83137256,79.75922,36.915688
239,0.84705883,81.788826,37.72353
239,0.8627451,83.79843,38.521374
239,0.8784314,85.71412,39.285294
239,0.89411765,87.56824,40.042355
239,0.9098039,89.390785,40.7849
239,0.9254902,91.18804,41.52647
239,0.9411765,92.9853,42.28353
239,0.95686275,94.76255,43.03059
239,0.972549,96.5398,43.786274
239,0.9882353,98.37647,44.564117
240,0.0,98.46,50.95
240,0.015686275,95.83235,49.780586
240,0.03137255,93.21471,48.611176
240,0.047058824,90.665886,47.471767
240,0.0627451,88.15118,46.342354
240,0.078431375,85.70117,45.247646
240,0.09411765,83.329414,44.211178
240,0.10980392,81.03824,43.245296
240,0.1254902,78.89647,42.375294
240,0.14117648,76.95,41.631176
240,0.15686275,75.149414,40.97353
240,0.17254902,73.39471,40.378235
240,0.1882353,71.71059,39.838825
240,0.20392157,70.12294,39.385296
240,0.21960784,68.64588,39.027645
240,0.23529412,67.25059,38.761765
240,0.2509804,65.93235,38.562943
240,0.26666668,64.7,38.44
240,0.28235295,63.58353,38.37706
240,0.29803923,62.527058,38.37
240,0.3137255,61.51059,38.408825
240,0.32941177,60.595882,38.481766
240,0.34509805,59.777058,38.574707
240,0.36078432,59.064117,38.695293
240,0.3764706,58.50765,38.800587
240,0.39215687,58.109413,38.90353
240,0.40784314,57.847057,38.97647
240,0.42352942,57.70059,39.019413
240,0.4392157,57.64,39.03
240,0.45490196,57.63,39.03
240,0.47058824,57.62,39.02
240,0.4862745,57.62,39.02
240,0.5019608,57.63,39.01
240,0.5176471,57.63,39.01
240,0.53333336,57.63,39.01
240,0.54901963,57.6,39.02
240,0.5647059,57.518234,39.05
240,0.5803922,57.292355,39.118824
240,0.59607846,56.86294,39.241764
240,0.6117647,56.261765,39.429413
240,0.627451,55.53412,39.71294
240,0.6431373,54.795883,40.081764
240,0.65882355,53.995293,40.524117
240,0.6745098,53.078236,41.072353
240,0.6901961,52.105293,41.67647
240,0.7058824,51.058823,42.324116
240,0.72156864,49.957058,43.01706
240,0.7372549,48.769413,43.767647
240,0.7529412,47.527058,44.548237
240,0.76862746,46.24059,45.35882
240,0.78431374,44.898235,46.20941
240,0.8,43.49,47.12
240,0.8156863,42.021763,48.08647
240,0.83137256,40.497646,49.148823
240,0.84705883,38.92647,50.347057
240,0.8627451,37.355293,51.68294
240,0.8784314,35.828823,53.175884
240,0.89411765,34.360588,54.852352
240,0.9098039,32.98294,56.65941
240,0.9254902,31.731176,58.52
240,0.9411765,30.555294,60.47
240,0.95686275,29.425882,62.439415
240,0.972549,28.316471,64.39
240,0.9882353,27.21706,66.32
241,0.0,21.6,65.54
241,0.015686275,22.36647,63.801765
241,0.03137255,23.14294,62.068237
241,0.047058824,23.909412,60.33235
241,0.0627451,24.68647,58.58647
241,0.078431375,25.472353,56.800587
241,0.09411765,26.238823,55.004707
241,0.10980392,26.941765,53.198826
241,0.1254902,27.538237,51.39294
241,0.14117648,28.014116,49.60706
241,0.15686275,28.355883,47.831177
241,0.17254902,28.578236,46.045296
241,0.1882353,28.67,44.25941
241,0.20392157,28.650589,42.473526
241,0.21960784,28.57294,40.697647
241,0.23529412,28.485294,38.931763
241,0.2509804,28.44,37.165882
241,0.26666668,28.47,35.4
241,0.28235295,28.595295,33.64176
241,0.29803923,28.86647,31.92353
241,0.3137255,29.310589,30.248234
241,0.32941177,29.915882,28.638237
241,0.34509805,30.690588,27.13353
241,0.36078432,31.620588,25.74
241,0.3764706,32.68941,24.487059
241,0.39215687,33.878826,23.384705
241,0.40784314,35.16,22.434118
241,0.42352942,36.510002,21.661764
241,0.4392157,37.894115,21.061176
241,0.45490196,39.311764,20.622942
241,0.47058824,40.758823,20.361176
241,0.4862745,42.261173,20.26
241,0.5019608,43.78412,20.349411
241,0.5176471,45.284706,20.611765
241,0.53333336,46.75,21.04
241,0.54901963,48.197647,21.611177
241,0.5647059,49.625294,22.332941
241,0.5803922,51.012943,23.162354
241,0.59607846,52.390587,24.067059
241,0.6117647,53.778236,25.008823
241,0.627451,55.191765,25.96647
241,0.6431373,56.647057,26.912352
241,0.65882355,58.19353,27.82412
241,0.6745098,59.844116,28.697058
241,0.6901961,61.618824,29.514706
241,0.7058824,63.468822,30.297058
241,0.72156864,65.352356,31.057648
241,0.7372549,67.22588,31.81412
241,0.7529412,69.13647,32.58059
241,0.76862746,71.06765,33.35706
241,0.78431374,73.02117,34.143528
241,0.8,75.02,34.94
241,0.8156863,77.066475,35.74647
241,0.83137256,79.10764,36.562943
241,0.84705883,81.11353,37.372353
241,0.8627451,83.07471,38.185883
241,0.8784314,85.00588,38.99235
241,0.89411765,86.90118,39.808823
241,0.9098039,88.7647,40.618824
241,0.9254902,90.59706,41.421764
241,0.9411765,92.39294,42.19941
241,0.95686275,94.16882,42.948235
241,0.972549,95.91059,43.64294
241,0.9882353,97.57883,44.345882
242,0.0,98.87,50.5
242,0.015686275,95.98843,49.200195
242,0.03137255,93.138824,47.92235
242,0.047058824,90.43823,46.72353
242,0.0627451,87.83549,45.584705
242,0.078431375,85.37686,44.495884
242,0.09411765,83.03,43.45294
242,0.10980392,80.840195,42.51882
242,0.1254902,78.842354,41.73294
242,0.14117648,77.01529,41.08588
242,0.15686275,75.382355,40.550785
242,0.17254902,73.89059,40.107647
242,0.1882353,72.41058,39.734707
242,0.20392157,70.98981,39.411766
242,0.21960784,69.642746,39.13255
242,0.23529412,68.397644,38.88059
242,0.2509804,67.25883,38.674313
242,0.26666668,66.21667,38.523335
242,0.28235295,65.31412,38.412354
242,0.29803923,64.68549,38.361374
242,0.3137255,64.26118,38.34
242,0.32941177,63.938824,38.32
242,0.34509805,63.71843,38.29
242,0.36078432,63.65,38.27
242,0.3764706,63.66,38.27
242,0.39215687,63.66,38.28
242,0.40784314,63.65,38.285492
242,0.42352942,63.65,38.31
242,0.4392157,63.66,38.32
242,0.45490196,63.68,38.32
242,0.47058824,63.65059,38.31
242,0.4862745,63.358433,38.26
242,0.5019608,62.630394,38.23
242,0.5176471,61.361767,38.282352
242,0.53333336,59.716667,38.466667
242,0.54901963,58.023922,38.857254
242,0.5647059,56.21588,39.471764
242,0.5803922,54.61098,40.17137
242,0.59607846,53.334705,40.836273
242,0.6117647,52.04941,41.541176
242,0.627451,50.658627,42.265293
242,0.6431373,49.11745,43.011177
242,0.65882355,47.32353,43.83706
242,0.6745098,45.293335,44.580784
242,0.6901961,43.03039,45.046276
242,0.7058824,40.571766,45.12588
242,0.72156864,38.168236,44.789608
242,0.7372549,36.028824,44.05745
242,0.7529412,34.044117,42.882355
242,0.76862746,32.233532,41.217453
242,0.78431374,30.709805,39.235687
242,0.8,29.54,37.07
242,0.8156863,28.694118,34.772354
242,0.83137256,28.042156,32.188824
242,0.84705883,27.478235,29.352356
242,0.8627451,26.894314,26.423727
242,0.8784314,26.165686,23.552158
242,0.89411765,25.121178,20.644709
242,0.9098039,23.580786,17.649021
242,0.9254902,21.528824,14.7374525
242,0.9411765,18.985886,11.95471
242,0.95686275,15.894902,9.263922
242,0.972549,12.288042,6.735884
242,0.9882353,7.80177,3.8629446
243,0.0,98.77,50.75
243,0.015686275,95.837456,49.389217
243,0.03137255,92.94883,48.060394
243,0.047058824,90.251175,46.856472
243,0.0627451,87.73941,45.75863
243,0.078431375,85.58647,44.820587
243,0.09411765,83.80353,44.03059
243,0.10980392,82.17765,43.325687
243,0.1254902,80.693726,42.728626
243,0.14117648,79.31294,42.204704
243,0.15686275,77.981964,41.710785
243,0.17254902,76.702156,41.25765
243,0.1882353,75.49412,40.854706
243,0.20392157,74.33804,40.501766
243,0.21960784,73.27392,40.19255
243,0.23529412,72.32176,39.94059
243,0.2509804,71.55157,39.734314
243,0.26666668,70.99,39.583332
243,0.28235295,70.64471,39.49
243,0.29803923,70.53,39.45
243,0.3137255,70.54,39.44
243,0.32941177,70.53,39.44
243,0.34509805,70.5,39.45
243,0.36078432,70.48745,39.45
243,0.3764706,70.48,39.44
243,0.39215687,70.46,39.43
243,0.40784314,70.42,39.41
243,0.42352942,70.30353,39.38353
243,0.4392157,69.94019,39.302547
243,0.45490196,69.377846,39.18157
243,0.47058824,68.54412,39.01059
243,0.4862745,67.39608,38.789215
243,0.5019608,66.11627,38.568626
243,0.5176471,64.84647,38.397648
243,0.53333336,63.463333,38.296665
243,0.54901963,61.853924,38.324314
243,0.5647059,60.065884,38.550587
243,0.5803922,58.185883,39.0151
243,0.59607846,56.076668,39.81804
243,0.6117647,53.99647,40.87412
243,0.627451,52.051765,42.04294
243,0.6431373,50.03686,43.251766
243,0.65882355,47.88,44.348236
243,0.6745098,45.55902,45.18294
243,0.6901961,43.097256,45.656273
243,0.7058824,40.561768,45.671764
243,0.72156864,38.098236,45.17451
243,0.7372549,35.796665,44.139217
243,0.7529412,33.70412,42.57118
243,0.76862746,31.95353,40.513332
243,0.78431374,30.588823,38.089607
243,0.8,29.560001,35.360004
243,0.8156863,28.774117,32.44745
243,0.83137256,28.028236,29.422941
243,0.84705883,27.159412,26.319412
243,0.8627451,26.094706,23.215881
243,0.8784314,24.741177,20.107256
243,0.89411765,23.007647,17.084705
243,0.9098039,20.83647,14.235882
243,0.9254902,18.245296,11.600982
243,0.9411765,15.337057,9.229999
243,0.95686275,12.184902,7.0631375
243,0.972549,8.848042,4.925884
243,0.9882353,5.3052917,2.7847042
244,0.0,21.44,65.72
244,0.015686275,22.218235,64.054115
244,0.03137255,22.996471,62.374508
244,0.047058824,23.764708,60.72176
244,0.0627451,24.500393,59.121567
244,0.078431375,25.211176,57.56196
244,0.09411765,25.91059,56.032352
244,0.10980392,26.595688,54.544704
244,0.1254902,27.260784,53.083332
244,0.14117648,27.877647,51.67
244,0.15686275,28.418236,50.256664
244,0.17254902,28.85255,48.81333
244,0.1882353,29.155294,47.352352
244,0.20392157,29.32157,45.885883
244,0.21960784,29.35608,44.39941
244,0.23529412,29.238823,42.88294
244,0.2509804,29.00941,41.366467
244,0.26666668,28.72,39.86
244,0.28235295,28.450588,38.36353
244,0.29803923,28.250784,36.867058
244,0.3137255,28.147255,35.360584
244,0.32941177,28.155882,33.82823
244,0.34509805,28.307058,32.248627
244,0.36078432,28.620785,30.679018
244,0.3764706,29.111765,29.134705
244,0.39215687,29.775883,27.646664
244,0.40784314,30.607254,26.244902
244,0.42352942,31.611177,24.949411
244,0.4392157,32.77765,23.778038
244,0.45490196,34.08569,22.759214
244,0.47058824,35.51412,21.922941
244,0.4862745,37.047844,21.259216
244,0.5019608,38.658237,20.798431
244,0.5176471,40.36059,20.54294
244,0.53333336,42.073334,20.506666
244,0.54901963,43.79588,20.699215
244,0.5647059,45.468822,21.107647
244,0.5803922,47.095493,21.734707
244,0.59607846,48.6651,22.531374
244,0.6117647,50.194706,23.435883
244,0.627451,51.714314,24.405882
244,0.6431373,53.245296,25.40353
244,0.65882355,54.815296,26.391178
244,0.6745098,56.47804,27.358824
244,0.6901961,58.256863,28.27843
244,0.7058824,60.128235,29.131765
244,0.72156864,62.093533,29.938824
244,0.7372549,64.11628,30.71706
244,0.7529412,66.20529,31.495293
244,0.76862746,68.356865,32.287254
244,0.78431374,70.528435,33.108627
244,0.8,72.69,33.98
244,0.8156863,74.84157,34.91451
244,0.83137256,76.99313,35.895294
244,0.84705883,79.134705,36.89294
244,0.8627451,81.26627,37.91059
244,0.8784314,83.407845,38.93392
244,0.89411765,85.53941,39.955883
244,0.9098039,87.63902,40.963528
244,0.9254902,89.70745,41.941177
244,0.9411765,91.765884,42.908825
244,0.95686275,93.86706,43.88647
244,0.972549,95.97823,44.864117
244,0.9882353,98.164116,45.851765
245,0.0,98.72,50.05
245,0.015686275,96.200005,48.93294
245,0.03137255,93.8753,47.899414
245,0.047058824,92.18353,47.151764
245,0.0627451,90.75471,46.522354
245,0.078431375,89.206474,45.82294
245,0.09411765,87.68706,45.138824
245,0.10980392,86.238235,44.495293
245,0.1254902,84.80941,43.901764
245,0.14117648,83.37059,43.338238
245,0.15686275,81.95059,42.79471
245,0.17254902,80.58294,42.281178
245,0.1882353,79.31529,41.818237
245,0.20392157,78.37118,41.53353
245,0.21960784,77.77529,41.397648
245,0.23529412,77.57,41.34
245,0.2509804,77.55,41.31
245,0.26666668,77.57,41.31
245,0.28235295,77.6,41.31
245,0.29803923,77.6,41.3
245,0.3137255,77.59,41.282352
245,0.32941177,77.55647,41.27
245,0.34509805,77.391174,41.24059
245,0.36078432,76.88353,41.089413
245,0.3764706,75.981766,40.807648
245,0.39215687,74.93353,40.505882
245,0.40784314,73.72647,40.181175
245,0.42352942,72.43059,39.852352
245,0.4392157,71.08765,39.54059
245,0.45490196,69.65412,39.238823
245,0.47058824,68.11883,38.97706
245,0.4862745,66.61647,38.77765
245,0.5019608,65.195885,38.651764
245,0.5176471,63.941177,38.56
245,0.53333336,63.04,38.5
245,0.54901963,62.11294,38.5
245,0.5647059,60.934116,38.601765
245,0.5803922,59.37059,38.93294
245,0.59607846,57.170002,39.674706
245,0.6117647,54.59059,40.804703
245,0.627451,51.75412,42.238235
245,0.6431373,48.715298,43.72059
245,0.65882355,45.624706,44.872353
245,0.6745098,42.405296,45.495884
245,0.6901961,39.22353,45.314705
245,0.7058824,36.35059,44.38765
245,0.72156864,33.871178,42.812943
245,0.7372549,31.922356,40.726475
245,0.7529412,30.421177,38.105297
245,0.76862746,29.418823,35.15706
245,0.78431374,28.847647,31.995295
245,0.8,28.47,28.68
245,0.8156863,27.950588,25.39059
245,0.83137256,27.127647,22.181181
245,0.84705883,25.951178,19.077063
245,0.8627451,24.441177,16.109415
245,0.8784314,22.697649,13.271767
245,0.89411765,20.695883,10.504706
245,0.9098039,18.602354,8.14353
245,0.9254902,16.48412,6.195295
245,0.9411765,14.60059,4.6535306
245,0.95686275,12.992943,3.5182366
245,0.972549,11.537648,2.5417657
245,0.9882353,10.415883,1.8270594
246,0.0,17.44,2.68
246,0.015686275,18.726276,3.6303933
246,0.03137255,19.955296,4.54353
246,0.047058824,20.941177,5.259412
246,0.0627451,21.702549,5.8180394
246,0.078431375,22.355686,6.32255
246,0.09411765,22.895294,6.7552943
246,0.10980392,23.351177,7.1211762
246,0.1254902,23.76706,7.4480395
246,0.14117648,24.105295,7.7152944
246,0.15686275,24.32255,7.8662744
246,0.17254902,24.44,7.94
246,0.1882353,24.45,7.95
246,0.20392157,24.45,7.95
246,0.21960784,24.44,7.94
246,0.23529412,24.43,7.93
246,0.2509804,24.43,7.92
246,0.26666668,24.43,7.92
246,0.28235295,24.43,7.92
246,0.29803923,24.43,7.92
246,0.3137255,24.43,7.92
246,0.32941177,24.43,7.92
246,0.34509805,24.43,7.92
246,0.36078432,24.43,7.92
246,0.3764706,24.457058,7.94
246,0.39215687,24.525686,8.005687
246,0.40784314,24.684315,8.134314
246,0.42352942,25.021765,8.408823
246,0.4392157,25.629412,8.907843
246,0.45490196,26.571766,9.691373
246,0.47058824,27.769411,10.6705885
246,0.4862745,29.119411,11.729608
246,0.5019608,30.65294,12.894706
246,0.5176471,32.20647,13.992353
246,0.53333336,33.763332,14.983333
246,0.54901963,35.353527,15.871764
246,0.5647059,36.96706,16.65353
246,0.5803922,38.609802,17.415295
246,0.59607846,40.31196,18.234901
246,0.6117647,42.03059,19.105293
246,0.627451,43.89647,20.080784
246,0.6431373,45.97333,21.207254
246,0.65882355,48.149998,22.413528
246,0.6745098,50.38765,23.689804
246,0.6901961,52.663334,24.996078
246,0.7058824,54.80176,26.222351
246,0.72156864,56.906666,27.371765
246,0.7372549,59.118824,28.483921
246,0.7529412,61.434116,29.53294
246,0.76862746,63.782154,30.519215
246,0.78431374,66.15471,31.459608
246,0.8,68.54,32.38
246,0.8156863,70.903915,33.28039
246,0.83137256,73.26059,34.200783
246,0.84705883,75.70177,35.187057
246,0.8627451,78.24568,36.256077
246,0.8784314,80.83274,37.3551
246,0.89411765,83.475296,38.46588
246,0.9098039,86.087845,39.57353
246,0.9254902,88.56137,40.652157
246,0.9411765,90.94765,41.711178
246,0.95686275,93.25294,42.710197
246,0.972549,95.45333,43.654312
246,0.9882353,97.73353,44.701763
247,0.0,21.63,66.4
247,0.015686275,22.327646,64.81059
247,0.03137255,23.034704,63.21118
247,0.047058824,23.72294,61.635883
247,0.0627451,24.390587,60.120003
247,0.078431375,25.038235,58.64
247,0.09411765,25.667646,57.190002
247,0.10980392,26.290586,55.74
247,0.1254902,26.903528,54.300003
247,0.14117648,27.484118,52.86
247,0.15686275,28.002352,51.420002
247,0.17254902,28.438824,49.971764
247,0.1882353,28.769411,48.54
247,0.20392157,28.982353,47.110004
247,0.21960784,29.07,45.65
247,0.23529412,29.018824,44.160004
247,0.2509804,28.859411,42.674706
247,0.26666668,28.65,41.19
247,0.28235295,28.430588,39.685295
247,0.29803923,28.241177,38.170593
247,0.3137255,28.105883,36.625885
247,0.32941177,28.07,35.07118
247,0.34509805,28.157059,33.50294
247,0.36078432,28.384706,31.941765
247,0.3764706,28.767647,30.394121
247,0.39215687,29.303528,28.902355
247,0.40784314,30.003529,27.470001
247,0.42352942,30.867647,26.09706
247,0.4392157,31.88294,24.81353
247,0.45490196,33.06706,23.625883
247,0.47058824,34.389996,22.57706
247,0.4862745,35.839996,21.691177
247,0.5019608,37.401173,20.975883
247,0.5176471,39.045883,20.45353
247,0.53333336,40.76,20.15
247,0.54901963,42.52882,20.104706
247,0.5647059,44.327644,20.337646
247,0.5803922,46.12647,20.848822
247,0.59607846,47.886467,21.55941
247,0.6117647,49.58706,22.408823
247,0.627451,51.23647,23.370588
247,0.6431373,52.87588,24.405293
247,0.65882355,54.522938,25.47941
247,0.6745098,56.23941,26.590586
247,0.6901961,58.028233,27.694706
247,0.7058824,59.878822,28.771175
247,0.72156864,61.782352,29.777647
247,0.7372549,63.73823,30.711763
247,0.7529412,65.751175,31.578821
247,0.76862746,67.8047,32.405293
247,0.78431374,69.90235,33.20294
247,0.8,72.05,34.0
247,0.8156863,74.227646,34.81706
247,0.83137256,76.4147,35.664116
247,0.84705883,78.61706,36.555294
247,0.8627451,80.81941,37.487057
247,0.8784314,83.011765,38.42882
247,0.89411765,85.17412,39.360588
247,0.9098039,87.293526,40.27235
247,0.9254902,89.41117,41.174114
247,0.9411765,91.54882,42.08588
247,0.95686275,93.713524,43.007645
247,0.972549,95.90588,43.93941
247,0.9882353,98.098236,44.881176
248,0.0,21.7,65.61
248,0.015686275,22.377647,64.03059
248,0.03137255,23.045296,62.45059
248,0.047058824,23.712942,60.899998
248,0.0627451,24.36059,59.429996
248,0.078431375,24.978235,58.03
248,0.09411765,25.577646,56.668236
248,0.10980392,26.18059,55.28
248,0.1254902,26.755882,53.87
248,0.14117648,27.294119,52.469997
248,0.15686275,27.772354,51.057056
248,0.17254902,28.147058,49.671764
248,0.1882353,28.449411,48.27
248,0.20392157,28.652353,46.85
248,0.21960784,28.775883,45.374115
248,0.23529412,28.79,43.849407
248,0.2509804,28.724707,42.30941
248,0.26666668,28.61,40.75
248,0.28235295,28.495295,39.170586
248,0.29803923,28.400589,37.55176
248,0.3137255,28.36,35.90176
248,0.32941177,28.418823,34.233524
248,0.34509805,28.614119,32.55941
248,0.36078432,28.961176,30.903528
248,0.3764706,29.450588,29.287058
248,0.39215687,30.108824,27.75235
248,0.40784314,30.925884,26.32235
248,0.42352942,31.894707,25.014116
248,0.4392157,33.024708,23.848824
248,0.45490196,34.28353,22.868824
248,0.47058824,35.66,22.060587
248,0.4862745,37.115887,21.444706
248,0.5019608,38.62059,21.008234
248,0.5176471,40.135296,20.779411
248,0.53333336,41.63,20.73
248,0.54901963,43.100002,20.849411
248,0.5647059,44.52059,21.13706
248,0.5803922,45.845886,21.544706
248,0.59607846,47.17118,22.091766
248,0.6117647,48.56,22.791765
248,0.627451,50.028236,23.632353
248,0.6431373,51.542942,24.545296
248,0.65882355,53.142944,25.511766
248,0.6745098,54.839417,26.468237
248,0.6901961,56.655296,27.427649
248,0.7058824,58.590588,28.369411
248,0.72156864,60.631767,29.291178
248,0.7372549,62.78177,30.192942
248,0.7529412,65.028824,31.098825
248,0.76862746,67.3153,32.015884
248,0.78431374,69.54765,32.918236
248,0.8,71.8,33.86
248,0.8156863,74.06706,34.82647
248,0.83137256,76.344124,35.812943
248,0.84705883,78.63118,36.789413
248,0.8627451,80.91824,37.77706
248,0.8784314,83.185295,38.762352
248,0.89411765,85.444115,39.748825
248,0.9098039,87.66647,40.725296
248,0.9254902,89.86883,41.69412
248,0.9411765,92.07118,42.645885
248,0.95686275,94.29353,43.57765
248,0.972549,96.515884,44.48941
248,0.9882353,98.74824,45.39118
249,0.0,98.96,50.43
249,0.015686275,97.001564,49.56353
249,0.03137255,95.10863,48.72706
249,0.047058824,93.439415,47.988823
249,0.0627451,91.899216,47.30608
249,0.078431375,90.37902,46.6451
249,0.09411765,88.941765,46.024117
249,0.10980392,87.69627,45.49235
249,0.1254902,86.64627,45.03412
249,0.14117648,85.93588,44.725292
249,0.15686275,85.53764,44.552547
249,0.17254902,85.219604,44.399803
249,0.1882353,84.98706,44.29
249,0.20392157,84.75431,44.19
249,0.21960784,84.51314,44.091568
249,0.23529412,84.23765,43.968822
249,0.2509804,83.918236,43.81608
249,0.26666668,83.46,43.616665
249,0.28235295,82.82294,43.361176
249,0.29803923,82.037056,43.045685
249,0.3137255,81.07568,42.635296
249,0.32941177,80.01647,42.19706
249,0.34509805,78.90686,41.74882
249,0.36078432,77.7649,41.320587
249,0.3764706,76.63294,40.90235
249,0.39215687,75.48098,40.504116
249,0.40784314,74.28902,40.127254
249,0.42352942,73.08706,39.781765
249,0.4392157,71.925095,39.476276
249,0.45490196,70.76314,39.200783
249,0.47058824,69.58882,38.947647
249,0.4862745,68.40922,38.7349
249,0.5019608,67.285095,38.572155
249,0.5176471,66.195885,38.45941
249,0.53333336,65.043335,38.376667
249,0.54901963,63.86529,38.35
249,0.5647059,62.37412,38.418823
249,0.5803922,60.51804,38.673138
249,0.59607846,58.41098,39.20157
249,0.6117647,56.022938,40.089413
249,0.627451,53.52353,41.228233
249,0.6431373,50.974117,42.48294
249,0.65882355,48.34941,43.712353
249,0.6745098,45.677254,44.698235
249,0.6901961,42.914314,45.292355
249,0.7058824,40.11294,45.32294
249,0.72156864,37.443333,44.768627
249,0.7372549,35.025684,43.6198
249,0.7529412,32.917057,41.935295
249,0.76862746,31.254902,39.83235
249,0.78431374,30.01196,37.44941
249,0.8,29.06,34.789997
249,0.8156863,28.32902,31.945097
249,0.83137256,27.718039,28.994705
249,0.84705883,27.118822,25.957056
249,0.8627451,26.343136,22.909409
249,0.8784314,25.24647,20.039215
249,0.89411765,23.788824,17.287058
249,0.9098039,21.95098,14.614116
249,0.9254902,19.686665,12.096663
249,0.9411765,16.941175,9.794704
249,0.95686275,13.801176,7.638235
249,0.972549,10.345096,5.467057
249,0.9882353,6.663525,3.2229385
250,0.0,17.82,2.41
250,0.015686275,18.20353,2.6756861
250,0.03137255,18.561373,2.9313722
250,0.047058824,18.763529,3.0835292
250,0.0627451,18.87,3.17
250,0.078431375,18.9,3.19
250,0.09411765,18.89,3.17
250,0.10980392,18.89,3.17
250,0.1254902,18.9,3.18
250,0.14117648,18.9,3.19
250,0.15686275,18.9,3.19
250,0.17254902,18.9,3.19
250,0.1882353,18.9,3.19
250,0.20392157,18.9,3.19
250,0.21960784,18.890196,3.19
250,0.23529412,18.88,3.18
250,0.2509804,18.89549,3.2
250,0.26666668,18.983334,3.26
250,0.28235295,19.172352,3.3911765
250,0.29803923,19.546078,3.6480393
250,0.3137255,20.144314,4.0774508
250,0.32941177,20.888235,4.633529
250,0.34509805,21.747843,5.2852936
250,0.36078432,22.693138,6.0323534
250,0.3764706,23.617647,6.7894115
250,0.39215687,24.512548,7.55647
250,0.40784314,25.35745,8.273529
250,0.42352942,26.130589,8.938824
250,0.4392157,26.84804,9.568039
250,0.45490196,27.517254,10.169804
250,0.47058824,28.141176,10.751177
250,0.4862745,28.765686,11.322549
250,0.5019608,29.363922,11.844902
250,0.5176471,30.05294,12.474117
250,0.53333336,30.886667,13.2300005
250,0.54901963,31.935099,14.051569
250,0.5647059,33.340588,14.916471
250,0.5803922,35.032745,15.811372
250,0.59607846,36.91059,16.754314
250,0.6117647,39.0,17.812943
250,0.627451,41.163334,18.88353
250,0.6431373,43.336666,19.942549
250,0.65882355,45.579414,21.034706
250,0.6745098,47.877846,22.225294
250,0.6901961,50.221764,23.516079
250,0.7058824,52.59294,24.892353
250,0.72156864,55.024906,26.318628
250,0.7372549,57.581177,27.706276
250,0.7529412,60.328823,29.004705
250,0.76862746,63.1649,30.18451
250,0.78431374,65.98746,31.247255
250,0.8,68.81,32.25
250,0.8156863,71.524704,33.232746
250,0.83137256,74.11372,34.215492
250,0.84705883,76.67412,35.238235
250,0.8627451,79.257454,36.31098
250,0.8784314,81.82353,37.41294
250,0.89411765,84.40118,38.53353
250,0.9098039,86.97804,39.654118
250,0.9254902,89.40942,40.73196
250,0.9411765,91.69,41.744705
250,0.95686275,93.88334,42.737453
250,0.972549,96.01039,43.703922
250,0.9882353,98.06588,44.648823
251,0.0,21.37,66.44
251,0.015686275,21.714706,65.624115
251,0.03137255,22.055883,64.814705
251,0.047058824,22.369411,64.081764
251,0.0627451,22.625883,63.49235
251,0.078431375,22.88353,62.882942
251,0.09411765,23.247648,62.04529
251,0.10980392,23.690588,61.005882
251,0.1254902,24.189411,59.861176
251,0.14117648,24.734707,58.650585
251,0.15686275,25.341764,57.331764
251,0.17254902,25.93353,56.033527
251,0.1882353,26.494118,54.82294
251,0.20392157,27.025293,53.66941
251,0.21960784,27.531178,52.56706
251,0.23529412,27.964117,51.588234
251,0.2509804,28.355295,50.61235
251,0.26666668,28.75,49.42
251,0.28235295,29.124706,47.994705
251,0.29803923,29.422941,46.42294
251,0.3137255,29.57,44.73
251,0.32941177,29.567059,42.91
251,0.34509805,29.448824,41.069996
251,0.36078432,29.261177,39.26
251,0.3764706,29.054707,37.46
251,0.39215687,28.92,35.64
251,0.40784314,28.924118,33.82
251,0.42352942,29.09706,31.999996
251,0.4392157,29.472353,30.220589
251,0.45490196,30.042942,28.517645
251,0.47058824,30.826471,26.894115
251,0.4862745,31.792942,25.411177
251,0.5019608,32.942356,24.097645
251,0.5176471,34.274708,22.952353
251,0.53333336,35.800003,21.98
251,0.54901963,37.471767,21.220587
251,0.5647059,39.28,20.714117
251,0.5803922,41.170002,20.51
251,0.59607846,43.09294,20.618824
251,0.6117647,45.0,21.04706
251,0.627451,46.870003,21.775295
251,0.6431373,48.71,22.728825
251,0.65882355,50.530003,23.818825
251,0.6745098,52.38,24.985294
251,0.6901961,54.292355,26.165884
251,0.7058824,56.290592,27.305883
251,0.72156864,58.377647,28.388235
251,0.7372549,60.57824,29.40353
251,0.7529412,62.876472,30.347649
251,0.76862746,65.25765,31.248236
251,0.78431374,67.710594,32.12412
251,0.8,70.26,33.03
251,0.8156863,72.85765,33.96412
251,0.83137256,75.4153,34.928238
251,0.84705883,77.93824,35.912354
251,0.8627451,80.43765,36.936474
251,0.8784314,82.92588,37.980587
251,0.89411765,85.386475,39.03412
251,0.9098039,87.805885,40.08647
251,0.9254902,90.17353,41.132942
251,0.9411765,92.48647,42.16706
251,0.95686275,94.70706,43.151176
251,0.972549,96.76118,44.055294
251,0.9882353,98.72883,44.92059
252,0.0,98.72,50.31
252,0.015686275,96.763725,49.479412
252,0.03137255,94.92784,48.70902
252,0.047058824,93.41706,48.068825
252,0.0627451,92.21764,47.558823
252,0.078431375,91.50353,47.22902
252,0.09411765,91.098236,47.02941
252,0.10980392,90.708626,46.864315
252,0.1254902,90.38843,46.729214
252,0.14117648,90.07823,46.584118
252,0.15686275,89.78902,46.44902
252,0.17254902,89.52784,46.32392
252,0.1882353,89.24765,46.198822
252,0.20392157,88.784904,46.013725
252,0.21960784,88.15314,45.757256
252,0.23529412,87.3047,45.390587
252,0.2509804,86.23745,44.925293
252,0.26666668,85.11667,44.443333
252,0.28235295,83.944115,43.944706
252,0.29803923,82.785095,43.469414
252,0.3137255,81.666275,43.004116
252,0.32941177,80.53353,42.558823
252,0.34509805,79.392746,42.125687
252,0.36078432,78.26922,41.718235
252,0.3764706,77.16353,41.332943
252,0.39215687,76.10784,40.977646
252,0.40784314,75.122154,40.6649
252,0.42352942,74.08882,40.354706
252,0.4392157,72.95804,40.011765
252,0.45490196,71.8451,39.684315
252,0.47058824,70.85941,39.404118
252,0.4862745,69.81569,39.14392
252,0.5019608,68.581764,38.903725
252,0.5176471,67.235886,38.691765
252,0.53333336,65.89,38.556667
252,0.54901963,64.47726,38.47157
252,0.5647059,62.95471,38.47
252,0.5803922,61.27647,38.617256
252,0.59607846,59.220394,39.0049
252,0.6117647,56.928825,39.654118
252,0.627451,54.651176,40.57745
252,0.6431373,52.474705,41.692158
252,0.65882355,50.298237,42.87294
252,0.6745098,48.06255,44.00451
252,0.6901961,45.805294,44.92157
252,0.7058824,43.499413,45.508236
252,0.72156864,41.06333,45.67
252,0.7372549,38.606667,45.33157
252,0.7529412,36.319412,44.472355
252,0.76862746,34.19275,43.032356
252,0.78431374,32.32118,41.056473
252,0.8,30.76,38.61
252,0.8156863,29.604313,35.75294
252,0.83137256,28.83902,32.57549
252,0.84705883,28.238823,29.278236
252,0.8627451,27.557648,25.970984
252,0.8784314,26.596079,22.669218
252,0.89411765,25.22353,19.497648
252,0.9098039,23.380392,16.506275
252,0.9254902,21.075882,13.675097
252,0.9411765,18.28059,11.014119
252,0.95686275,14.865495,8.442356
252,0.972549,10.95373,5.926669
252,0.9882353,6.5823565,3.2976491
253,0.0,99.02,51.41
253,0.015686275,98.17647,51.05706
253,0.03137255,97.35824,50.724117
253,0.047058824,96.75823,50.474117
253,0.0627451,96.35824,50.29941
253,0.078431375,96.02529,50.161766
253,0.09411765,95.672356,50.024117
253,0.10980392,95.34294,49.88647
253,0.1254902,95.04647,49.76882
253,0.14117648,94.76353,49.64118
253,0.15686275,94.490585,49.52353
253,0.17254902,94.231766,49.415882
253,0.1882353,93.97647,49.30647
253,0.20392157,93.57235,49.131176
253,0.21960784,93.00471,48.87588
253,0.23529412,92.27706,48.56059
253,0.2509804,91.34882,48.16294
253,0.26666668,90.22,47.69
253,0.28235295,89.10117,47.20941
253,0.29803923,88.022354,46.738823
253,0.3137255,86.98353,46.278236
253,0.32941177,86.04588,45.868237
253,0.34509805,85.21235,45.505295
253,0.36078432,84.424706,45.162354
253,0.3764706,83.678825,44.839413
253,0.39215687,82.962944,44.52647
253,0.40784314,82.23706,44.18353
253,0.42352942,81.501175,43.85059
253,0.4392157,80.78529,43.517647
253,0.45490196,80.08941,43.20647
253,0.47058824,79.40353,42.911766
253,0.4862745,78.670586,42.60882
253,0.5019608,77.91706,42.300587
253,0.5176471,77.13353,41.99294
253,0.53333336,76.31,41.69
253,0.54901963,75.43647,41.37706
253,0.5647059,74.477646,41.05412
253,0.5803922,73.433525,40.721176
253,0.59607846,72.34412,40.388237
253,0.6117647,71.22588,40.07353
253,0.627451,70.071175,39.768234
253,0.6431373,68.85117,39.48294
253,0.65882355,67.55706,39.217648
253,0.6745098,66.20294,39.011177
253,0.6901961,64.80235,38.873528
253,0.7058824,63.336468,38.83
253,0.72156864,61.847057,38.891766
253,0.7372549,60.38706,39.088825
253,0.7529412,58.905293,39.448235
253,0.76862746,57.328823,39.98353
253,0.78431374,55.694706,40.67647
253,0.8,53.91,41.52
253,0.8156863,51.94,42.488823
253,0.83137256,49.814705,43.557648
253,0.84705883,47.697056,44.63647
253,0.8627451,45.51941,45.795883
253,0.8784314,43.25529,47.14706
253,0.89411765,40.92235,48.778236
253,0.9098039,38.58294,50.727062
253,0.9254902,36.216465,53.115887
253,0.9411765,33.88235,55.93059
253,0.95686275,31.637056,59.03471
253,0.972549,29.519999,62.315296
253,0.9882353,27.46,65.76294
254,0.0,21.35,67.03
254,0.015686275,21.993528,65.511765
254,0.03137255,22.637058,64.01471
254,0.047058824,23.208824,62.70059
254,0.0627451,23.689411,61.588825
254,0.078431375,24.121765,60.60353
254,0.09411765,24.530588,59.671764
254,0.10980392,24.892353,58.81706
254,0.1254902,25.244118,57.992355
254,0.14117648,25.591177,57.16765
254,0.15686275,25.927647,56.36294
254,0.17254902,26.25941,55.574707
254,0.1882353,26.581177,54.81059
254,0.20392157,26.88294,54.04647
254,0.21960784,27.184706,53.244118
254,0.23529412,27.46647,52.429413
254,0.2509804,27.768236,51.535294
254,0.26666668,28.099998,50.500004
254,0.28235295,28.431765,49.352943
254,0.29803923,28.722353,48.064705
254,0.3137255,28.933529,46.605297
254,0.32941177,29.04,45.01471
254,0.34509805,29.02706,43.408825
254,0.36078432,28.90294,41.81059
254,0.3764706,28.701765,40.178238
254,0.39215687,28.495295,38.489414
254,0.40784314,28.344706,36.74
254,0.42352942,28.325882,34.910004
254,0.4392157,28.529411,32.983532
254,0.45490196,28.965294,31.012941
254,0.47058824,29.643528,29.100002
254,0.4862745,30.574118,27.278236
254,0.5019608,31.747059,25.577648
254,0.5176471,33.17176,24.04765
254,0.53333336,34.809998,22.730001
254,0.54901963,36.660587,21.685295
254,0.5647059,38.68235,20.954119
254,0.5803922,40.835293,20.566471
254,0.59607846,43.06706,20.564705
254,0.6117647,45.30882,20.974705
254,0.627451,47.530586,21.748234
254,0.6431373,49.688236,22.791176
254,0.65882355,51.82941,24.02647
254,0.6745098,53.980587,25.353527
254,0.6901961,56.217648,26.674706
254,0.7058824,58.56235,27.941175
254,0.72156864,60.98529,29.117645
254,0.7372549,63.47588,30.19647
254,0.7529412,66.01941,31.204117
254,0.76862746,68.53411,32.18941
254,0.78431374,71.01706,33.155293
254,0.8,73.49,34.14
254,0.8156863,75.96294,35.11529
254,0.83137256,78.44706,36.110588
254,0.84705883,80.888824,37.095882
254,0.8627451,83.26941,38.071175
254,0.8784314,85.581764,39.04353
254,0.89411765,87.810585,39.981766
254,0.9098039,89.93823,40.87294
254,0.9254902,91.97,41.72294
254,0.9411765,93.909996,42.527058
254,0.95686275,95.74412,43.291176
254,0.972549,97.503525,44.015293
254,0.9882353,99.22588,44.70235
255,0.0,20.65,66.66
255,0.015686275,20.943726,66.00255
255,0.03137255,21.237452,65.3351
255,0.047058824,21.521177,64.687645
255,0.0627451,21.791178,64.08392
255,0.078431375,22.04647,63.527058
255,0.09411765,22.281765,63.00647
255,0.10980392,22.50706,62.505882
255,0.1254902,22.732353,62.015293
255,0.14117648,22.941765,61.534706
255,0.15686275,23.148628,61.074116
255,0.17254902,23.338236,60.636272
255,0.1882353,23.522354,60.235294
255,0.20392157,23.679216,59.88157
255,0.21960784,23.846079,59.527843
255,0.23529412,24.019413,59.151176
255,0.2509804,24.209805,58.73549
255,0.26666668,24.406668,58.32
255,0.28235295,24.615294,57.879414
255,0.29803923,24.840784,57.388626
255,0.3137255,25.11451,56.82098
255,0.32941177,25.438234,56.14647
255,0.34509805,25.797451,55.395096
255,0.36078432,26.149609,54.650784
255,0.3764706,26.469412,53.971176
255,0.39215687,26.762354,53.343723
255,0.40784314,27.027647,52.74549
255,0.42352942,27.292942,52.15647
255,0.4392157,27.538235,51.587452
255,0.45490196,27.74353,51.06843
255,0.47058824,27.935883,50.52941
255,0.4862745,28.132746,49.886276
255,0.5019608,28.329412,49.092155
255,0.5176471,28.506472,48.191174
255,0.53333336,28.663334,47.18667
255,0.54901963,28.775099,46.063526
255,0.5647059,28.84,44.8
255,0.5803922,28.85,43.424706
255,0.59607846,28.819607,41.962547
255,0.6117647,28.751177,40.462353
255,0.627451,28.652744,38.9049
255,0.6431373,28.528627,37.29059
255,0.65882355,28.385881,35.643528
255,0.6745098,28.232353,33.956467
255,0.6901961,28.057058,32.248432
255,0.7058824,27.841764,30.503529
255,0.72156864,27.58647,28.759605
255,0.7372549,27.258627,27.031961
255,0.7529412,26.851765,25.331175
255,0.76862746,26.344902,23.634117
255,0.78431374,25.705883,21.93706
255,0.8,24.939999,20.219997
255,0.8156863,24.020393,18.512943
255,0.83137256,22.947058,16.81902
255,0.84705883,21.699999,15.168823
255,0.8627451,20.289217,13.575491
255,0.8784314,18.714705,12.059018
255,0.89411765,16.986473,10.608825
255,0.9098039,15.094509,9.197647
255,0.9254902,13.056273,7.8158813
255,0.9411765,10.889413,6.450001
255,0.95686275,8.6449,5.072352
255,0.972549,6.347648,3.670589
255,0.9882353,3.9535298,2.1876473
256,0.0,99.35,51.46
256,0.015686275,98.492744,51.091373
256,0.03137255,97.63549,50.712746
256,0.047058824,96.72823,50.314117
256,0.0627451,95.742355,49.89549
256,0.078431375,94.78372,49.476864
256,0.09411765,93.90941,49.091175
256,0.10980392,93.11431,48.734707
256,0.1254902,92.329216,48.378235
256,0.14117648,91.52412,48.012352
256,0.15686275,90.72902,47.655293
256,0.17254902,89.943924,47.298824
256,0.1882353,89.174706,46.962353
256,0.20392157,88.411766,46.615883
256,0.21960784,87.64863,46.269413
256,0.23529412,86.89353,45.92294
256,0.2509804,86.13843,45.58647
256,0.26666668,85.39,45.25
256,0.28235295,84.64706,44.92353
256,0.29803923,83.90314,44.58706
256,0.3137255,83.14804,44.24059
256,0.32941177,82.38294,43.89412
256,0.34509805,81.63529,43.537647
256,0.36078432,80.90275,43.201176
256,0.3764706,80.07588,42.834705
256,0.39215687,79.08471,42.414314
256,0.40784314,77.97922,41.965687
256,0.42352942,76.77941,41.51706
256,0.4392157,75.45529,41.04843
256,0.45490196,74.09941,40.592354
256,0.47058824,72.808235,40.185883
256,0.4862745,71.56451,39.82941
256,0.5019608,70.28176,39.51196
256,0.5176471,68.924706,39.22647
256,0.53333336,67.49333,38.986668
256,0.54901963,65.933136,38.80451
256,0.5647059,64.295296,38.73
256,0.5803922,62.523335,38.799805
256,0.59607846,60.656666,39.087845
256,0.6117647,58.749996,39.624706
256,0.627451,56.783333,40.460197
256,0.6431373,54.84667,41.51588
256,0.65882355,52.92941,42.655884
256,0.6745098,50.88784,43.787453
256,0.6901961,48.65706,44.809216
256,0.7058824,46.120586,45.602352
256,0.72156864,43.30039,46.02843
256,0.7372549,40.36431,45.97451
256,0.7529412,37.585293,45.371765
256,0.76862746,34.899216,44.160393
256,0.78431374,32.49098,42.253136
256,0.8,30.619997,39.719997
256,0.8156863,29.290588,36.771763
256,0.83137256,28.468431,33.600586
256,0.84705883,27.954117,30.28588
256,0.8627451,27.428234,26.872543
256,0.8784314,26.552156,23.365686
256,0.89411765,25.228823,19.981764
256,0.9098039,23.388233,16.75235
256,0.9254902,21.033134,13.778624
256,0.9411765,18.225882,11.063529
256,0.95686275,14.94137,8.485489
256,0.972549,11.243328,5.9880357
256,0.9882353,7.3558784,3.526468
257,0.0,20.93,67.13
257,0.015686275,21.119999,66.74
257,0.03137255,21.3,66.37
257,0.047058824,21.5,65.95
257,0.0627451,21.74,65.450005
257,0.078431375,22.01,64.86
257,0.09411765,22.32,64.2
257,0.10980392,22.66,63.460003
257,0.1254902,23.039999,62.64
257,0.14117648,23.48,61.67
257,0.15686275,23.949999,60.660004
257,0.17254902,24.38,59.73
257,0.1882353,24.74,58.95
257,0.20392157,25.06,58.27
257,0.21960784,25.35,57.65
257,0.23529412,25.65,57.03
257,0.2509804,25.92,56.460003
257,0.26666668,26.16,55.940002
257,0.28235295,26.41,55.37
257,0.29803923,26.72,54.68
257,0.3137255,27.13,53.73
257,0.32941177,27.58,52.67
257,0.34509805,27.99,51.68
257,0.36078432,28.289999,50.88
257,0.3764706,28.51,50.25
257,0.39215687,28.67,49.73
257,0.40784314,28.78,49.32
257,0.42352942,28.84,49.05
257,0.4392157,28.869999,48.94
257,0.45490196,28.89,48.84
257,0.47058824,28.95,48.55
257,0.4862745,29.05,48.050003
257,0.5019608,29.14,47.370003
257,0.5176471,29.22,46.53
257,0.53333336,29.25,45.520004
257,0.54901963,29.22,44.280003
257,0.5647059,29.14,42.87
257,0.5803922,29.03,41.410004
257,0.59607846,28.9,39.95
257,0.6117647,28.76,38.46
257,0.627451,28.61,36.930004
257,0.6431373,28.460001,35.370003
257,0.65882355,28.3,33.75
257,0.6745098,28.140001,32.100002
257,0.6901961,27.960001,30.430002
257,0.7058824,27.75,28.78
257,0.72156864,27.490002,27.170004
257,0.7372549,27.17,25.600002
257,0.7529412,26.74,24.02
257,0.76862746,26.170002,22.420004
257,0.78431374,25.470001,20.820002
257,0.8,24.62,19.24
257,0.8156863,23.660002,17.670004
257,0.83137256,22.570002,16.140001
257,0.84705883,21.37,14.67
257,0.8627451,20.020004,13.250004
257,0.8784314,18.510002,11.840002
257,0.89411765,16.8,10.44
257,0.9098039,14.910005,9.040004
257,0.9254902,12.910003,7.6600018
257,0.9411765,10.85,6.3
257,0.95686275,8.730005,4.9400034
257,0.972549,6.540003,3.5700016
257,0.9882353,4.33,2.19
258,0.0,99.28,51.14
258,0.015686275,98.48941,50.781178
258,0.03137255,97.68882,50.432354
258,0.047058824,96.88941,50.08353
258,0.0627451,96.077644,49.734707
258,0.078431375,95.26706,49.39588
258,0.09411765,94.45647,49.04706
258,0.10980392,93.665886,48.698235
258,0.1254902,92.895294,48.359413
258,0.14117648,92.1247,48.030586
258,0.15686275,91.36412,47.711765
258,0.17254902,90.61588,47.395294
258,0.1882353,89.88294,47.089413
258,0.20392157,89.15059,46.78353
258,0.21960784,88.411766,46.47647
258,0.23529412,87.681175,46.16765
258,0.2509804,86.88059,45.828823
258,0.26666668,85.99,45.44
258,0.28235295,85.01353,45.018234
258,0.29803923,83.895294,44.54059
258,0.3137255,82.63412,44.005882
258,0.32941177,81.278824,43.441177
258,0.34509805,79.86882,42.861763
258,0.36078432,78.38294,42.26412
258,0.3764706,76.852356,41.67706
258,0.39215687,75.29059,41.112354
258,0.40784314,73.689415,40.574116
258,0.42352942,72.06824,40.072353
258,0.4392157,70.424706,39.62059
258,0.45490196,68.73059,39.23412
258,0.47058824,66.96823,38.92353
258,0.4862745,65.141174,38.748825
258,0.5019608,63.23,38.76412
258,0.5176471,61.280003,39.001175
258,0.53333336,59.31,39.48
258,0.54901963,57.307056,40.19059
258,0.5647059,55.244118,41.10294
258,0.5803922,53.23118,42.08059
258,0.59607846,51.188236,43.074116
258,0.6117647,49.06588,43.997646
258,0.627451,46.83706,44.745884
258,0.6431373,44.50765,45.231766
258,0.65882355,42.112354,45.4
258,0.6745098,39.714115,45.184116
258,0.6901961,37.441765,44.584118
258,0.7058824,35.245296,43.541767
258,0.72156864,33.255295,42.04059
258,0.7372549,31.574705,40.161766
258,0.7529412,30.207058,37.95529
258,0.76862746,29.147058,35.505295
258,0.78431374,28.357647,32.88059
258,0.8,27.75,30.12
258,0.8156863,27.175293,27.243528
258,0.83137256,26.478823,24.342941
258,0.84705883,25.481766,21.469414
258,0.8627451,24.147058,18.687647
258,0.8784314,22.529411,16.111176
258,0.89411765,20.642351,13.767057
258,0.9098039,18.517649,11.618825
258,0.9254902,16.132353,9.630001
258,0.9411765,13.581176,7.78647
258,0.95686275,10.884115,6.0394106
258,0.972549,8.028825,4.3123536
258,0.9882353,5.07706,2.580589
259,0.0,99.4,50.84
259,0.015686275,98.75353,50.578823
259,0.03137255,98.111176,50.307648
259,0.047058824,97.47176,50.03647
259,0.0627451,96.86235,49.785294
259,0.078431375,96.268234,49.53412
259,0.09411765,95.68353,49.292942
259,0.10980392,95.10412,49.041763
259,0.1254902,94.54471,48.800587
259,0.14117648,93.998825,48.55941
259,0.15686275,93.456474,48.318233
259,0.17254902,92.914116,48.06706
259,0.1882353,92.38706,47.825882
259,0.20392157,91.83941,47.574707
259,0.21960784,91.24824,47.303528
259,0.23529412,90.61294,47.012352
259,0.2509804,89.93647,46.711178
259,0.26666668,89.21,46.39
259,0.28235295,88.44647,46.051765
259,0.29803923,87.63294,45.70353
259,0.3137255,86.77706,45.325294
259,0.32941177,85.869415,44.938824
259,0.34509805,84.92176,44.533527
259,0.36078432,83.911766,44.108234
259,0.3764706,82.81764,43.65353
259,0.39215687,81.60941,43.171177
259,0.40784314,80.30353,42.658825
259,0.42352942,78.961174,42.146473
259,0.4392157,77.6553,41.671764
259,0.45490196,76.35941,41.22647
259,0.47058824,75.05353,40.801178
259,0.4862745,73.68882,40.37588
259,0.5019608,72.28588,39.97647
259,0.5176471,70.84,39.598236
259,0.53333336,69.36,39.27
259,0.54901963,67.86294,39.008823
259,0.5647059,66.32588,38.821766
259,0.5803922,64.76882,38.728825
259,0.59607846,63.181767,38.758236
259,0.6117647,61.589413,38.92059
259,0.627451,60.017647,39.21941
259,0.6431373,58.47,39.64647
259,0.65882355,56.95,40.178825
259,0.6745098,55.46,40.808235
259,0.6901961,53.96941,41.504707
259,0.7058824,52.45,42.238823
259,0.72156864,50.895294,42.99235
259,0.7372549,49.308235,43.76588
259,0.7529412,47.711178,44.568233
259,0.76862746,46.098236,45.39294
259,0.78431374,44.48706,46.272354
259,0.8,42.89,47.22
259,0.8156863,41.33294,48.234707
259,0.83137256,39.829998,49.35353
259,0.84705883,38.371174,50.56765
259,0.8627451,36.978233,51.891766
259,0.8784314,35.660587,53.33
259,0.89411765,34.41706,54.86235
259,0.9098039,33.228237,56.488823
259,0.9254902,32.095882,58.20941
259,0.9411765,30.974117,60.01412
259,0.95686275,29.882353,61.89294
259,0.972549,28.780588,63.845882
259,0.9882353,27.648823,65.90294
260,0.0,21.47,66.73
260,0.015686275,21.939411,65.70118
260,0.03137255,22.407059,64.68412
260,0.047058824,22.78294,63.86412
260,0.0627451,23.067059,63.272354
260,0.078431375,23.278824,62.822353
260,0.09411765,23.445293,62.479412
260,0.10980392,23.551176,62.247646
260,0.1254902,23.617058,62.10294
260,0.14117648,23.66,62.01706
260,0.15686275,23.68,61.99
260,0.17254902,23.69,61.985294
260,0.1882353,23.69,61.97
260,0.20392157,23.69,61.95
260,0.21960784,23.7,61.94
260,0.23529412,23.7,61.94
260,0.2509804,23.7,61.94
260,0.26666668,23.7,61.94
260,0.28235295,23.7,61.94
260,0.29803923,23.7,61.94
260,0.3137255,23.69,61.957645
260,0.32941177,23.68,61.98353
260,0.34509805,23.67,62.02
260,0.36078432,23.735294,61.86941
260,0.3764706,23.861176,61.565296
260,0.39215687,24.054117,61.104706
260,0.40784314,24.328823,60.50941
260,0.42352942,24.675293,59.739414
260,0.4392157,25.068823,58.86765
260,0.45490196,25.492353,57.91412
260,0.47058824,25.945883,56.845295
260,0.4862745,26.389412,55.788826
260,0.5019608,26.82294,54.787647
260,0.5176471,27.232353,53.82706
260,0.53333336,27.58,53.01
260,0.54901963,27.821764,52.41647
260,0.5647059,27.99353,51.96294
260,0.5803922,28.167646,51.519413
260,0.59607846,28.31353,51.139412
260,0.6117647,28.459412,50.73294
260,0.627451,28.680588,50.082943
260,0.6431373,28.94353,49.179413
260,0.65882355,29.194117,48.062355
260,0.6745098,29.375881,46.708824
260,0.6901961,29.488823,45.088825
260,0.7058824,29.54,43.320004
260,0.72156864,29.519411,41.54059
260,0.7372549,29.45353,39.72353
260,0.7529412,29.357647,37.720592
260,0.76862746,29.261765,35.40059
260,0.78431374,29.101765,32.86706
260,0.8,28.84,30.25
260,0.8156863,28.400589,27.658827
260,0.83137256,27.745882,25.109411
260,0.84705883,26.84353,22.624123
260,0.8627451,25.624119,20.075294
260,0.8784314,24.079414,17.563534
260,0.89411765,22.219412,15.143531
260,0.9098039,20.014122,12.885298
260,0.9254902,17.51353,10.745884
260,0.9411765,14.767651,8.681179
260,0.95686275,11.76412,6.593531
260,0.972549,8.603533,4.53059
260,0.9882353,5.5941205,2.6500018
261,0.0,99.14,51.08
261,0.015686275,98.55647,50.83549
261,0.03137255,97.97294,50.59098
261,0.047058824,97.34765,50.312943
261,0.0627451,96.65686,49.98294
261,0.078431375,95.91981,49.621178
261,0.09411765,95.121765,49.23588
261,0.10980392,94.27294,48.826862
261,0.1254902,93.367645,48.397842
261,0.14117648,92.40706,47.93353
261,0.15686275,91.40451,47.447254
261,0.17254902,90.35216,46.921177
261,0.1882353,89.24529,46.367645
261,0.20392157,88.06824,45.794117
261,0.21960784,86.83961,45.20902
261,0.23529412,85.53529,44.588234
261,0.2509804,84.12274,43.95353
261,0.26666668,82.596664,43.286667
261,0.28235295,81.01,42.626472
261,0.29803923,79.39667,42.01294
261,0.3137255,77.763336,41.449413
261,0.32941177,76.077644,40.908237
261,0.34509805,74.31706,40.392353
261,0.36078432,72.48961,39.92255
261,0.3764706,70.56353,39.49353
261,0.39215687,68.479805,39.13451
261,0.40784314,66.20294,38.862747
261,0.42352942,63.848824,38.775883
261,0.4392157,61.567844,38.949413
261,0.45490196,59.401764,39.412354
261,0.47058824,57.329414,40.101177
261,0.4862745,55.26706,40.94412
261,0.5019608,53.28686,41.819412
261,0.5176471,51.341766,42.704704
261,0.53333336,49.40667,43.553333
261,0.54901963,47.43765,44.33137
261,0.5647059,45.43647,44.98588
261,0.5803922,43.402943,45.443726
261,0.59607846,41.34059,45.645687
261,0.6117647,39.28824,45.584118
261,0.627451,37.296078,45.23902
261,0.6431373,35.473335,44.62039
261,0.65882355,33.84,43.738235
261,0.6745098,32.342552,42.53059
261,0.6901961,31.039412,40.993332
261,0.7058824,30.001764,39.22706
261,0.72156864,29.217648,37.291767
261,0.7372549,28.665098,35.228436
261,0.7529412,28.285294,33.058823
261,0.76862746,28.003529,30.843727
261,0.78431374,27.741766,28.656866
261,0.8,27.42,26.530005
261,0.8156863,26.983727,24.420393
261,0.83137256,26.368431,22.300785
261,0.84705883,25.522354,20.171179
261,0.8627451,24.412748,18.091572
261,0.8784314,23.015882,16.078238
261,0.89411765,21.302942,14.159412
261,0.9098039,19.302748,12.3151
261,0.9254902,17.029024,10.497258
261,0.9411765,14.477061,8.644119
261,0.95686275,11.716079,6.75902
261,0.972549,8.885689,4.883727
261,0.9882353,6.04824,3.0058856
262,0.0,18.42,2.32
262,0.015686275,19.15804,2.8288238
262,0.03137255,19.846079,3.3076477
262,0.047058824,20.316471,3.6276472
262,0.0627451,20.705294,3.896863
262,0.078431375,21.232157,4.284118
262,0.09411765,21.878235,4.752941
262,0.10980392,22.63353,5.30902
262,0.1254902,23.51804,5.954314
262,0.14117648,24.485294,6.7088237
262,0.15686275,25.558628,7.60255
262,0.17254902,26.731178,8.609804
262,0.1882353,28.012941,9.742353
262,0.20392157,29.32412,10.964119
262,0.21960784,30.6451,12.220589
262,0.23529412,32.115295,13.48706
262,0.2509804,33.852158,14.719805
262,0.26666668,35.806667,15.876667
262,0.28235295,37.94706,16.97353
262,0.29803923,40.19079,18.007845
262,0.3137255,42.352352,18.955097
262,0.32941177,44.43647,19.912354
262,0.34509805,46.42922,20.950981
262,0.36078432,48.272743,22.118824
262,0.3764706,49.90647,23.425295
262,0.39215687,51.281765,24.85216
262,0.40784314,52.408627,26.427647
262,0.42352942,53.217648,28.062943
262,0.4392157,53.69804,29.738237
262,0.45490196,53.928627,31.560783
262,0.47058824,53.921764,33.495296
262,0.4862745,53.62647,35.479805
262,0.5019608,53.012745,37.501766
262,0.5176471,52.090588,39.421764
262,0.53333336,50.893333,41.15
262,0.54901963,49.48098,42.642746
262,0.5647059,47.91941,43.88706
262,0.5803922,46.234116,44.86294
262,0.59607846,44.443726,45.540394
262,0.6117647,42.598824,45.91941
262,0.627451,40.74392,45.955685
262,0.6431373,38.92902,45.664314
262,0.65882355,37.094116,45.058823
262,0.6745098,35.282352,44.134903
262,0.6901961,33.54706,42.819805
262,0.7058824,31.944117,41.07941
262,0.72156864,30.644314,39.10059
262,0.7372549,29.710588,36.9649
262,0.7529412,29.08647,34.741173
262,0.76862746,28.68843,32.517452
262,0.78431374,28.379215,30.323725
262,0.8,28.02,28.229998
262,0.8156863,27.56157,26.185883
262,0.83137256,26.953922,24.12098
262,0.84705883,26.197058,22.116468
262,0.8627451,25.13255,19.98353
262,0.8784314,23.761568,17.841372
262,0.89411765,22.050587,15.657646
262,0.9098039,19.983923,13.433923
262,0.9254902,17.62647,11.240195
262,0.9411765,14.990587,9.102941
262,0.95686275,12.1223545,7.0188246
262,0.972549,9.044901,4.944705
262,0.9882353,5.8735294,2.860588
263,0.0,99.15,51.18
263,0.015686275,97.13824,50.2351
263,0.03137255,95.05647,49.268234
263,0.047058824,92.82883,48.23941
263,0.0627451,90.42118,47.14255
263,0.078431375,87.661766,45.910786
263,0.09411765,84.61412,44.582943
263,0.10980392,81.57647,43.3051
263,0.1254902,78.47883,42.0751
263,0.14117648,75.37118,40.958237
263,0.15686275,72.23353,39.990982
263,0.17254902,69.31745,39.287647
263,0.1882353,66.645294,38.84647
263,0.20392157,64.4298,38.62
263,0.21960784,63.017647,38.56
263,0.23529412,62.23118,38.58
263,0.2509804,61.784313,38.6
263,0.26666668,61.65333,38.59
263,0.28235295,61.572353,38.59765
263,0.29803923,61.53,38.6
263,0.3137255,61.5,38.61
263,0.32941177,61.43941,38.62
263,0.34509805,61.338432,38.62
263,0.36078432,61.267452,38.63
263,0.3764706,61.02941,38.65
263,0.39215687,60.357452,38.71
263,0.40784314,59.256077,38.85549
263,0.42352942,57.588825,39.16941
263,0.4392157,55.42569,39.777256
263,0.45490196,53.04353,40.78902
263,0.47058824,50.508823,42.195293
263,0.4862745,47.93412,43.522743
263,0.5019608,45.256668,44.55549
263,0.5176471,42.512352,45.174706
263,0.53333336,39.9,45.266666
263,0.54901963,37.39961,44.808434
263,0.5647059,35.01588,43.792942
263,0.5803922,32.864708,42.287254
263,0.59607846,31.144707,40.442944
263,0.6117647,29.860588,38.361176
263,0.627451,28.973137,36.21941
263,0.6431373,28.429607,34.107647
263,0.65882355,28.107647,31.964706
263,0.6745098,27.887842,29.744118
263,0.6901961,27.683725,27.642353
263,0.7058824,27.401764,25.774706
263,0.72156864,27.074902,24.224314
263,0.7372549,26.813921,23.255686
263,0.7529412,26.65294,22.765882
263,0.76862746,26.63,22.71
263,0.78431374,26.65,22.74
263,0.8,26.65,22.75
263,0.8156863,26.68,22.79
263,0.83137256,26.65804,22.636078
263,0.84705883,26.487059,22.158236
263,0.8627451,26.064314,21.084707
263,0.8784314,25.250587,19.261175
263,0.89411765,23.977058,16.997646
263,0.9098039,22.100786,14.50706
263,0.9254902,19.536667,11.920196
263,0.9411765,16.502352,9.545293
263,0.95686275,13.064119,7.2825503
263,0.972549,9.554314,5.099804
263,0.9882353,6.0529394,2.8970578
264,0.0,16.78,1.78
264,0.015686275,17.253138,2.1245098
264,0.03137255,17.83804,2.5062747
264,0.047058824,18.612942,2.9852943
264,0.0627451,19.42059,3.497059
264,0.078431375,20.218235,4.038824
264,0.09411765,21.015882,4.6123533
264,0.10980392,21.823923,5.2127457
264,0.1254902,22.651176,5.8231378
264,0.14117648,23.536472,6.4811773
264,0.15686275,24.432747,7.153922
264,0.17254902,25.284119,7.8243146
264,0.1882353,26.081766,8.498237
264,0.20392157,26.933727,9.24157
264,0.21960784,27.898628,10.087845
264,0.23529412,28.932943,10.994119
264,0.2509804,30.044512,11.938433
264,0.26666668,31.226667,12.8966675
264,0.28235295,32.41412,13.7576475
264,0.29803923,33.634903,14.555294
264,0.3137255,34.948235,15.330392
264,0.32941177,36.31882,16.07941
264,0.34509805,37.766666,16.778627
264,0.36078432,39.29333,17.45745
264,0.3764706,40.85706,18.11647
264,0.39215687,42.376667,18.759804
264,0.40784314,43.86902,19.448824
264,0.42352942,45.327057,20.21647
264,0.4392157,46.7351,21.065687
264,0.45490196,48.062744,22.012157
264,0.47058824,49.234707,23.025883
264,0.4862745,50.261963,24.116863
264,0.5019608,51.180786,25.3051
264,0.5176471,51.977646,26.501177
264,0.53333336,52.59,27.643333
264,0.54901963,53.099804,28.807451
264,0.5647059,53.522354,30.028236
264,0.5803922,53.837646,31.298237
264,0.59607846,54.01784,32.607647
264,0.6117647,54.05,33.94706
264,0.627451,53.904705,35.29647
264,0.6431373,53.591373,36.64588
264,0.65882355,53.12588,37.965294
264,0.6745098,52.512157,39.243725
264,0.6901961,51.75392,40.425293
264,0.7058824,50.879414,41.480587
264,0.72156864,49.90765,42.43549
264,0.7372549,48.884117,43.294903
264,0.7529412,47.83059,44.111176
264,0.76862746,46.714314,44.96745
264,0.78431374,45.55216,45.8551
264,0.8,44.3,46.76
264,0.8156863,42.921963,47.6749
264,0.83137256,41.486668,48.629803
264,0.84705883,40.010002,49.66647
264,0.8627451,38.513332,50.833138
264,0.8784314,37.009804,52.14706
264,0.89411765,35.541763,53.611763
264,0.9098039,34.113724,55.267452
264,0.9254902,32.715687,57.09941
264,0.9411765,31.365295,59.075882
264,0.95686275,30.025883,61.180588
264,0.972549,28.721375,63.347645
264,0.9882353,27.47059,65.534706
265,0.0,21.21,67.17
265,0.015686275,21.353136,66.84529
265,0.03137255,21.496275,66.547455
265,0.047058824,21.659412,66.18176
265,0.0627451,21.895098,65.68608
265,0.078431375,22.209215,65.02941
265,0.09411765,22.557646,64.28588
265,0.10980392,22.923922,63.541176
265,0.1254902,23.270195,62.81706
265,0.14117648,23.62647,62.078823
265,0.15686275,23.972744,61.35451
265,0.17254902,24.281765,60.69196
265,0.1882353,24.55647,60.10706
265,0.20392157,24.801176,59.577255
265,0.21960784,25.023922,59.100197
265,0.23529412,25.207058,58.69588
265,0.2509804,25.340197,58.394707
265,0.26666668,25.456667,58.14
265,0.28235295,25.58647,57.847057
265,0.29803923,25.769608,57.45098
265,0.3137255,25.982744,56.991764
265,0.32941177,26.208824,56.48941
265,0.34509805,26.45353,55.948433
265,0.36078432,26.724314,55.357452
265,0.3764706,27.010588,54.718822
265,0.39215687,27.297647,54.056274
265,0.40784314,27.583138,53.382942
265,0.42352942,27.859411,52.691177
265,0.4392157,28.131765,51.974705
265,0.45490196,28.396471,51.2151
265,0.47058824,28.651176,50.409412
265,0.4862745,28.877254,49.563725
265,0.5019608,29.07059,48.657646
265,0.5176471,29.23353,47.655296
265,0.53333336,29.343334,46.533333
265,0.54901963,29.404902,45.321568
265,0.5647059,29.42,44.01647
265,0.5803922,29.39196,42.605297
265,0.59607846,29.330393,41.06745
265,0.6117647,29.228823,39.43529
265,0.627451,29.107256,37.7651
265,0.6431373,28.961372,36.119415
265,0.65882355,28.798235,34.46647
265,0.6745098,28.607647,32.80098
265,0.6901961,28.372942,31.11059
265,0.7058824,28.107647,29.417648
265,0.72156864,27.781372,27.692549
265,0.7372549,27.391373,25.94804
265,0.7529412,26.902943,24.198826
265,0.76862746,26.305098,22.482744
265,0.78431374,25.604116,20.861372
265,0.8,24.78,19.290003
265,0.8156863,23.80804,17.710197
265,0.83137256,22.666079,16.15039
265,0.84705883,21.394707,14.645294
265,0.8627451,19.97706,13.18706
265,0.8784314,18.423138,11.776667
265,0.89411765,16.722939,10.419411
265,0.9098039,14.907453,9.084315
265,0.9254902,12.978825,7.7466674
265,0.9411765,10.93294,6.359999
265,0.95686275,8.756471,4.9076467
265,0.972549,6.50412,3.436668
265,0.9882353,4.2517643,2.0099998
266,0.0,99.79,51.63
266,0.015686275,97.36236,50.5151
266,0.03137255,94.95039,49.415882
266,0.047058824,92.52706,48.305294
266,0.0627451,89.84804,47.01902
266,0.078431375,87.043335,45.666275
266,0.09411765,84.23,44.34353
266,0.10980392,81.44667,43.125687
266,0.1254902,78.72608,42.04353
266,0.14117648,75.98059,41.097057
266,0.15686275,73.44196,40.336273
266,0.17254902,71.28098,39.767452
266,0.1882353,69.865295,39.475883
266,0.20392157,69.0002,39.36
266,0.21960784,68.27059,39.26
266,0.23529412,67.83471,39.192352
266,0.2509804,67.66451,39.18
266,0.26666668,67.64,39.18
266,0.28235295,67.608826,39.19
266,0.29803923,67.35294,39.17098
266,0.3137255,66.71568,39.093136
266,0.32941177,65.62706,38.955296
266,0.34509805,64.29706,38.86
266,0.36078432,62.70608,38.88039
266,0.3764706,60.792942,39.09647
266,0.39215687,58.584904,39.624313
266,0.40784314,56.201176,40.517452
266,0.42352942,53.917057,41.662354
266,0.4392157,51.645493,42.927254
266,0.45490196,49.178234,44.182156
266,0.47058824,46.610588,45.14647
266,0.4862745,43.992943,45.726273
266,0.5019608,41.334312,45.91
266,0.5176471,38.737648,45.554707
266,0.53333336,36.646667,44.68
266,0.54901963,34.610394,43.359413
266,0.5647059,32.83647,41.73412
266,0.5803922,31.408627,39.94784
266,0.59607846,30.329803,37.96353
266,0.6117647,29.632353,35.873528
266,0.627451,29.148823,33.707844
266,0.6431373,28.776863,31.704313
266,0.65882355,28.501177,30.174706
266,0.6745098,28.312746,29.093725
266,0.6901961,28.21,28.539804
266,0.7058824,28.18,28.42
266,0.72156864,28.18,28.44
266,0.7372549,28.18,28.44
266,0.7529412,28.18,28.43
266,0.76862746,28.18,28.39
266,0.78431374,28.13,28.15353
266,0.8,27.97,27.38
266,0.8156863,27.67647,26.08941
266,0.83137256,27.182941,24.331764
266,0.84705883,26.398823,22.190586
266,0.8627451,25.24902,19.779411
266,0.8784314,23.797058,17.39098
266,0.89411765,22.109411,15.178234
266,0.9098039,20.211176,13.051176
266,0.9254902,17.96882,10.944312
266,0.9411765,15.23,8.832941
266,0.95686275,12.091371,6.7788224
266,0.972549,8.684507,4.7247043
266,0.9882353,5.3617635,2.7605875
267,0.0,17.13,1.86
267,0.015686275,18.006863,2.4196072
267,0.03137255,18.873724,2.9841163
267,0.047058824,19.740587,3.5588224
267,0.0627451,20.59745,4.1284313
267,0.078431375,21.434313,4.7152934
267,0.09411765,22.24647,5.3023515
267,0.10980392,23.055882,5.8972535
267,0.1254902,23.855686,6.4964705
267,0.14117648,24.644705,7.0935287
267,0.15686275,25.409607,7.6760774
267,0.17254902,26.161568,8.267646
267,0.1882353,26.922941,8.884118
267,0.20392157,27.722353,9.558627
267,0.21960784,28.576077,10.32745
267,0.23529412,29.482939,11.15294
267,0.2509804,30.41902,12.009804
267,0.26666668,31.41,12.886666
267,0.28235295,32.411762,13.71941
267,0.29803923,33.476665,14.54039
267,0.3137255,34.613335,15.348235
267,0.32941177,35.78647,16.121176
267,0.34509805,37.010586,16.853136
267,0.36078432,38.266075,17.533724
267,0.3764706,39.547646,18.169413
267,0.39215687,40.839214,18.77647
267,0.40784314,42.150784,19.383528
267,0.42352942,43.453526,19.990587
267,0.4392157,44.76255,20.607647
267,0.45490196,46.05549,21.260784
267,0.47058824,47.357056,21.935293
267,0.4862745,48.669605,22.650784
267,0.5019608,49.998627,23.412745
267,0.5176471,51.337646,24.200588
267,0.53333336,52.696667,25.013332
267,0.54901963,54.07647,25.83941
267,0.5647059,55.48294,26.668823
267,0.5803922,56.91941,27.488235
267,0.59607846,58.38902,28.28451
267,0.6117647,59.903526,29.056469
267,0.627451,61.472942,29.788431
267,0.6431373,63.097256,30.484901
267,0.65882355,64.77647,31.139412
267,0.6745098,66.4898,31.783527
267,0.6901961,68.20608,32.40059
267,0.7058824,69.90235,33.017647
267,0.72156864,71.60137,33.634705
267,0.7372549,73.3049,34.261765
267,0.7529412,75.00883,34.898823
267,0.76862746,76.72255,35.545883
267,0.78431374,78.456276,36.20549
267,0.8,80.2,36.879997
267,0.8156863,81.92628,37.56451
267,0.83137256,83.64255,38.25392
267,0.84705883,85.318825,38.95353
267,0.8627451,86.98529,39.667843
267,0.8784314,88.63412,40.37255
267,0.89411765,90.22823,41.06706
267,0.9098039,91.757454,41.71941
267,0.9254902,93.22137,42.33647
267,0.9411765,94.63824,42.93353
267,0.95686275,96.0102,43.49608
267,0.972549,97.33726,44.045685
267,0.9882353,98.56941,44.545883
268,0.0,21.04,67.06
268,0.015686275,21.272942,66.54235
268,0.03137255,21.505882,66.0147
268,0.047058824,21.734118,65.497055
268,0.0627451,21.948824,65.03941
268,0.078431375,22.132353,64.65411
268,0.09411765,22.288824,64.33294
268,0.10980392,22.425295,64.05941
268,0.1254902,22.551765,63.77647
268,0.14117648,22.688236,63.45941
268,0.15686275,22.824705,63.118237
268,0.17254902,22.951176,62.77647
268,0.1882353,23.087646,62.40706
268,0.20392157,23.251177,62.017647
268,0.21960784,23.425882,61.608234
268,0.23529412,23.630589,61.168823
268,0.2509804,23.845295,60.707645
268,0.26666668,24.08,60.23
268,0.28235295,24.314707,59.712353
268,0.29803923,24.565884,59.178234
268,0.3137255,24.818825,58.622353
268,0.32941177,25.091764,58.013527
268,0.34509805,25.405882,57.327057
268,0.36078432,25.76706,56.54706
268,0.3764706,26.155884,55.690586
268,0.39215687,26.565294,54.777645
268,0.40784314,26.984707,53.822353
268,0.42352942,27.384119,52.8347
268,0.4392157,27.78353,51.800587
268,0.45490196,28.154118,50.7
268,0.47058824,28.495295,49.53294
268,0.4862745,28.791178,48.279408
268,0.5019608,29.024118,46.93941
268,0.5176471,29.205294,45.52294
268,0.53333336,29.34,44.049995
268,0.54901963,29.408236,42.52882
268,0.5647059,29.43,40.951176
268,0.5803922,29.405294,39.32235
268,0.59607846,29.337059,37.649406
268,0.6117647,29.227648,35.950584
268,0.627451,29.071764,34.225292
268,0.6431373,28.887058,32.461174
268,0.65882355,28.64647,30.687056
268,0.6745098,28.349411,28.91294
268,0.6901961,27.985882,27.181175
268,0.7058824,27.565882,25.485878
268,0.72156864,27.049412,23.818233
268,0.7372549,26.449411,22.170588
268,0.7529412,25.767057,20.588232
268,0.76862746,25.007645,19.085878
268,0.78431374,24.157057,17.654705
268,0.8,23.23,16.3
268,0.8156863,22.208233,14.983526
268,0.83137256,21.079998,13.713527
268,0.84705883,19.875294,12.499999
268,0.8627451,18.594116,11.339999
268,0.8784314,17.24529,10.221173
268,0.89411765,15.812939,9.128822
268,0.9098039,14.304117,8.0476465
268,0.9254902,12.734703,6.9758806
268,0.9411765,11.111173,5.914115
268,0.95686275,9.433528,4.8447046
268,0.972549,7.715294,3.7705882
268,0.9882353,5.92176,2.649997
269,0.0,99.26,51.66
269,0.015686275,96.80588,50.556076
269,0.03137255,94.35432,49.442158
269,0.047058824,91.897644,48.328236
269,0.0627451,89.46863,47.22431
269,0.078431375,87.08078,46.141766
269,0.09411765,84.76294,45.084118
269,0.10980392,82.499016,44.06647
269,0.1254902,80.38764,43.18902
269,0.14117648,78.5153,42.46412
269,0.15686275,77.05804,41.931763
269,0.17254902,75.915886,41.52294
269,0.1882353,75.11882,41.249413
269,0.20392157,74.606865,41.06843
269,0.21960784,74.384315,40.992157
269,0.23529412,74.051765,40.91
269,0.2509804,73.57843,40.789608
269,0.26666668,72.83667,40.556667
269,0.28235295,71.90235,40.254116
269,0.29803923,70.87549,39.93157
269,0.3137255,69.5151,39.53353
269,0.32941177,67.62882,39.024704
269,0.34509805,65.77157,38.653923
269,0.36078432,64.02118,38.47
269,0.3764706,62.70647,38.39
269,0.39215687,61.835686,38.36
269,0.40784314,61.127453,38.37
269,0.42352942,60.373528,38.42
269,0.4392157,59.11451,38.58137
269,0.45490196,57.37451,38.94588
269,0.47058824,55.06647,39.68941
269,0.4862745,52.457844,40.90059
269,0.5019608,49.56588,42.537846
269,0.5176471,46.642944,44.09647
269,0.53333336,43.606667,45.20667
269,0.54901963,40.47745,45.470394
269,0.5647059,37.428234,44.844707
269,0.5803922,34.58549,43.41843
269,0.59607846,32.278824,41.40039
269,0.6117647,30.597647,38.969414
269,0.627451,29.636078,36.850197
269,0.6431373,29.20549,35.389217
269,0.65882355,29.06,34.54941
269,0.6745098,29.04,34.320194
269,0.6901961,29.05,34.346077
269,0.7058824,29.05,34.36
269,0.72156864,29.058628,34.37
269,0.7372549,29.03,34.210197
269,0.7529412,28.898823,33.654118
269,0.76862746,28.71255,32.570393
269,0.78431374,28.48255,30.925295
269,0.8,28.19,28.960001
269,0.8156863,27.78745,26.702158
269,0.83137256,27.229805,24.106668
269,0.84705883,26.397058,21.3
269,0.8627451,25.169216,18.623531
269,0.8784314,23.534903,16.120785
269,0.89411765,21.59059,13.87059
269,0.9098039,19.345098,11.856863
269,0.9254902,16.846865,10.048041
269,0.9411765,14.06353,8.248824
269,0.95686275,11.070591,6.3898053
269,0.972549,8.057649,4.5807853
269,0.9882353,5.0800014,2.7717657
270,0.0,17.46,2.01
270,0.015686275,18.286472,2.570982
270,0.03137255,19.120197,3.1319613
270,0.047058824,19.959414,3.702942
270,0.0627451,20.805883,4.2839227
270,0.078431375,21.63549,4.864902
270,0.09411765,22.458826,5.474119
270,0.10980392,23.275688,6.1164713
270,0.1254902,24.080784,6.7688236
270,0.14117648,24.895884,7.411178
270,0.15686275,25.714706,8.0872555
270,0.17254902,26.551178,8.826079
270,0.1882353,27.387648,9.601178
270,0.20392157,28.261961,10.434117
270,0.21960784,29.209023,11.32059
270,0.23529412,30.168236,12.19706
270,0.2509804,31.211372,13.07549
270,0.26666668,32.38667,14.023335
270,0.28235295,33.684116,14.981176
270,0.29803923,35.10765,15.882942
270,0.3137255,36.643925,16.731962
270,0.32941177,38.25294,17.537058
270,0.34509805,39.93471,18.382355
270,0.36078432,41.659218,19.238825
270,0.3764706,43.390587,20.095295
270,0.39215687,45.09922,20.961765
270,0.40784314,46.760784,21.853922
270,0.42352942,48.405296,22.751766
270,0.4392157,50.043922,23.659609
270,0.45490196,51.665684,24.57745
270,0.47058824,53.285885,25.495296
270,0.4862745,54.866077,26.390589
270,0.5019608,56.426273,27.233137
270,0.5176471,58.041767,28.043531
270,0.53333336,59.683334,28.796667
270,0.54901963,61.276867,29.502354
270,0.5647059,62.896473,30.194706
270,0.5803922,64.52804,30.857058
270,0.59607846,66.191765,31.509413
270,0.6117647,67.861176,32.158234
270,0.627451,69.47275,32.78412
270,0.6431373,71.10432,33.446472
270,0.65882355,72.73588,34.13647
270,0.6745098,74.33843,34.8402
270,0.6901961,75.918625,35.543922
270,0.7058824,77.498825,36.21588
270,0.72156864,79.07216,36.858234
270,0.7372549,80.649216,37.51059
270,0.7529412,82.19941,38.168823
270,0.76862746,83.72235,38.825294
270,0.78431374,85.19118,39.447647
270,0.8,86.6,40.05
270,0.8156863,87.9147,40.64098
270,0.83137256,89.19941,41.21196
270,0.84705883,90.47,41.77294
270,0.8627451,91.653336,42.31843
270,0.8784314,92.83667,42.83804
270,0.89411765,93.98353,43.29941
270,0.9098039,95.04411,43.767254
270,0.9254902,96.08471,44.255882
270,0.9411765,97.12294,44.674118
270,0.95686275,98.12843,45.068626
270,0.972549,99.07628,45.46059
270,0.9882353,99.91118,45.852352
271,0.0,20.64,66.74
271,0.015686275,20.988235,65.91647
271,0.03137255,21.32647,65.10294
271,0.047058824,21.654705,64.26942
271,0.0627451,22.002941,63.445885
271,0.078431375,22.361176,62.642353
271,0.09411765,22.751764,61.826473
271,0.10980392,23.167059,60.965885
271,0.1254902,23.592352,60.068825
271,0.14117648,24.037647,59.121178
271,0.15686275,24.52353,58.10294
271,0.17254902,25.05353,57.01059
271,0.1882353,25.64294,55.80412
271,0.20392157,26.222351,54.585297
271,0.21960784,26.73294,53.435295
271,0.23529412,27.189411,52.349415
271,0.2509804,27.571764,51.44059
271,0.26666668,27.89,50.68
271,0.28235295,28.094118,50.067646
271,0.29803923,28.214117,49.61353
271,0.3137255,28.291176,49.34765
271,0.32941177,28.33,49.241764
271,0.34509805,28.38,49.11941
271,0.36078432,28.4,48.975296
271,0.3764706,28.42941,48.742355
271,0.39215687,28.49647,48.32118
271,0.40784314,28.583529,47.701767
271,0.42352942,28.650589,46.812943
271,0.4392157,28.68,45.66294
271,0.45490196,28.635294,44.38471
271,0.47058824,28.51647,42.96
271,0.4862745,28.362352,41.48
271,0.5019608,28.208235,40.075882
271,0.5176471,28.057058,38.70294
271,0.53333336,27.91,37.31
271,0.54901963,27.762941,35.94412
271,0.5647059,27.621765,34.61412
271,0.5803922,27.487648,33.323532
271,0.59607846,27.351765,32.104706
271,0.6117647,27.214706,30.961178
271,0.627451,27.085295,29.839413
271,0.6431373,26.960588,28.747059
271,0.65882355,26.843529,27.655884
271,0.6745098,26.736471,26.567648
271,0.6901961,26.588823,25.442356
271,0.7058824,26.36706,24.242943
271,0.72156864,26.061176,23.02412
271,0.7372549,25.691177,21.783531
271,0.7529412,25.198236,20.400002
271,0.76862746,24.582941,19.011766
271,0.78431374,23.83353,17.642942
271,0.8,22.98,16.28
271,0.8156863,22.012354,14.897059
271,0.83137256,20.97059,13.558237
271,0.84705883,19.844707,12.273532
271,0.8627451,18.578238,11.034708
271,0.8784314,17.130003,9.871179
271,0.89411765,15.577649,8.771767
271,0.9098039,13.98059,7.71706
271,0.9254902,12.32706,6.6623535
271,0.9411765,10.652942,5.6176476
271,0.95686275,8.958823,4.582941
271,0.972549,7.2647066,3.528236
271,0.9882353,5.5805902,2.4835308
272,0.0,17.8,2.29
272,0.015686275,18.769018,2.9647045
272,0.03137255,19.738039,3.6594117
272,0.047058824,20.688822,4.354116
272,0.0627451,21.58745,5.0288234
272,0.078431375,22.43431,5.6935277
272,0.09411765,23.251177,6.3482347
272,0.10980392,24.045488,7.000391
272,0.1254902,24.826273,7.639019
272,0.14117648,25.597057,8.247646
272,0.15686275,26.337843,8.8454895
272,0.17254902,27.088627,9.451764
272,0.1882353,27.869411,10.09647
272,0.20392157,28.649216,10.781177
272,0.21960784,29.446077,11.485882
272,0.23529412,30.314117,12.2217655
272,0.2509804,31.291567,13.002548
272,0.26666668,32.39,13.816667
272,0.28235295,33.590588,14.634116
272,0.29803923,34.873333,15.434902
272,0.3137255,36.208233,16.195684
272,0.32941177,37.615295,16.92647
272,0.34509805,39.084507,17.643528
272,0.36078432,40.58608,18.368038
272,0.3764706,42.09765,19.114706
272,0.39215687,43.609215,19.899607
272,0.40784314,45.102745,20.698431
272,0.42352942,46.61235,21.529411
272,0.4392157,48.22412,22.422354
272,0.45490196,49.88431,23.355293
272,0.47058824,51.571766,24.300589
272,0.4862745,53.228626,25.232744
272,0.5019608,54.765686,26.08961
272,0.5176471,56.251762,26.915882
272,0.53333336,57.736668,27.706667
272,0.54901963,59.267647,28.487452
272,0.5647059,60.91294,29.258236
272,0.5803922,62.612747,30.014118
272,0.59607846,64.35255,30.748823
272,0.6117647,66.11236,31.470589
272,0.627451,67.85216,32.188236
272,0.6431373,69.631966,32.922157
272,0.65882355,71.40706,33.66294
272,0.6745098,73.15157,34.392353
272,0.6901961,74.85137,35.10706
272,0.7058824,76.50765,35.811764
272,0.72156864,78.13177,36.49647
272,0.7372549,79.70941,37.16549
272,0.7529412,81.24353,37.815884
272,0.76862746,82.72902,38.45059
272,0.78431374,84.17451,39.061375
272,0.8,85.57,39.66
272,0.8156863,86.92333,40.23863
272,0.83137256,88.21667,40.8051
272,0.84705883,89.46177,41.34765
272,0.8627451,90.64471,41.87588
272,0.8784314,91.75549,42.372353
272,0.89411765,92.80059,42.838825
272,0.9098039,93.80314,43.295296
272,0.9254902,94.802155,43.751766
272,0.9411765,95.791176,44.218235
272,0.95686275,96.770195,44.67549
272,0.972549,97.75922,45.14118
272,0.9882353,98.77118,45.61765
273,0.0,99.18,50.9
273,0.015686275,97.69353,50.2149
273,0.03137255,96.35216,49.592354
273,0.047058824,95.20824,49.06353
273,0.0627451,94.119415,48.574707
273,0.078431375,93.09177,48.105885
273,0.09411765,92.14176,47.674706
273,0.10980392,91.384315,47.366077
273,0.1254902,90.76941,47.11961
273,0.14117648,90.310585,46.85706
273,0.15686275,89.82176,46.60451
273,0.17254902,89.24392,46.38196
273,0.1882353,88.53353,46.07941
273,0.20392157,87.65059,45.675293
273,0.21960784,86.5551,45.216473
273,0.23529412,85.34118,44.717648
273,0.2509804,84.02686,44.158825
273,0.26666668,82.78333,43.64
273,0.28235295,81.55941,43.14118
273,0.29803923,80.31549,42.67235
273,0.3137255,79.09157,42.21353
273,0.32941177,77.907646,41.76647
273,0.34509805,76.75372,41.34392
273,0.36078432,75.589806,40.941372
273,0.3764706,74.42588,40.558823
273,0.39215687,73.34882,40.236275
273,0.40784314,72.33118,39.953724
273,0.42352942,71.40294,39.701176
273,0.4392157,70.33019,39.408627
273,0.45490196,69.04235,39.07608
273,0.47058824,67.41941,38.72353
273,0.4862745,65.485886,38.43549
273,0.5019608,63.54059,38.34
273,0.5176471,61.615295,38.417057
273,0.53333336,59.783333,38.666668
273,0.54901963,58.014313,39.118824
273,0.5647059,56.36706,39.713528
273,0.5803922,54.942745,40.318626
273,0.59607846,53.53412,41.012157
273,0.6117647,52.047646,41.84353
273,0.627451,50.551178,42.7149
273,0.6431373,49.037453,43.55902
273,0.65882355,47.484707,44.334118
273,0.6745098,45.752155,45.019215
273,0.6901961,43.757057,45.538235
273,0.7058824,41.464706,45.76
273,0.72156864,38.94196,45.504116
273,0.7372549,36.441372,44.680588
273,0.7529412,34.114704,43.248234
273,0.76862746,32.07059,41.313137
273,0.78431374,30.272745,39.03412
273,0.8,28.91,36.370003
273,0.8156863,28.111176,33.350784
273,0.83137256,27.737452,30.294119
273,0.84705883,27.502354,27.31
273,0.8627451,27.124706,24.593529
273,0.8784314,26.483137,22.059412
273,0.89411765,25.53647,19.680588
273,0.9098039,24.39255,17.660786
273,0.9254902,23.078234,15.948038
273,0.9411765,21.585295,14.3252945
273,0.95686275,20.022549,12.815293
273,0.972549,18.408825,11.388824
273,0.9882353,16.882353,10.117646
274,0.0,18.37,2.19
274,0.015686275,19.298235,2.7964702
274,0.03137255,20.220589,3.4129415
274,0.047058824,21.135881,4.0305877
274,0.0627451,22.041178,4.6758833
274,0.078431375,22.91647,5.3223524
274,0.09411765,23.764118,5.988824
274,0.10980392,24.60647,6.665882
274,0.1254902,25.438824,7.3752937
274,0.14117648,26.271177,8.104706
274,0.15686275,27.10294,8.844117
274,0.17254902,27.935883,9.605884
274,0.1882353,28.79353,10.398234
274,0.20392157,29.68706,11.220589
274,0.21960784,30.605293,12.062941
274,0.23529412,31.573528,12.899411
274,0.2509804,32.62294,13.744706
274,0.26666668,33.78,14.579999
274,0.28235295,35.030003,15.392354
274,0.29803923,36.351765,16.194706
274,0.3137255,37.738827,16.978235
274,0.32941177,39.155293,17.74941
274,0.34509805,40.638824,18.541765
274,0.36078432,42.17059,19.351765
274,0.3764706,43.75353,20.177057
274,0.39215687,45.43118,21.052353
274,0.40784314,47.16529,21.964117
274,0.42352942,48.895885,22.882355
274,0.4392157,50.634117,23.800589
274,0.45490196,52.321766,24.70353
274,0.47058824,53.971176,25.578823
274,0.4862745,55.62588,26.44294
274,0.5019608,57.274708,27.275295
274,0.5176471,58.982353,28.087646
274,0.53333336,60.72,28.86
274,0.54901963,62.460587,29.599411
274,0.5647059,64.221176,30.318823
274,0.5803922,65.96176,31.029411
274,0.59607846,67.702354,31.757647
274,0.6117647,69.462944,32.49706
274,0.627451,71.213524,33.25647
274,0.6431373,72.97412,34.025883
274,0.65882355,74.72823,34.808823
274,0.6745098,76.4853,35.594707
274,0.6901961,78.21588,36.37412
274,0.7058824,79.871765,37.123528
274,0.72156864,81.44647,37.84294
274,0.7372549,82.97294,38.532352
274,0.7529412,84.422356,39.19059
274,0.76862746,85.78412,39.81706
274,0.78431374,87.05,40.40647
274,0.8,88.21,40.96
274,0.8156863,89.28412,41.480587
274,0.83137256,90.30235,41.971176
274,0.84705883,91.274704,42.42294
274,0.8627451,92.17118,42.83059
274,0.8784314,93.01647,43.22353
274,0.89411765,93.85177,43.608234
274,0.9098039,94.69706,44.02294
274,0.9254902,95.53236,44.43765
274,0.9411765,96.367645,44.838825
274,0.95686275,97.22294,45.22706
274,0.972549,98.088234,45.571766
274,0.9882353,98.998825,45.987057
275,0.0,46.84,3.51
275,0.015686275,47.427254,4.365882
275,0.03137255,47.96451,5.207452
275,0.047058824,48.455296,6.0311756
275,0.0627451,48.863136,6.8062754
275,0.078431375,49.142353,7.4670587
275,0.09411765,49.325882,8.063529
275,0.10980392,49.450195,8.635687
275,0.1254902,49.537254,9.160784
275,0.14117648,49.609413,9.635883
275,0.15686275,49.67157,10.059412
275,0.17254902,49.743725,10.502353
275,0.1882353,49.825882,10.971177
275,0.20392157,49.89,11.418235
275,0.21960784,49.93,11.851177
275,0.23529412,49.962353,12.28647
275,0.2509804,50.03451,12.717059
275,0.26666668,50.116665,13.13
275,0.28235295,50.18,13.534118
275,0.29803923,50.22,13.914903
275,0.3137255,50.25,14.232549
275,0.32941177,50.28,14.511177
275,0.34509805,50.32,14.762353
275,0.36078432,50.359608,14.949216
275,0.3764706,50.391766,15.115294
275,0.39215687,50.43,15.311765
275,0.40784314,50.46608,15.538236
275,0.42352942,50.518234,15.849412
275,0.4392157,50.590786,16.302744
275,0.45490196,50.705097,16.862942
275,0.47058824,50.87412,17.561764
275,0.4862745,51.08059,18.392353
275,0.5019608,51.33608,19.336275
275,0.5176471,51.614704,20.387648
275,0.53333336,51.926666,21.590002
275,0.54901963,52.27745,22.914314
275,0.5647059,52.658237,24.255297
275,0.5803922,53.04902,25.64608
275,0.59607846,53.37588,27.027254
275,0.6117647,53.602352,28.422356
275,0.627451,53.746273,29.92804
275,0.6431373,53.79,31.533924
275,0.65882355,53.678234,33.14353
275,0.6745098,53.376274,34.74039
275,0.6901961,52.915684,36.292942
275,0.7058824,52.32647,37.771175
275,0.72156864,51.588627,39.1851
275,0.7372549,50.680782,40.54471
275,0.7529412,49.617058,41.83647
275,0.76862746,48.45333,43.005295
275,0.78431374,47.19098,44.10549
275,0.8,45.789997,45.260002
275,0.8156863,44.314705,46.44451
275,0.83137256,42.785095,47.623333
275,0.84705883,41.161175,48.84
275,0.8627451,39.51157,50.133923
275,0.8784314,37.90274,51.536476
275,0.89411765,36.348232,53.08765
275,0.9098039,34.807842,54.792355
275,0.9254902,33.26039,56.67314
275,0.9411765,31.751764,58.69353
275,0.95686275,30.320192,60.797066
275,0.972549,28.91549,63.03922
275,0.9882353,27.528233,65.39412
276,0.0,99.52,50.94
276,0.015686275,98.77588,50.622353
276,0.03137255,98.04176,50.29706
276,0.047058824,97.34765,49.99706
276,0.0627451,96.69353,49.70941
276,0.078431375,96.02941,49.421764
276,0.09411765,95.365295,49.12412
276,0.10980392,94.66941,48.80647
276,0.1254902,93.927055,48.468822
276,0.14117648,93.13353,48.121765
276,0.15686275,92.26235,47.77353
276,0.17254902,91.367645,47.408825
276,0.1882353,90.4447,47.012352
276,0.20392157,89.50176,46.60588
276,0.21960784,88.545296,46.199413
276,0.23529412,87.56353,45.80294
276,0.2509804,86.551765,45.41647
276,0.26666668,85.53,45.01
276,0.28235295,84.518234,44.59353
276,0.29803923,83.50647,44.17706
276,0.3137255,82.4847,43.79059
276,0.32941177,81.44294,43.414116
276,0.34509805,80.45118,43.031765
276,0.36078432,79.49941,42.651176
276,0.3764706,78.55941,42.284706
276,0.39215687,77.64647,41.948822
276,0.40784314,76.734116,41.631176
276,0.42352942,75.852356,41.32353
276,0.4392157,74.93059,41.005882
276,0.45490196,73.92294,40.658234
276,0.47058824,72.797646,40.295883
276,0.4862745,71.494705,39.929413
276,0.5019608,70.054115,39.555294
276,0.5176471,68.537056,39.197647
276,0.53333336,66.96,38.88
276,0.54901963,65.43294,38.661175
276,0.5647059,63.963528,38.56
276,0.5803922,62.505295,38.57
276,0.59607846,61.077057,38.685295
276,0.6117647,59.668823,38.918236
276,0.627451,58.31353,39.278824
276,0.6431373,56.984116,39.75706
276,0.65882355,55.674118,40.35294
276,0.6745098,54.275883,41.08647
276,0.6901961,52.76941,41.91941
276,0.7058824,51.145294,42.802353
276,0.72156864,49.32765,43.695293
276,0.7372549,47.32941,44.52353
276,0.7529412,45.28706,45.174118
276,0.76862746,43.184704,45.617058
276,0.78431374,41.14353,45.77
276,0.8,39.2,45.64
276,0.8156863,37.404118,45.27353
276,0.83137256,35.815884,44.729412
276,0.84705883,34.431763,44.011177
276,0.8627451,33.157646,43.09765
276,0.8784314,32.027058,42.00706
276,0.89411765,31.029411,40.730587
276,0.9098039,30.189413,39.312355
276,0.9254902,29.51706,37.812943
276,0.9411765,28.972353,36.23647
276,0.95686275,28.535294,34.621178
276,0.972549,28.158823,32.99235
276,0.9882353,27.858234,31.461176
277,0.0,21.65,65.91
277,0.015686275,22.845686,63.24706
277,0.03137255,23.975098,60.730392
277,0.047058824,24.912941,58.564705
277,0.0627451,25.723923,56.619606
277,0.078431375,26.429216,54.810196
277,0.09411765,27.02706,53.217056
277,0.10980392,27.472942,51.941174
277,0.1254902,27.785099,51.032154
277,0.14117648,27.994118,50.389412
277,0.15686275,28.115686,50.018627
277,0.17254902,28.19,49.77549
277,0.1882353,28.23,49.64118
277,0.20392157,28.26,49.55
277,0.21960784,28.29,49.47804
277,0.23529412,28.34,49.36294
277,0.2509804,28.41,49.094707
277,0.26666668,28.503334,48.68667
277,0.28235295,28.68647,47.865883
277,0.29803923,28.989412,46.482353
277,0.3137255,29.242744,45.044903
277,0.32941177,29.412941,43.677647
277,0.34509805,29.51451,42.53392
277,0.36078432,29.58,41.70353
277,0.3764706,29.62,41.07941
277,0.39215687,29.63,40.69157
277,0.40784314,29.62,40.519215
277,0.42352942,29.62,40.367645
277,0.4392157,29.623922,40.178234
277,0.45490196,29.64,39.617058
277,0.47058824,29.64,38.77353
277,0.4862745,29.65,37.673725
277,0.5019608,29.66,36.22745
277,0.5176471,29.66,34.62706
277,0.53333336,29.65,33.013332
277,0.54901963,29.744902,31.326471
277,0.5647059,30.075882,29.522942
277,0.5803922,30.708235,27.659412
277,0.59607846,31.716469,25.815884
277,0.6117647,33.105293,24.10353
277,0.627451,34.761177,22.649805
277,0.6431373,36.683334,21.495491
277,0.65882355,38.881763,20.730589
277,0.6745098,41.33647,20.422548
277,0.6901961,43.830395,20.577059
277,0.7058824,46.14059,21.11353
277,0.72156864,48.383137,22.041569
277,0.7372549,50.710785,23.364706
277,0.7529412,52.985294,24.848824
277,0.76862746,55.049805,26.148626
277,0.78431374,57.083332,27.275883
277,0.8,59.379997,28.41
277,0.8156863,61.87294,29.524117
277,0.83137256,64.46588,30.618235
277,0.84705883,67.13353,31.702353
277,0.8627451,69.914314,32.822742
277,0.8784314,72.838234,33.98843
277,0.89411765,75.90529,35.214115
277,0.9098039,79.13647,36.510784
277,0.9254902,82.501366,37.88059
277,0.9411765,85.973526,39.319412
277,0.95686275,89.58059,40.838234
277,0.972549,93.2749,42.404312
277,0.9882353,97.07235,43.994705
278,0.0,21.76,66.15
278,0.015686275,22.46353,64.4551
278,0.03137255,23.149216,62.80804
278,0.047058824,23.728823,61.422356
278,0.0627451,24.207058,60.298824
278,0.078431375,24.618822,59.352745
278,0.09411765,24.960588,58.572353
278,0.10980392,25.254902,57.902744
278,0.1254902,25.532745,57.231766
278,0.14117648,25.780588,56.61353
278,0.15686275,25.969215,56.142353
278,0.17254902,26.113136,55.813725
278,0.1882353,26.18,55.66
278,0.20392157,26.18,55.65
278,0.21960784,26.18,55.65
278,0.23529412,26.228823,55.522354
278,0.2509804,26.47549,54.91353
278,0.26666668,26.8,54.083332
278,0.28235295,27.202353,53.064705
278,0.29803923,27.653528,51.943924
278,0.3137255,28.035294,50.96255
278,0.32941177,28.394705,50.045883
278,0.34509805,28.656275,49.3549
278,0.36078432,28.8,48.959606
278,0.3764706,28.86,48.755882
278,0.39215687,28.86,48.73
278,0.40784314,28.85,48.75
278,0.42352942,28.85,48.76
278,0.4392157,28.84,48.78
278,0.45490196,28.826275,48.81
278,0.47058824,28.82,48.81
278,0.4862745,28.82,48.81843
278,0.5019608,28.82,48.8
278,0.5176471,28.83941,48.710587
278,0.53333336,28.913334,48.333332
278,0.54901963,29.087255,47.471962
278,0.5647059,29.241177,46.205883
278,0.5803922,29.254902,44.64863
278,0.59607846,29.13098,42.814705
278,0.6117647,28.957058,40.89588
278,0.627451,28.793137,38.943333
278,0.6431373,28.71,36.855885
278,0.65882355,28.774706,34.57059
278,0.6745098,29.055882,32.156082
278,0.6901961,29.645294,29.739021
278,0.7058824,30.618235,27.35706
278,0.72156864,31.9851,25.173332
278,0.7372549,33.724705,23.323921
278,0.7529412,35.77,21.867647
278,0.76862746,37.958824,20.87706
278,0.78431374,40.25549,20.321766
278,0.8,42.659996,20.18
278,0.8156863,45.104507,20.435686
278,0.83137256,47.546864,21.124903
278,0.84705883,49.93353,22.227648
278,0.8627451,52.278038,23.628235
278,0.8784314,54.682156,25.23451
278,0.89411765,57.257645,26.939411
278,0.9098039,60.078823,28.674313
278,0.9254902,63.277058,30.379215
278,0.9411765,66.85412,32.058823
278,0.95686275,70.7049,33.72902
278,0.972549,74.86667,35.46392
278,0.9882353,79.18,37.248825
279,0.0,98.98,51.17
279,0.015686275,98.37961,50.901764
279,0.03137255,97.787056,50.643528
279,0.047058824,97.178825,50.375294
279,0.0627451,96.57412,50.111374
279,0.078431375,95.937645,49.839214
279,0.09411765,95.2347,49.54059
279,0.10980392,94.4847,49.2149
279,0.1254902,93.738235,48.892746
279,0.14117648,92.97176,48.55588
279,0.15686275,92.20529,48.217648
279,0.17254902,91.46883,47.889412
279,0.1882353,90.76235,47.564117
279,0.20392157,89.996864,47.21392
279,0.21960784,89.12921,46.824707
279,0.23529412,88.22059,46.415295
279,0.2509804,87.33196,46.01098
279,0.26666668,86.43667,45.61
279,0.28235295,85.57412,45.231766
279,0.29803923,84.751564,44.873528
279,0.3137255,83.96059,44.535294
279,0.32941177,83.14882,44.187057
279,0.34509805,82.31392,43.825096
279,0.36078432,81.45137,43.460587
279,0.3764706,80.55294,43.07647
279,0.39215687,79.634315,42.684116
279,0.40784314,78.685684,42.295883
279,0.42352942,77.74294,41.91353
279,0.4392157,76.74824,41.519215
279,0.45490196,75.58098,41.064903
279,0.47058824,74.264114,40.570587
279,0.4862745,72.92725,40.106274
279,0.5019608,71.60588,39.71647
279,0.5176471,70.27353,39.368237
279,0.53333336,68.95,39.066666
279,0.54901963,67.659805,38.82451
279,0.5647059,66.441765,38.64118
279,0.5803922,65.32588,38.545097
279,0.59607846,64.302155,38.509018
279,0.6117647,63.37059,38.51706
279,0.627451,62.58804,38.563137
279,0.6431373,61.796272,38.669216
279,0.65882355,60.79235,38.840588
279,0.6745098,59.6549,39.114117
279,0.6901961,58.350586,39.537254
279,0.7058824,56.88059,40.151176
279,0.72156864,55.295097,40.917255
279,0.7372549,53.644707,41.78549
279,0.7529412,51.893528,42.745884
279,0.76862746,50.092354,43.682747
279,0.78431374,48.25725,44.51353
279,0.8,46.359997,45.2
279,0.8156863,44.426666,45.678234
279,0.83137256,42.463333,45.932156
279,0.84705883,40.548237,45.97
279,0.8627451,38.795296,45.801373
279,0.8784314,37.1749,45.448433
279,0.89411765,35.692352,44.927647
279,0.9098039,34.40451,44.284706
279,0.9254902,33.232353,43.519608
279,0.9411765,32.137646,42.622353
279,0.95686275,31.143726,41.64294
279,0.972549,30.288824,40.561375
279,0.9882353,29.575294,39.410587
280,0.0,21.61,66.3
280,0.015686275,22.058039,65.26941
280,0.03137255,22.497059,64.27785
280,0.047058824,22.837059,63.508823
280,0.0627451,23.058039,62.987843
280,0.078431375,23.24255,62.579803
280,0.09411765,23.407059,62.198822
280,0.10980392,23.553137,61.866863
280,0.1254902,23.706078,61.541763
280,0.14117648,23.870588,61.208237
280,0.15686275,24.015099,60.904705
280,0.17254902,24.099607,60.69039
280,0.1882353,24.134117,60.545883
280,0.20392157,24.168627,60.411373
280,0.21960784,24.203136,60.32
280,0.23529412,24.25,60.232353
280,0.2509804,24.362156,59.99353
280,0.26666668,24.533333,59.603333
280,0.28235295,24.762352,59.062943
280,0.29803923,25.087059,58.28451
280,0.3137255,25.500784,57.288235
280,0.32941177,25.898823,56.342354
280,0.34509805,26.257647,55.45549
280,0.36078432,26.577452,54.677647
280,0.3764706,26.748236,54.245293
280,0.39215687,26.81,54.09
280,0.40784314,26.82,54.05
280,0.42352942,26.81,54.02
280,0.4392157,26.81,54.02
280,0.45490196,26.8,54.01
280,0.47058824,26.81,54.02
280,0.4862745,26.81,54.03
280,0.5019608,26.81,54.03
280,0.5176471,26.81,54.03
280,0.53333336,26.81,54.02667
280,0.54901963,26.897842,53.808628
280,0.5647059,27.084705,53.318237
280,0.5803922,27.276863,52.765686
280,0.59607846,27.492744,52.131763
280,0.6117647,27.711765,51.474705
280,0.627451,27.910784,50.908432
280,0.6431373,28.109804,50.39549
280,0.65882355,28.328823,49.79353
280,0.6745098,28.557842,49.09255
280,0.6901961,28.776863,48.26255
280,0.7058824,29.005882,47.20059
280,0.72156864,29.194902,45.91059
280,0.7372549,29.32196,44.44255
280,0.7529412,29.38,42.78294
280,0.76862746,29.35902,40.943333
280,0.78431374,29.27451,39.036667
280,0.8,29.130001,37.06
280,0.8156863,28.94098,35.034313
280,0.83137256,28.72196,32.93765
280,0.84705883,28.452942,30.81294
280,0.8627451,28.125883,28.765293
280,0.8784314,27.709805,26.849216
280,0.89411765,27.194706,25.02706
280,0.9098039,26.600588,23.29647
280,0.9254902,25.933529,21.674902
280,0.9411765,25.205881,20.142351
280,0.95686275,24.424314,18.688824
280,0.972549,23.583138,17.314707
280,0.9882353,22.632942,15.960588
281,0.0,21.33,66.78
281,0.015686275,21.565882,66.252945
281,0.03137255,21.801765,65.72588
281,0.047058824,22.037647,65.19882
281,0.0627451,22.27353,64.661766
281,0.078431375,22.509413,64.10824
281,0.09411765,22.755295,63.53588
281,0.10980392,22.991177,62.99059
281,0.1254902,23.204706,62.518234
281,0.14117648,23.385294,62.131763
281,0.15686275,23.545883,61.798237
281,0.17254902,23.67647,61.525295
281,0.1882353,23.79353,61.27941
281,0.20392157,23.888824,61.092354
281,0.21960784,23.944118,60.951763
281,0.23529412,23.999413,60.841175
281,0.2509804,24.034706,60.750587
281,0.26666668,24.08,60.66
281,0.28235295,24.11,60.594707
281,0.29803923,24.13,60.54941
281,0.3137255,24.14,60.53
281,0.32941177,24.15,60.53
281,0.34509805,24.15,60.52
281,0.36078432,24.15,60.52
281,0.3764706,24.16,60.52
281,0.39215687,24.16,60.51
281,0.40784314,24.16,60.5
281,0.42352942,24.16,60.49
281,0.4392157,24.16,60.48
281,0.45490196,24.16,60.48
281,0.47058824,24.16,60.48
281,0.4862745,24.16,60.48
281,0.5019608,24.16,60.48
281,0.5176471,24.16,60.48
281,0.53333336,24.16,60.48
281,0.54901963,24.16,60.48
281,0.5647059,24.16,60.48
281,0.5803922,24.16,60.48588
281,0.59607846,24.16,60.5
281,0.6117647,24.18,60.45353
281,0.627451,24.231764,60.34647
281,0.6431373,24.324118,60.151764
281,0.65882355,24.454706,59.858234
281,0.6745098,24.632942,59.46412
281,0.6901961,24.838823,58.979412
281,0.7058824,25.102942,58.384117
281,0.72156864,25.404118,57.678234
281,0.7372549,25.725294,56.931763
281,0.7529412,26.03647,56.208824
281,0.76862746,26.347647,55.46588
281,0.78431374,26.673529,54.71294
281,0.8,26.99,53.96
281,0.8156863,27.275883,53.252354
281,0.83137256,27.541765,52.584705
281,0.84705883,27.777647,51.94294
281,0.8627451,28.003529,51.320587
281,0.8784314,28.219412,50.708237
281,0.89411765,28.423529,50.12588
281,0.9098039,28.604118,49.553528
281,0.9254902,28.774706,48.991177
281,0.9411765,28.935295,48.408825
281,0.95686275,29.075882,47.80647
281,0.972549,29.20647,47.204117
281,0.9882353,29.333529,46.601765
282,0.0,99.3,50.37
282,0.015686275,98.814316,50.139606
282,0.03137255,98.318436,49.909412
282,0.047058824,97.80765,49.704117
282,0.0627451,97.26686,49.47843
282,0.078431375,96.73608,49.22804
282,0.09411765,96.225296,48.988235
282,0.10980392,95.72451,48.77294
282,0.1254902,95.22451,48.567646
282,0.14117648,94.72294,48.34647
282,0.15686275,94.202156,48.116077
282,0.17254902,93.68137,47.881763
282,0.1882353,93.15059,47.645294
282,0.20392157,92.58353,47.3949
282,0.21960784,91.98765,47.12451
282,0.23529412,91.35529,46.837646
282,0.2509804,90.68275,46.542156
282,0.26666668,89.96667,46.226665
282,0.28235295,89.22059,45.901176
282,0.29803923,88.46764,45.565685
282,0.3137255,87.73647,45.240196
282,0.32941177,86.95824,44.907646
282,0.34509805,86.14196,44.569218
282,0.36078432,85.32568,44.243725
282,0.3764706,84.52177,43.908234
282,0.39215687,83.71059,43.582745
282,0.40784314,82.896866,43.259804
282,0.42352942,82.088234,42.95941
282,0.4392157,81.28706,42.66902
282,0.45490196,80.485886,42.380783
282,0.47058824,79.6947,42.105293
282,0.4862745,78.93157,41.837845
282,0.5019608,78.17549,41.57745
282,0.5176471,77.42118,41.32706
282,0.53333336,76.69334,41.086666
282,0.54901963,75.97726,40.856274
282,0.5647059,75.251175,40.639412
282,0.5803922,74.50647,40.424118
282,0.59607846,73.68157,40.185097
282,0.6117647,72.786476,39.924706
282,0.627451,71.895096,39.674313
282,0.6431373,70.99373,39.45294
282,0.65882355,70.058235,39.23353
282,0.6745098,69.10177,39.022354
282,0.6901961,68.115295,38.82706
282,0.7058824,67.09941,38.651176
282,0.72156864,66.047844,38.51098
282,0.7372549,64.96627,38.42039
282,0.7529412,63.85,38.38
282,0.76862746,62.72353,38.409805
282,0.78431374,61.59667,38.489803
282,0.8,60.510002,38.63
282,0.8156863,59.448433,38.825294
282,0.83137256,58.37686,39.09098
282,0.84705883,57.315292,39.431767
282,0.8627451,56.253727,39.83235
282,0.8784314,55.15667,40.25843
282,0.89411765,54.029415,40.714706
282,0.9098039,52.877647,41.21549
282,0.9254902,51.71588,41.75706
282,0.9411765,50.508236,42.358826
282,0.95686275,49.26039,43.010784
282,0.972549,47.984512,43.706863
282,0.9882353,46.685295,44.454117
283,0.0,20.94,67.14
283,0.015686275,20.995686,67.002945
283,0.03137255,21.071373,66.84589
283,0.047058824,21.137058,66.68883
283,0.0627451,21.192745,66.55451
283,0.078431375,21.238432,66.46157
283,0.09411765,21.26,66.40588
283,0.10980392,21.27,66.38
283,0.1254902,21.28,66.37
283,0.14117648,21.28,66.37
283,0.15686275,21.28,66.38
283,0.17254902,21.28,66.38
283,0.1882353,21.28,66.38
283,0.20392157,21.28,66.38
283,0.21960784,21.28,66.38
283,0.23529412,21.28,66.38
283,0.2509804,21.28,66.39
283,0.26666668,21.28,66.38333
283,0.28235295,21.28,66.38
283,0.29803923,21.28,66.38
283,0.3137255,21.28,66.37
283,0.32941177,21.28,66.37
283,0.34509805,21.28,66.36
283,0.36078432,21.279217,66.36
283,0.3764706,21.27,66.36
283,0.39215687,21.27,66.36
283,0.40784314,21.26,66.36
283,0.42352942,21.26,66.36
283,0.4392157,21.26,66.36
283,0.45490196,21.27,66.36
283,0.47058824,21.27,66.36
283,0.4862745,21.28,66.36
283,0.5019608,21.28,66.36
283,0.5176471,21.28,66.36
283,0.53333336,21.28,66.36
283,0.54901963,21.28,66.36
283,0.5647059,21.28,66.37
283,0.5803922,21.27,66.38
283,0.59607846,21.27,66.38392
283,0.6117647,21.281765,66.348236
283,0.627451,21.307451,66.29255
283,0.6431373,21.353138,66.193726
283,0.65882355,21.408823,66.05353
283,0.6745098,21.49451,65.87196
283,0.6901961,21.600391,65.61902
283,0.7058824,21.731764,65.32471
283,0.72156864,21.883137,64.97902
283,0.7372549,22.041765,64.59196
283,0.7529412,22.221766,64.18647
283,0.76862746,22.41451,63.74098
283,0.78431374,22.627254,63.251175
283,0.8,22.859999,62.72
283,0.8156863,23.09843,62.173138
283,0.83137256,23.33549,61.636276
283,0.84705883,23.568235,61.11647
283,0.8627451,23.790981,60.615295
283,0.8784314,24.003725,60.12412
283,0.89411765,24.22647,59.64294
283,0.9098039,24.439215,59.161766
283,0.9254902,24.65196,58.69059
283,0.9411765,24.86353,58.230587
283,0.95686275,25.060589,57.7851
283,0.972549,25.257647,57.339607
283,0.9882353,25.452942,56.904118
