TaskID,Input1,Output1_1,Output1_2
0,0.0,0.1843,0.033857144
0,0.007874016,0.1905531,0.03956439
0,0.015748031,0.19684172,0.04521773
0,0.023622047,0.20309092,0.050970335
0,0.031496063,0.20924604,0.056740854
0,0.03937008,0.21547332,0.062692516
0,0.047244094,0.22161898,0.06882761
0,0.05511811,0.2275489,0.07519873
0,0.062992126,0.23318869,0.08152994
0,0.070866145,0.23888218,0.08803678
0,0.07874016,0.24463786,0.09478612
0,0.08661418,0.24998489,0.101264134
0,0.09448819,0.25536877,0.107939
0,0.10236221,0.26107436,0.11502982
0,0.11023622,0.26680794,0.1224399
0,0.11811024,0.27257705,0.12984629
0,0.12598425,0.27801064,0.1369518
0,0.13385826,0.2833728,0.14392588
0,0.14173229,0.28877673,0.1511517
0,0.1496063,0.29415974,0.15851393
0,0.15748031,0.29960912,0.16601302
0,0.16535433,0.3046169,0.17302415
0,0.17322835,0.30956486,0.1797677
0,0.18110237,0.31491005,0.18672866
0,0.18897638,0.32056826,0.19388889
0,0.19685039,0.32625797,0.20080379
0,0.20472442,0.33209133,0.20741868
0,0.21259843,0.33795622,0.21388389
0,0.22047244,0.3438218,0.22011597
0,0.22834645,0.34985587,0.22616999
0,0.23622048,0.35601497,0.23213404
0,0.24409449,0.36226198,0.23791407
0,0.2519685,0.36857364,0.24360844
0,0.25984251,0.37492496,0.24910472
0,0.26771653,0.38126418,0.25427687
0,0.27559054,0.38766518,0.2594687
0,0.28346458,0.3941848,0.26457706
0,0.2913386,0.40080345,0.2696099
0,0.2992126,0.40742275,0.2746591
0,0.30708662,0.4141091,0.27955234
0,0.31496063,0.42078826,0.2844202
0,0.32283464,0.42743397,0.28919375
0,0.33070865,0.43411583,0.29386845
0,0.33858266,0.44064867,0.2986062
0,0.3464567,0.44723472,0.3032082
0,0.35433072,0.45376748,0.30780166
0,0.36220473,0.4603128,0.31236628
0,0.37007874,0.46677628,0.3168832
0,0.37795275,0.47330272,0.32152307
0,0.38582677,0.4799194,0.32629037
0,0.39370078,0.48651308,0.33100933
0,0.4015748,0.49317688,0.33591205
0,0.40944883,0.49975672,0.34073764
0,0.41732284,0.50639427,0.34563875
0,0.42519686,0.51301014,0.35053393
0,0.43307087,0.5195756,0.35554558
0,0.44094488,0.5260684,0.3603597
0,0.4488189,0.5325979,0.3652691
0,0.4566929,0.53908956,0.37016323
0,0.46456692,0.5456499,0.37510705
0,0.47244096,0.552269,0.3800493
0,0.48031497,0.5588594,0.38497102
0,0.48818898,0.56553394,0.3898814
0,0.496063,0.5722062,0.3946473
0,0.503937,0.57892257,0.3994235
0,0.511811,0.58570397,0.40407428
0,0.51968503,0.59235066,0.40860403
0,0.52755904,0.5990483,0.41291332
0,0.53543305,0.60579896,0.4171137
0,0.54330707,0.6125784,0.42120504
0,0.5511811,0.6194021,0.42518923
0,0.5590551,0.6263129,0.42906454
0,0.56692916,0.6332188,0.43285203
0,0.5748032,0.64016074,0.4365732
0,0.5826772,0.6471869,0.44033143
0,0.5905512,0.6541298,0.44384274
0,0.5984252,0.6610468,0.44739306
0,0.6062992,0.6679383,0.45096463
0,0.61417323,0.67489785,0.45446503
0,0.62204725,0.68181324,0.45787814
0,0.62992126,0.6887152,0.4613656
0,0.63779527,0.6956178,0.46486562
0,0.6456693,0.70263994,0.46830472
0,0.6535433,0.70957875,0.47175574
0,0.6614173,0.7166198,0.47532845
0,0.6692913,0.72355783,0.47878945
0,0.6771653,0.7304833,0.48223016
0,0.68503934,0.7373862,0.4857225
0,0.6929134,0.74428654,0.4892195
0,0.7007874,0.75120264,0.4927606
0,0.70866144,0.7581643,0.49625188
0,0.71653545,0.76516515,0.49970347
0,0.72440946,0.7721036,0.503265
0,0.7322835,0.77907765,0.5067927
0,0.7401575,0.78608817,0.51042986
0,0.7480315,0.7930383,0.51403517
0,0.7559055,0.79992974,0.5177171
0,0.7637795,0.80679935,0.52144253
0,0.77165353,0.81373775,0.5253644
0,0.77952754,0.8205227,0.5293558
0,0.78740156,0.82735395,0.53342754
0,0.79527557,0.8341324,0.5375637
0,0.8031496,0.840899,0.5419542
0,0.8110236,0.8476449,0.5463146
0,0.81889766,0.8543889,0.55065
0,0.8267717,0.8610903,0.5551009
0,0.8346457,0.86776006,0.55966944
0,0.8425197,0.87447584,0.56407017
0,0.8503937,0.8811634,0.5685453
0,0.8582677,0.88781303,0.5729441
0,0.86614174,0.89455223,0.5774505
0,0.87401575,0.90126324,0.58187544
0,0.88188976,0.9080424,0.58626693
0,0.8897638,0.9147899,0.5907142
0,0.8976378,0.9215139,0.59500265
0,0.9055118,0.92820907,0.59941435
0,0.9133858,0.93498254,0.60381126
0,0.9212598,0.9416995,0.60810363
0,0.92913383,0.9484516,0.6124522
0,0.93700784,0.9551835,0.61678904
0,0.9448819,0.9618935,0.62126136
0,0.9527559,0.9686085,0.6256159
0,0.96062994,0.9754041,0.6299507
0,0.96850395,0.9821452,0.6342824
0,0.97637796,0.9888776,0.6386622
0,0.984252,0.9956556,0.64307505
0,0.992126,1.0023402,0.64739466
0,1.0,1.0091,0.65171427
1,0.0,0.1815,0.029428571
1,0.007874016,0.1873386,0.035684213
1,0.015748031,0.19328047,0.041800506
1,0.023622047,0.1991351,0.04807331
1,0.031496063,0.20495784,0.054366305
1,0.03937008,0.21071728,0.060839936
1,0.047244094,0.21643308,0.06736334
1,0.05511811,0.2220338,0.07407846
1,0.062992126,0.2275246,0.080749415
1,0.070866145,0.23291686,0.087604135
1,0.07874016,0.2382641,0.09444688
1,0.08661418,0.24358507,0.101474114
1,0.09448819,0.24895878,0.10858284
1,0.10236221,0.2543715,0.11561232
1,0.11023622,0.25971407,0.12255075
1,0.11811024,0.26506793,0.12951681
1,0.12598425,0.27041554,0.13634485
1,0.13385826,0.27588874,0.14303422
1,0.14173229,0.28144503,0.14983466
1,0.1496063,0.28713664,0.15642892
1,0.15748031,0.29279497,0.16300493
1,0.16535433,0.29859284,0.16933964
1,0.17322835,0.30440187,0.17558292
1,0.18110237,0.31023923,0.1817649
1,0.18897638,0.31626925,0.18783446
1,0.19685039,0.32225198,0.19370712
1,0.20472442,0.32825205,0.19943933
1,0.21259843,0.33436203,0.20507734
1,0.22047244,0.3405211,0.21059935
1,0.22834645,0.3467722,0.21599951
1,0.23622048,0.35299763,0.22142652
1,0.24409449,0.35918593,0.22666612
1,0.2519685,0.36535802,0.23180796
1,0.25984251,0.37159517,0.23702478
1,0.26771653,0.37803218,0.24222758
1,0.27559054,0.38441956,0.24744453
1,0.28346458,0.3907638,0.25259298
1,0.2913386,0.39717403,0.25774917
1,0.2992126,0.4035928,0.26285127
1,0.30708662,0.41005552,0.2680453
1,0.31496063,0.41647264,0.27320215
1,0.32283464,0.42294103,0.2783192
1,0.33070865,0.42936417,0.28340065
1,0.33858266,0.43564495,0.28844488
1,0.3464567,0.4419728,0.29345933
1,0.35433072,0.44827056,0.29855305
1,0.36220473,0.45453483,0.30354664
1,0.37007874,0.46092796,0.3087058
1,0.37795275,0.46733084,0.31383666
1,0.38582677,0.47378764,0.31902933
1,0.39370078,0.48018354,0.32408607
1,0.4015748,0.48665372,0.32924965
1,0.40944883,0.49312097,0.3344318
1,0.41732284,0.4996051,0.33958176
1,0.42519686,0.505952,0.34462833
1,0.43307087,0.5122927,0.34963065
1,0.44094488,0.518657,0.35458988
1,0.4488189,0.52503884,0.35941985
1,0.4566929,0.5313393,0.3643852
1,0.46456692,0.5377411,0.36910996
1,0.47244096,0.5441152,0.3739339
1,0.48031497,0.5504487,0.3785834
1,0.48818898,0.55690753,0.38309833
1,0.496063,0.5633309,0.38769814
1,0.503937,0.5698358,0.39211866
1,0.511811,0.57662696,0.39664263
1,0.51968503,0.5833449,0.40098247
1,0.52755904,0.5900181,0.40518937
1,0.53543305,0.5967494,0.40939108
1,0.54330707,0.6034482,0.41345614
1,0.5511811,0.610162,0.41739672
1,0.5590551,0.6168983,0.42135894
1,0.56692916,0.6236555,0.42534125
1,0.5748032,0.63043374,0.42921633
1,0.5826772,0.63726425,0.43307728
1,0.5905512,0.64403987,0.4370109
1,0.5984252,0.6506604,0.4408277
1,0.6062992,0.6573266,0.44468492
1,0.61417323,0.6640679,0.44858977
1,0.62204725,0.6707752,0.4524935
1,0.62992126,0.67753255,0.456511
1,0.63779527,0.6843092,0.46050006
1,0.6456693,0.6911035,0.46447152
1,0.6535433,0.69783396,0.46851906
1,0.6614173,0.7045117,0.47253776
1,0.6692913,0.711263,0.4765939
1,0.6771653,0.71797276,0.48061934
1,0.68503934,0.7246426,0.4846179
1,0.6929134,0.73145825,0.48862842
1,0.7007874,0.73823893,0.4926831
1,0.70866144,0.7449656,0.49675176
1,0.71653545,0.75169456,0.5007969
1,0.72440946,0.75838625,0.5048772
1,0.7322835,0.76514155,0.5089162
1,0.7401575,0.77186066,0.51294893
1,0.7480315,0.7785482,0.5170727
1,0.7559055,0.7852386,0.5211458
1,0.7637795,0.7919295,0.52515155
1,0.77165353,0.7986211,0.52937496
1,0.77952754,0.8053724,0.53343505
1,0.78740156,0.8120124,0.53748727
1,0.79527557,0.8187159,0.54166925
1,0.8031496,0.8253839,0.54576916
1,0.8110236,0.83201796,0.5499655
1,0.81889766,0.8386885,0.5540821
1,0.8267717,0.84537256,0.55832213
1,0.8346457,0.85202897,0.5625449
1,0.8425197,0.858758,0.5667505
1,0.8503937,0.8654645,0.5709584
1,0.8582677,0.8721735,0.5752653
1,0.86614174,0.87892836,0.57958025
1,0.87401575,0.88568985,0.5837968
1,0.88188976,0.89237815,0.58803874
1,0.8897638,0.8990629,0.59232503
1,0.8976378,0.9057786,0.5965437
1,0.9055118,0.9123712,0.6007231
1,0.9133858,0.9189255,0.60481954
1,0.9212598,0.92536783,0.6088917
1,0.92913383,0.9319425,0.613098
1,0.93700784,0.93855053,0.6171655
1,0.9448819,0.9452515,0.621239
1,0.9527559,0.9519692,0.62531036
1,0.96062994,0.95877075,0.6292349
1,0.96850395,0.9659611,0.6335721
1,0.97637796,0.9732522,0.637775
1,0.984252,0.9800299,0.64181644
1,0.992126,0.9865731,0.64569867
1,1.0,0.9929,0.6495714
2,0.0,0.9875,0.728
2,0.007874016,0.9822351,0.7247343
2,0.015748031,0.9754068,0.7206572
2,0.023622047,0.968813,0.7168157
2,0.031496063,0.96248037,0.71317166
2,0.03937008,0.95603406,0.7092861
2,0.047244094,0.9497993,0.7053465
2,0.05511811,0.9433315,0.70112133
2,0.062992126,0.9369477,0.69711083
2,0.070866145,0.9305943,0.69324255
2,0.07874016,0.92438996,0.6895643
2,0.08661418,0.9180969,0.6858355
2,0.09448819,0.91169685,0.6819978
2,0.10236221,0.90540314,0.67800224
2,0.11023622,0.8989592,0.6738994
2,0.11811024,0.8927884,0.6699648
2,0.12598425,0.88644755,0.66599864
2,0.13385826,0.880104,0.6621443
2,0.14173229,0.8738083,0.6578135
2,0.1496063,0.86740893,0.65414923
2,0.15748031,0.8634574,0.65151054
2,0.16535433,0.85720795,0.64790857
2,0.17322835,0.8510349,0.64407706
2,0.18110237,0.84463483,0.64020497
2,0.18897638,0.83817834,0.63643575
2,0.19685039,0.83188564,0.6325623
2,0.20472442,0.8255315,0.6282422
2,0.21259843,0.8190797,0.62384266
2,0.22047244,0.8126073,0.6196327
2,0.22834645,0.8063559,0.6162097
2,0.23622048,0.8001362,0.6129298
2,0.24409449,0.79377484,0.6095285
2,0.2519685,0.78725857,0.60563546
2,0.25984251,0.78073037,0.60160416
2,0.26771653,0.7742804,0.5977561
2,0.27559054,0.76799846,0.5940277
2,0.28346458,0.76163864,0.59042263
2,0.2913386,0.7552159,0.5869433
2,0.2992126,0.7487731,0.5835964
2,0.30708662,0.74230254,0.5802393
2,0.31496063,0.7357257,0.57701004
2,0.32283464,0.7292039,0.5738976
2,0.33070865,0.7226305,0.570908
2,0.33858266,0.7160978,0.5680419
2,0.3464567,0.7094563,0.56545055
2,0.35433072,0.7028937,0.5629975
2,0.36220473,0.69619936,0.5606751
2,0.37007874,0.6893253,0.55832154
2,0.37795275,0.6823982,0.5561294
2,0.38582677,0.6756675,0.5542764
2,0.39370078,0.66907406,0.55264974
2,0.4015748,0.6624138,0.5513448
2,0.40944883,0.65559864,0.5502141
2,0.41732284,0.6488727,0.5490961
2,0.42519686,0.64215916,0.5484286
2,0.43307087,0.63538283,0.5479588
2,0.44094488,0.62855494,0.54785717
2,0.4488189,0.6217826,0.5480019
2,0.4566929,0.61487234,0.5486294
2,0.46456692,0.6081047,0.5497133
2,0.47244096,0.6014533,0.55098474
2,0.48031497,0.594834,0.5527903
2,0.48818898,0.5879994,0.5548216
2,0.496063,0.58115155,0.5573608
2,0.503937,0.5742232,0.5601835
2,0.511811,0.5674416,0.5632395
2,0.51968503,0.5608724,0.5666022
2,0.52755904,0.5544933,0.57011133
2,0.53543305,0.54829204,0.57384425
2,0.54330707,0.54198927,0.5778648
2,0.5511811,0.5356763,0.5820327
2,0.5590551,0.5293634,0.5863119
2,0.56692916,0.5231469,0.5906093
2,0.5748032,0.5169129,0.59484017
2,0.5826772,0.510746,0.5992528
2,0.5905512,0.50463265,0.6036195
2,0.5984252,0.49851042,0.60830635
2,0.6062992,0.49249756,0.61294496
2,0.61417323,0.48646405,0.6178049
2,0.62204725,0.4804705,0.622711
2,0.62992126,0.47453803,0.6277406
2,0.63779527,0.4687528,0.6327678
2,0.6456693,0.46312025,0.6377467
2,0.6535433,0.45767087,0.6426492
2,0.6614173,0.45203072,0.6477371
2,0.6692913,0.44625407,0.6530914
2,0.6771653,0.44038722,0.65858287
2,0.68503934,0.43467698,0.664219
2,0.6929134,0.42894214,0.66975325
2,0.7007874,0.42335445,0.6755845
2,0.70866144,0.41784668,0.6815373
2,0.71653545,0.4124597,0.68764067
2,0.72440946,0.4071739,0.6939076
2,0.7322835,0.40189707,0.7002558
2,0.7401575,0.39671156,0.70677537
2,0.7480315,0.39164904,0.7134611
2,0.7559055,0.3866591,0.72005844
2,0.7637795,0.38173905,0.726771
2,0.77165353,0.3768447,0.7335076
2,0.77952754,0.37204304,0.74036705
2,0.78740156,0.36733013,0.747341
2,0.79527557,0.36256838,0.7545318
2,0.8031496,0.35796928,0.76192176
2,0.8110236,0.35337356,0.7693753
2,0.81889766,0.34900165,0.7768459
2,0.8267717,0.34465492,0.78434
2,0.8346457,0.34048057,0.7918435
2,0.8425197,0.33632815,0.79951096
2,0.8503937,0.33223656,0.80729604
2,0.8582677,0.32810086,0.81507766
2,0.86614174,0.32408494,0.82300574
2,0.87401575,0.3200347,0.8310819
2,0.88188976,0.31601575,0.8392763
2,0.8897638,0.31213328,0.8474262
2,0.8976378,0.30812925,0.85574454
2,0.9055118,0.3043513,0.86408746
2,0.9133858,0.30057096,0.8723605
2,0.9212598,0.29681215,0.88078153
2,0.92913383,0.29318827,0.88917077
2,0.93700784,0.28969315,0.8977306
2,0.9448819,0.2861542,0.9062331
2,0.9527559,0.2826967,0.91488254
2,0.96062994,0.2793275,0.923591
2,0.96850395,0.2759221,0.93230194
2,0.97637796,0.27258316,0.9412333
2,0.984252,0.2692907,0.9499739
2,0.992126,0.2659905,0.9587138
2,1.0,0.2628,0.96742857
3,0.0,0.2134,0.9517143
3,0.007874016,0.21564014,0.9434376
3,0.015748031,0.21802697,0.9355081
3,0.023622047,0.22054991,0.92742884
3,0.031496063,0.22281195,0.9196631
3,0.03937008,0.2253,0.9122857
3,0.047244094,0.22698973,0.90745795
3,0.05511811,0.22898418,0.89934224
3,0.062992126,0.23139252,0.8915928
3,0.070866145,0.23420396,0.8837963
3,0.07874016,0.23643333,0.8760794
3,0.08661418,0.23857117,0.86806226
3,0.09448819,0.24063262,0.8604316
3,0.10236221,0.24278235,0.8529202
3,0.11023622,0.24496888,0.8449835
3,0.11811024,0.24722895,0.83687216
3,0.12598425,0.2494302,0.82898223
3,0.13385826,0.25158644,0.82136464
3,0.14173229,0.25377342,0.8137553
3,0.1496063,0.2559242,0.80624604
3,0.15748031,0.2581545,0.7983768
3,0.16535433,0.2604009,0.7904663
3,0.17322835,0.26264852,0.78218913
3,0.18110237,0.2650162,0.7740017
3,0.18897638,0.26721776,0.7659143
3,0.19685039,0.2694619,0.7580379
3,0.20472442,0.2715606,0.7501323
3,0.21259843,0.27362433,0.742273
3,0.22047244,0.27556413,0.73436356
3,0.22834645,0.27748552,0.72636527
3,0.23622048,0.27929625,0.7181607
3,0.24409449,0.28111118,0.70972985
3,0.2519685,0.28274953,0.70133144
3,0.25984251,0.28426978,0.6929528
3,0.26771653,0.28568682,0.6845933
3,0.27559054,0.28688055,0.6764246
3,0.28346458,0.28800732,0.66821605
3,0.2913386,0.28885183,0.6601731
3,0.2992126,0.28952911,0.65192044
3,0.30708662,0.29004383,0.64368474
3,0.31496063,0.2903215,0.63535523
3,0.32283464,0.2904,0.62696433
3,0.33070865,0.2904,0.6184287
3,0.33858266,0.2902644,0.6099726
3,0.3464567,0.29010147,0.6014769
3,0.35433072,0.28984353,0.5932251
3,0.36220473,0.28959015,0.58496165
3,0.37007874,0.28934103,0.57669276
3,0.37795275,0.2889957,0.56827545
3,0.38582677,0.2886539,0.5597056
3,0.39370078,0.2882308,0.5511214
3,0.4015748,0.28786036,0.5425495
3,0.40944883,0.2873962,0.5339293
3,0.41732284,0.2869379,0.52527535
3,0.42519686,0.28647697,0.51684666
3,0.43307087,0.28590304,0.50837106
3,0.44094488,0.28533435,0.49987012
3,0.4488189,0.28467008,0.49147248
3,0.4566929,0.28400952,0.48297948
3,0.46456692,0.2833532,0.4745414
3,0.47244096,0.2826671,0.4660041
3,0.48031497,0.28195044,0.45764875
3,0.48818898,0.28123945,0.44934466
3,0.496063,0.28056213,0.4410845
3,0.503937,0.27982262,0.43271923
3,0.511811,0.2789869,0.42426008
3,0.51968503,0.27814102,0.41598174
3,0.52755904,0.27728122,0.40762132
3,0.53543305,0.27624357,0.3993199
3,0.54330707,0.275076,0.39107805
3,0.5511811,0.27384847,0.38289458
3,0.5590551,0.27248448,0.3747684
3,0.56692916,0.27102557,0.36648956
3,0.5748032,0.26942408,0.35826322
3,0.5826772,0.26773462,0.3501078
3,0.5905512,0.26597357,0.3419476
3,0.5984252,0.26412082,0.3338577
3,0.6062992,0.2621531,0.3259792
3,0.61417323,0.26014188,0.31817067
3,0.62204725,0.25794923,0.31043223
3,0.62992126,0.25567034,0.30261186
3,0.63779527,0.25323868,0.29496768
3,0.6456693,0.2507255,0.28724897
3,0.6535433,0.24806291,0.2795547
3,0.6614173,0.2452408,0.27195913
3,0.6692913,0.2422631,0.26440585
3,0.6771653,0.2391462,0.25695294
3,0.68503934,0.23604392,0.2495319
3,0.6929134,0.23277761,0.2423806
3,0.7007874,0.22942305,0.23540653
3,0.70866144,0.22599871,0.22845468
3,0.71653545,0.22250497,0.22169496
3,0.72440946,0.21892047,0.21517941
3,0.7322835,0.21516494,0.20864786
3,0.7401575,0.21141438,0.20226936
3,0.7480315,0.20753065,0.19589391
3,0.7559055,0.20350352,0.18966155
3,0.7637795,0.19948734,0.18342212
3,0.77165353,0.19531551,0.17716502
3,0.77952754,0.19113784,0.17105405
3,0.78740156,0.18683557,0.16508877
3,0.79527557,0.18248305,0.15913202
3,0.8031496,0.17811628,0.15328419
3,0.8110236,0.17368424,0.14752305
3,0.81889766,0.16923258,0.14192668
3,0.8267717,0.16477874,0.13635163
3,0.8346457,0.16022985,0.13100696
3,0.8425197,0.15569781,0.1256623
3,0.8503937,0.1511658,0.12039099
3,0.8582677,0.14653374,0.115157954
3,0.86614174,0.14190185,0.11006797
3,0.87401575,0.13727324,0.10498158
3,0.88188976,0.13254963,0.099991366
3,0.8897638,0.12783341,0.09497078
3,0.8976378,0.12310348,0.09004601
3,0.9055118,0.118322305,0.08498657
3,0.9133858,0.11344982,0.080079176
3,0.9212598,0.10863693,0.075107224
3,0.92913383,0.1038044,0.0702902
3,0.93700784,0.098876774,0.06540487
3,0.9448819,0.09388072,0.06049427
3,0.9527559,0.08894603,0.055733394
3,0.96062994,0.08394281,0.050980274
3,0.96850395,0.078944355,0.04623461
3,0.97637796,0.073973574,0.041630436
3,0.984252,0.069062606,0.03703518
3,0.992126,0.06407922,0.032480914
3,1.0,0.0591,0.028
4,0.0,0.994,0.7262857
4,0.007874016,0.9876669,0.72262514
4,0.015748031,0.9812956,0.7187932
4,0.023622047,0.9748906,0.7149057
4,0.031496063,0.96862495,0.7112194
4,0.03937008,0.96240824,0.7074345
4,0.047244094,0.956058,0.703709
4,0.05511811,0.9497539,0.6998791
4,0.062992126,0.94350827,0.69598466
4,0.070866145,0.93732095,0.692015
4,0.07874016,0.93102276,0.6879935
4,0.08661418,0.92496955,0.68397826
4,0.09448819,0.91888833,0.679952
4,0.10236221,0.91266495,0.6758765
4,0.11023622,0.90644854,0.671776
4,0.11811024,0.90022254,0.6678732
4,0.12598425,0.894037,0.66381216
4,0.13385826,0.88773775,0.6599605
4,0.14173229,0.8814247,0.65601414
4,0.1496063,0.87520695,0.6521478
4,0.15748031,0.8689373,0.648307
4,0.16535433,0.86260414,0.6443738
4,0.17322835,0.8563935,0.64056724
4,0.18110237,0.8501277,0.6367842
4,0.18897638,0.84388924,0.6330174
4,0.19685039,0.8377034,0.62927586
4,0.20472442,0.83146036,0.62556064
4,0.21259843,0.82514083,0.6218576
4,0.22047244,0.81878924,0.61817706
4,0.22834645,0.81224364,0.61451066
4,0.23622048,0.80574155,0.610938
4,0.24409449,0.7991473,0.60727537
4,0.2519685,0.79265434,0.6037791
4,0.25984251,0.7860978,0.60028446
4,0.26771653,0.7798086,0.5970041
4,0.27559054,0.7733896,0.5938046
4,0.28346458,0.76703835,0.5905897
4,0.2913386,0.7605887,0.58751845
4,0.2992126,0.75418067,0.584467
4,0.30708662,0.7477306,0.5815851
4,0.31496063,0.74122846,0.5787359
4,0.32283464,0.7346744,0.575922
4,0.33070865,0.7280591,0.57314247
4,0.33858266,0.7214434,0.57053924
4,0.3464567,0.7148331,0.5680279
4,0.35433072,0.7081659,0.5656104
4,0.36220473,0.7014409,0.5634053
4,0.37007874,0.694754,0.5613879
4,0.37795275,0.6881046,0.5594718
4,0.38582677,0.6813888,0.55794674
4,0.39370078,0.67460513,0.5564298
4,0.4015748,0.66784936,0.5551848
4,0.40944883,0.66096777,0.55433077
4,0.41732284,0.654217,0.5536442
4,0.42519686,0.64740217,0.5532462
4,0.43307087,0.64051425,0.55314964
4,0.44094488,0.63365,0.5535436
4,0.4488189,0.62680894,0.5541573
4,0.4566929,0.61999077,0.5552237
4,0.46456692,0.61319345,0.556573
4,0.47244096,0.60650414,0.55830854
4,0.48031497,0.599823,0.5603895
4,0.48818898,0.5931564,0.5628166
4,0.496063,0.5865716,0.56546366
4,0.503937,0.58011335,0.5684698
4,0.511811,0.57369727,0.5717745
4,0.51968503,0.5673471,0.5751992
4,0.52755904,0.56106395,0.57900417
4,0.53543305,0.55482805,0.5828215
4,0.54330707,0.5486744,0.58681554
4,0.5511811,0.5424657,0.59106505
4,0.5590551,0.53630686,0.5952805
4,0.56692916,0.530148,0.59946156
4,0.5748032,0.52404505,0.60374916
4,0.5826772,0.5178483,0.6080012
4,0.5905512,0.5116989,0.6122229
4,0.5984252,0.5055478,0.61655694
4,0.6062992,0.49934256,0.6208267
4,0.61417323,0.49318066,0.6251567
4,0.62204725,0.48705268,0.62946236
4,0.62992126,0.48096383,0.633883
4,0.63779527,0.47489953,0.63827854
4,0.6456693,0.46878558,0.64270985
4,0.6535433,0.4627176,0.64724994
4,0.6614173,0.45662153,0.65176576
4,0.6692913,0.45065266,0.6564301
4,0.6771653,0.44464675,0.661229
4,0.68503934,0.4386779,0.6661536
4,0.6929134,0.43277013,0.6710623
4,0.7007874,0.42698425,0.6762439
4,0.70866144,0.42123157,0.6815518
4,0.71653545,0.41553792,0.68691134
4,0.72440946,0.40996876,0.69250596
4,0.7322835,0.40443856,0.6982016
4,0.7401575,0.39906254,0.7042121
4,0.7480315,0.3937084,0.7102254
4,0.7559055,0.38848007,0.716494
4,0.7637795,0.38331366,0.7229281
4,0.77165353,0.37834373,0.72944146
4,0.77952754,0.37339187,0.7362973
4,0.78740156,0.3685278,0.7431957
4,0.79527557,0.3638332,0.7503399
4,0.8031496,0.35926133,0.7575578
4,0.8110236,0.35479417,0.76491827
4,0.81889766,0.35039595,0.77237797
4,0.8267717,0.34618098,0.78005534
4,0.8346457,0.34201282,0.78771114
4,0.8425197,0.33797225,0.795564
4,0.8503937,0.3340279,0.80353516
4,0.8582677,0.33014047,0.8115265
4,0.86614174,0.326384,0.81963956
4,0.87401575,0.32259315,0.82782584
4,0.88188976,0.31896752,0.8359651
4,0.8897638,0.31530437,0.84427565
4,0.8976378,0.31177053,0.8526614
4,0.9055118,0.308226,0.86105096
4,0.9133858,0.30480322,0.8693878
4,0.9212598,0.30137074,0.8779247
4,0.92913383,0.2979762,0.8862334
4,0.93700784,0.29461762,0.8946477
4,0.9448819,0.29129124,0.903165
4,0.9527559,0.28799444,0.91160744
4,0.96062994,0.28461903,0.9202815
4,0.96850395,0.28126025,0.92891365
4,0.97637796,0.27791896,0.9376972
4,0.984252,0.27459517,0.9464633
4,0.992126,0.27118924,0.9551822
4,1.0,0.2679,0.9638571
5,0.0,0.2062,0.95514286
5,0.007874016,0.20847632,0.9475047
5,0.015748031,0.21093126,0.94025666
5,0.023622047,0.21330611,0.9324046
5,0.031496063,0.21572143,0.9238694
5,0.03937008,0.21846262,0.9153925
5,0.047244094,0.22118399,0.9072835
5,0.05511811,0.22351506,0.89923406
5,0.062992126,0.22597197,0.8909533
5,0.070866145,0.22866173,0.8831203
5,0.07874016,0.23128223,0.87533647
5,0.08661418,0.23377489,0.8671932
5,0.09448819,0.23629387,0.8586478
5,0.10236221,0.23892982,0.850297
5,0.11023622,0.24125426,0.8427021
5,0.11811024,0.24316874,0.8348333
5,0.12598425,0.24580203,0.8269592
5,0.13385826,0.24831013,0.8193996
5,0.14173229,0.25089315,0.81088
5,0.1496063,0.25342673,0.802826
5,0.15748031,0.2557933,0.7953556
5,0.16535433,0.2581742,0.78735936
5,0.17322835,0.2604723,0.7793649
5,0.18110237,0.26315922,0.7716192
5,0.18897638,0.26568165,0.7636661
5,0.19685039,0.26781213,0.75581384
5,0.20472442,0.2701297,0.7473352
5,0.21259843,0.2730075,0.73922026
5,0.22047244,0.27565688,0.73147047
5,0.22834645,0.277783,0.7233585
5,0.23622048,0.27963227,0.7154332
5,0.24409449,0.28140345,0.70709115
5,0.2519685,0.2829537,0.6984735
5,0.25984251,0.28412202,0.6896928
5,0.26771653,0.2851057,0.6809346
5,0.27559054,0.28585842,0.6721896
5,0.28346458,0.286485,0.6640285
5,0.2913386,0.28718668,0.6553759
5,0.2992126,0.28768337,0.6465702
5,0.30708662,0.2878,0.6377517
5,0.31496063,0.2877,0.6287883
5,0.32283464,0.28744766,0.6197904
5,0.33070865,0.2871393,0.6107506
5,0.33858266,0.28673577,0.601879
5,0.3464567,0.28627092,0.593156
5,0.35433072,0.2857731,0.58432996
5,0.36220473,0.28517607,0.57542676
5,0.37007874,0.28448159,0.56642485
5,0.37795275,0.2838895,0.5576282
5,0.38582677,0.2832985,0.5489786
5,0.39370078,0.2828096,0.5406303
5,0.4015748,0.28222373,0.5323729
5,0.40944883,0.28164202,0.5234161
5,0.41732284,0.2809648,0.51463974
5,0.42519686,0.28039393,0.5061948
5,0.43307087,0.2798324,0.49762887
5,0.44094488,0.27928331,0.48902357
5,0.4488189,0.27874336,0.48035502
5,0.4566929,0.27810776,0.4716988
5,0.46456692,0.27751762,0.46285963
5,0.47244096,0.27685702,0.4539468
5,0.48031497,0.27616698,0.44468638
5,0.48818898,0.2753109,0.4356962
5,0.496063,0.2745665,0.42744276
5,0.503937,0.27373233,0.4192266
5,0.511811,0.2730708,0.41069323
5,0.51968503,0.27238765,0.4021268
5,0.52755904,0.27163535,0.39318535
5,0.53543305,0.270693,0.38429227
5,0.54330707,0.26963714,0.375453
5,0.5511811,0.2682527,0.36669597
5,0.5590551,0.2668848,0.35814396
5,0.56692916,0.26533678,0.34976667
5,0.5748032,0.26377073,0.34128776
5,0.5826772,0.26206845,0.3328301
5,0.5905512,0.260224,0.3243886
5,0.5984252,0.25813314,0.3160659
5,0.6062992,0.25579664,0.30779386
5,0.61417323,0.25322652,0.2994154
5,0.62204725,0.25058883,0.29125112
5,0.62992126,0.24787822,0.28355426
5,0.63779527,0.24511424,0.27613643
5,0.6456693,0.24234925,0.2688388
5,0.6535433,0.239606,0.2620378
5,0.6614173,0.23676339,0.25494367
5,0.6692913,0.23370765,0.24731417
5,0.6771653,0.2303946,0.23953441
5,0.68503934,0.22673896,0.23160249
5,0.6929134,0.22275266,0.22366685
5,0.7007874,0.2186814,0.2159951
5,0.70866144,0.21469003,0.20872577
5,0.71653545,0.21070056,0.20200847
5,0.72440946,0.20678864,0.19577155
5,0.7322835,0.20300472,0.18990183
5,0.7401575,0.19914125,0.18424247
5,0.7480315,0.19522335,0.17884597
5,0.7559055,0.19121988,0.17326516
5,0.7637795,0.18660891,0.16719022
5,0.77165353,0.18175897,0.16082036
5,0.77952754,0.17689636,0.15464686
5,0.78740156,0.17206468,0.1487156
5,0.79527557,0.16724062,0.14303589
5,0.8031496,0.16231103,0.13734789
5,0.8110236,0.15732181,0.13188551
5,0.81889766,0.15231921,0.12659176
5,0.8267717,0.14736672,0.12146919
5,0.8346457,0.14234285,0.116376415
5,0.8425197,0.13733917,0.1115135
5,0.8503937,0.1324333,0.10672445
5,0.8582677,0.12751187,0.101963684
5,0.86614174,0.1226056,0.09725033
5,0.87401575,0.11762408,0.09242131
5,0.88188976,0.11251508,0.087605245
5,0.8897638,0.10734871,0.08280302
5,0.8976378,0.10187949,0.07814889
5,0.9055118,0.0964314,0.07348687
5,0.9133858,0.09087567,0.06899831
5,0.9212598,0.085343994,0.064696066
5,0.92913383,0.07987034,0.06042392
5,0.93700784,0.07459405,0.05629949
5,0.9448819,0.069351405,0.052335203
5,0.9527559,0.064129286,0.04824414
5,0.96062994,0.05892421,0.044257484
5,0.96850395,0.053729862,0.040195275
5,0.97637796,0.048441626,0.03589059
5,0.984252,0.04285969,0.031211518
5,0.992126,0.0372773,0.026342269
5,1.0,0.0316,0.021428572
6,0.0,0.1864,0.03985714
6,0.007874016,0.19223085,0.045902025
6,0.015748031,0.19813867,0.052100684
6,0.023622047,0.2040263,0.05831461
6,0.031496063,0.20983881,0.064549804
6,0.03937008,0.21569054,0.070911646
6,0.047244094,0.22139065,0.0772095
6,0.05511811,0.22695222,0.08363361
6,0.062992126,0.23255059,0.09022599
6,0.070866145,0.23820809,0.097093925
6,0.07874016,0.24384691,0.10407334
6,0.08661418,0.24951462,0.111136466
6,0.09448819,0.2550479,0.118295975
6,0.10236221,0.26051775,0.12531945
6,0.11023622,0.26587942,0.13225631
6,0.11811024,0.27115053,0.13907221
6,0.12598425,0.27650154,0.14585932
6,0.13385826,0.28180546,0.15272208
6,0.14173229,0.28735152,0.15959369
6,0.1496063,0.29295278,0.16613424
6,0.15748031,0.2984795,0.17236142
6,0.16535433,0.30412057,0.17840545
6,0.17322835,0.31001684,0.18458746
6,0.18110237,0.31636068,0.19101219
6,0.18897638,0.32267502,0.19725002
6,0.19685039,0.3280508,0.20171429
6,0.20472442,0.33356944,0.20643094
6,0.21259843,0.33985016,0.21200016
6,0.22047244,0.3461698,0.21695518
6,0.22834645,0.35257092,0.22147924
6,0.23622048,0.3590941,0.22561555
6,0.24409449,0.3660122,0.22974296
6,0.2519685,0.37296984,0.2337193
6,0.25984251,0.38004884,0.2375422
6,0.26771653,0.38702506,0.24130005
6,0.27559054,0.39392945,0.24510255
6,0.28346458,0.40061426,0.24869385
6,0.2913386,0.4072959,0.25251195
6,0.2992126,0.41397005,0.2562686
6,0.30708662,0.42060825,0.26027218
6,0.31496063,0.42717996,0.2643752
6,0.32283464,0.43368635,0.26866424
6,0.33070865,0.44021696,0.2731893
6,0.33858266,0.44677567,0.27786395
6,0.3464567,0.45319116,0.282866
6,0.35433072,0.45964962,0.2879913
6,0.36220473,0.46600384,0.29330575
6,0.37007874,0.472265,0.2986819
6,0.37795275,0.47850257,0.30421653
6,0.38582677,0.4845808,0.30983943
6,0.39370078,0.49065396,0.31561744
6,0.4015748,0.4966685,0.32149377
6,0.40944883,0.5025918,0.32736456
6,0.41732284,0.5085156,0.3335044
6,0.42519686,0.5144406,0.33961332
6,0.43307087,0.52038413,0.34570587
6,0.44094488,0.5264263,0.35183457
6,0.4488189,0.53237015,0.35801917
6,0.4566929,0.53842974,0.36399892
6,0.46456692,0.5445114,0.36986798
6,0.47244096,0.5505246,0.3754044
6,0.48031497,0.5566696,0.3808782
6,0.48818898,0.5628374,0.38610908
6,0.496063,0.56912124,0.3911597
6,0.503937,0.57549685,0.3960653
6,0.511811,0.5818637,0.4006696
6,0.51968503,0.58835137,0.40514016
6,0.52755904,0.5949014,0.40948966
6,0.53543305,0.6015305,0.4137317
6,0.54330707,0.6082731,0.41779986
6,0.5511811,0.6149997,0.42161205
6,0.5590551,0.6218629,0.4254109
6,0.56692916,0.62866473,0.42902842
6,0.5748032,0.6355094,0.43256333
6,0.5826772,0.6423445,0.4359322
6,0.5905512,0.6492354,0.43938625
6,0.5984252,0.6561816,0.4426864
6,0.6062992,0.66308457,0.44596702
6,0.61417323,0.6699423,0.4491778
6,0.62204725,0.6768298,0.45232353
6,0.62992126,0.68370986,0.45554465
6,0.63779527,0.6906445,0.45887303
6,0.6456693,0.6975205,0.4620648
6,0.6535433,0.70432866,0.46534342
6,0.6614173,0.711261,0.46860048
6,0.6692913,0.7180461,0.471967
6,0.6771653,0.724858,0.4753021
6,0.68503934,0.7317733,0.47869998
6,0.6929134,0.73870057,0.482166
6,0.7007874,0.7455638,0.48569706
6,0.70866144,0.7524181,0.489224
6,0.71653545,0.75921595,0.49281213
6,0.72440946,0.7660548,0.4965115
6,0.7322835,0.7728455,0.50025326
6,0.7401575,0.7796047,0.5040027
6,0.7480315,0.7863611,0.5078635
6,0.7559055,0.7930598,0.51169133
6,0.7637795,0.79970133,0.51562935
6,0.77165353,0.8063861,0.519517
6,0.77952754,0.8130632,0.52347773
6,0.78740156,0.819803,0.5275513
6,0.79527557,0.82649344,0.531688
6,0.8031496,0.8332692,0.5359027
6,0.8110236,0.84004724,0.54004866
6,0.81889766,0.8468188,0.5443337
6,0.8267717,0.8535946,0.5485998
6,0.8346457,0.8603897,0.5529776
6,0.8425197,0.86721313,0.55723053
6,0.8503937,0.87392753,0.5616555
6,0.8582677,0.88067603,0.56595063
6,0.86614174,0.88723457,0.570216
6,0.87401575,0.89376074,0.5745239
6,0.88188976,0.9003431,0.57873064
6,0.8897638,0.9068333,0.58298016
6,0.8976378,0.913386,0.5872706
6,0.9055118,0.9198591,0.5915352
6,0.9133858,0.9263032,0.59571636
6,0.9212598,0.9327492,0.5998596
6,0.92913383,0.9392035,0.60400826
6,0.93700784,0.94564074,0.6081195
6,0.9448819,0.95234287,0.61225903
6,0.9527559,0.9596954,0.616701
6,0.96062994,0.96667475,0.62094927
6,0.96850395,0.97323394,0.6249964
6,0.97637796,0.9800384,0.62926704
6,0.984252,0.98684543,0.63356
6,0.992126,0.9932835,0.6373262
6,1.0,0.9996,0.6407143
7,0.0,0.1747,0.033714287
7,0.007874016,0.18082449,0.039479986
7,0.015748031,0.18691982,0.045399837
7,0.023622047,0.1930048,0.051199175
7,0.031496063,0.19906944,0.057137076
7,0.03937008,0.20516805,0.063122645
7,0.047244094,0.2111068,0.06929279
7,0.05511811,0.21709172,0.07536803
7,0.062992126,0.22292827,0.08148946
7,0.070866145,0.22880071,0.08780594
7,0.07874016,0.23461863,0.09416221
7,0.08661418,0.24046811,0.100551285
7,0.09448819,0.24622282,0.10696894
7,0.10236221,0.25195622,0.11340712
7,0.11023622,0.25767982,0.11997693
7,0.11811024,0.26338464,0.12638246
7,0.12598425,0.26907304,0.13305491
7,0.13385826,0.27484298,0.13970625
7,0.14173229,0.28047794,0.14631766
7,0.1496063,0.28605947,0.15286796
7,0.15748031,0.29168552,0.15945281
7,0.16535433,0.29734462,0.16604635
7,0.17322835,0.30307534,0.17254502
7,0.18110237,0.3088285,0.17912053
7,0.18897638,0.3145718,0.18545122
7,0.19685039,0.3202822,0.19151662
7,0.20472442,0.3261353,0.19741952
7,0.21259843,0.33205625,0.20307206
7,0.22047244,0.33829206,0.20875435
7,0.22834645,0.34460166,0.2140817
7,0.23622048,0.3511609,0.2191918
7,0.24409449,0.35767347,0.22426675
7,0.2519685,0.36417112,0.22905082
7,0.25984251,0.37079656,0.23388615
7,0.26771653,0.37735292,0.23866384
7,0.27559054,0.38394862,0.2433373
7,0.28346458,0.39051807,0.2480587
7,0.2913386,0.3969754,0.25283864
7,0.2992126,0.4035511,0.2575365
7,0.30708662,0.4100264,0.2623779
7,0.31496063,0.41657528,0.2672468
7,0.32283464,0.4230777,0.27204454
7,0.33070865,0.42958513,0.2770569
7,0.33858266,0.43600133,0.28200096
7,0.3464567,0.44243702,0.28702644
7,0.35433072,0.44888803,0.29199022
7,0.36220473,0.45535547,0.29703024
7,0.37007874,0.4617484,0.30215457
7,0.37795275,0.46806884,0.3072225
7,0.38582677,0.47447172,0.31245542
7,0.39370078,0.4808276,0.3175254
7,0.4015748,0.48721373,0.3227014
7,0.40944883,0.49362722,0.3279226
7,0.41732284,0.4999761,0.33311114
7,0.42519686,0.50639254,0.33829138
7,0.43307087,0.5127868,0.34347707
7,0.44094488,0.5191775,0.34861058
7,0.4488189,0.52561206,0.35369536
7,0.4566929,0.53198004,0.3587566
7,0.46456692,0.53838784,0.36385313
7,0.47244096,0.54483384,0.36878708
7,0.48031497,0.55125797,0.3738138
7,0.48818898,0.55773246,0.37865135
7,0.496063,0.5641405,0.3835806
7,0.503937,0.57066596,0.38831872
7,0.511811,0.57718545,0.39311698
7,0.51968503,0.5836962,0.397783
7,0.52755904,0.5902129,0.40237078
7,0.53543305,0.59685457,0.4069954
7,0.54330707,0.603387,0.41151813
7,0.5511811,0.6100194,0.4159493
7,0.5590551,0.61669916,0.420309
7,0.56692916,0.6234181,0.4246112
7,0.5748032,0.6301331,0.42896146
7,0.5826772,0.6368451,0.43321344
7,0.5905512,0.6435933,0.43742424
7,0.5984252,0.650387,0.4415999
7,0.6062992,0.65712696,0.44574088
7,0.61417323,0.6638597,0.44993198
7,0.62204725,0.6706117,0.4540698
7,0.62992126,0.6774164,0.45826024
7,0.63779527,0.6841748,0.46242175
7,0.6456693,0.6908889,0.46641272
7,0.6535433,0.69756037,0.4706627
7,0.6614173,0.7042781,0.47474432
7,0.6692913,0.7109701,0.47894293
7,0.6771653,0.71772313,0.4831179
7,0.68503934,0.72442704,0.4873994
7,0.6929134,0.73109776,0.4915238
7,0.7007874,0.7378247,0.49576345
7,0.70866144,0.7445084,0.4999759
7,0.71653545,0.7512282,0.504303
7,0.72440946,0.7579154,0.5085652
7,0.7322835,0.7645557,0.5128241
7,0.7401575,0.7712467,0.5171102
7,0.7480315,0.7778902,0.5213895
7,0.7559055,0.78452426,0.52569795
7,0.7637795,0.7912382,0.52997595
7,0.77165353,0.7978527,0.5342379
7,0.77952754,0.8045946,0.5385874
7,0.78740156,0.81127965,0.5429218
7,0.79527557,0.8179223,0.54723
7,0.8031496,0.82462764,0.5515742
7,0.8110236,0.8313968,0.5559516
7,0.81889766,0.83813214,0.56030625
7,0.8267717,0.8448315,0.56463844
7,0.8346457,0.8515606,0.56895226
7,0.8425197,0.8583156,0.5732478
7,0.8503937,0.8650772,0.5776696
7,0.8582677,0.87183774,0.5819356
7,0.86614174,0.8785048,0.58618724
7,0.87401575,0.8852753,0.5904279
7,0.88188976,0.89196956,0.59465873
7,0.8897638,0.8986664,0.59888077
7,0.8976378,0.90541714,0.60309494
7,0.9055118,0.9121735,0.6073022
7,0.9133858,0.91892254,0.6115004
7,0.9212598,0.92566544,0.6155609
7,0.92913383,0.93240327,0.6196869
7,0.93700784,0.93913835,0.6238078
7,0.9448819,0.945869,0.62786466
7,0.9527559,0.9526959,0.63194996
7,0.96062994,0.95952,0.63603365
7,0.96850395,0.9662527,0.6401158
7,0.97637796,0.9730589,0.6441722
7,0.984252,0.97987515,0.64813197
7,0.992126,0.986589,0.65220964
7,1.0,0.9934,0.65614283
8,0.0,0.2142,0.9517143
8,0.007874016,0.21660675,0.9435216
8,0.015748031,0.21927172,0.93528837
8,0.023622047,0.22206146,0.9274354
8,0.031496063,0.22483452,0.9196058
8,0.03937008,0.22736554,0.9112413
8,0.047244094,0.22982056,0.90321225
8,0.05511811,0.23232985,0.8956077
8,0.062992126,0.2349498,0.88785774
8,0.070866145,0.23763432,0.8795207
8,0.07874016,0.24022025,0.8708563
8,0.08661418,0.24269968,0.86257255
8,0.09448819,0.2450985,0.8549753
8,0.10236221,0.24758056,0.84724104
8,0.11023622,0.25022557,0.83930564
8,0.11811024,0.25271317,0.8310959
8,0.12598425,0.25518745,0.82289296
8,0.13385826,0.25792167,0.8145443
8,0.14173229,0.2604609,0.80649674
8,0.1496063,0.26253363,0.7985941
8,0.15748031,0.26506442,0.79053026
8,0.16535433,0.26809278,0.78216344
8,0.17322835,0.27097097,0.7738387
8,0.18110237,0.2731321,0.76597303
8,0.18897638,0.27506238,0.75779206
8,0.19685039,0.27725822,0.7492804
8,0.20472442,0.27947488,0.7407861
8,0.21259843,0.2813887,0.73236644
8,0.22047244,0.28324765,0.7242992
8,0.22834645,0.2850557,0.7164123
8,0.23622048,0.2866384,0.7077474
8,0.24409449,0.2878,0.7002416
8,0.2519685,0.28878963,0.6930445
8,0.25984251,0.29014787,0.68390954
8,0.26771653,0.29138303,0.6746684
8,0.27559054,0.29225528,0.6661295
8,0.28346458,0.29301292,0.65759903
8,0.2913386,0.29363564,0.64845
8,0.2992126,0.29430115,0.6391134
8,0.30708662,0.2947665,0.62981415
8,0.31496063,0.29521793,0.6208243
8,0.32283464,0.29555818,0.61193275
8,0.33070865,0.29589048,0.6032448
8,0.33858266,0.296,0.59441483
8,0.3464567,0.296,0.5857072
8,0.35433072,0.2959472,0.5769202
8,0.36220473,0.29573667,0.56795716
8,0.37007874,0.29543152,0.5590437
8,0.37795275,0.29523137,0.5500842
8,0.38582677,0.295,0.541343
8,0.39370078,0.2947425,0.53256077
8,0.4015748,0.2945041,0.5234933
8,0.40944883,0.29416296,0.5144073
8,0.41732284,0.29375008,0.5053582
8,0.42519686,0.29317594,0.4964788
8,0.43307087,0.29250544,0.48762572
8,0.44094488,0.2918326,0.47891763
8,0.4488189,0.29099238,0.47020957
8,0.4566929,0.29013538,0.46156114
8,0.46456692,0.28917623,0.4529052
8,0.47244096,0.28821447,0.44414485
8,0.48031497,0.28723204,0.4353231
8,0.48818898,0.28617385,0.42637533
8,0.496063,0.2851091,0.41751975
8,0.503937,0.2839478,0.408787
8,0.511811,0.28268075,0.40017715
8,0.51968503,0.28133678,0.39167777
8,0.52755904,0.27979892,0.38323304
8,0.53543305,0.27818593,0.3747768
8,0.54330707,0.27637225,0.36625406
8,0.5511811,0.27447006,0.3577614
8,0.5590551,0.2724577,0.3491947
8,0.56692916,0.27043915,0.3407844
8,0.5748032,0.26848572,0.33241165
8,0.5826772,0.26639405,0.32432386
8,0.5905512,0.2642714,0.31623608
8,0.5984252,0.26196834,0.30825534
8,0.6062992,0.25943902,0.30030403
8,0.61417323,0.25672916,0.29224667
8,0.62204725,0.25382295,0.28431618
8,0.62992126,0.25091702,0.27644378
8,0.63779527,0.24782343,0.26874596
8,0.6456693,0.24454919,0.2611865
8,0.6535433,0.24116473,0.25367078
8,0.6614173,0.23759282,0.24639022
8,0.6692913,0.23390111,0.23912129
8,0.6771653,0.23012668,0.23211285
8,0.68503934,0.2263355,0.22527121
8,0.6929134,0.2225386,0.21841952
8,0.7007874,0.21863502,0.21155608
8,0.70866144,0.21454903,0.20483516
8,0.71653545,0.21035115,0.19838442
8,0.72440946,0.20598975,0.19210061
8,0.7322835,0.201648,0.18603542
8,0.7401575,0.19725342,0.18017599
8,0.7480315,0.1927992,0.17428456
8,0.7559055,0.18823378,0.16847079
8,0.7637795,0.18365936,0.16260992
8,0.77165353,0.178781,0.15678841
8,0.77952754,0.17381099,0.15101293
8,0.78740156,0.16868822,0.14552233
8,0.79527557,0.16363807,0.14019006
8,0.8031496,0.15852231,0.13501509
8,0.8110236,0.15351863,0.12985256
8,0.81889766,0.14842454,0.12469316
8,0.8267717,0.14341734,0.119778425
8,0.8346457,0.13842273,0.11502164
8,0.8425197,0.13331307,0.110417806
8,0.8503937,0.12817222,0.10583208
8,0.8582677,0.1228703,0.10124612
8,0.86614174,0.11766275,0.09662522
8,0.87401575,0.11237285,0.09198193
8,0.88188976,0.10712618,0.08716002
8,0.8897638,0.10190181,0.08243012
8,0.8976378,0.09657573,0.07757037
8,0.9055118,0.09111892,0.072513334
8,0.9133858,0.08582065,0.06761203
8,0.9212598,0.08046137,0.06272841
8,0.92913383,0.07538773,0.058101714
8,0.93700784,0.07032149,0.05347804
8,0.9448819,0.06527327,0.048883643
8,0.9527559,0.060086764,0.044344854
8,0.96062994,0.05489572,0.039682046
8,0.96850395,0.04960134,0.034986958
8,0.97637796,0.044281684,0.03031033
8,0.984252,0.038858406,0.025657095
8,0.992126,0.033464633,0.02088709
8,1.0,0.0281,0.016142856
9,0.0,0.1687,0.031
9,0.007874016,0.17478652,0.03684431
9,0.015748031,0.1809065,0.042632084
9,0.023622047,0.18705732,0.048573177
9,0.031496063,0.19357644,0.055020656
9,0.03937008,0.19990256,0.061609883
9,0.047244094,0.20558427,0.06730834
9,0.05511811,0.21127759,0.073015675
9,0.062992126,0.2176012,0.07957262
9,0.070866145,0.22420342,0.08661082
9,0.07874016,0.23034629,0.0933468
9,0.08661418,0.23639162,0.09977733
9,0.09448819,0.24249202,0.10613525
9,0.10236221,0.24810617,0.11223204
9,0.11023622,0.25404632,0.11871077
9,0.11811024,0.25994423,0.1247088
9,0.12598425,0.2658547,0.13107812
9,0.13385826,0.2713782,0.13729805
9,0.14173229,0.2765765,0.143116
9,0.1496063,0.28238925,0.14959562
9,0.15748031,0.28878236,0.15583824
9,0.16535433,0.29497904,0.16229333
9,0.17322835,0.3009142,0.16898766
9,0.18110237,0.30680212,0.1755996
9,0.18897638,0.3130001,0.18190487
9,0.19685039,0.3192877,0.18779781
9,0.20472442,0.3254006,0.19345108
9,0.21259843,0.33164814,0.19931135
9,0.22047244,0.33812675,0.20539193
9,0.22834645,0.3446518,0.2113843
9,0.23622048,0.35105598,0.2170457
9,0.24409449,0.35725373,0.22232704
9,0.2519685,0.36355254,0.22728765
9,0.25984251,0.37029302,0.23220931
9,0.26771653,0.3771369,0.23700555
9,0.27559054,0.3837862,0.241633
9,0.28346458,0.3902881,0.2462576
9,0.2913386,0.39699525,0.25108084
9,0.2992126,0.40373406,0.25582123
9,0.30708662,0.4104312,0.26046637
9,0.31496063,0.4171509,0.26501644
9,0.32283464,0.4239538,0.26953843
9,0.33070865,0.4307472,0.27417657
9,0.33858266,0.43745965,0.2790426
9,0.3464567,0.44415155,0.2842117
9,0.35433072,0.4507985,0.28965744
9,0.36220473,0.45724237,0.29514018
9,0.37007874,0.4635187,0.30086604
9,0.37795275,0.46953648,0.30677935
9,0.38582677,0.47544333,0.3131986
9,0.39370078,0.48124462,0.32015333
9,0.4015748,0.48686513,0.32737878
9,0.40944883,0.4922216,0.3347451
9,0.41732284,0.49734962,0.34239942
9,0.42519686,0.5022031,0.35044536
9,0.43307087,0.50680417,0.35885394
9,0.44094488,0.5111365,0.36750674
9,0.4488189,0.51519966,0.37671354
9,0.4566929,0.51901305,0.3860452
9,0.46456692,0.5225228,0.39581838
9,0.47244096,0.5254997,0.4056418
9,0.48031497,0.52796835,0.41546822
9,0.48818898,0.52984864,0.4253475
9,0.496063,0.5313475,0.4357835
9,0.503937,0.5324181,0.4467133
9,0.511811,0.5330628,0.45779923
9,0.51968503,0.53339154,0.46832997
9,0.52755904,0.5332467,0.47880915
9,0.53543305,0.53266364,0.4892593
9,0.54330707,0.5316411,0.50003684
9,0.5511811,0.5300192,0.5103812
9,0.5590551,0.5279512,0.5203521
9,0.56692916,0.52556103,0.5300491
9,0.5748032,0.52285284,0.5398659
9,0.5826772,0.5198147,0.54967225
9,0.5905512,0.51632065,0.55940115
9,0.5984252,0.51240915,0.56855184
9,0.6062992,0.50813353,0.5772781
9,0.61417323,0.50362504,0.5854693
9,0.62204725,0.498685,0.59330714
9,0.62992126,0.49351856,0.6009735
9,0.63779527,0.48813805,0.6086043
9,0.6456693,0.48260984,0.61592877
9,0.6535433,0.4768347,0.62310153
9,0.6614173,0.47095874,0.6297502
9,0.6692913,0.46492606,0.6362057
9,0.6771653,0.45893317,0.64238113
9,0.68503934,0.45305973,0.6487114
9,0.6929134,0.44714552,0.6552034
9,0.7007874,0.44134444,0.6618296
9,0.70866144,0.43549588,0.66853845
9,0.71653545,0.42971632,0.6751696
9,0.72440946,0.42396605,0.6817071
9,0.7322835,0.4183025,0.6882226
9,0.7401575,0.4125608,0.6948667
9,0.7480315,0.40689456,0.70175886
9,0.7559055,0.40121028,0.7090545
9,0.7637795,0.39571217,0.71639705
9,0.77165353,0.39030668,0.7237203
9,0.77952754,0.38499177,0.7311546
9,0.78740156,0.37974188,0.7385116
9,0.79527557,0.37444583,0.7462243
9,0.8031496,0.36929467,0.75406104
9,0.8110236,0.36418676,0.76230013
9,0.81889766,0.35923064,0.7706312
9,0.8267717,0.35449407,0.77886754
9,0.8346457,0.3499365,0.78697306
9,0.8425197,0.34545025,0.79508686
9,0.8503937,0.3411132,0.80311733
9,0.8582677,0.33671063,0.81136066
9,0.86614174,0.33223498,0.8199869
9,0.87401575,0.32769093,0.82903177
9,0.88188976,0.32303226,0.83834803
9,0.8897638,0.3185719,0.84762305
9,0.8976378,0.31409624,0.8568649
9,0.9055118,0.30993322,0.8656333
9,0.9133858,0.30595857,0.8740317
9,0.9212598,0.30200905,0.88266087
9,0.92913383,0.2980632,0.8912821
9,0.93700784,0.2942216,0.90012455
9,0.9448819,0.29036754,0.9092925
9,0.9527559,0.28639778,0.91880375
9,0.96062994,0.282375,0.9286071
9,0.96850395,0.278463,0.9383843
9,0.97637796,0.27465925,0.9478519
9,0.984252,0.27086586,0.95715183
9,0.992126,0.26741743,0.96576804
9,1.0,0.264,0.9742857
10,0.0,0.1733,0.030857142
10,0.007874016,0.17947541,0.036735035
10,0.015748031,0.18569845,0.04265179
10,0.023622047,0.19182372,0.048498776
10,0.031496063,0.19799438,0.05447084
10,0.03937008,0.20402129,0.060448844
10,0.047244094,0.21017236,0.06645412
10,0.05511811,0.21634674,0.0723191
10,0.062992126,0.22252743,0.0780885
10,0.070866145,0.22860734,0.08409201
10,0.07874016,0.23462074,0.09030941
10,0.08661418,0.24047977,0.09666258
10,0.09448819,0.24639034,0.10319172
10,0.10236221,0.25218627,0.109702505
10,0.11023622,0.2579413,0.11629254
10,0.11811024,0.26346,0.12264
10,0.12598425,0.26930138,0.12925872
10,0.13385826,0.27503008,0.13577724
10,0.14173229,0.2806226,0.14240786
10,0.1496063,0.28631425,0.14944603
10,0.15748031,0.2916227,0.15660386
10,0.16535433,0.29682028,0.16359676
10,0.17322835,0.30206284,0.17058313
10,0.18110237,0.307411,0.17741413
10,0.18897638,0.31291053,0.18446492
10,0.19685039,0.31871557,0.19148964
10,0.20472442,0.32467917,0.19835415
10,0.21259843,0.33071822,0.2051327
10,0.22047244,0.33679217,0.21165922
10,0.22834645,0.3429271,0.21778773
10,0.23622048,0.34922013,0.22369653
10,0.24409449,0.35551578,0.22926408
10,0.2519685,0.3618603,0.23445025
10,0.25984251,0.3682745,0.23946185
10,0.26771653,0.37479118,0.24419576
10,0.27559054,0.3814255,0.24887429
10,0.28346458,0.3880405,0.25334316
10,0.2913386,0.39474446,0.25788537
10,0.2992126,0.40143502,0.26238215
10,0.30708662,0.40809408,0.26701102
10,0.31496063,0.41472736,0.27171025
10,0.32283464,0.42145002,0.27634645
10,0.33070865,0.42811766,0.28110352
10,0.33858266,0.43474838,0.28596315
10,0.3464567,0.4412524,0.29075173
10,0.35433072,0.4477464,0.2956046
10,0.36220473,0.4542338,0.30046228
10,0.37007874,0.46062052,0.30533755
10,0.37795275,0.46710652,0.31028378
10,0.38582677,0.47372225,0.31544673
10,0.39370078,0.48026153,0.3206973
10,0.4015748,0.4869283,0.3258922
10,0.40944883,0.49343395,0.3311823
10,0.41732284,0.5000002,0.3364547
10,0.42519686,0.50654525,0.34169403
10,0.43307087,0.5130906,0.34707057
10,0.44094488,0.51954764,0.35232282
10,0.4488189,0.5260213,0.35758883
10,0.4566929,0.5323162,0.36286977
10,0.46456692,0.5387295,0.36802408
10,0.47244096,0.54505914,0.37318894
10,0.48031497,0.5514891,0.37835237
10,0.48818898,0.5579215,0.38337666
10,0.496063,0.5644437,0.38839325
10,0.503937,0.5709512,0.39325085
10,0.511811,0.57752526,0.3979466
10,0.51968503,0.5841685,0.40262038
10,0.52755904,0.5908762,0.4071266
10,0.53543305,0.59764075,0.4114725
10,0.54330707,0.604447,0.41564703
10,0.5511811,0.61123735,0.41968548
10,0.5590551,0.61806905,0.42367834
10,0.56692916,0.62489486,0.42756835
10,0.5748032,0.6318038,0.4313356
10,0.5826772,0.6386676,0.43518904
10,0.5905512,0.6455359,0.4389156
10,0.5984252,0.6524364,0.4427065
10,0.6062992,0.6593743,0.446471
10,0.61417323,0.6662642,0.4502001
10,0.62204725,0.67316633,0.4540379
10,0.62992126,0.6801264,0.45791486
10,0.63779527,0.68706554,0.46176484
10,0.6456693,0.6939839,0.4656615
10,0.6535433,0.7009812,0.46968198
10,0.6614173,0.7078509,0.47368458
10,0.6692913,0.71479595,0.47761843
10,0.6771653,0.72172314,0.48168433
10,0.68503934,0.72861135,0.48574203
10,0.6929134,0.73543924,0.48965007
10,0.7007874,0.7422228,0.49383867
10,0.70866144,0.74901986,0.49788016
10,0.71653545,0.7558049,0.5020634
10,0.72440946,0.7625866,0.506189
10,0.7322835,0.76946396,0.5103059
10,0.7401575,0.7762375,0.5145632
10,0.7480315,0.78303766,0.51881754
10,0.7559055,0.78985685,0.52306783
10,0.7637795,0.79663146,0.5273174
10,0.77165353,0.80339307,0.5315674
10,0.77952754,0.8101552,0.5359595
10,0.78740156,0.8169171,0.54020905
10,0.79527557,0.82368004,0.5446022
10,0.8031496,0.83044916,0.54885656
10,0.8110236,0.8372227,0.55325675
10,0.81889766,0.84393907,0.5576597
10,0.8267717,0.85068613,0.56206775
10,0.8346457,0.85748196,0.5664826
10,0.8425197,0.8641876,0.5709039
10,0.8503937,0.87090605,0.57533365
10,0.8582677,0.8776359,0.5797709
10,0.86614174,0.8843787,0.5842167
10,0.87401575,0.891036,0.58867204
10,0.88188976,0.8978004,0.59328026
10,0.8897638,0.9044288,0.59775686
10,0.8976378,0.9111017,0.60238576
10,0.9055118,0.91782147,0.6068823
10,0.9133858,0.92450315,0.6113907
10,0.9212598,0.9311982,0.61591303
10,0.92913383,0.9379141,0.62032884
10,0.93700784,0.94470114,0.62478644
10,0.9448819,0.951509,0.6291142
10,0.9527559,0.9582885,0.63331276
10,0.96062994,0.9651405,0.63730794
10,0.96850395,0.9719222,0.6412869
10,0.97637796,0.9788153,0.64498645
10,0.984252,0.9856655,0.64883745
10,0.992126,0.99239284,0.6531679
10,1.0,0.999,0.6577143
11,0.0,0.9926,0.738
11,0.007874016,0.98368454,0.73221976
11,0.015748031,0.9746691,0.7264395
11,0.023622047,0.9657536,0.7206592
11,0.031496063,0.95677704,0.7148839
11,0.03937008,0.9478501,0.709062
11,0.047244094,0.93885344,0.70328325
11,0.05511811,0.9298567,0.69750446
11,0.062992126,0.9208983,0.69165206
11,0.070866145,0.9118902,0.6857554
11,0.07874016,0.90297645,0.6800264
11,0.08661418,0.8940407,0.6741719
11,0.09448819,0.8850435,0.6684144
11,0.10236221,0.8760634,0.66254526
11,0.11023622,0.8670879,0.6567612
11,0.11811024,0.85819036,0.6509931
11,0.12598425,0.84927356,0.64512396
11,0.13385826,0.84022754,0.6391801
11,0.14173229,0.8311146,0.6333355
11,0.1496063,0.82212704,0.6277761
11,0.15748031,0.8130578,0.6223019
11,0.16535433,0.8038676,0.6169807
11,0.17322835,0.7944954,0.61163336
11,0.18110237,0.78522426,0.606671
11,0.18897638,0.7761416,0.60180795
11,0.19685039,0.7669258,0.5971126
11,0.20472442,0.7575979,0.5924757
11,0.21259843,0.74839026,0.5878955
11,0.22047244,0.739621,0.5841529
11,0.22834645,0.7303485,0.58032817
11,0.23622048,0.72070193,0.5757628
11,0.24409449,0.7115623,0.57167846
11,0.2519685,0.7026529,0.56791174
11,0.25984251,0.6931772,0.5639188
11,0.26771653,0.68322366,0.55997276
11,0.27559054,0.6730527,0.5563403
11,0.28346458,0.6634973,0.55359924
11,0.2913386,0.6538687,0.55148536
11,0.2992126,0.6437237,0.55001765
11,0.30708662,0.6335371,0.549
11,0.31496063,0.62421817,0.5482857
11,0.32283464,0.6144036,0.548
11,0.33070865,0.60580343,0.54861826
11,0.33858266,0.5958611,0.550132
11,0.3464567,0.58637047,0.5523513
11,0.35433072,0.57689166,0.55525297
11,0.36220473,0.5673118,0.55897474
11,0.37007874,0.5577691,0.5633015
11,0.37795275,0.5484481,0.5682582
11,0.38582677,0.53942347,0.5737443
11,0.39370078,0.53064334,0.5798262
11,0.4015748,0.521948,0.58632946
11,0.40944883,0.513127,0.5933722
11,0.41732284,0.5043168,0.6005475
11,0.42519686,0.4956111,0.6077213
11,0.43307087,0.4869634,0.61474335
11,0.44094488,0.47829047,0.62149966
11,0.4488189,0.4696539,0.62774074
11,0.4566929,0.4607649,0.63362265
11,0.46456692,0.45159104,0.6389494
11,0.47244096,0.4422578,0.6434476
11,0.48031497,0.4326514,0.6469319
11,0.48818898,0.4229721,0.6490794
11,0.496063,0.4132218,0.64992315
11,0.503937,0.40341088,0.6494745
11,0.511811,0.3937864,0.64775866
11,0.51968503,0.38421658,0.6449272
11,0.52755904,0.37485182,0.64089555
11,0.53543305,0.36557254,0.63576037
11,0.54330707,0.35664272,0.62962896
11,0.5511811,0.348121,0.62242943
11,0.5590551,0.3399666,0.6142507
11,0.56692916,0.33237836,0.60534084
11,0.5748032,0.32543108,0.59557563
11,0.5826772,0.31902304,0.5850029
11,0.5905512,0.31305072,0.57332295
11,0.5984252,0.3076165,0.56097275
11,0.6062992,0.30278456,0.5479559
11,0.61417323,0.29864484,0.53506804
11,0.62204725,0.29532057,0.52224076
11,0.62992126,0.2926086,0.50890625
11,0.63779527,0.29078615,0.49506372
11,0.6456693,0.2897,0.48547167
11,0.6535433,0.2878281,0.47185233
11,0.6614173,0.28634036,0.45780468
11,0.6692913,0.2849713,0.4435488
11,0.6771653,0.28360805,0.42942363
11,0.68503934,0.28211984,0.41561273
11,0.6929134,0.2804848,0.40185827
11,0.7007874,0.27871665,0.38802376
11,0.70866144,0.27689168,0.37436923
11,0.71653545,0.27491462,0.36063525
11,0.72440946,0.272693,0.3467789
11,0.7322835,0.2702717,0.33286244
11,0.7401575,0.26746807,0.3191088
11,0.7480315,0.26431483,0.30567908
11,0.7559055,0.26079968,0.2926112
11,0.7637795,0.25679052,0.27997294
11,0.77165353,0.25218847,0.26736754
11,0.77952754,0.24724178,0.25523308
11,0.78740156,0.2419179,0.24339549
11,0.79527557,0.23620355,0.23185062
11,0.8031496,0.23017742,0.22089402
11,0.8110236,0.22382362,0.21022984
11,0.81889766,0.21716468,0.19998106
11,0.8267717,0.21017912,0.19003566
11,0.8346457,0.20288537,0.18059433
11,0.8425197,0.19534044,0.17164136
11,0.8503937,0.18765186,0.16295618
11,0.8582677,0.17977448,0.15478279
11,0.86614174,0.17176217,0.14686872
11,0.87401575,0.16370083,0.13900082
11,0.88188976,0.15550125,0.1314298
11,0.8897638,0.14718366,0.12386862
11,0.8976378,0.13875195,0.11619614
11,0.9055118,0.13033998,0.1086222
11,0.9133858,0.12191087,0.101120606
11,0.9212598,0.11342817,0.09365951
11,0.92913383,0.10502798,0.08636149
11,0.93700784,0.09660958,0.07920677
11,0.9448819,0.0882355,0.07199643
11,0.9527559,0.07973765,0.064707465
11,0.96062994,0.07130411,0.05748772
11,0.96850395,0.06279775,0.050172817
11,0.97637796,0.05432559,0.042720757
11,0.984252,0.04593796,0.03533761
11,0.992126,0.037948523,0.028074387
11,1.0,0.0295,0.021
12,0.0,0.1949,0.045571428
12,0.007874016,0.20072068,0.051543508
12,0.015748031,0.20649561,0.05737572
12,0.023622047,0.21221013,0.06332158
12,0.031496063,0.21806946,0.06930425
12,0.03937008,0.22378682,0.07531764
12,0.047244094,0.22951613,0.08144778
12,0.05511811,0.23527347,0.08754616
12,0.062992126,0.24072367,0.09354635
12,0.070866145,0.24609695,0.09958873
12,0.07874016,0.2516291,0.105924055
12,0.08661418,0.2572186,0.11248753
12,0.09448819,0.26284054,0.11896137
12,0.10236221,0.26832104,0.1255313
12,0.11023622,0.2736783,0.13203593
12,0.11811024,0.27905056,0.13869914
12,0.12598425,0.2845776,0.14566013
12,0.13385826,0.29016706,0.15279093
12,0.14173229,0.2957502,0.15982565
12,0.1496063,0.3011807,0.16651157
12,0.15748031,0.30648765,0.17294405
12,0.16535433,0.3119123,0.17944111
12,0.17322835,0.31751212,0.1859192
12,0.18110237,0.3230792,0.19243337
12,0.18897638,0.32806936,0.19832431
12,0.19685039,0.33307815,0.20439737
12,0.20472442,0.3387754,0.21111354
12,0.21259843,0.34427947,0.21724437
12,0.22047244,0.3497934,0.22310007
12,0.22834645,0.3554514,0.22900133
12,0.23622048,0.36138713,0.2348974
12,0.24409449,0.36744037,0.2406341
12,0.2519685,0.3736204,0.24630514
12,0.25984251,0.379876,0.25168484
12,0.26771653,0.38605976,0.25688115
12,0.27559054,0.39230052,0.2616817
12,0.28346458,0.39853367,0.26639953
12,0.2913386,0.40497732,0.27105522
12,0.2992126,0.41142854,0.27552038
12,0.30708662,0.41793367,0.27994627
12,0.31496063,0.42446798,0.28433427
12,0.32283464,0.43076906,0.28867492
12,0.33070865,0.4371284,0.29302028
12,0.33858266,0.4434648,0.29747176
12,0.3464567,0.4499424,0.3020664
12,0.35433072,0.4564571,0.30682212
12,0.36220473,0.46302775,0.311628
12,0.37007874,0.46947774,0.3163455
12,0.37795275,0.47564155,0.32100996
12,0.38582677,0.48187098,0.32572812
12,0.39370078,0.4882091,0.33061138
12,0.4015748,0.49450225,0.33544236
12,0.40944883,0.5008494,0.340321
12,0.41732284,0.5070497,0.34517837
12,0.42519686,0.51334137,0.35012117
12,0.43307087,0.51954234,0.35506487
12,0.44094488,0.52593625,0.36012977
12,0.4488189,0.53234214,0.3652444
12,0.4566929,0.5386624,0.3702499
12,0.46456692,0.54447293,0.37504244
12,0.47244096,0.55025876,0.3798991
12,0.48031497,0.55622643,0.38459662
12,0.48818898,0.56233203,0.38938
12,0.496063,0.5684388,0.39406183
12,0.503937,0.574542,0.39870775
12,0.511811,0.5810363,0.40332466
12,0.51968503,0.5874501,0.40789688
12,0.52755904,0.5938824,0.4123328
12,0.53543305,0.6003164,0.41665456
12,0.54330707,0.60673934,0.4207424
12,0.5511811,0.6133114,0.42483172
12,0.5590551,0.6199128,0.42883262
12,0.56692916,0.6265545,0.43275228
12,0.5748032,0.6332809,0.43658906
12,0.5826772,0.63995624,0.4402607
12,0.5905512,0.6465392,0.44396526
12,0.5984252,0.65315264,0.44757292
12,0.6062992,0.65980875,0.4512368
12,0.61417323,0.6665261,0.4548199
12,0.62204725,0.6731951,0.45832527
12,0.62992126,0.6798872,0.46185794
12,0.63779527,0.6865397,0.46539986
12,0.6456693,0.69324625,0.46897438
12,0.6535433,0.69988984,0.4724458
12,0.6614173,0.7065119,0.47597024
12,0.6692913,0.71323043,0.47953168
12,0.6771653,0.71992683,0.48311344
12,0.68503934,0.72661394,0.48666513
12,0.6929134,0.7332994,0.49028534
12,0.7007874,0.7399913,0.49399525
12,0.70866144,0.7466189,0.49779943
12,0.71653545,0.7532674,0.5015605
12,0.72440946,0.75984174,0.5053521
12,0.7322835,0.7664468,0.50919193
12,0.7401575,0.7729857,0.5131341
12,0.7480315,0.7795615,0.5171371
12,0.7559055,0.78614986,0.5211493
12,0.7637795,0.7926056,0.52516556
12,0.77165353,0.7992004,0.529247
12,0.77952754,0.8056904,0.53337294
12,0.78740156,0.81220883,0.53751224
12,0.79527557,0.81866187,0.5416634
12,0.8031496,0.8252104,0.5458263
12,0.8110236,0.8317034,0.55000216
12,0.81889766,0.8381407,0.5541433
12,0.8267717,0.8446878,0.55839753
12,0.8346457,0.8511739,0.56262356
12,0.8425197,0.85767615,0.5668296
12,0.8503937,0.86419874,0.57110035
12,0.8582677,0.87068105,0.57534474
12,0.86614174,0.87712204,0.5797049
12,0.87401575,0.88361144,0.58401924
12,0.88188976,0.8900485,0.5882847
12,0.8897638,0.89645356,0.592671
12,0.8976378,0.902926,0.597035
12,0.9055118,0.90932864,0.6015205
12,0.9133858,0.9157815,0.60584444
12,0.9212598,0.92216456,0.61029
12,0.92913383,0.92860925,0.6147209
12,0.93700784,0.9349677,0.6191379
12,0.9448819,0.9414809,0.62353545
12,0.9527559,0.9479418,0.6277638
12,0.96062994,0.95440006,0.6321143
12,0.96850395,0.96092314,0.63631195
12,0.97637796,0.96728927,0.6403556
12,0.984252,0.97374105,0.64439297
12,0.992126,0.98042583,0.64848596
12,1.0,0.9873,0.65257144
13,0.0,0.2113,0.067
13,0.007874016,0.21695492,0.07295492
13,0.015748031,0.22261792,0.079060785
13,0.023622047,0.22832005,0.08520576
13,0.031496063,0.23397885,0.09140507
13,0.03937008,0.23958847,0.09752686
13,0.047244094,0.2450723,0.10373113
13,0.05511811,0.25067565,0.10988026
13,0.062992126,0.25625834,0.11623941
13,0.070866145,0.2617367,0.12251696
13,0.07874016,0.2671786,0.12886994
13,0.08661418,0.2726541,0.13539341
13,0.09448819,0.2781315,0.14189655
13,0.10236221,0.2835873,0.14857341
13,0.11023622,0.28908995,0.15527494
13,0.11811024,0.29440174,0.16185962
13,0.12598425,0.29946962,0.16809943
13,0.13385826,0.30459425,0.17427868
13,0.14173229,0.30995417,0.18070088
13,0.1496063,0.31553543,0.18715048
13,0.15748031,0.32106584,0.19337475
13,0.16535433,0.32670346,0.19936061
13,0.17322835,0.33237943,0.2051631
13,0.18110237,0.33827686,0.21074219
13,0.18897638,0.3442405,0.21618849
13,0.19685039,0.3503232,0.221405
13,0.20472442,0.35649088,0.22645351
13,0.21259843,0.36265853,0.2314446
13,0.22047244,0.3688597,0.23625502
13,0.22834645,0.3750402,0.24104016
13,0.23622048,0.38125283,0.24568059
13,0.24409449,0.3875702,0.25033587
13,0.2519685,0.39393806,0.2550256
13,0.25984251,0.40035325,0.2595949
13,0.26771653,0.40680984,0.2642213
13,0.27559054,0.4132039,0.26878852
13,0.28346458,0.4196311,0.27330792
13,0.2913386,0.42601466,0.27779618
13,0.2992126,0.43237025,0.28226683
13,0.30708662,0.4386027,0.2867162
13,0.31496063,0.4449998,0.29115114
13,0.32283464,0.45129466,0.29571047
13,0.33070865,0.45754454,0.30013058
13,0.33858266,0.46384484,0.3047463
13,0.3464567,0.47008663,0.30922747
13,0.35433072,0.47632584,0.3139047
13,0.36220473,0.4825813,0.31855738
13,0.37007874,0.48876008,0.32335344
13,0.37795275,0.4949969,0.32823566
13,0.38582677,0.5011881,0.3330587
13,0.39370078,0.5073293,0.33798662
13,0.4015748,0.5134837,0.34299403
13,0.40944883,0.5196112,0.34793738
13,0.41732284,0.52572066,0.35290346
13,0.42519686,0.53185284,0.35787386
13,0.43307087,0.5380763,0.362819
13,0.44094488,0.54425853,0.36790493
13,0.4488189,0.5504631,0.372827
13,0.4566929,0.5565915,0.37774876
13,0.46456692,0.5627855,0.38262507
13,0.47244096,0.56894916,0.3874637
13,0.48031497,0.57524705,0.39219248
13,0.48818898,0.5814625,0.39696586
13,0.496063,0.5876884,0.40153793
13,0.503937,0.5940368,0.40614316
13,0.511811,0.6003081,0.41064224
13,0.51968503,0.6065618,0.41494521
13,0.52755904,0.61296606,0.41923958
13,0.53543305,0.61941224,0.42352453
13,0.54330707,0.62585354,0.42769718
13,0.5511811,0.63233364,0.43181542
13,0.5590551,0.63894767,0.43596548
13,0.56692916,0.6455106,0.44008392
13,0.5748032,0.6520746,0.44403148
13,0.5826772,0.65870506,0.4479712
13,0.5905512,0.6653061,0.4519559
13,0.5984252,0.67188865,0.45589757
13,0.6062992,0.6785327,0.45975053
13,0.61417323,0.68500626,0.4635645
13,0.62204725,0.6915536,0.4673751
13,0.62992126,0.6980944,0.47118193
13,0.63779527,0.7046293,0.4749853
13,0.6456693,0.7111609,0.47878677
13,0.6535433,0.7176864,0.48258469
13,0.6614173,0.7242058,0.48637906
13,0.6692913,0.73071563,0.49016783
13,0.6771653,0.7373108,0.49408826
13,0.68503934,0.7438344,0.49786624
13,0.6929134,0.75036836,0.5016324
13,0.7007874,0.7569395,0.5055324
13,0.70866144,0.76346684,0.5093599
13,0.71653545,0.7699931,0.5131653
13,0.72440946,0.7765316,0.5170381
13,0.7322835,0.78306025,0.52090114
13,0.7401575,0.7895718,0.5247583
13,0.7480315,0.7961273,0.52865225
13,0.7559055,0.8026372,0.532533
13,0.7637795,0.80907655,0.5363938
13,0.77165353,0.81558716,0.5403799
13,0.77952754,0.8220657,0.54434633
13,0.78740156,0.8285069,0.5482899
13,0.79527557,0.8349411,0.55221146
13,0.8031496,0.8414375,0.55611086
13,0.8110236,0.84789705,0.56013125
13,0.81889766,0.8544193,0.5642725
13,0.8267717,0.8609339,0.5682924
13,0.8346457,0.8674516,0.5724222
13,0.8425197,0.8739673,0.57653075
13,0.8503937,0.88045377,0.58062065
13,0.8582677,0.88701063,0.5846915
13,0.86614174,0.89347374,0.588792
13,0.87401575,0.9000016,0.59292954
13,0.88188976,0.9065175,0.5969632
13,0.8897638,0.91302353,0.60111094
13,0.8976378,0.91951567,0.60515255
13,0.9055118,0.9259893,0.60916
13,0.9133858,0.9325473,0.6131578
13,0.9212598,0.939001,0.61715305
13,0.92913383,0.9455512,0.6210578
13,0.93700784,0.9520025,0.6249968
13,0.9448819,0.9583711,0.62885344
13,0.9527559,0.96493405,0.633151
13,0.96062994,0.9715357,0.6374598
13,0.96850395,0.97805303,0.6415709
13,0.97637796,0.9845702,0.645572
13,0.984252,0.99097955,0.6496721
13,0.992126,0.9974428,0.653717
13,1.0,1.0037,0.6578571
14,0.0,0.198,0.046714287
14,0.007874016,0.20333613,0.052846674
14,0.015748031,0.20873117,0.059064206
14,0.023622047,0.21427347,0.065419815
14,0.031496063,0.21995012,0.07190013
14,0.03937008,0.22563882,0.07839305
14,0.047244094,0.23113221,0.08460758
14,0.05511811,0.23646092,0.090701036
14,0.062992126,0.24164698,0.09709491
14,0.070866145,0.24675685,0.10383321
14,0.07874016,0.25196797,0.11071599
14,0.08661418,0.25718993,0.11731524
14,0.09448819,0.26241797,0.12348328
14,0.10236221,0.26759562,0.1296681
14,0.11023622,0.2727481,0.13613577
14,0.11811024,0.2778191,0.1425189
14,0.12598425,0.28300858,0.14909999
14,0.13385826,0.28842095,0.1557407
14,0.14173229,0.29402983,0.16265455
14,0.1496063,0.29957968,0.16952342
14,0.15748031,0.304838,0.17621596
14,0.16535433,0.31011197,0.18261172
14,0.17322835,0.31546277,0.1887475
14,0.18110237,0.32107648,0.1947622
14,0.18897638,0.32700115,0.20046361
14,0.19685039,0.33303565,0.20586127
14,0.20472442,0.33912632,0.21120694
14,0.21259843,0.34530962,0.21650812
14,0.22047244,0.3514052,0.22163153
14,0.22834645,0.3576285,0.22659267
14,0.23622048,0.36393914,0.2313311
14,0.24409449,0.37033862,0.23592079
14,0.2519685,0.37662736,0.24021745
14,0.25984251,0.38291308,0.24451205
14,0.26771653,0.3891034,0.24866693
14,0.27559054,0.39540783,0.25283143
14,0.28346458,0.401836,0.25714263
14,0.2913386,0.4083075,0.26144537
14,0.2992126,0.41468322,0.26572767
14,0.30708662,0.42097953,0.26998538
14,0.31496063,0.42710963,0.27421775
14,0.32283464,0.43326467,0.2785659
14,0.33070865,0.4394914,0.28300548
14,0.33858266,0.44590178,0.287787
14,0.3464567,0.45215058,0.29256293
14,0.35433072,0.4584349,0.29759338
14,0.36220473,0.46454623,0.3025901
14,0.37007874,0.47066498,0.3076256
14,0.37795275,0.47674194,0.3127668
14,0.38582677,0.482656,0.3177816
14,0.39370078,0.48869038,0.3227777
14,0.4015748,0.49475107,0.32805446
14,0.40944883,0.5007732,0.33338496
14,0.41732284,0.5067838,0.33902735
14,0.42519686,0.51281035,0.3445562
14,0.43307087,0.5186571,0.35023952
14,0.44094488,0.5246347,0.35580876
14,0.4488189,0.5305351,0.36154202
14,0.4566929,0.536462,0.36700842
14,0.46456692,0.5423833,0.3722588
14,0.47244096,0.54818624,0.37732607
14,0.48031497,0.55392003,0.38216624
14,0.48818898,0.55976033,0.3867841
14,0.496063,0.5657856,0.39134684
14,0.503937,0.5719911,0.39574248
14,0.511811,0.57836616,0.40010956
14,0.51968503,0.58499235,0.4044396
14,0.52755904,0.59163517,0.40858364
14,0.53543305,0.5982182,0.41274074
14,0.54330707,0.6047201,0.41672602
14,0.5511811,0.6112543,0.42052895
14,0.5590551,0.61772877,0.42429718
14,0.56692916,0.6241676,0.4277182
14,0.5748032,0.63066226,0.43114594
14,0.5826772,0.63719684,0.43441677
14,0.5905512,0.6437588,0.4375708
14,0.5984252,0.6502971,0.44068825
14,0.6062992,0.65684956,0.44377318
14,0.61417323,0.6634348,0.44682503
14,0.62204725,0.670301,0.44999126
14,0.62992126,0.67711335,0.45313057
14,0.63779527,0.6839721,0.4563881
14,0.6456693,0.69092554,0.45972645
14,0.6535433,0.69772923,0.46297202
14,0.6614173,0.7044226,0.46629718
14,0.6692913,0.7110568,0.46962592
14,0.6771653,0.7175272,0.4730322
14,0.68503934,0.72393864,0.47646376
14,0.6929134,0.7302952,0.47983605
14,0.7007874,0.7366329,0.4833212
14,0.70866144,0.7429828,0.4868293
14,0.71653545,0.74947435,0.49039584
14,0.72440946,0.7559332,0.49392346
14,0.7322835,0.76251096,0.49769506
14,0.7401575,0.76909554,0.5013117
14,0.7480315,0.77575505,0.5051248
14,0.7559055,0.7822583,0.5088928
14,0.7637795,0.7888505,0.51275027
14,0.77165353,0.7953598,0.51656497
14,0.77952754,0.80189663,0.52041465
14,0.78740156,0.8083664,0.5242657
14,0.79527557,0.81488407,0.52807957
14,0.8031496,0.8214965,0.53198284
14,0.8110236,0.8280474,0.5357523
14,0.81889766,0.83465147,0.5395272
14,0.8267717,0.84121186,0.54333043
14,0.8346457,0.84781134,0.5471381
14,0.8425197,0.8543619,0.551007
14,0.8503937,0.8608767,0.5547409
14,0.8582677,0.867457,0.5585975
14,0.86614174,0.8740094,0.56251866
14,0.87401575,0.88054055,0.5664084
14,0.88188976,0.88705313,0.5703554
14,0.8897638,0.89355874,0.57432383
14,0.8976378,0.9000608,0.5783126
14,0.9055118,0.906562,0.5823609
14,0.9133858,0.9131223,0.58641
14,0.9212598,0.9196723,0.5904626
14,0.92913383,0.92618537,0.59451836
14,0.93700784,0.93280196,0.5985763
14,0.9448819,0.9393211,0.60263586
14,0.9527559,0.94584304,0.60669714
14,0.96062994,0.95210767,0.6106738
14,0.96850395,0.9584698,0.6146837
14,0.97637796,0.96474034,0.6186156
14,0.984252,0.97104776,0.6226838
14,0.992126,0.97736704,0.626766
14,1.0,0.9837,0.63085717
15,0.0,0.4684,0.05014286
15,0.007874016,0.47188506,0.05725369
15,0.015748031,0.475255,0.06458367
15,0.023622047,0.47849277,0.071759276
15,0.031496063,0.481719,0.079107754
15,0.03937008,0.48480368,0.08672481
15,0.047244094,0.48772165,0.094633326
15,0.05511811,0.49019927,0.102211915
15,0.062992126,0.49215326,0.10958384
15,0.070866145,0.49365273,0.11744416
15,0.07874016,0.49477994,0.1257994
15,0.08661418,0.49571198,0.13410264
15,0.09448819,0.49651125,0.14209643
15,0.10236221,0.49744204,0.1500745
15,0.11023622,0.49848896,0.15888959
15,0.11811024,0.4992,0.16704416
15,0.12598425,0.49961516,0.17543723
15,0.13385826,0.5006301,0.18384318
15,0.14173229,0.50176287,0.19239612
15,0.1496063,0.5023,0.2009941
15,0.15748031,0.503,0.20929974
15,0.16535433,0.504067,0.21685854
15,0.17322835,0.5049,0.22422945
15,0.18110237,0.50586545,0.23251176
15,0.18897638,0.50700647,0.24061297
15,0.19685039,0.50841963,0.24885452
15,0.20472442,0.5098239,0.25713664
15,0.21259843,0.51135933,0.265482
15,0.22047244,0.5128282,0.27356935
15,0.22834645,0.5143455,0.28165618
15,0.23622048,0.51586246,0.2896428
15,0.24409449,0.5173057,0.29788306
15,0.2519685,0.5188859,0.30627164
15,0.25984251,0.52049893,0.31487986
15,0.26771653,0.52201366,0.32335597
15,0.27559054,0.5236015,0.3316018
15,0.28346458,0.5252265,0.33979338
15,0.2913386,0.526881,0.34796166
15,0.2992126,0.5285657,0.3561851
15,0.30708662,0.53017586,0.3645765
15,0.31496063,0.5316778,0.37287313
15,0.32283464,0.53296673,0.38104782
15,0.33070865,0.5341116,0.3890828
15,0.33858266,0.53515744,0.3970913
15,0.3464567,0.53592163,0.4050634
15,0.35433072,0.5365843,0.41333652
15,0.36220473,0.53714794,0.4217531
15,0.37007874,0.537605,0.4303644
15,0.37795275,0.5379,0.43901584
15,0.38582677,0.5379,0.44770697
15,0.39370078,0.5378,0.45639533
15,0.4015748,0.53743005,0.46486366
15,0.40944883,0.53680044,0.4732788
15,0.41732284,0.53584474,0.48172006
15,0.42519686,0.53476125,0.49001506
15,0.43307087,0.5334399,0.49832097
15,0.44094488,0.5318593,0.50649905
15,0.4488189,0.53004557,0.5146618
15,0.4566929,0.5280976,0.52263385
15,0.46456692,0.52597255,0.5304602
15,0.47244096,0.5237329,0.53810185
15,0.48031497,0.5212527,0.54565805
15,0.48818898,0.51853234,0.5529837
15,0.496063,0.5156927,0.56026477
15,0.503937,0.5126334,0.5673887
15,0.511811,0.509257,0.57435346
15,0.51968503,0.5056662,0.581307
15,0.52755904,0.50196767,0.58814114
15,0.53543305,0.4979806,0.59466183
15,0.54330707,0.4940542,0.600882
15,0.5511811,0.4899843,0.6068796
15,0.5590551,0.48587966,0.6126324
15,0.56692916,0.48164156,0.618045
15,0.5748032,0.477447,0.62343657
15,0.5826772,0.47305712,0.62869817
15,0.5905512,0.46845976,0.6341431
15,0.5984252,0.4638152,0.6396958
15,0.6062992,0.45919544,0.64509094
15,0.61417323,0.45447254,0.6505079
15,0.62204725,0.44985312,0.6557964
15,0.62992126,0.4452158,0.6611314
15,0.63779527,0.44058836,0.6663276
15,0.6456693,0.43602484,0.67149675
15,0.6535433,0.4313551,0.67658937
15,0.6614173,0.42663035,0.6816808
15,0.6692913,0.42183435,0.6867218
15,0.6771653,0.4170825,0.691857
15,0.68503934,0.41233787,0.6969476
15,0.6929134,0.40756044,0.70205045
15,0.7007874,0.40292877,0.7073405
15,0.70866144,0.39824092,0.7125816
15,0.71653545,0.3936424,0.7179245
15,0.72440946,0.38913092,0.72337544
15,0.7322835,0.3846589,0.7289105
15,0.7401575,0.38032597,0.7345377
15,0.7480315,0.37603447,0.7403166
15,0.7559055,0.3718858,0.74611026
15,0.7637795,0.3677078,0.7520292
15,0.77165353,0.36373416,0.75800097
15,0.77952754,0.35970366,0.7640079
15,0.78740156,0.35581613,0.77021855
15,0.79527557,0.3518939,0.77650297
15,0.8031496,0.34800115,0.7828683
15,0.8110236,0.34417874,0.78936946
15,0.81889766,0.34033334,0.7959002
15,0.8267717,0.33653122,0.8025946
15,0.8346457,0.33277366,0.80930763
15,0.8425197,0.32908893,0.81611633
15,0.8503937,0.32537222,0.8230208
15,0.8582677,0.3218701,0.8299741
15,0.86614174,0.31838503,0.8367442
15,0.87401575,0.31502587,0.8436321
15,0.88188976,0.3116913,0.85053945
15,0.8897638,0.3083806,0.8573973
15,0.8976378,0.3051916,0.8642323
15,0.9055118,0.3020009,0.8712386
15,0.9133858,0.29876554,0.87835956
15,0.9212598,0.29562357,0.8854696
15,0.92913383,0.29248387,0.8927714
15,0.93700784,0.28935733,0.9000975
15,0.9448819,0.2862281,0.9074512
15,0.9527559,0.283181,0.91492534
15,0.96062994,0.28004223,0.9223914
15,0.96850395,0.27701464,0.9299035
15,0.97637796,0.27399746,0.937352
15,0.984252,0.27099016,0.94470865
15,0.992126,0.26803413,0.95200586
15,1.0,0.2651,0.95928574
16,0.0,0.7859,0.6021429
16,0.007874016,0.78332245,0.60077256
16,0.015748031,0.77889216,0.5983098
16,0.023622047,0.77417034,0.5959206
16,0.031496063,0.7690197,0.59351057
16,0.03937008,0.76401144,0.5911483
16,0.047244094,0.759161,0.5888404
16,0.05511811,0.754296,0.58665544
16,0.062992126,0.7494981,0.58441484
16,0.070866145,0.7446483,0.58238244
16,0.07874016,0.7397222,0.58025795
16,0.08661418,0.73477983,0.5782761
16,0.09448819,0.72980773,0.5761099
16,0.10236221,0.72497797,0.5739207
16,0.11023622,0.7200722,0.5716534
16,0.11811024,0.7153141,0.56957644
16,0.12598425,0.7106456,0.56758773
16,0.13385826,0.70611095,0.56578964
16,0.14173229,0.70150286,0.5641551
16,0.1496063,0.6967116,0.56249833
16,0.15748031,0.691664,0.5610094
16,0.16535433,0.6866086,0.55971676
16,0.17322835,0.6814704,0.558459
16,0.18110237,0.6763594,0.5572755
16,0.18897638,0.6712661,0.5561091
16,0.19685039,0.66616213,0.5549768
16,0.20472442,0.6611229,0.55398774
16,0.21259843,0.6559475,0.5531504
16,0.22047244,0.6509124,0.5524464
16,0.22834645,0.645925,0.5520357
16,0.23622048,0.64092356,0.5517717
16,0.24409449,0.6359583,0.55177313
16,0.2519685,0.63105154,0.55202764
16,0.25984251,0.62610894,0.5524199
16,0.26771653,0.62114656,0.5528974
16,0.27559054,0.6161364,0.55351335
16,0.28346458,0.61118895,0.55425733
16,0.2913386,0.60620874,0.555191
16,0.2992126,0.601323,0.55625796
16,0.30708662,0.5963642,0.55749595
16,0.31496063,0.5914234,0.55900043
16,0.32283464,0.5866156,0.560777
16,0.33070865,0.581701,0.5626662
16,0.33858266,0.57679737,0.5647804
16,0.3464567,0.5718256,0.56714416
16,0.35433072,0.5670034,0.5696216
16,0.36220473,0.5621659,0.57211083
16,0.37007874,0.5573975,0.5746963
16,0.37795275,0.55269665,0.57738507
16,0.38582677,0.548063,0.5800346
16,0.39370078,0.5434895,0.5827211
16,0.4015748,0.5389194,0.5854476
16,0.40944883,0.53435636,0.58828175
16,0.41732284,0.529803,0.59122443
16,0.42519686,0.525255,0.5941901
16,0.43307087,0.52066046,0.59734136
16,0.44094488,0.51612025,0.6004855
16,0.4488189,0.51162565,0.603701
16,0.4566929,0.50700897,0.6069996
16,0.46456692,0.5025456,0.61037755
16,0.47244096,0.49803117,0.61373115
16,0.48031497,0.4935301,0.6172406
16,0.48818898,0.4890359,0.62063986
16,0.496063,0.4845593,0.6241522
16,0.503937,0.4800877,0.6276384
16,0.511811,0.47562498,0.63124454
16,0.51968503,0.4711515,0.6348331
16,0.52755904,0.4667914,0.63836974
16,0.53543305,0.46235567,0.6421684
16,0.54330707,0.45793635,0.6458362
16,0.5511811,0.45353407,0.6495818
16,0.5590551,0.44924492,0.65342206
16,0.56692916,0.4449905,0.65741444
16,0.5748032,0.44079044,0.66138643
16,0.5826772,0.4365978,0.66537344
16,0.5905512,0.432409,0.6695284
16,0.5984252,0.428319,0.67372966
16,0.6062992,0.42420456,0.677888
16,0.61417323,0.4201926,0.6821865
16,0.62204725,0.41609105,0.6866154
16,0.62992126,0.41209,0.6909934
16,0.63779527,0.40812883,0.6953635
16,0.6456693,0.40421632,0.69986844
16,0.6535433,0.40030155,0.70436466
16,0.6614173,0.396474,0.70888805
16,0.6692913,0.3926076,0.71346927
16,0.6771653,0.388823,0.71815777
16,0.68503934,0.38514787,0.7228754
16,0.6929134,0.38138297,0.7277862
16,0.7007874,0.3776731,0.73275274
16,0.70866144,0.37399158,0.73786914
16,0.71653545,0.37042907,0.7429585
16,0.72440946,0.3669175,0.74806786
16,0.7322835,0.36346203,0.75332946
16,0.7401575,0.36011642,0.75855255
16,0.7480315,0.3568107,0.763896
16,0.7559055,0.35361177,0.7692665
16,0.7637795,0.35044336,0.7746027
16,0.77165353,0.3472694,0.780019
16,0.77952754,0.3441578,0.7855208
16,0.78740156,0.34102136,0.7911174
16,0.79527557,0.33783075,0.79684144
16,0.8031496,0.3347245,0.80270994
16,0.8110236,0.33155167,0.80861586
16,0.81889766,0.32846907,0.81466186
16,0.8267717,0.32531577,0.8207444
16,0.8346457,0.32225594,0.826831
16,0.8425197,0.3192682,0.83280647
16,0.8503937,0.31638566,0.8388809
16,0.8582677,0.31347737,0.844807
16,0.86614174,0.31076822,0.8508113
16,0.87401575,0.3080367,0.85668033
16,0.88188976,0.30541885,0.8626074
16,0.8897638,0.3028138,0.86846036
16,0.8976378,0.30022088,0.8743346
16,0.9055118,0.297647,0.88023
16,0.9133858,0.29516476,0.8861525
16,0.9212598,0.29259863,0.89219373
16,0.92913383,0.2900371,0.8983453
16,0.93700784,0.28747872,0.90463966
16,0.9448819,0.28482503,0.9109225
16,0.9527559,0.28221464,0.9172806
16,0.96062994,0.27953264,0.92373854
16,0.96850395,0.2768611,0.9303041
16,0.97637796,0.27420074,0.9368253
16,0.984252,0.27155298,0.943252
16,0.992126,0.2689192,0.94978696
16,1.0,0.2663,0.95614284
17,0.0,0.9898,0.731
17,0.007874016,0.98421144,0.7274923
17,0.015748031,0.9787533,0.7240019
17,0.023622047,0.9731983,0.720523
17,0.031496063,0.9676668,0.71711916
17,0.03937008,0.96223736,0.71374094
17,0.047244094,0.95675933,0.7103281
17,0.05511811,0.95111686,0.7068692
17,0.062992126,0.94544154,0.7034132
17,0.070866145,0.93994796,0.70003426
17,0.07874016,0.93442714,0.6965472
17,0.08661418,0.92882097,0.69307405
17,0.09448819,0.9232237,0.68958837
17,0.10236221,0.9176484,0.68603456
17,0.11023622,0.9122869,0.68256205
17,0.11811024,0.9069488,0.6791319
17,0.12598425,0.90157086,0.6755944
17,0.13385826,0.8960073,0.67198604
17,0.14173229,0.8903825,0.66829187
17,0.1496063,0.8847665,0.66461897
17,0.15748031,0.879177,0.66112643
17,0.16535433,0.8737695,0.6576211
17,0.17322835,0.86820656,0.6539857
17,0.18110237,0.86263436,0.650477
17,0.18897638,0.85700876,0.64694417
17,0.19685039,0.85152185,0.6435032
17,0.20472442,0.84606135,0.6401152
17,0.21259843,0.8405815,0.63668257
17,0.22047244,0.83509654,0.63340604
17,0.22834645,0.8295079,0.6299028
17,0.23622048,0.823935,0.62661326
17,0.24409449,0.8183986,0.62324923
17,0.2519685,0.81290305,0.6198052
17,0.25984251,0.80732685,0.6164251
17,0.26771653,0.80175894,0.613103
17,0.27559054,0.79617685,0.609684
17,0.28346458,0.790505,0.60638416
17,0.2913386,0.7849155,0.603055
17,0.2992126,0.77940965,0.5998623
17,0.30708662,0.7739853,0.5967549
17,0.31496063,0.76855385,0.5936691
17,0.32283464,0.7629857,0.59059185
17,0.33070865,0.7573102,0.5874209
17,0.33858266,0.7514997,0.58425957
17,0.3464567,0.7456644,0.5810938
17,0.35433072,0.7397434,0.5780615
17,0.36220473,0.73390603,0.57515895
17,0.37007874,0.72830206,0.57254624
17,0.37795275,0.7226707,0.5699977
17,0.38582677,0.7168086,0.56764597
17,0.39370078,0.7108962,0.5653201
17,0.4015748,0.7050661,0.56313074
17,0.40944883,0.6992,0.56121427
17,0.41732284,0.69320834,0.559276
17,0.42519686,0.6873177,0.5573942
17,0.43307087,0.6813304,0.5557222
17,0.44094488,0.67529,0.5542961
17,0.4488189,0.669267,0.552962
17,0.4566929,0.66327304,0.5518533
17,0.46456692,0.65730417,0.551
17,0.47244096,0.6512919,0.55042857
17,0.48031497,0.6452504,0.5501429
17,0.48818898,0.63917387,0.55
17,0.496063,0.63296324,0.5502857
17,0.503937,0.62733984,0.5507266
17,0.511811,0.6218487,0.55164313
17,0.51968503,0.6160564,0.5528013
17,0.52755904,0.6099147,0.5543763
17,0.53543305,0.60404235,0.556139
17,0.54330707,0.5982188,0.5582062
17,0.5511811,0.59250593,0.5605301
17,0.5590551,0.58683205,0.5631262
17,0.56692916,0.581115,0.5660982
17,0.5748032,0.57546455,0.5693641
17,0.5826772,0.56985307,0.57292104
17,0.5905512,0.56424534,0.5764866
17,0.5984252,0.5587292,0.5803363
17,0.6062992,0.5533117,0.58425474
17,0.61417323,0.5479864,0.58815396
17,0.62204725,0.5426394,0.5921515
17,0.62992126,0.5373882,0.5962227
17,0.63779527,0.53202224,0.60049206
17,0.6456693,0.52660394,0.6047208
17,0.6535433,0.521233,0.60890496
17,0.6614173,0.5158395,0.6130556
17,0.6692913,0.51044565,0.61718166
17,0.6771653,0.50500196,0.6211509
17,0.68503934,0.499638,0.6249729
17,0.6929134,0.49419427,0.6286419
17,0.7007874,0.4887356,0.63211167
17,0.70866144,0.48317483,0.6355849
17,0.71653545,0.47750345,0.6387836
17,0.72440946,0.47182137,0.6418457
17,0.7322835,0.46608117,0.64455575
17,0.7401575,0.460328,0.64713037
17,0.7480315,0.45446438,0.6492809
17,0.7559055,0.44858336,0.6512902
17,0.7637795,0.44267845,0.6529466
17,0.77165353,0.43665302,0.65431195
17,0.77952754,0.43066898,0.6553329
17,0.78740156,0.42453635,0.6561818
17,0.79527557,0.41842744,0.6567036
17,0.8031496,0.4122873,0.65685713
17,0.8110236,0.4061502,0.65671426
17,0.81889766,0.4001906,0.65624917
17,0.8267717,0.39421156,0.6555165
17,0.8346457,0.38826773,0.6543653
17,0.8425197,0.38231233,0.6528507
17,0.8503937,0.37646312,0.65104276
17,0.8582677,0.37064862,0.64877963
17,0.86614174,0.3648233,0.64610636
17,0.87401575,0.35906768,0.64309984
17,0.88188976,0.35357535,0.63969666
17,0.8897638,0.3482875,0.6358993
17,0.8976378,0.34314418,0.6318786
17,0.9055118,0.33802682,0.6273554
17,0.9133858,0.3330587,0.6225256
17,0.9212598,0.3282653,0.61725104
17,0.92913383,0.32357752,0.61168575
17,0.93700784,0.3190739,0.60596687
17,0.9448819,0.31476018,0.599936
17,0.9527559,0.31062424,0.5935925
17,0.96062994,0.30677718,0.5869172
17,0.96850395,0.30312452,0.5800108
17,0.97637796,0.29979253,0.57280105
17,0.984252,0.29673553,0.5654179
17,0.992126,0.293823,0.5580071
17,1.0,0.291,0.5502857
18,0.0,0.2143,0.94371426
18,0.007874016,0.21805987,0.9316353
18,0.015748031,0.22181976,0.9195563
18,0.023622047,0.22547965,0.9075441
18,0.031496063,0.22923951,0.89554125
18,0.03937008,0.23308823,0.8834622
18,0.047244094,0.23685928,0.87138325
18,0.05511811,0.2407168,0.85931176
18,0.062992126,0.24457103,0.8473936
18,0.070866145,0.24842377,0.8353372
18,0.07874016,0.25227067,0.82344234
18,0.08661418,0.25611037,0.8114274
18,0.09448819,0.2598408,0.79944193
18,0.10236221,0.26355967,0.78735024
18,0.11023622,0.26706713,0.7751095
18,0.11811024,0.2705207,0.7627974
18,0.12598425,0.27378908,0.7504715
18,0.13385826,0.2767853,0.7380629
18,0.14173229,0.27955228,0.7255833
18,0.1496063,0.28205335,0.7129221
18,0.15748031,0.2841753,0.7002695
18,0.16535433,0.28598726,0.68739486
18,0.17322835,0.2874029,0.67430145
18,0.18110237,0.28843534,0.6611087
18,0.18897638,0.28909722,0.6478134
18,0.19685039,0.2895,0.6345092
18,0.20472442,0.289649,0.6211064
18,0.21259843,0.2896,0.60785997
18,0.22047244,0.2894007,0.5944537
18,0.22834645,0.2892,0.5812695
18,0.23622048,0.288947,0.56810635
18,0.24409449,0.2887,0.55504006
18,0.2519685,0.2885,0.5418145
18,0.25984251,0.2884,0.528649
18,0.26771653,0.2885,0.51526093
18,0.27559054,0.2887733,0.5020198
18,0.28346458,0.28926596,0.48873842
18,0.2913386,0.29012588,0.47550324
18,0.2992126,0.29135808,0.4624515
18,0.30708662,0.29295427,0.44948742
18,0.31496063,0.29500958,0.43671113
18,0.32283464,0.29757786,0.42423776
18,0.33070865,0.30061707,0.41186756
18,0.33858266,0.30420798,0.39973658
18,0.3464567,0.30840483,0.38807902
18,0.35433072,0.31311107,0.37676197
18,0.36220473,0.31845918,0.3659334
18,0.37007874,0.32425714,0.35572657
18,0.37795275,0.33057448,0.34608775
18,0.38582677,0.33737653,0.3373237
18,0.39370078,0.34448746,0.3292406
18,0.4015748,0.35207996,0.32204065
18,0.40944883,0.3602263,0.3154651
18,0.41732284,0.36864403,0.30973876
18,0.42519686,0.37735692,0.3049964
18,0.43307087,0.3862193,0.3012652
18,0.44094488,0.39531437,0.29827505
18,0.4488189,0.4044915,0.29619795
18,0.4566929,0.41381466,0.29507652
18,0.46456692,0.42312258,0.29491445
18,0.47244096,0.43229374,0.29567003
18,0.48031497,0.44137505,0.29745343
18,0.48818898,0.4503205,0.30002615
18,0.496063,0.45907244,0.303455
18,0.503937,0.46777087,0.3076602
18,0.511811,0.47628117,0.312502
18,0.51968503,0.48468563,0.31806117
18,0.52755904,0.49276516,0.32405078
18,0.53543305,0.50079745,0.3305828
18,0.54330707,0.50866944,0.3374947
18,0.5511811,0.5164725,0.34454644
18,0.5590551,0.52426493,0.3517733
18,0.56692916,0.5319209,0.35894892
18,0.5748032,0.5396526,0.36614835
18,0.5826772,0.54741204,0.37319058
18,0.5905512,0.55528754,0.38012716
18,0.5984252,0.5632829,0.38682634
18,0.6062992,0.57146156,0.39328924
18,0.61417323,0.5796616,0.3994726
18,0.62204725,0.5878773,0.4053071
18,0.62992126,0.5962519,0.41092458
18,0.63779527,0.6046398,0.4163904
18,0.6456693,0.61310506,0.42159495
18,0.6535433,0.6216756,0.42673928
18,0.6614173,0.63026947,0.4318194
18,0.6692913,0.6387597,0.43669537
18,0.6771653,0.6472989,0.44144702
18,0.68503934,0.6558779,0.4462265
18,0.6929134,0.66447324,0.45097598
18,0.7007874,0.6731452,0.45562866
18,0.70866144,0.68182755,0.46037468
18,0.71653545,0.6905172,0.46521226
18,0.72440946,0.6991509,0.46988147
18,0.7322835,0.7078212,0.4746006
18,0.7401575,0.71642756,0.47944334
18,0.7480315,0.7249798,0.48427004
18,0.7559055,0.733609,0.4891263
18,0.7637795,0.74217427,0.49408942
18,0.77165353,0.7507851,0.49902192
18,0.77952754,0.75934136,0.50413764
18,0.78740156,0.76785403,0.5092335
18,0.79527557,0.77647233,0.51438594
18,0.8031496,0.7850539,0.51965165
18,0.8110236,0.79350567,0.5248985
18,0.81889766,0.80213195,0.5301294
18,0.8267717,0.81063926,0.53549117
18,0.8346457,0.8191322,0.54084384
18,0.8425197,0.8276153,0.5461903
18,0.8503937,0.83609223,0.5515329
18,0.8582677,0.84446526,0.5568731
18,0.86614174,0.852934,0.5622105
18,0.87401575,0.86130273,0.567548
18,0.88188976,0.8697715,0.5728854
18,0.8897638,0.87823933,0.57836515
18,0.8976378,0.8865963,0.5836952
18,0.9055118,0.8950414,0.5890177
18,0.9133858,0.90348667,0.5944832
18,0.9212598,0.911928,0.5998033
18,0.92913383,0.9202425,0.6052484
18,0.93700784,0.92866045,0.6105905
18,0.9448819,0.93716174,0.6160648
18,0.9527559,0.945612,0.62147814
18,0.96062994,0.95384073,0.6268425
18,0.96850395,0.9621079,0.63214785
18,0.97637796,0.97079825,0.63772905
18,0.984252,0.9795629,0.6431405
18,0.992126,0.9880829,0.64835685
18,1.0,0.9966,0.65342855
19,0.0,0.2065,0.9522857
19,0.007874016,0.20900144,0.944174
19,0.015748031,0.211531,0.9359114
19,0.023622047,0.21411566,0.9276695
19,0.031496063,0.21670824,0.91940504
19,0.03937008,0.21922112,0.9113106
19,0.047244094,0.22176166,0.90339524
19,0.05511811,0.22432598,0.89546007
19,0.062992126,0.22683005,0.8873427
19,0.070866145,0.22938408,0.87921107
19,0.07874016,0.23194431,0.8710958
19,0.08661418,0.23447183,0.8628149
19,0.09448819,0.23694856,0.8550748
19,0.10236221,0.23939337,0.8473936
19,0.11023622,0.24209364,0.83909416
19,0.11811024,0.24463876,0.83126247
19,0.12598425,0.24718542,0.8236131
19,0.13385826,0.24981147,0.8158189
19,0.14173229,0.25246203,0.80782276
19,0.1496063,0.25526562,0.7994319
19,0.15748031,0.25814053,0.79088414
19,0.16535433,0.26092753,0.7824829
19,0.17322835,0.26357415,0.7743596
19,0.18110237,0.26615226,0.76656497
19,0.18897638,0.2686844,0.75861603
19,0.19685039,0.27118802,0.75056946
19,0.20472442,0.27376312,0.74230653
19,0.21259843,0.27615207,0.7342074
19,0.22047244,0.27821308,0.7265775
19,0.22834645,0.280017,0.71876013
19,0.23622048,0.28174403,0.71038264
19,0.24409449,0.28324553,0.70157105
19,0.2519685,0.28455153,0.69284415
19,0.25984251,0.28565508,0.6842027
19,0.26771653,0.28649315,0.6754922
19,0.27559054,0.28723755,0.6666773
19,0.28346458,0.2877547,0.65797067
19,0.2913386,0.28815165,0.64910537
19,0.2992126,0.2884,0.6400931
19,0.30708662,0.2885,0.63107073
19,0.31496063,0.2885,0.6221082
19,0.32283464,0.2884,0.6131014
19,0.33070865,0.28826717,0.60410875
19,0.33858266,0.28803706,0.59514916
19,0.3464567,0.2878,0.5863474
19,0.35433072,0.2874869,0.5775275
19,0.36220473,0.28707862,0.56867445
19,0.37007874,0.2866676,0.5598846
19,0.37795275,0.2862601,0.5510028
19,0.38582677,0.28581238,0.54203403
19,0.39370078,0.2853115,0.5331009
19,0.4015748,0.28481698,0.52432626
19,0.40944883,0.2842286,0.51544917
19,0.41732284,0.28374517,0.5066059
19,0.42519686,0.28316668,0.49776208
19,0.43307087,0.28259218,0.48887688
19,0.44094488,0.28192148,0.48005173
19,0.4488189,0.2813544,0.47128326
19,0.4566929,0.28069055,0.46242273
19,0.46456692,0.27999395,0.45355275
19,0.47244096,0.2792556,0.44467786
19,0.48031497,0.27842015,0.43579203
19,0.48818898,0.27758688,0.427053
19,0.496063,0.27665478,0.41819283
19,0.503937,0.27569735,0.4093364
19,0.511811,0.27458927,0.4006299
19,0.51968503,0.2734027,0.39193115
19,0.52755904,0.27217638,0.38324296
19,0.53543305,0.27080777,0.3747074
19,0.54330707,0.26935437,0.36618957
19,0.5511811,0.26770672,0.35770196
19,0.5590551,0.2660103,0.34925044
19,0.56692916,0.26420692,0.3408473
19,0.5748032,0.26221734,0.3325065
19,0.5826772,0.26007882,0.32423824
19,0.5905512,0.25782755,0.31604853
19,0.5984252,0.25546464,0.30794
19,0.6062992,0.25297284,0.29977182
19,0.61417323,0.25030097,0.2916888
19,0.62204725,0.24759239,0.28378445
19,0.62992126,0.24470589,0.27592018
19,0.63779527,0.2417178,0.2680942
19,0.6456693,0.23854755,0.2604886
19,0.6535433,0.23531832,0.2529595
19,0.6614173,0.2319322,0.24550085
19,0.6692913,0.22844148,0.23816867
19,0.6771653,0.22480589,0.23094016
19,0.68503934,0.22104144,0.22384556
19,0.6929134,0.21716787,0.2169937
19,0.7007874,0.21323784,0.21016443
19,0.70866144,0.20913394,0.20347208
19,0.71653545,0.20491649,0.19697969
19,0.72440946,0.2006381,0.19062586
19,0.7322835,0.19621854,0.18442516
19,0.7401575,0.19179551,0.17827992
19,0.7480315,0.18719508,0.17233378
19,0.7559055,0.18253744,0.1665858
19,0.7637795,0.17787379,0.1608265
19,0.77165353,0.17309327,0.15521292
19,0.77952754,0.1682871,0.14969285
19,0.78740156,0.16331136,0.14429788
19,0.79527557,0.15836295,0.13899602
19,0.8031496,0.15337318,0.13388252
19,0.8110236,0.14832321,0.12869816
19,0.81889766,0.143225,0.12369999
19,0.8267717,0.13798857,0.118741035
19,0.8346457,0.13279228,0.11383433
19,0.8425197,0.12764461,0.10897134
19,0.8503937,0.12234077,0.104181685
19,0.8582677,0.117078006,0.09940763
19,0.86614174,0.11179802,0.09467165
19,0.87401575,0.10642878,0.08997541
19,0.88188976,0.101169504,0.08531778
19,0.8897638,0.09581309,0.080695696
19,0.8976378,0.09056472,0.07611158
19,0.9055118,0.08527577,0.07142186
19,0.9133858,0.08002778,0.06691133
19,0.9212598,0.074715585,0.062289685
19,0.92913383,0.06951218,0.05780626
19,0.93700784,0.06428384,0.053129006
19,0.9448819,0.05897294,0.048465993
19,0.9527559,0.053625602,0.043819655
19,0.96062994,0.048273727,0.03904612
19,0.96850395,0.042839486,0.034145173
19,0.97637796,0.037423987,0.029403493
19,0.984252,0.032026794,0.02453498
19,0.992126,0.026652569,0.01968658
19,1.0,0.0213,0.014857143
20,0.0,0.4826,0.055714287
20,0.007874016,0.48473307,0.06316536
20,0.015748031,0.48666945,0.070632905
20,0.023622047,0.48846698,0.078128025
20,0.031496063,0.49014828,0.08580293
20,0.03937008,0.49163976,0.09348446
20,0.047244094,0.49313858,0.10112154
20,0.05511811,0.4944653,0.108897835
20,0.062992126,0.49581262,0.116554774
20,0.070866145,0.4969235,0.124403276
20,0.07874016,0.49796674,0.13228603
20,0.08661418,0.4988801,0.14008655
20,0.09448819,0.49955535,0.14798209
20,0.10236221,0.50016826,0.15601349
20,0.11023622,0.5006,0.16401592
20,0.11811024,0.501,0.1721029
20,0.12598425,0.5013245,0.1798541
20,0.13385826,0.5017,0.18794759
20,0.14173229,0.502,0.19581442
20,0.1496063,0.5021,0.20203972
20,0.15748031,0.5023,0.21029845
20,0.16535433,0.503,0.21739359
20,0.17322835,0.5038934,0.2254002
20,0.18110237,0.5048991,0.23299333
20,0.18897638,0.5059542,0.24075031
20,0.19685039,0.5072206,0.24860312
20,0.20472442,0.5086407,0.25637543
20,0.21259843,0.5102387,0.2638801
20,0.22047244,0.51202065,0.2713594
20,0.22834645,0.51402646,0.2788087
20,0.23622048,0.5162596,0.28617027
20,0.24409449,0.5185731,0.29320893
20,0.2519685,0.5210549,0.30014393
20,0.25984251,0.52368087,0.30720192
20,0.26771653,0.526516,0.31417724
20,0.27559054,0.5294829,0.3211746
20,0.28346458,0.53255254,0.32801476
20,0.2913386,0.5357557,0.33468634
20,0.2992126,0.53907603,0.3412877
20,0.30708662,0.54257107,0.3477657
20,0.31496063,0.5461655,0.354103
20,0.32283464,0.5498244,0.3601384
20,0.33070865,0.553698,0.36591116
20,0.33858266,0.55759895,0.37141418
20,0.3464567,0.5617623,0.37671697
20,0.35433072,0.56597716,0.38167462
20,0.36220473,0.5702939,0.38645774
20,0.37007874,0.5748353,0.3909384
20,0.37795275,0.5793952,0.39527047
20,0.38582677,0.58409446,0.39925885
20,0.39370078,0.5888834,0.4031701
20,0.4015748,0.5937424,0.4068509
20,0.40944883,0.598651,0.4103483
20,0.41732284,0.60361814,0.41380256
20,0.42519686,0.6086866,0.41703627
20,0.43307087,0.6138777,0.42033982
20,0.44094488,0.6190289,0.42342877
20,0.4488189,0.62427187,0.42645404
20,0.4566929,0.6294509,0.42927432
20,0.46456692,0.63462096,0.43218398
20,0.47244096,0.63985425,0.4350436
20,0.48031497,0.64510435,0.4377167
20,0.48818898,0.6502756,0.4404909
20,0.496063,0.6555833,0.44323182
20,0.503937,0.66085094,0.44593975
20,0.511811,0.6661038,0.44874504
20,0.51968503,0.67139554,0.45140493
20,0.52755904,0.6767271,0.45416358
20,0.53543305,0.68190074,0.45685756
20,0.54330707,0.6870498,0.45949647
20,0.5511811,0.6922658,0.46224672
20,0.5590551,0.69742775,0.46496746
20,0.56692916,0.70263845,0.46780324
20,0.5748032,0.7078952,0.4704668
20,0.5826772,0.7130727,0.4733477
20,0.5905512,0.71826035,0.47613522
20,0.5984252,0.7234923,0.47899604
20,0.6062992,0.728757,0.48180827
20,0.61417323,0.7339102,0.48465788
20,0.62204725,0.7391551,0.4874738
20,0.62992126,0.74434185,0.49040228
20,0.63779527,0.74952596,0.49315736
20,0.6456693,0.7546535,0.49602368
20,0.6535433,0.759826,0.49892297
20,0.6614173,0.76500833,0.50180805
20,0.6692913,0.77019286,0.5046981
20,0.6771653,0.7753254,0.5076104
20,0.68503934,0.7805135,0.51049346
20,0.6929134,0.78575605,0.51346886
20,0.7007874,0.7909511,0.5163149
20,0.70866144,0.7961998,0.519257
20,0.71653545,0.8014039,0.5222196
20,0.72440946,0.8066039,0.5252109
20,0.7322835,0.811836,0.52813715
20,0.7401575,0.8170373,0.5310864
20,0.7480315,0.8222102,0.5340715
20,0.7559055,0.8274557,0.53708863
20,0.7637795,0.8326823,0.54004425
20,0.77165353,0.8378911,0.54298913
20,0.77952754,0.8430844,0.5460675
20,0.78740156,0.8482661,0.548996
20,0.79527557,0.85344917,0.55206037
20,0.8031496,0.85860246,0.55511785
20,0.8110236,0.86374843,0.55817103
20,0.81889766,0.86888826,0.5612182
20,0.8267717,0.8740226,0.5642609
20,0.8346457,0.87923414,0.5673003
20,0.8425197,0.88427454,0.5703363
20,0.8503937,0.88945836,0.5733673
20,0.8582677,0.89456016,0.5763948
20,0.86614174,0.8996561,0.5794959
20,0.87401575,0.9048001,0.58258253
20,0.88188976,0.9099308,0.58574283
20,0.8897638,0.91510916,0.5888995
20,0.8976378,0.9201793,0.5919392
20,0.9055118,0.9253438,0.5950754
20,0.9133858,0.93050265,0.59834546
20,0.9212598,0.93565583,0.6014799
20,0.92913383,0.9407075,0.60460794
20,0.93700784,0.94585526,0.6077335
20,0.9448819,0.95100105,0.6109054
20,0.9527559,0.95614684,0.614125
20,0.96062994,0.96124405,0.61724883
20,0.96850395,0.9663327,0.6204581
20,0.97637796,0.97147256,0.6236334
20,0.984252,0.9765935,0.6267539
20,0.992126,0.9816543,0.6298757
20,1.0,0.9867,0.6331428
21,0.0,0.1877,0.041
21,0.007874016,0.19361335,0.046761923
21,0.015748031,0.1993828,0.052484635
21,0.023622047,0.20506641,0.058214016
21,0.031496063,0.21078402,0.06398287
21,0.03937008,0.21653101,0.070002705
21,0.047244094,0.2224397,0.07621113
21,0.05511811,0.22833423,0.08246117
21,0.062992126,0.23406918,0.088553056
21,0.070866145,0.23963782,0.094540514
21,0.07874016,0.24536824,0.10072661
21,0.08661418,0.25135148,0.107191876
21,0.09448819,0.25738317,0.113775305
21,0.10236221,0.26331487,0.12025226
21,0.11023622,0.26837215,0.1260211
21,0.11811024,0.27334812,0.1319506
21,0.12598425,0.2785571,0.13800675
21,0.13385826,0.28380477,0.14411972
21,0.14173229,0.28954992,0.15081622
21,0.1496063,0.29524875,0.15762366
21,0.15748031,0.3009351,0.16449194
21,0.16535433,0.30623662,0.17124893
21,0.17322835,0.31130663,0.17755912
21,0.18110237,0.31627348,0.18393116
21,0.18897638,0.3215236,0.19015323
21,0.19685039,0.32700992,0.19632198
21,0.20472442,0.33286178,0.20260192
21,0.21259843,0.33888096,0.20880535
21,0.22047244,0.34503412,0.21484767
21,0.22834645,0.35117733,0.220552
21,0.23622048,0.35738784,0.22598957
21,0.24409449,0.36351603,0.23107432
21,0.2519685,0.36968502,0.23590429
21,0.25984251,0.37604004,0.2404267
21,0.26771653,0.38257578,0.24481522
21,0.27559054,0.38919654,0.24922104
21,0.28346458,0.39586684,0.25333938
21,0.2913386,0.40245774,0.25742897
21,0.2992126,0.4090804,0.26141736
21,0.30708662,0.4155457,0.2654261
21,0.31496063,0.42206812,0.26953152
21,0.32283464,0.4285337,0.27374747
21,0.33070865,0.43510205,0.2780565
21,0.33858266,0.4415694,0.28241938
21,0.3464567,0.44795182,0.2867513
21,0.35433072,0.45425868,0.2912562
21,0.36220473,0.46063346,0.2959438
21,0.37007874,0.46705395,0.30061767
21,0.37795275,0.4733354,0.30552527
21,0.38582677,0.47958425,0.31049544
21,0.39370078,0.48573315,0.31562567
21,0.4015748,0.4917096,0.32076293
21,0.40944883,0.49749842,0.32590324
21,0.41732284,0.503629,0.33155146
21,0.42519686,0.5095085,0.33700812
21,0.43307087,0.51509035,0.34218127
21,0.44094488,0.5210671,0.34758535
21,0.4488189,0.5270988,0.3530706
21,0.4566929,0.5329218,0.35843018
21,0.46456692,0.5387992,0.36372957
21,0.47244096,0.5448329,0.36908534
21,0.48031497,0.5508878,0.37444222
21,0.48818898,0.5571014,0.37992975
21,0.496063,0.56329054,0.3852291
21,0.503937,0.56959826,0.39046022
21,0.511811,0.5758632,0.39551708
21,0.51968503,0.58215874,0.40037447
21,0.52755904,0.58840054,0.40492895
21,0.53543305,0.5947129,0.40950924
21,0.54330707,0.60122275,0.41371992
21,0.5511811,0.607659,0.4179833
21,0.5590551,0.6142429,0.42193368
21,0.56692916,0.6208654,0.42573047
21,0.5748032,0.6274998,0.42942005
21,0.5826772,0.6342082,0.4328445
21,0.5905512,0.6408975,0.43616682
21,0.5984252,0.6475967,0.439427
21,0.6062992,0.6543186,0.4426279
21,0.61417323,0.6610708,0.44586435
21,0.62204725,0.6677694,0.44901395
21,0.62992126,0.6744963,0.45225558
21,0.63779527,0.6811378,0.45550463
21,0.6456693,0.6878336,0.45899537
21,0.6535433,0.69457895,0.46241856
21,0.6614173,0.70134234,0.46593463
21,0.6692913,0.70812184,0.4695907
21,0.6771653,0.71490294,0.47327426
21,0.68503934,0.72161084,0.4769537
21,0.6929134,0.72835934,0.48067755
21,0.7007874,0.73506445,0.48445326
21,0.70866144,0.7417345,0.4881218
21,0.71653545,0.74837947,0.49180618
21,0.72440946,0.754903,0.49553424
21,0.7322835,0.7615074,0.49915966
21,0.7401575,0.7681555,0.5028661
21,0.7480315,0.7747502,0.5066462
21,0.7559055,0.78138095,0.51032
21,0.7637795,0.78797877,0.5141175
21,0.77165353,0.79454076,0.51789397
21,0.77952754,0.8011639,0.52164775
21,0.78740156,0.80774903,0.5255222
21,0.79527557,0.8143145,0.52937454
21,0.8031496,0.82090795,0.5332099
21,0.8110236,0.8274619,0.5371378
21,0.81889766,0.83407456,0.541183
21,0.8267717,0.84064704,0.5450603
21,0.8346457,0.84718,0.54910433
21,0.8425197,0.8536831,0.55316854
21,0.8503937,0.86021084,0.55725646
21,0.8582677,0.8666923,0.56140566
21,0.86614174,0.8731351,0.56554675
21,0.87401575,0.87963384,0.56965905
21,0.88188976,0.88609123,0.5738871
21,0.8897638,0.89260983,0.5782326
21,0.8976378,0.8990913,0.5825538
21,0.9055118,0.90554065,0.586854
21,0.9133858,0.91199553,0.5911855
21,0.9212598,0.91855466,0.5955429
21,0.92913383,0.92499846,0.5999419
21,0.93700784,0.9315256,0.60433036
21,0.9448819,0.9380417,0.60868573
21,0.9527559,0.94454366,0.61294174
21,0.96062994,0.95093685,0.61716604
21,0.96850395,0.9574292,0.62138975
21,0.97637796,0.9638215,0.62550044
21,0.984252,0.9703138,0.6296944
21,0.992126,0.9769061,0.6337753
21,1.0,0.9834,0.638
22,0.0,0.9869,0.7277143
22,0.007874016,0.97789645,0.72269946
22,0.015748031,0.96886414,0.71766967
22,0.023622047,0.9599083,0.71262765
22,0.031496063,0.9510307,0.70743155
22,0.03937008,0.94199634,0.7021145
22,0.047244094,0.93293756,0.6967411
22,0.05511811,0.9239676,0.69119114
22,0.062992126,0.91520536,0.68580306
22,0.070866145,0.9063518,0.68030274
22,0.07874016,0.89742196,0.67479175
22,0.08661418,0.88849396,0.6694432
22,0.09448819,0.87977743,0.66412675
22,0.10236221,0.8709508,0.65860254
22,0.11023622,0.86209357,0.65293485
22,0.11811024,0.85318166,0.6472541
22,0.12598425,0.8444553,0.6416109
22,0.13385826,0.83624476,0.6362927
22,0.14173229,0.8274114,0.63056284
22,0.1496063,0.8185148,0.6247799
22,0.15748031,0.8097527,0.6191183
22,0.16535433,0.8009529,0.6137458
22,0.17322835,0.792021,0.60836315
22,0.18110237,0.7827661,0.6029594
22,0.18897638,0.7734577,0.59769106
22,0.19685039,0.76431507,0.5927322
22,0.20472442,0.7553285,0.58800465
22,0.21259843,0.7463219,0.5835591
22,0.22047244,0.7371103,0.5792683
22,0.22834645,0.72779924,0.57521945
22,0.23622048,0.7183766,0.57151973
22,0.24409449,0.7092073,0.5682883
22,0.2519685,0.70006156,0.56539816
22,0.25984251,0.6908688,0.5628782
22,0.26771653,0.6814645,0.56067556
22,0.27559054,0.67173284,0.55862486
22,0.28346458,0.66195035,0.55689085
22,0.2913386,0.6521074,0.5556996
22,0.2992126,0.6422622,0.5549097
22,0.30708662,0.6326078,0.55471426
22,0.31496063,0.62306195,0.5552385
22,0.32283464,0.61342025,0.5564756
22,0.33070865,0.60387087,0.55855453
22,0.33858266,0.59452295,0.56127846
22,0.3464567,0.5854807,0.5650333
22,0.35433072,0.57634413,0.5697656
22,0.36220473,0.56720275,0.5754903
22,0.37007874,0.5582839,0.58193785
22,0.37795275,0.549824,0.5886593
22,0.38582677,0.5417661,0.59548616
22,0.39370078,0.53354746,0.6024475
22,0.4015748,0.5251994,0.6092862
22,0.40944883,0.5167152,0.61606413
22,0.41732284,0.5081111,0.6224883
22,0.42519686,0.4993477,0.6284618
22,0.43307087,0.4904199,0.633989
22,0.44094488,0.48140728,0.6389489
22,0.4488189,0.4721978,0.64319646
22,0.4566929,0.4629616,0.6467588
22,0.46456692,0.45338565,0.6496284
22,0.47244096,0.44375274,0.6516763
22,0.48031497,0.43403664,0.65313256
22,0.48818898,0.4243962,0.6537143
22,0.496063,0.41471398,0.6535349
22,0.503937,0.4051246,0.65255946
22,0.511811,0.39555338,0.65060794
22,0.51968503,0.38617596,0.64779025
22,0.52755904,0.37685233,0.644068
22,0.53543305,0.36768565,0.63942087
22,0.54330707,0.35897067,0.6338471
22,0.5511811,0.35055652,0.62762403
22,0.5590551,0.34234014,0.62027633
22,0.56692916,0.3345877,0.61217195
22,0.5748032,0.32728082,0.6030846
22,0.5826772,0.32057756,0.59294623
22,0.5905512,0.31455126,0.5820932
22,0.5984252,0.30927047,0.5706916
22,0.6062992,0.3046482,0.558852
22,0.61417323,0.30067748,0.5464162
22,0.62204725,0.2973431,0.53347045
22,0.62992126,0.2944391,0.5202008
22,0.63779527,0.2920578,0.506678
22,0.6456693,0.2899475,0.49303675
22,0.6535433,0.28823677,0.47933263
22,0.6614173,0.2866411,0.4656574
22,0.6692913,0.28522912,0.45196676
22,0.6771653,0.28384298,0.4383889
22,0.68503934,0.28243837,0.4247758
22,0.6929134,0.28092983,0.41112706
22,0.7007874,0.2791248,0.39745396
22,0.70866144,0.27720666,0.3839024
22,0.71653545,0.27478123,0.37061772
22,0.72440946,0.2720444,0.35746273
22,0.7322835,0.26889655,0.34447712
22,0.7401575,0.26536334,0.3316408
22,0.7480315,0.26161617,0.31887054
22,0.7559055,0.25750098,0.30636024
22,0.7637795,0.25317848,0.29397362
22,0.77165353,0.2487001,0.2817463
22,0.77952754,0.24392323,0.26985642
22,0.78740156,0.23889616,0.2580484
22,0.79527557,0.23360027,0.24657203
22,0.8031496,0.22798215,0.23548982
22,0.8110236,0.22202438,0.22466548
22,0.81889766,0.21574321,0.21414778
22,0.8267717,0.2091356,0.20390801
22,0.8346457,0.2022105,0.19412829
22,0.8425197,0.19510956,0.184508
22,0.8503937,0.1878071,0.17547315
22,0.8582677,0.18034524,0.16668645
22,0.86614174,0.17272389,0.15836023
22,0.87401575,0.1648671,0.15017903
22,0.88188976,0.1569457,0.14224777
22,0.8897638,0.1488555,0.13451672
22,0.8976378,0.14073916,0.12691015
22,0.9055118,0.13260388,0.11939014
22,0.9133858,0.12449651,0.111803494
22,0.9212598,0.1164056,0.10428249
22,0.92913383,0.10829931,0.09667789
22,0.93700784,0.100187935,0.089095294
22,0.9448819,0.09203428,0.08149489
22,0.9527559,0.083922334,0.073783174
22,0.96062994,0.0758595,0.06634238
22,0.96850395,0.06783634,0.05889175
22,0.97637796,0.059778094,0.051598184
22,0.984252,0.051737152,0.04424199
22,0.992126,0.043686938,0.03690309
22,1.0,0.0354,0.029428571
23,0.0,0.2166,0.9417143
23,0.007874016,0.2202877,0.9295417
23,0.015748031,0.22396962,0.9173888
23,0.023622047,0.22764209,0.90541077
23,0.031496063,0.23140207,0.8933323
23,0.03937008,0.23514281,0.88131905
23,0.047244094,0.23892364,0.86926204
23,0.05511811,0.24273908,0.85716784
23,0.062992126,0.24661727,0.8451356
23,0.070866145,0.250463,0.8330698
23,0.07874016,0.25437957,0.82083005
23,0.08661418,0.25817728,0.8087424
23,0.09448819,0.26196003,0.7965618
23,0.10236221,0.26558447,0.7842725
23,0.11023622,0.2690309,0.7720091
23,0.11811024,0.2723733,0.7597382
23,0.12598425,0.27551347,0.74723524
23,0.13385826,0.27851525,0.734682
23,0.14173229,0.28122038,0.72189814
23,0.1496063,0.28362736,0.7090775
23,0.15748031,0.2856669,0.6961223
23,0.16535433,0.28728014,0.6830557
23,0.17322835,0.2884291,0.66984904
23,0.18110237,0.28923663,0.65670544
23,0.18897638,0.2896,0.643578
23,0.19685039,0.2896,0.63049555
23,0.20472442,0.28940147,0.6173319
23,0.21259843,0.2889716,0.60426795
23,0.22047244,0.28834715,0.59098905
23,0.22834645,0.28753015,0.5777099
23,0.23622048,0.28672093,0.5644151
23,0.24409449,0.28591856,0.55117524
23,0.2519685,0.2851211,0.5379333
23,0.25984251,0.28456396,0.52467316
23,0.26771653,0.2841,0.51136756
23,0.27559054,0.284,0.49816993
23,0.28346458,0.28421584,0.48490795
23,0.2913386,0.28471202,0.47165957
23,0.2992126,0.28568476,0.45859548
23,0.30708662,0.28703055,0.44542763
23,0.31496063,0.28884563,0.43234432
23,0.32283464,0.29118147,0.41949514
23,0.33070865,0.29401207,0.4068611
23,0.33858266,0.29740423,0.39454007
23,0.3464567,0.30126256,0.38253558
23,0.35433072,0.30575737,0.370928
23,0.36220473,0.31078124,0.35971177
23,0.37007874,0.31627458,0.34902695
23,0.37795275,0.32232925,0.33900657
23,0.38582677,0.32886133,0.3295253
23,0.39370078,0.33592325,0.32080662
23,0.4015748,0.343348,0.31288058
23,0.40944883,0.35123563,0.30599132
23,0.41732284,0.35948616,0.29985315
23,0.42519686,0.36797756,0.2947519
23,0.43307087,0.37674722,0.2905509
23,0.44094488,0.38564068,0.2873069
23,0.4488189,0.39469075,0.2851802
23,0.4566929,0.40394002,0.283952
23,0.46456692,0.41329592,0.28386834
23,0.47244096,0.42261958,0.28491765
23,0.48031497,0.43185925,0.2870141
23,0.48818898,0.44086722,0.29008403
23,0.496063,0.4496741,0.29390588
23,0.503937,0.4581642,0.29856384
23,0.511811,0.4664458,0.30366483
23,0.51968503,0.47453848,0.30924177
23,0.52755904,0.4827433,0.3153855
23,0.53543305,0.49090397,0.32211044
23,0.54330707,0.49889815,0.32899845
23,0.5511811,0.50684124,0.3361345
23,0.5590551,0.5146441,0.34342295
23,0.56692916,0.52243704,0.35060668
23,0.5748032,0.5303317,0.3578461
23,0.5826772,0.5381647,0.36515054
23,0.5905512,0.5460323,0.37209433
23,0.5984252,0.55401146,0.37896615
23,0.6062992,0.56194574,0.38559183
23,0.61417323,0.57007915,0.39190412
23,0.62204725,0.5782684,0.39812028
23,0.62992126,0.58655715,0.40404084
23,0.63779527,0.5948943,0.40976945
23,0.6456693,0.60334677,0.41543847
23,0.6535433,0.61181635,0.4209423
23,0.6614173,0.6204165,0.42627215
23,0.6692913,0.6289366,0.4315657
23,0.6771653,0.6374633,0.43682486
23,0.68503934,0.6460416,0.4419097
23,0.6929134,0.65461874,0.447108
23,0.7007874,0.6631472,0.45213428
23,0.70866144,0.6716523,0.45727047
23,0.71653545,0.6801373,0.46237257
23,0.72440946,0.6886934,0.46743846
23,0.7322835,0.6971749,0.4724676
23,0.7401575,0.7056634,0.47759482
23,0.7480315,0.714174,0.4828197
23,0.7559055,0.722684,0.487973
23,0.7637795,0.7311861,0.49318635
23,0.77165353,0.73960084,0.49849406
23,0.77952754,0.7481248,0.50382125
23,0.78740156,0.75657463,0.5092361
23,0.79527557,0.76507676,0.5146819
23,0.8031496,0.7735081,0.5201886
23,0.8110236,0.78198785,0.52566147
23,0.81889766,0.79047644,0.5310672
23,0.8267717,0.79887354,0.536546
23,0.8346457,0.8072905,0.54212034
23,0.8425197,0.81573737,0.5474999
23,0.8503937,0.8241258,0.5529688
23,0.8582677,0.8325138,0.5583527
23,0.86614174,0.841085,0.5637701
23,0.87401575,0.8496086,0.56923825
23,0.88188976,0.85816,0.57460225
23,0.8897638,0.86664295,0.57988083
23,0.8976378,0.8752594,0.58526045
23,0.9055118,0.8837308,0.5904551
23,0.9133858,0.89235765,0.5957648
23,0.9212598,0.9009283,0.6010672
23,0.92913383,0.90956694,0.6063567
23,0.93700784,0.91820323,0.61161625
23,0.9448819,0.92681485,0.6169876
23,0.9527559,0.935414,0.6222248
23,0.96062994,0.94405484,0.6275369
23,0.96850395,0.95230645,0.632658
23,0.97637796,0.9604768,0.63776577
23,0.984252,0.9688384,0.64290565
23,0.992126,0.97765744,0.6485065
23,1.0,0.9865,0.654
24,0.0,0.482,0.057428572
24,0.007874016,0.4841095,0.06503723
24,0.015748031,0.48623556,0.07299688
24,0.023622047,0.4884012,0.081111856
24,0.031496063,0.49037203,0.08939061
24,0.03937008,0.49224305,0.09749065
24,0.047244094,0.49371555,0.10551744
24,0.05511811,0.4949534,0.11354349
24,0.062992126,0.4959708,0.12180897
24,0.070866145,0.4966,0.1303614
24,0.07874016,0.49701455,0.13881813
24,0.08661418,0.4972,0.14628454
24,0.09448819,0.4973,0.15434633
24,0.10236221,0.4975,0.16279891
24,0.11023622,0.4976,0.17092377
24,0.11811024,0.4977,0.17974524
24,0.12598425,0.4976,0.18849944
24,0.13385826,0.4976,0.19636704
24,0.14173229,0.4977,0.2048136
24,0.1496063,0.4977,0.21258225
24,0.15748031,0.4978,0.22008331
24,0.16535433,0.4979166,0.22783282
24,0.17322835,0.4983,0.23616888
24,0.18110237,0.49876884,0.24465314
24,0.18897638,0.49939916,0.2529867
24,0.19685039,0.5003002,0.26138234
24,0.20472442,0.50136864,0.26950544
24,0.21259843,0.50263184,0.27751324
24,0.22047244,0.50408924,0.28543648
24,0.22834645,0.50578547,0.2934436
24,0.23622048,0.50759846,0.3015647
24,0.24409449,0.5095558,0.30982387
24,0.2519685,0.5115667,0.3181158
24,0.25984251,0.5136206,0.32636988
24,0.26771653,0.5157422,0.3346211
24,0.27559054,0.51774025,0.34288684
24,0.28346458,0.5198255,0.35102245
24,0.2913386,0.5216626,0.3589021
24,0.2992126,0.523461,0.36672822
24,0.30708662,0.52516365,0.37444586
24,0.31496063,0.52677613,0.3824577
24,0.32283464,0.5283165,0.39040402
24,0.33070865,0.52986217,0.39864093
24,0.33858266,0.5312151,0.40685317
24,0.3464567,0.5324216,0.41515434
24,0.35433072,0.5334977,0.4234844
24,0.36220473,0.5344373,0.43181375
24,0.37007874,0.53519017,0.44014525
24,0.37795275,0.5357478,0.44850987
24,0.38582677,0.53605443,0.4569055
24,0.39370078,0.5362,0.46519345
24,0.4015748,0.5361202,0.47348177
24,0.40944883,0.535901,0.48183176
24,0.41732284,0.53535366,0.49016744
24,0.42519686,0.5346436,0.4984092
24,0.43307087,0.53364176,0.506662
24,0.44094488,0.5324985,0.5150088
24,0.4488189,0.53104913,0.5230324
24,0.4566929,0.5293981,0.53103733
24,0.46456692,0.527519,0.5389185
24,0.47244096,0.52537894,0.54664654
24,0.48031497,0.5229899,0.55417156
24,0.48818898,0.52041674,0.56152356
24,0.496063,0.5175942,0.5686216
24,0.503937,0.5145258,0.5755817
24,0.511811,0.5111234,0.5824422
24,0.51968503,0.50753903,0.589076
24,0.52755904,0.50376064,0.5955029
24,0.53543305,0.4997745,0.60175073
24,0.54330707,0.4957304,0.60761493
24,0.5511811,0.49142414,0.61325413
24,0.5590551,0.48710373,0.6186988
24,0.56692916,0.48262182,0.6239517
24,0.5748032,0.47803316,0.6290682
24,0.5826772,0.4732996,0.63414323
24,0.5905512,0.46847942,0.6389605
24,0.5984252,0.46359327,0.64358777
24,0.6062992,0.45861617,0.6481688
24,0.61417323,0.45363903,0.65256655
24,0.62204725,0.44871548,0.65689003
24,0.62992126,0.44363362,0.6612557
24,0.63779527,0.4385871,0.6655539
24,0.6456693,0.43364415,0.66981274
24,0.6535433,0.4286662,0.6741195
24,0.6614173,0.42370206,0.6785125
24,0.6692913,0.41873166,0.6830582
24,0.6771653,0.4138696,0.6875051
24,0.68503934,0.40895423,0.6921878
24,0.6929134,0.40407783,0.69697714
24,0.7007874,0.39933965,0.7017289
24,0.70866144,0.3945475,0.7066029
24,0.71653545,0.3898757,0.7117135
24,0.72440946,0.3852289,0.7168023
24,0.7322835,0.3807102,0.7221302
24,0.7401575,0.37621695,0.7275695
24,0.7480315,0.37184975,0.73311937
24,0.7559055,0.3676103,0.73873866
24,0.7637795,0.36339745,0.7445751
24,0.77165353,0.35931042,0.75049084
24,0.77952754,0.35528275,0.75649583
24,0.78740156,0.35134777,0.7626962
24,0.79527557,0.34751922,0.76909107
24,0.8031496,0.34383723,0.775429
24,0.8110236,0.34023035,0.78200155
24,0.81889766,0.33668125,0.7886943
24,0.8267717,0.33324963,0.79539365
24,0.8346457,0.3298723,0.8022965
24,0.8425197,0.3266327,0.8092871
24,0.8503937,0.32336023,0.8163519
24,0.8582677,0.32020545,0.8233448
24,0.86614174,0.3171678,0.83058476
24,0.87401575,0.31411818,0.83774495
24,0.88188976,0.31107208,0.8449946
24,0.8897638,0.30814028,0.85220706
24,0.8976378,0.3052202,0.85938907
24,0.9055118,0.30231363,0.8666789
24,0.9133858,0.29941824,0.8737968
24,0.9212598,0.29653275,0.8810319
24,0.92913383,0.29365593,0.88838714
24,0.93700784,0.29077634,0.895723
24,0.9448819,0.2878664,0.90303236
24,0.9527559,0.28497806,0.91033256
24,0.96062994,0.28213683,0.9176658
24,0.96850395,0.27929133,0.92498595
24,0.97637796,0.27647027,0.9322888
24,0.984252,0.2736382,0.93958306
24,0.992126,0.27072093,0.9470079
24,1.0,0.2679,0.95442855
25,0.0,0.9952,0.7277143
25,0.007874016,0.9890774,0.72395205
25,0.015748031,0.9828899,0.7201342
25,0.023622047,0.97669417,0.7162807
25,0.031496063,0.9707313,0.7124179
25,0.03937008,0.9646005,0.7086003
25,0.047244094,0.9585078,0.70479125
25,0.05511811,0.9524326,0.70097077
25,0.062992126,0.9463575,0.697075
25,0.070866145,0.94032186,0.69307584
25,0.07874016,0.9342073,0.6892892
25,0.08661418,0.9280447,0.6856033
25,0.09448819,0.92181313,0.6819646
25,0.10236221,0.9156049,0.6784112
25,0.11023622,0.9094568,0.6746834
25,0.11811024,0.90331537,0.67088693
25,0.12598425,0.89717823,0.6670071
25,0.13385826,0.8910088,0.6633115
25,0.14173229,0.8848954,0.6596502
25,0.1496063,0.87864465,0.6560273
25,0.15748031,0.87247044,0.65259415
25,0.16535433,0.866249,0.64920485
25,0.17322835,0.85996056,0.645711
25,0.18110237,0.8537135,0.6420899
25,0.18897638,0.8475418,0.6384688
25,0.19685039,0.8413712,0.63483953
25,0.20472442,0.83523166,0.63120306
25,0.21259843,0.8291025,0.62785816
25,0.22047244,0.8227435,0.6244441
25,0.22834645,0.816371,0.6211809
25,0.23622048,0.81005895,0.6178608
25,0.24409449,0.80392146,0.6144621
25,0.2519685,0.79773337,0.61089796
25,0.25984251,0.7915292,0.60731804
25,0.26771653,0.7852791,0.6038422
25,0.27559054,0.7790017,0.6005246
25,0.28346458,0.77277756,0.5973944
25,0.2913386,0.76636934,0.5942936
25,0.2992126,0.76016366,0.5912208
25,0.30708662,0.75402457,0.5881937
25,0.31496063,0.74769145,0.5849965
25,0.32283464,0.7414244,0.58185166
25,0.33070865,0.735137,0.57890606
25,0.33858266,0.7288217,0.5760078
25,0.3464567,0.7224722,0.5733024
25,0.35433072,0.7159198,0.5707485
25,0.36220473,0.70938087,0.5683327
25,0.37007874,0.7028295,0.56596977
25,0.37795275,0.69634175,0.56365263
25,0.38582677,0.6898882,0.56152785
25,0.39370078,0.6833212,0.559294
25,0.4015748,0.67668986,0.557335
25,0.40944883,0.6699723,0.5555172
25,0.41732284,0.66332185,0.5539119
25,0.42519686,0.65679353,0.55262256
25,0.43307087,0.6501225,0.5517143
25,0.44094488,0.6435457,0.551
25,0.4488189,0.6369042,0.5507143
25,0.4566929,0.63020766,0.5508172
25,0.46456692,0.62347615,0.5511429
25,0.47244096,0.61684084,0.5517942
25,0.48031497,0.61026764,0.5527227
25,0.48818898,0.60365987,0.55415434
25,0.496063,0.59700817,0.5558834
25,0.503937,0.5905427,0.55804497
25,0.511811,0.58417153,0.56066936
25,0.51968503,0.5777845,0.56363523
25,0.52755904,0.5715608,0.5670187
25,0.53543305,0.56555545,0.5706156
25,0.54330707,0.5595775,0.5745258
25,0.5511811,0.55363333,0.5787619
25,0.5590551,0.5476244,0.5831505
25,0.56692916,0.54174256,0.5876217
25,0.5748032,0.53589064,0.592319
25,0.5826772,0.5301179,0.5968951
25,0.5905512,0.5242268,0.60160863
25,0.5984252,0.5183949,0.60620666
25,0.6062992,0.51254356,0.6106542
25,0.61417323,0.50665784,0.6150301
25,0.62204725,0.5006884,0.6192724
25,0.62992126,0.49457192,0.6233772
25,0.63779527,0.48837748,0.6273607
25,0.6456693,0.4821146,0.63110596
25,0.6535433,0.47579634,0.6346757
25,0.6614173,0.46945226,0.63807034
25,0.6692913,0.46320507,0.6410838
25,0.6771653,0.4568523,0.6438277
25,0.68503934,0.4503797,0.64629346
25,0.6929134,0.44383922,0.64857876
25,0.7007874,0.4372216,0.650451
25,0.70866144,0.43050677,0.6520368
25,0.71653545,0.423815,0.6530843
25,0.72440946,0.4172267,0.6537308
25,0.7322835,0.41059235,0.6538572
25,0.7401575,0.4038839,0.6536556
25,0.7480315,0.39722976,0.6528296
25,0.7559055,0.3905102,0.65169454
25,0.7637795,0.38391626,0.6499816
25,0.77165353,0.37734807,0.647917
25,0.77952754,0.37082613,0.645441
25,0.78740156,0.36456883,0.64246434
25,0.79527557,0.3583729,0.6391028
25,0.8031496,0.3524542,0.63518155
25,0.8110236,0.34669012,0.6307072
25,0.81889766,0.34098455,0.6257472
25,0.8267717,0.33554357,0.6200891
25,0.8346457,0.33032736,0.6141733
25,0.8425197,0.325426,0.6077514
25,0.8503937,0.32085752,0.60098535
25,0.8582677,0.31647602,0.59369063
25,0.86614174,0.31236452,0.5861521
25,0.87401575,0.30858624,0.578176
25,0.88188976,0.3050823,0.5700251
25,0.8897638,0.30190235,0.56162465
25,0.8976378,0.29900938,0.553058
25,0.9055118,0.2963048,0.5443865
25,0.9133858,0.29390296,0.5354402
25,0.9212598,0.291669,0.5263782
25,0.92913383,0.2896556,0.5173388
25,0.93700784,0.28781828,0.50817895
25,0.9448819,0.28612462,0.49889082
25,0.9527559,0.2844602,0.4896296
25,0.96062994,0.28298256,0.4801861
25,0.96850395,0.28148293,0.470711
25,0.97637796,0.28012723,0.46114263
25,0.984252,0.27893275,0.45209107
25,0.992126,0.277827,0.44304994
25,1.0,0.2766,0.43357143
26,0.0,0.1851,0.040285714
26,0.007874016,0.19069292,0.045993254
26,0.015748031,0.19686241,0.051984806
26,0.023622047,0.20290124,0.05838585
26,0.031496063,0.20881017,0.06418589
26,0.03937008,0.2150495,0.070499495
26,0.047244094,0.22090085,0.07678672
26,0.05511811,0.22648285,0.08302511
26,0.062992126,0.23229617,0.08955623
26,0.070866145,0.23833217,0.0965496
26,0.07874016,0.24432205,0.10393102
26,0.08661418,0.24990332,0.11007499
26,0.09448819,0.25523448,0.11659024
26,0.10236221,0.26042756,0.123318516
26,0.11023622,0.26624987,0.13022605
26,0.11811024,0.27184775,0.13764642
26,0.12598425,0.27763823,0.1446161
26,0.13385826,0.28324047,0.1512949
26,0.14173229,0.2888136,0.1587337
26,0.1496063,0.2936535,0.16544187
26,0.15748031,0.2993739,0.17161153
26,0.16535433,0.3055722,0.1785873
26,0.17322835,0.31022003,0.18468575
26,0.18110237,0.3162694,0.19177067
26,0.18897638,0.32181484,0.19793749
26,0.19685039,0.32794407,0.20401981
26,0.20472442,0.33380905,0.20968048
26,0.21259843,0.33967128,0.21526831
26,0.22047244,0.3461842,0.22116193
26,0.22834645,0.35267866,0.22653359
26,0.23622048,0.358979,0.23157725
26,0.24409449,0.36489433,0.23606737
26,0.2519685,0.37170625,0.24081093
26,0.25984251,0.37877393,0.24569567
26,0.26771653,0.38581187,0.2501574
26,0.27559054,0.39263552,0.25414672
26,0.28346458,0.3993125,0.2579117
26,0.2913386,0.4059268,0.26192757
26,0.2992126,0.41258532,0.2660224
26,0.30708662,0.41938317,0.27032822
26,0.31496063,0.4263221,0.2745847
26,0.32283464,0.43283567,0.27865756
26,0.33070865,0.43962774,0.28315493
26,0.33858266,0.4465744,0.28802586
26,0.3464567,0.45320448,0.29273373
26,0.35433072,0.45957115,0.29770726
26,0.36220473,0.4657859,0.30293214
26,0.37007874,0.47190115,0.308501
26,0.37795275,0.47814268,0.31409281
26,0.38582677,0.48429903,0.32025298
26,0.39370078,0.4901751,0.3269979
26,0.4015748,0.4959014,0.3338252
26,0.40944883,0.50138015,0.34084022
26,0.41732284,0.5065064,0.348071
26,0.42519686,0.51151896,0.3557331
26,0.43307087,0.5160478,0.36354956
26,0.44094488,0.52029216,0.37169844
26,0.4488189,0.5244917,0.38052604
26,0.4566929,0.52849734,0.39009726
26,0.46456692,0.53208554,0.3996729
26,0.47244096,0.5350329,0.40880117
26,0.48031497,0.53750926,0.41854608
26,0.48818898,0.539643,0.4283476
26,0.496063,0.5415355,0.43847016
26,0.503937,0.5429386,0.44924283
26,0.511811,0.543806,0.45937183
26,0.51968503,0.5443587,0.46967658
26,0.52755904,0.54458296,0.4802257
26,0.53543305,0.5440456,0.49077636
26,0.54330707,0.5431457,0.5017836
26,0.5511811,0.54190177,0.5124135
26,0.5590551,0.5403959,0.5217067
26,0.56692916,0.5383346,0.5317843
26,0.5748032,0.53578377,0.5418181
26,0.5826772,0.532751,0.551586
26,0.5905512,0.52935165,0.5608888
26,0.5984252,0.52568364,0.56993973
26,0.6062992,0.52184254,0.5788801
26,0.61417323,0.51763046,0.58736396
26,0.62204725,0.51281494,0.59526277
26,0.62992126,0.50789773,0.60305864
26,0.63779527,0.50283736,0.61060727
26,0.6456693,0.49731076,0.6179664
26,0.6535433,0.49217087,0.624403
26,0.6614173,0.48625785,0.63118404
26,0.6692913,0.48018143,0.6375897
26,0.6771653,0.47447845,0.64319783
26,0.68503934,0.46804535,0.64929014
26,0.6929134,0.46178022,0.65516955
26,0.7007874,0.45579457,0.6607949
26,0.70866144,0.4496527,0.66638255
26,0.71653545,0.44339448,0.67164767
26,0.72440946,0.43698984,0.6769533
26,0.7322835,0.43074808,0.6826326
26,0.7401575,0.42448598,0.68868
26,0.7480315,0.41856748,0.6943147
26,0.7559055,0.41284367,0.6995311
26,0.7637795,0.40637407,0.7061551
26,0.77165353,0.4000758,0.71267575
26,0.77952754,0.39402074,0.7189581
26,0.78740156,0.38856032,0.7254067
26,0.79527557,0.38342676,0.73178595
26,0.8031496,0.37832314,0.7381922
26,0.8110236,0.37302682,0.7452855
26,0.81889766,0.3675027,0.75299615
26,0.8267717,0.3618172,0.76117563
26,0.8346457,0.35623303,0.7698755
26,0.8425197,0.35148317,0.7780292
26,0.8503937,0.34724084,0.78579056
26,0.8582677,0.34351957,0.792715
26,0.86614174,0.33952135,0.8000567
26,0.87401575,0.33552715,0.80831957
26,0.88188976,0.33149457,0.8178593
26,0.8897638,0.32714805,0.8279614
26,0.8976378,0.32226261,0.83822477
26,0.9055118,0.3179454,0.8476722
26,0.9133858,0.3141602,0.8567346
26,0.9212598,0.31054386,0.8652611
26,0.92913383,0.30713612,0.8733357
26,0.93700784,0.30371806,0.88107705
26,0.9448819,0.29973203,0.8897758
26,0.9527559,0.29592764,0.8988928
26,0.96062994,0.29244062,0.9078557
26,0.96850395,0.2881523,0.9177807
26,0.97637796,0.2839791,0.92749316
26,0.984252,0.28091276,0.9358511
26,0.992126,0.27741694,0.94473016
26,1.0,0.2734,0.9538571
27,0.0,0.2114,0.9481429
27,0.007874016,0.21548553,0.93598026
27,0.015748031,0.21942538,0.9238631
27,0.023622047,0.22345012,0.9117139
27,0.031496063,0.22725536,0.90012753
27,0.03937008,0.23125055,0.8880697
27,0.047244094,0.2354566,0.87523454
27,0.05511811,0.23940603,0.8630936
27,0.062992126,0.24328925,0.85100526
27,0.070866145,0.24697222,0.8390096
27,0.07874016,0.25083798,0.826852
27,0.08661418,0.25520733,0.8143856
27,0.09448819,0.2592525,0.80220646
27,0.10236221,0.26299268,0.79016376
27,0.11023622,0.26697513,0.77807105
27,0.11811024,0.2710246,0.7661264
27,0.12598425,0.27463672,0.75460935
27,0.13385826,0.2781225,0.7421893
27,0.14173229,0.2814734,0.72971976
27,0.1496063,0.28451034,0.7169483
27,0.15748031,0.28720617,0.7036731
27,0.16535433,0.28929013,0.6907849
27,0.17322835,0.29098982,0.6774662
27,0.18110237,0.2923113,0.6639504
27,0.18897638,0.29326686,0.6504241
27,0.19685039,0.2937,0.6369979
27,0.20472442,0.29360977,0.6240662
27,0.21259843,0.29320744,0.6111595
27,0.22047244,0.29281878,0.59785813
27,0.22834645,0.29224735,0.5842926
27,0.23622048,0.2915851,0.5708081
27,0.24409449,0.29070476,0.5573467
27,0.2519685,0.289747,0.54417574
27,0.25984251,0.2889026,0.5307817
27,0.26771653,0.288077,0.51725906
27,0.27559054,0.28738195,0.50382173
27,0.28346458,0.287,0.49068764
27,0.2913386,0.2869099,0.47730213
27,0.2992126,0.28729817,0.46390676
27,0.30708662,0.28813872,0.4504409
27,0.31496063,0.28962225,0.4373491
27,0.32283464,0.29174176,0.42418998
27,0.33070865,0.29449174,0.41117483
27,0.33858266,0.2977277,0.39858952
27,0.3464567,0.30147165,0.38650957
27,0.35433072,0.30581778,0.37478286
27,0.36220473,0.31076252,0.36347237
27,0.37007874,0.31640565,0.35252854
27,0.37795275,0.32247624,0.3422837
27,0.38582677,0.32913396,0.33268803
27,0.39370078,0.33618727,0.3237838
27,0.4015748,0.3436546,0.31567222
27,0.40944883,0.3514881,0.30838072
27,0.41732284,0.3597977,0.30185878
27,0.42519686,0.36826736,0.2963594
27,0.43307087,0.37701678,0.29168415
27,0.44094488,0.38590524,0.28788525
27,0.4488189,0.39513195,0.2849623
27,0.4566929,0.4045329,0.28285244
27,0.46456692,0.41404057,0.28153282
27,0.47244096,0.42346394,0.28129804
27,0.48031497,0.4327981,0.28214258
27,0.48818898,0.44205743,0.28401366
27,0.496063,0.45122227,0.28667974
27,0.503937,0.46015316,0.29003075
27,0.511811,0.46886048,0.29410383
27,0.51968503,0.47768843,0.29895705
27,0.52755904,0.48643252,0.30453596
27,0.53543305,0.49495867,0.31068477
27,0.54330707,0.50314975,0.31699428
27,0.5511811,0.5110169,0.3236852
27,0.5590551,0.5187023,0.33085966
27,0.56692916,0.52640784,0.33872175
27,0.5748032,0.53422326,0.34701422
27,0.5826772,0.54181993,0.35529342
27,0.5905512,0.5486367,0.36315095
27,0.5984252,0.5558391,0.37127328
27,0.6062992,0.56342286,0.37942612
27,0.61417323,0.5710278,0.38728493
27,0.62204725,0.57864773,0.39496544
27,0.62992126,0.58638245,0.40211618
27,0.63779527,0.5942212,0.4086843
27,0.6456693,0.6024414,0.4149769
27,0.6535433,0.61081374,0.42093837
27,0.6614173,0.61925405,0.42662492
27,0.6692913,0.62761605,0.43194404
27,0.6771653,0.6361901,0.43710485
27,0.68503934,0.6450656,0.44224507
27,0.6929134,0.65390754,0.44719946
27,0.7007874,0.6626633,0.45180774
27,0.70866144,0.67142457,0.45639798
27,0.71653545,0.68019986,0.46099994
27,0.72440946,0.6890917,0.46572295
27,0.7322835,0.6979011,0.47040316
27,0.7401575,0.7067348,0.47519955
27,0.7480315,0.71536756,0.47994417
27,0.7559055,0.72387415,0.48471847
27,0.7637795,0.7324034,0.48943058
27,0.77165353,0.74113375,0.49453357
27,0.77952754,0.74995995,0.4996681
27,0.78740156,0.7586929,0.50486386
27,0.79527557,0.76738286,0.51021224
27,0.8031496,0.77601844,0.51543975
27,0.8110236,0.784574,0.5205616
27,0.81889766,0.79320246,0.52563417
27,0.8267717,0.8018921,0.5307293
27,0.8346457,0.8106002,0.535877
27,0.8425197,0.8192632,0.54098135
27,0.8503937,0.82791084,0.54620624
27,0.8582677,0.8366083,0.55141467
27,0.86614174,0.8451955,0.55681145
27,0.87401575,0.8539261,0.56224847
27,0.88188976,0.86257946,0.5675729
27,0.8897638,0.8712439,0.57283103
27,0.8976378,0.8799237,0.57812536
27,0.9055118,0.88852376,0.5833452
27,0.9133858,0.8970813,0.58849597
27,0.9212598,0.9057256,0.59355986
27,0.92913383,0.91442645,0.5988212
27,0.93700784,0.9231123,0.6040745
27,0.9448819,0.9319136,0.60931057
27,0.9527559,0.9407488,0.61453176
27,0.96062994,0.94945145,0.6198874
27,0.96850395,0.95819205,0.6250878
27,0.97637796,0.9667966,0.6302793
27,0.984252,0.9753562,0.635467
27,0.992126,0.9838793,0.6406567
27,1.0,0.9924,0.64585716
28,0.0,0.9942,0.7214286
28,0.007874016,0.9853897,0.71594
28,0.015748031,0.9765451,0.71032774
28,0.023622047,0.96752596,0.7047305
28,0.031496063,0.958584,0.69909716
28,0.03937008,0.94973856,0.69345057
28,0.047244094,0.9410129,0.68786454
28,0.05511811,0.93223983,0.68217134
28,0.062992126,0.923496,0.67656857
28,0.070866145,0.91466737,0.67091876
28,0.07874016,0.9058812,0.66528434
28,0.08661418,0.8970563,0.6598002
28,0.09448819,0.8881057,0.65420157
28,0.10236221,0.87914,0.6486484
28,0.11023622,0.8702734,0.64317465
28,0.11811024,0.8614225,0.63771296
28,0.12598425,0.85262775,0.6322341
28,0.13385826,0.84378123,0.6268928
28,0.14173229,0.8346937,0.62166363
28,0.1496063,0.8258965,0.61699814
28,0.15748031,0.8170565,0.6125481
28,0.16535433,0.80776185,0.60792595
28,0.17322835,0.7989796,0.6036141
28,0.18110237,0.7901205,0.59934306
28,0.18897638,0.7809008,0.59491473
28,0.19685039,0.7715559,0.5907409
28,0.20472442,0.76212627,0.58667916
28,0.21259843,0.75287664,0.58288455
28,0.22047244,0.7436184,0.5793247
28,0.22834645,0.73410904,0.57581717
28,0.23622048,0.7245484,0.5723516
28,0.24409449,0.71503633,0.56913286
28,0.2519685,0.7056855,0.5660918
28,0.25984251,0.69647044,0.56323946
28,0.26771653,0.6873308,0.560732
28,0.27559054,0.67798483,0.55856836
28,0.28346458,0.6682797,0.55663425
28,0.2913386,0.65850407,0.55520076
28,0.2992126,0.64857644,0.5542568
28,0.30708662,0.6386133,0.55362034
28,0.31496063,0.62890786,0.5535714
28,0.32283464,0.61945176,0.55415916
28,0.33070865,0.6102144,0.5555902
28,0.33858266,0.6011448,0.55768245
28,0.3464567,0.59204537,0.5607299
28,0.35433072,0.58275837,0.5644293
28,0.36220473,0.57369864,0.5686197
28,0.37007874,0.5640642,0.5736072
28,0.37795275,0.5546456,0.57889533
28,0.38582677,0.5453629,0.5845315
28,0.39370078,0.5369181,0.590023
28,0.4015748,0.52836585,0.59573865
28,0.40944883,0.51973826,0.60190123
28,0.41732284,0.5110045,0.6080726
28,0.42519686,0.50228244,0.614084
28,0.43307087,0.49352163,0.61995184
28,0.44094488,0.48465788,0.62544495
28,0.4488189,0.47565645,0.63045055
28,0.4566929,0.46658546,0.63495815
28,0.46456692,0.4573442,0.6389142
28,0.47244096,0.4479324,0.6420215
28,0.48031497,0.43845695,0.64446265
28,0.48818898,0.42885056,0.6460872
28,0.496063,0.41922477,0.64671427
28,0.503937,0.40959322,0.6463407
28,0.511811,0.40001878,0.6449871
28,0.51968503,0.39034313,0.6425534
28,0.52755904,0.38078865,0.6389503
28,0.53543305,0.3720199,0.63438743
28,0.54330707,0.36362055,0.6288633
28,0.5511811,0.35538477,0.62232566
28,0.5590551,0.34722096,0.6145553
28,0.56692916,0.33950078,0.6058989
28,0.5748032,0.3323839,0.5965137
28,0.5826772,0.3258666,0.58634424
28,0.5905512,0.3198772,0.5757185
28,0.5984252,0.3144835,0.56453496
28,0.6062992,0.30956024,0.55281204
28,0.61417323,0.3050795,0.54060477
28,0.62204725,0.30112037,0.52795357
28,0.62992126,0.29760846,0.5150363
28,0.63779527,0.2944876,0.5018627
28,0.6456693,0.29169554,0.48864323
28,0.6535433,0.2890713,0.4751353
28,0.6614173,0.28669482,0.46159452
28,0.6692913,0.2845342,0.44824344
28,0.6771653,0.28239325,0.43506995
28,0.68503934,0.28032273,0.42170137
28,0.6929134,0.27821222,0.40821275
28,0.7007874,0.2760265,0.39472276
28,0.70866144,0.27376786,0.3812449
28,0.71653545,0.2713005,0.36802283
28,0.72440946,0.26866293,0.3545309
28,0.7322835,0.26565108,0.3409332
28,0.7401575,0.2625315,0.32770643
28,0.7480315,0.25901946,0.31472188
28,0.7559055,0.2553218,0.30226853
28,0.7637795,0.25132915,0.2900833
28,0.77165353,0.24704738,0.27802885
28,0.77952754,0.24244939,0.26608777
28,0.78740156,0.2374414,0.2542824
28,0.79527557,0.23221286,0.24274184
28,0.8031496,0.22668514,0.23148456
28,0.8110236,0.22096348,0.22038409
28,0.81889766,0.21491635,0.20980059
28,0.8267717,0.20872615,0.19942246
28,0.8346457,0.2022409,0.18934415
28,0.8425197,0.19558518,0.17957987
28,0.8503937,0.18868436,0.17021
28,0.8582677,0.18155491,0.16106775
28,0.86614174,0.17411515,0.15216693
28,0.87401575,0.16651516,0.1434279
28,0.88188976,0.15870291,0.1349803
28,0.8897638,0.15083614,0.1266641
28,0.8976378,0.14283796,0.118576
28,0.9055118,0.13481879,0.11058932
28,0.9133858,0.12681186,0.10264975
28,0.9212598,0.11874883,0.09486148
28,0.92913383,0.110597044,0.08709242
28,0.93700784,0.1024027,0.079145424
28,0.9448819,0.09446358,0.071444
28,0.9527559,0.08624448,0.06412021
28,0.96062994,0.07767123,0.056883212
28,0.96850395,0.069642045,0.04945227
28,0.97637796,0.061797757,0.042043664
28,0.984252,0.053748168,0.03506717
28,0.992126,0.045692675,0.028021876
28,1.0,0.0376,0.020714285
29,0.0,0.2126,0.9564286
29,0.007874016,0.21526329,0.9480145
29,0.015748031,0.21773005,0.94062847
29,0.023622047,0.22001591,0.9331948
29,0.031496063,0.22253723,0.9251527
29,0.03937008,0.22511569,0.9171382
29,0.047244094,0.22763936,0.9090116
29,0.05511811,0.2301164,0.9006518
29,0.062992126,0.23262517,0.8926156
29,0.070866145,0.2351073,0.88445187
29,0.07874016,0.23752774,0.8765266
29,0.08661418,0.2396907,0.8686024
29,0.09448819,0.24214195,0.86073726
29,0.10236221,0.24459812,0.8531491
29,0.11023622,0.247007,0.8451638
29,0.11811024,0.24926853,0.83723277
29,0.12598425,0.25171706,0.82915944
29,0.13385826,0.25423327,0.8209645
29,0.14173229,0.25674778,0.8129008
29,0.1496063,0.25918928,0.8050383
29,0.15748031,0.26167354,0.7970945
29,0.16535433,0.2641973,0.78915054
29,0.17322835,0.26685324,0.7809755
29,0.18110237,0.26940835,0.77277374
29,0.18897638,0.2718141,0.7645925
29,0.19685039,0.2741204,0.75642717
29,0.20472442,0.2762038,0.74827206
29,0.21259843,0.27814892,0.74036175
29,0.22047244,0.28006062,0.73273367
29,0.22834645,0.28183424,0.72461545
29,0.23622048,0.28344515,0.71643096
29,0.24409449,0.28483465,0.7080877
29,0.2519685,0.28590858,0.69948566
29,0.25984251,0.28690472,0.6907626
29,0.26771653,0.28766075,0.6821068
29,0.27559054,0.28846627,0.67357564
29,0.28346458,0.28921607,0.6652039
29,0.2913386,0.28978175,0.65670276
29,0.2992126,0.29023165,0.6480433
29,0.30708662,0.29046726,0.63917404
29,0.31496063,0.29059002,0.6304135
29,0.32283464,0.2906,0.62168616
29,0.33070865,0.2906,0.6127942
29,0.33858266,0.2906,0.6039982
29,0.3464567,0.2906,0.5952617
29,0.35433072,0.2906,0.5863352
29,0.36220473,0.2906,0.5774981
29,0.37007874,0.29059243,0.5687518
29,0.37795275,0.2905,0.55998635
29,0.38582677,0.2904618,0.55126226
29,0.39370078,0.29030034,0.5424401
29,0.4015748,0.2902,0.5335915
29,0.40944883,0.29,0.52466613
29,0.41732284,0.28982425,0.51583135
29,0.42519686,0.28956723,0.50701886
29,0.43307087,0.28931046,0.49835828
29,0.44094488,0.28905338,0.48954415
29,0.4488189,0.28869563,0.4808498
29,0.4566929,0.28833693,0.47207096
29,0.46456692,0.28787774,0.46337935
29,0.47244096,0.2874361,0.45473567
29,0.48031497,0.28691575,0.4461871
29,0.48818898,0.28639168,0.43762305
29,0.496063,0.28570837,0.429044
29,0.503937,0.28492415,0.42045507
29,0.511811,0.283954,0.4117484
29,0.51968503,0.2829632,0.40315816
29,0.52755904,0.28176203,0.3946076
29,0.53543305,0.28046352,0.38617063
29,0.54330707,0.27906746,0.37770033
29,0.5511811,0.27759027,0.36920857
29,0.5590551,0.27600172,0.36074272
29,0.56692916,0.274306,0.35231388
29,0.5748032,0.27261922,0.34406978
29,0.5826772,0.27084106,0.33586627
29,0.5905512,0.26891065,0.32779187
29,0.5984252,0.26688343,0.31959298
29,0.6062992,0.26462203,0.31146133
29,0.61417323,0.26215073,0.30324516
29,0.62204725,0.25948635,0.29529685
29,0.62992126,0.25673217,0.2874176
29,0.63779527,0.2537569,0.27962524
29,0.6456693,0.25078654,0.27216673
29,0.6535433,0.24768932,0.26478854
29,0.6614173,0.2445014,0.2575745
29,0.6692913,0.241176,0.25023428
29,0.6771653,0.23775767,0.24305215
29,0.68503934,0.23431642,0.23593603
29,0.6929134,0.23067233,0.22885206
29,0.7007874,0.22694324,0.22179666
29,0.70866144,0.22317143,0.21491328
29,0.71653545,0.21933238,0.2082007
29,0.72440946,0.21537484,0.20157328
29,0.7322835,0.21133178,0.19497511
29,0.7401575,0.2071939,0.18870556
29,0.7480315,0.20294851,0.18249787
29,0.7559055,0.19861978,0.17645682
29,0.7637795,0.19409153,0.17060572
29,0.77165353,0.18951616,0.1649482
29,0.77952754,0.18479367,0.15931241
29,0.78740156,0.18004136,0.15384375
29,0.79527557,0.17521586,0.14846623
29,0.8031496,0.17041752,0.14310071
29,0.8110236,0.16554596,0.13790716
29,0.81889766,0.16067357,0.13273877
29,0.8267717,0.15577383,0.12759738
29,0.8346457,0.15090226,0.12248286
29,0.8425197,0.14590007,0.11738968
29,0.8503937,0.140818,0.11246026
29,0.8582677,0.13581191,0.107546
29,0.86614174,0.13063662,0.102645084
29,0.87401575,0.12549527,0.09787078
29,0.88188976,0.12032705,0.09302415
29,0.8897638,0.11509066,0.088307485
29,0.8976378,0.10996331,0.08355816
29,0.9055118,0.10478779,0.07897124
29,0.9133858,0.09965087,0.07429542
29,0.9212598,0.09450785,0.06961415
29,0.92913383,0.08935308,0.064922385
29,0.93700784,0.084114134,0.06021814
29,0.9448819,0.07895169,0.05564443
29,0.9527559,0.07377686,0.050916333
29,0.96062994,0.06850584,0.046183784
29,0.96850395,0.06341117,0.04146313
29,0.97637796,0.058320116,0.036844827
29,0.984252,0.053223487,0.032239277
29,0.992126,0.048116483,0.027624054
29,1.0,0.0431,0.023142857
30,0.0,0.2103,0.95085716
30,0.007874016,0.21277952,0.9431845
30,0.015748031,0.21529895,0.93514585
30,0.023622047,0.2179338,0.9268173
30,0.031496063,0.2205675,0.9184543
30,0.03937008,0.22313203,0.9102136
30,0.047244094,0.22567408,0.9022976
30,0.05511811,0.22800474,0.89450574
30,0.062992126,0.2303971,0.88672394
30,0.070866145,0.23281573,0.8787897
30,0.07874016,0.23526074,0.8707397
30,0.08661418,0.2371485,0.86507356
30,0.09448819,0.2397,0.85661596
30,0.10236221,0.2422,0.8493128
30,0.11023622,0.24441104,0.8412542
30,0.11811024,0.24672909,0.8335805
30,0.12598425,0.24914931,0.8256096
30,0.13385826,0.25151765,0.8177199
30,0.14173229,0.25390154,0.8098505
30,0.1496063,0.25615165,0.8019937
30,0.15748031,0.25860536,0.7938418
30,0.16535433,0.2609674,0.7855683
30,0.17322835,0.26332256,0.7773641
30,0.18110237,0.26570815,0.76958805
30,0.18897638,0.268032,0.7616828
30,0.19685039,0.27053398,0.7533551
30,0.20472442,0.27310884,0.7449358
30,0.21259843,0.275445,0.73672855
30,0.22047244,0.277647,0.7287986
30,0.22834645,0.27976155,0.72059333
30,0.23622048,0.2818405,0.7120543
30,0.24409449,0.2833,0.70614284
30,0.2519685,0.2849177,0.70118445
30,0.25984251,0.28642878,0.6929783
30,0.26771653,0.28798443,0.68425417
30,0.27559054,0.28932402,0.6754456
30,0.28346458,0.29062444,0.6667731
30,0.2913386,0.29173002,0.658038
30,0.2992126,0.29262492,0.64960796
30,0.30708662,0.29345164,0.6411611
30,0.31496063,0.29422164,0.63250554
30,0.32283464,0.2948027,0.62379557
30,0.33070865,0.2952706,0.6151429
30,0.33858266,0.295727,0.60634387
30,0.3464567,0.296,0.597686
30,0.35433072,0.29621097,0.58900374
30,0.36220473,0.2964,0.58031
30,0.37007874,0.2965,0.57166904
30,0.37795275,0.2965,0.563038
30,0.38582677,0.2964,0.55440474
30,0.39370078,0.29629618,0.54560554
30,0.4015748,0.2960913,0.5368937
30,0.40944883,0.29578942,0.5281266
30,0.41732284,0.29539007,0.519416
30,0.42519686,0.29499277,0.51064056
30,0.43307087,0.29449403,0.5019147
30,0.44094488,0.29400533,0.4933619
30,0.4488189,0.29331928,0.484847
30,0.4566929,0.29265285,0.47624266
30,0.46456692,0.29188022,0.46776393
30,0.47244096,0.29101098,0.45925266
30,0.48031497,0.29004842,0.45076987
30,0.48818898,0.28905812,0.44227228
30,0.496063,0.28792843,0.4338918
30,0.503937,0.2867124,0.42550308
30,0.511811,0.28542843,0.41709292
30,0.51968503,0.2840585,0.40862495
30,0.52755904,0.28258345,0.40024665
30,0.53543305,0.28107297,0.39181077
30,0.54330707,0.27937755,0.3834538
30,0.5511811,0.2776766,0.3751603
30,0.5590551,0.27576408,0.36678743
30,0.56692916,0.2738222,0.35846692
30,0.5748032,0.2718122,0.35019296
30,0.5826772,0.269651,0.34209326
30,0.5905512,0.26738632,0.33403158
30,0.5984252,0.26508743,0.32614657
30,0.6062992,0.26267305,0.31828672
30,0.61417323,0.26013327,0.3104141
30,0.62204725,0.2575,0.30262855
30,0.62992126,0.254792,0.29495218
30,0.63779527,0.25192407,0.28726047
30,0.6456693,0.24898401,0.27974576
30,0.6535433,0.2458925,0.2724098
30,0.6614173,0.24273327,0.2649669
30,0.6692913,0.23949401,0.25774288
30,0.6771653,0.23605399,0.25057957
30,0.68503934,0.23263417,0.24345748
30,0.6929134,0.22907133,0.23651683
30,0.7007874,0.22544624,0.2296183
30,0.70866144,0.2217085,0.22290803
30,0.71653545,0.21789421,0.2162134
30,0.72440946,0.21398528,0.20964037
30,0.7322835,0.20992893,0.20310712
30,0.7401575,0.205813,0.19674976
30,0.7480315,0.20172058,0.19042785
30,0.7559055,0.19745068,0.18413992
30,0.7637795,0.1932019,0.17802666
30,0.77165353,0.1888484,0.17196223
30,0.77952754,0.18438146,0.16609044
30,0.78740156,0.17993377,0.16010056
30,0.79527557,0.17540513,0.15442088
30,0.8031496,0.17079611,0.14876644
30,0.8110236,0.16616057,0.1431993
30,0.81889766,0.16156219,0.13762294
30,0.8267717,0.15678906,0.13233928
30,0.8346457,0.15201621,0.12695752
30,0.8425197,0.1472302,0.12172165
30,0.8503937,0.14237526,0.11650515
30,0.8582677,0.13753507,0.11141306
30,0.86614174,0.13261344,0.10640357
30,0.87401575,0.12760273,0.10141886
30,0.88188976,0.12271304,0.09646016
30,0.8897638,0.11770256,0.09152625
30,0.8976378,0.1127034,0.086754926
30,0.9055118,0.10770227,0.08196631
30,0.9133858,0.10267853,0.077248685
30,0.9212598,0.09767223,0.072544985
30,0.92913383,0.09248078,0.06769598
30,0.93700784,0.08728162,0.06289853
30,0.9448819,0.0821134,0.05824006
30,0.9527559,0.076956294,0.053733967
30,0.96062994,0.07180859,0.04909308
30,0.96850395,0.066673584,0.044605933
30,0.97637796,0.061524116,0.039985817
30,0.984252,0.05633337,0.035514317
30,0.992126,0.05111881,0.031044694
30,1.0,0.0459,0.026571428
31,0.0,0.9861,0.72885716
31,0.007874016,0.97721076,0.7237122
31,0.015748031,0.9681353,0.7183737
31,0.023622047,0.95903325,0.7131036
31,0.031496063,0.94991046,0.70772976
31,0.03937008,0.94113624,0.7025194
31,0.047244094,0.9322602,0.6972001
31,0.05511811,0.9234097,0.69196516
31,0.062992126,0.91451967,0.6866651
31,0.070866145,0.9056956,0.6812938
31,0.07874016,0.8968777,0.6759841
31,0.08661418,0.8881482,0.6706239
31,0.09448819,0.8793779,0.6652607
31,0.10236221,0.87048084,0.6597624
31,0.11023622,0.86161983,0.6542726
31,0.11811024,0.8527891,0.6486033
31,0.12598425,0.84397364,0.64312404
31,0.13385826,0.8351905,0.63773996
31,0.14173229,0.82648104,0.6323689
31,0.1496063,0.81776506,0.6270943
31,0.15748031,0.8087322,0.621847
31,0.16535433,0.7997113,0.6167493
31,0.17322835,0.79063976,0.6117084
31,0.18110237,0.78176796,0.6067467
31,0.18897638,0.7728525,0.60190636
31,0.19685039,0.76380426,0.59720904
31,0.20472442,0.754684,0.5928495
31,0.21259843,0.74558973,0.58880466
31,0.22047244,0.73641646,0.58481735
31,0.22834645,0.72722965,0.58063316
31,0.23622048,0.7180515,0.5763935
31,0.24409449,0.70890015,0.5726884
31,0.2519685,0.6993962,0.5693201
31,0.25984251,0.68940735,0.56622267
31,0.26771653,0.6798141,0.5633265
31,0.27559054,0.67034525,0.5606406
31,0.28346458,0.66131353,0.55857146
31,0.2913386,0.65240824,0.55642855
31,0.2992126,0.64324653,0.5551429
31,0.30708662,0.6337996,0.5546606
31,0.31496063,0.62395704,0.55457145
31,0.32283464,0.61407894,0.5551429
31,0.33070865,0.60459185,0.5563224
31,0.33858266,0.5951441,0.55825406
31,0.3464567,0.5857044,0.5611415
31,0.35433072,0.57658416,0.5650387
31,0.36220473,0.5674106,0.56999356
31,0.37007874,0.55846035,0.5758074
31,0.37795275,0.54991037,0.5819926
31,0.38582677,0.54160595,0.5886521
31,0.39370078,0.5333348,0.5953987
31,0.4015748,0.52503127,0.60236776
31,0.40944883,0.5167101,0.60913473
31,0.41732284,0.5081932,0.6158707
31,0.42519686,0.49957094,0.6222883
31,0.43307087,0.4908646,0.6280225
31,0.44094488,0.48205385,0.63324237
31,0.4488189,0.4729912,0.63802654
31,0.4566929,0.46370938,0.64215946
31,0.46456692,0.45423806,0.6455951
31,0.47244096,0.44473475,0.64829904
31,0.48031497,0.43506348,0.6501206
31,0.48818898,0.4255084,0.6509246
31,0.496063,0.41593334,0.6508526
31,0.503937,0.40633714,0.64974225
31,0.511811,0.39676735,0.64761925
31,0.51968503,0.38759157,0.6447827
31,0.52755904,0.37849784,0.6409418
31,0.53543305,0.3696021,0.6361155
31,0.54330707,0.3608123,0.6305088
31,0.5511811,0.3522511,0.6239295
31,0.5590551,0.34408537,0.616527
31,0.56692916,0.33637625,0.60830694
31,0.5748032,0.32909384,0.5992769
31,0.5826772,0.32242107,0.58940756
31,0.5905512,0.31631032,0.5787615
31,0.5984252,0.31070542,0.5676383
31,0.6062992,0.30573782,0.555916
31,0.61417323,0.3012188,0.543768
31,0.62204725,0.2972443,0.5313681
31,0.62992126,0.2937742,0.5186037
31,0.63779527,0.290708,0.50563264
31,0.6456693,0.2880282,0.4923821
31,0.6535433,0.28570265,0.47896868
31,0.6614173,0.28359556,0.46530586
31,0.6692913,0.2816526,0.4517336
31,0.6771653,0.27983487,0.43808764
31,0.68503934,0.2780982,0.4244832
31,0.6929134,0.27621344,0.41104263
31,0.7007874,0.2743047,0.39760035
31,0.70866144,0.27223065,0.38414207
31,0.71653545,0.27002996,0.37081203
31,0.72440946,0.26759064,0.35748103
31,0.7322835,0.26495135,0.34429294
31,0.7401575,0.2620851,0.33124012
31,0.7480315,0.2589162,0.31825215
31,0.7559055,0.25540808,0.30537054
31,0.7637795,0.25167423,0.29277688
31,0.77165353,0.24758439,0.28034094
31,0.77952754,0.24317434,0.2681083
31,0.78740156,0.23855077,0.2562382
31,0.79527557,0.23361963,0.2444032
31,0.8031496,0.22838607,0.23290415
31,0.8110236,0.22295988,0.22167118
31,0.81889766,0.21726958,0.21049382
31,0.8267717,0.21133585,0.1996263
31,0.8346457,0.20522878,0.18907177
31,0.8425197,0.19885807,0.17883167
31,0.8503937,0.19225231,0.16878901
31,0.8582677,0.18541549,0.15912104
31,0.86614174,0.17842695,0.14978994
31,0.87401575,0.17109698,0.14087959
31,0.88188976,0.16362712,0.13214858
31,0.8897638,0.15587564,0.12394944
31,0.8976378,0.14806852,0.11604946
31,0.9055118,0.14011504,0.10844289
31,0.9133858,0.13206035,0.10089518
31,0.9212598,0.12397298,0.09355244
31,0.92913383,0.11577864,0.08639448
31,0.93700784,0.10771727,0.079212986
31,0.9448819,0.09952762,0.07206824
31,0.9527559,0.091303095,0.06469503
31,0.96062994,0.08304237,0.057446167
31,0.96850395,0.0747641,0.050152894
31,0.97637796,0.06647823,0.04285988
31,0.984252,0.058310334,0.03550359
31,0.992126,0.050094098,0.028181301
31,1.0,0.0418,0.020857142
32,0.0,0.9825,0.713
32,0.007874016,0.9736811,0.707644
32,0.015748031,0.9648525,0.7022823
32,0.023622047,0.9560033,0.69690835
32,0.031496063,0.947133,0.69152194
32,0.03937008,0.9382416,0.6861231
32,0.047244094,0.92942214,0.6808505
32,0.05511811,0.9205635,0.6755548
32,0.062992126,0.9116994,0.67022413
32,0.070866145,0.90287364,0.66486126
32,0.07874016,0.8940274,0.6596086
32,0.08661418,0.8851638,0.65432477
32,0.09448819,0.87645245,0.64917743
32,0.10236221,0.86769575,0.6440994
32,0.11023622,0.8588511,0.63895565
32,0.11811024,0.85003054,0.6338802
32,0.12598425,0.8410681,0.62878036
32,0.13385826,0.83216417,0.6236564
32,0.14173229,0.82322764,0.6186563
32,0.1496063,0.81424946,0.61375636
32,0.15748031,0.8052916,0.60888344
32,0.16535433,0.7961934,0.60418737
32,0.17322835,0.7871787,0.5995613
32,0.18110237,0.7779716,0.5950189
32,0.18897638,0.7688509,0.59067076
32,0.19685039,0.7596796,0.58635366
32,0.20472442,0.7505387,0.58225197
32,0.21259843,0.7414883,0.5782925
32,0.22047244,0.7323686,0.57440954
32,0.22834645,0.7230687,0.5707191
32,0.23622048,0.7137306,0.5670797
32,0.24409449,0.70441216,0.5636249
32,0.2519685,0.6950097,0.5604902
32,0.25984251,0.6856054,0.5573828
32,0.26771653,0.67630523,0.55474436
32,0.27559054,0.66700304,0.552309
32,0.28346458,0.6575898,0.5501631
32,0.2913386,0.64806354,0.54850215
32,0.2992126,0.6386184,0.547457
32,0.30708662,0.6294242,0.547
32,0.31496063,0.62019724,0.54721934
32,0.32283464,0.6107967,0.5481613
32,0.33070865,0.60130274,0.5498118
32,0.33858266,0.5919663,0.5521192
32,0.3464567,0.58265436,0.55529267
32,0.35433072,0.5734296,0.5594127
32,0.36220473,0.5645052,0.5643108
32,0.37007874,0.55596566,0.5699411
32,0.37795275,0.54758626,0.5760812
32,0.38582677,0.5392174,0.5827271
32,0.39370078,0.5309607,0.58983976
32,0.4015748,0.52272743,0.59713626
32,0.40944883,0.5144608,0.604574
32,0.41732284,0.50625896,0.6115891
32,0.42519686,0.49799523,0.61853343
32,0.43307087,0.48959458,0.62514675
32,0.44094488,0.48100477,0.63142514
32,0.4488189,0.47215953,0.63729554
32,0.4566929,0.46334732,0.6423705
32,0.46456692,0.45434904,0.64678615
32,0.47244096,0.44519064,0.6503688
32,0.48031497,0.43597597,0.6530731
32,0.48818898,0.42657077,0.65477884
32,0.496063,0.4169893,0.6554286
32,0.503937,0.4073127,0.65495586
32,0.511811,0.39770952,0.6534157
32,0.51968503,0.38810217,0.6508896
32,0.52755904,0.37896833,0.6474657
32,0.53543305,0.37006745,0.6430481
32,0.54330707,0.3615676,0.63753283
32,0.5511811,0.35331514,0.6309064
32,0.5590551,0.34546736,0.6230484
32,0.56692916,0.33812436,0.61417764
32,0.5748032,0.33128834,0.60445154
32,0.5826772,0.32508397,0.59402674
32,0.5905512,0.31940374,0.5830552
32,0.5984252,0.31422395,0.5715187
32,0.6062992,0.30968368,0.55952483
32,0.61417323,0.30555832,0.54709655
32,0.62204725,0.3019813,0.5343968
32,0.62992126,0.2987952,0.5214533
32,0.63779527,0.2959954,0.5082638
32,0.6456693,0.29361463,0.4950836
32,0.6535433,0.29146358,0.48173994
32,0.6614173,0.28959295,0.46837813
32,0.6692913,0.28794405,0.45489562
32,0.6771653,0.2864473,0.44159317
32,0.68503934,0.2849081,0.4282007
32,0.6929134,0.28336826,0.41468266
32,0.7007874,0.28178376,0.40108335
32,0.70866144,0.27997255,0.38751814
32,0.71653545,0.27794328,0.37410453
32,0.72440946,0.27574512,0.3608292
32,0.7322835,0.27323124,0.34767258
32,0.7401575,0.27038547,0.33461422
32,0.7480315,0.26720294,0.32170644
32,0.7559055,0.26359147,0.30897254
32,0.7637795,0.25962624,0.29678923
32,0.77165353,0.25537014,0.28483748
32,0.77952754,0.25075057,0.27315715
32,0.78740156,0.24578956,0.26162046
32,0.79527557,0.24048488,0.25011045
32,0.8031496,0.23481938,0.23870908
32,0.8110236,0.22881813,0.22764556
32,0.81889766,0.22263245,0.21668111
32,0.8267717,0.21626689,0.2063337
32,0.8346457,0.20986053,0.19642939
32,0.8425197,0.20318769,0.18682809
32,0.8503937,0.19638234,0.17749074
32,0.8582677,0.18942846,0.16820937
32,0.86614174,0.18234195,0.15902737
32,0.87401575,0.17522302,0.14980213
32,0.88188976,0.16816595,0.14052887
32,0.8897638,0.16106795,0.13119537
32,0.8976378,0.15400082,0.12182959
32,0.9055118,0.1470536,0.11252861
32,0.9133858,0.1400781,0.10311156
32,0.9212598,0.133008,0.09343919
32,0.92913383,0.12591189,0.083731264
32,0.93700784,0.118943185,0.074133866
32,0.9448819,0.11212252,0.06476759
32,0.9527559,0.105213076,0.05544725
32,0.96062994,0.0981739,0.046057016
32,0.96850395,0.091059744,0.036762528
32,0.97637796,0.08377115,0.027729848
32,0.984252,0.07623931,0.018863544
32,0.992126,0.06859369,0.010803513
32,1.0,0.0629,0.0025714287
33,0.0,0.2101,0.062142856
33,0.007874016,0.21538612,0.06858555
33,0.015748031,0.22091168,0.07527049
33,0.023622047,0.22658938,0.082083434
33,0.031496063,0.23215507,0.08906884
33,0.03937008,0.23753186,0.09573289
33,0.047244094,0.24252233,0.10217475
33,0.05511811,0.24730137,0.10871625
33,0.062992126,0.25232416,0.11560594
33,0.070866145,0.25748008,0.12254296
33,0.07874016,0.2626486,0.12926637
33,0.08661418,0.2677931,0.13599013
33,0.09448819,0.27254057,0.14211488
33,0.10236221,0.27779454,0.14889826
33,0.11023622,0.28322303,0.15602349
33,0.11811024,0.28874224,0.16298188
33,0.12598425,0.29387796,0.16953993
33,0.13385826,0.29923287,0.1763327
33,0.14173229,0.30484068,0.18334384
33,0.1496063,0.31045598,0.19032112
33,0.15748031,0.31536964,0.19624233
33,0.16535433,0.32056463,0.20194948
33,0.17322835,0.32591262,0.20758495
33,0.18110237,0.33112168,0.21236463
33,0.18897638,0.33713633,0.21761613
33,0.19685039,0.34338918,0.22269148
33,0.20472442,0.3496751,0.2277281
33,0.21259843,0.35593227,0.23239368
33,0.22047244,0.3621538,0.23713623
33,0.22834645,0.3683629,0.24168777
33,0.23622048,0.37466428,0.24612425
33,0.24409449,0.3809597,0.25054264
33,0.2519685,0.38726747,0.2550434
33,0.25984251,0.3937651,0.25940365
33,0.26771653,0.4001798,0.26388422
33,0.27559054,0.4066774,0.26823634
33,0.28346458,0.41315585,0.27268276
33,0.2913386,0.4195713,0.27724126
33,0.2992126,0.42600483,0.28170517
33,0.30708662,0.43231022,0.28608152
33,0.31496063,0.4385013,0.29052263
33,0.32283464,0.44468975,0.29503646
33,0.33070865,0.45089066,0.2996362
33,0.33858266,0.45706135,0.3042082
33,0.3464567,0.46337384,0.30899772
33,0.35433072,0.4696403,0.31372708
33,0.36220473,0.47592598,0.3185808
33,0.37007874,0.48221555,0.32340756
33,0.37795275,0.48840192,0.32832018
33,0.38582677,0.49462298,0.33332536
33,0.39370078,0.500787,0.33828673
33,0.4015748,0.50689316,0.3432035
33,0.40944883,0.5129718,0.34820443
33,0.41732284,0.5190722,0.35310343
33,0.42519686,0.5251471,0.35818428
33,0.43307087,0.5311827,0.36322752
33,0.44094488,0.53729755,0.3681937
33,0.4488189,0.54344517,0.37322956
33,0.4566929,0.5495458,0.3782586
33,0.46456692,0.5557676,0.38311714
33,0.47244096,0.5619532,0.38808987
33,0.48031497,0.56815416,0.3928935
33,0.48818898,0.5743979,0.39756995
33,0.496063,0.5807046,0.40215096
33,0.503937,0.5869903,0.40670738
33,0.511811,0.5932744,0.41110057
33,0.51968503,0.5996158,0.41533113
33,0.52755904,0.6060299,0.4194428
33,0.53543305,0.6125079,0.42347154
33,0.54330707,0.6189875,0.42733988
33,0.5511811,0.62545806,0.43116575
33,0.5590551,0.63200194,0.43498263
33,0.56692916,0.6386223,0.43864366
33,0.5748032,0.6452188,0.44220766
33,0.5826772,0.6517942,0.4457848
33,0.5905512,0.6584459,0.44929054
33,0.5984252,0.6650765,0.45274386
33,0.6062992,0.67168933,0.4561907
33,0.61417323,0.67828804,0.45961913
33,0.62204725,0.6849453,0.4630414
33,0.62992126,0.6915241,0.4664538
33,0.63779527,0.6981644,0.46976665
33,0.6456693,0.70478684,0.47317153
33,0.6535433,0.71139103,0.47663844
33,0.6614173,0.7179777,0.48001584
33,0.6692913,0.7246446,0.48347032
33,0.6771653,0.73125637,0.486884
33,0.68503934,0.73788244,0.49032852
33,0.6929134,0.744487,0.4938114
33,0.7007874,0.75106716,0.49728164
33,0.70866144,0.7576497,0.50074095
33,0.71653545,0.76426023,0.5041871
33,0.72440946,0.7708509,0.5076223
33,0.7322835,0.77746403,0.5111891
33,0.7401575,0.7840349,0.5147123
33,0.7480315,0.7905856,0.51825595
33,0.7559055,0.7972179,0.5217893
33,0.7637795,0.8038331,0.52535486
33,0.77165353,0.81043607,0.5289727
33,0.77952754,0.81702703,0.5326256
33,0.78740156,0.8236668,0.5362718
33,0.79527557,0.830231,0.54005474
33,0.8031496,0.836839,0.5437682
33,0.8110236,0.8434038,0.5475434
33,0.81889766,0.84997153,0.55132043
33,0.8267717,0.85654575,0.55510134
33,0.8346457,0.86303097,0.5590317
33,0.8425197,0.8696286,0.56296974
33,0.8503937,0.87614274,0.56691766
33,0.8582677,0.882643,0.5710179
33,0.86614174,0.88909066,0.57502496
33,0.87401575,0.8954813,0.57910556
33,0.88188976,0.90193164,0.5832341
33,0.8897638,0.90822077,0.5873701
33,0.8976378,0.914594,0.59151226
33,0.9055118,0.92092454,0.5956582
33,0.9133858,0.92723525,0.59980774
33,0.9212598,0.93354386,0.603956
33,0.92913383,0.9399082,0.60809284
33,0.93700784,0.9462003,0.61207163
33,0.9448819,0.95254284,0.6161786
33,0.9527559,0.9589773,0.6201376
33,0.96062994,0.9654038,0.6240917
33,0.96850395,0.97183454,0.6280382
33,0.97637796,0.9783298,0.63197476
33,0.984252,0.98501647,0.6357576
33,0.992126,0.9917802,0.63967156
33,1.0,0.9987,0.64357144
34,0.0,0.1778,0.03142857
34,0.007874016,0.18401596,0.03701368
34,0.015748031,0.19010447,0.042484578
34,0.023622047,0.19615993,0.04811942
34,0.031496063,0.2024292,0.054013565
34,0.03937008,0.20859633,0.05997022
34,0.047244094,0.2146727,0.06625381
34,0.05511811,0.22069043,0.07253426
34,0.062992126,0.22647765,0.07909245
34,0.070866145,0.23221762,0.08590193
34,0.07874016,0.23781966,0.09269007
34,0.08661418,0.24341306,0.09959677
34,0.09448819,0.24900313,0.10659934
34,0.10236221,0.25460368,0.11350995
34,0.11023622,0.26015535,0.1203636
34,0.11811024,0.26570717,0.12725367
34,0.12598425,0.2712374,0.13414782
34,0.13385826,0.27681065,0.1412182
34,0.14173229,0.28237817,0.14828727
34,0.1496063,0.28795525,0.15547979
34,0.15748031,0.29356197,0.1625953
34,0.16535433,0.29915735,0.16971454
34,0.17322835,0.30485773,0.17671502
34,0.18110237,0.31057197,0.1836078
34,0.18897638,0.31627214,0.19026135
34,0.19685039,0.32207298,0.19682537
34,0.20472442,0.32803583,0.20312427
34,0.21259843,0.3340879,0.2093491
34,0.22047244,0.34023827,0.21521784
34,0.22834645,0.34651518,0.22101301
34,0.23622048,0.35283512,0.22657296
34,0.24409449,0.3593182,0.23179036
34,0.2519685,0.36582443,0.23690264
34,0.25984251,0.37253028,0.24187878
34,0.26771653,0.37925178,0.24653699
34,0.27559054,0.38598737,0.2511653
34,0.28346458,0.39277697,0.2556264
34,0.2913386,0.39955434,0.25998408
34,0.2992126,0.4063522,0.26426843
34,0.30708662,0.41313574,0.26854393
34,0.31496063,0.42001557,0.27281713
34,0.32283464,0.4267994,0.27709278
34,0.33070865,0.4336417,0.28145838
34,0.33858266,0.44046158,0.286044
34,0.3464567,0.4472157,0.29079694
34,0.35433072,0.45391217,0.29567182
34,0.36220473,0.46049228,0.30078962
34,0.37007874,0.46692207,0.3062205
34,0.37795275,0.4731949,0.3119024
34,0.38582677,0.47934204,0.3178262
34,0.39370078,0.48533985,0.3241395
34,0.4015748,0.49117032,0.33068776
34,0.40944883,0.49672264,0.33761066
34,0.41732284,0.5021197,0.3448389
34,0.42519686,0.50723594,0.35244277
34,0.43307087,0.51206803,0.36032206
34,0.44094488,0.5166145,0.36864838
34,0.4488189,0.5208178,0.3772235
34,0.4566929,0.5247215,0.3862061
34,0.46456692,0.5282903,0.39568642
34,0.47244096,0.53143597,0.40535426
34,0.48031497,0.5341233,0.4152538
34,0.48818898,0.5362881,0.42533526
34,0.496063,0.5380344,0.4356742
34,0.503937,0.53920305,0.44604376
34,0.511811,0.539821,0.45660025
34,0.51968503,0.5399,0.46717656
34,0.52755904,0.53947806,0.4775995
34,0.53543305,0.5385106,0.4880944
34,0.54330707,0.53711224,0.49834538
34,0.5511811,0.5352278,0.5086296
34,0.5590551,0.5330259,0.5187106
34,0.56692916,0.5303226,0.5287049
34,0.5748032,0.5273333,0.53839165
34,0.5826772,0.5240641,0.5478066
34,0.5905512,0.52034795,0.55691385
34,0.5984252,0.5163725,0.56577325
34,0.6062992,0.5119556,0.5743577
34,0.61417323,0.50731266,0.5826821
34,0.62204725,0.5024544,0.5906262
34,0.62992126,0.49729475,0.59829324
34,0.63779527,0.49199224,0.6057254
34,0.6456693,0.48650095,0.6129353
34,0.6535433,0.48087037,0.6199265
34,0.6614173,0.47519445,0.6266905
34,0.6692913,0.4693723,0.6332267
34,0.6771653,0.46348974,0.63968956
34,0.68503934,0.45759332,0.6460786
34,0.6929134,0.451664,0.6523957
34,0.7007874,0.44570622,0.65873665
34,0.70866144,0.43981835,0.66508746
34,0.71653545,0.43389964,0.67148614
34,0.72440946,0.42805305,0.6780536
34,0.7322835,0.42227712,0.6846635
34,0.7401575,0.41650406,0.69132864
34,0.7480315,0.41083106,0.69819796
34,0.7559055,0.40523636,0.70515954
34,0.7637795,0.39963463,0.712253
34,0.77165353,0.39411876,0.71938396
34,0.77952754,0.3886712,0.72661257
34,0.78740156,0.3833236,0.7339663
34,0.79527557,0.37803295,0.7414434
34,0.8031496,0.37289748,0.7490038
34,0.8110236,0.3678216,0.7566176
34,0.81889766,0.36280498,0.7642922
34,0.8267717,0.35785297,0.7721487
34,0.8346457,0.3530592,0.7800405
34,0.8425197,0.34823832,0.78810847
34,0.8503937,0.3435748,0.79618603
34,0.8582677,0.33897072,0.8045523
34,0.86614174,0.33432513,0.8129105
34,0.87401575,0.32983384,0.8214372
34,0.88188976,0.32539418,0.8300112
34,0.8897638,0.3210046,0.8387051
34,0.8976378,0.3166111,0.8475188
34,0.9055118,0.31236967,0.8563749
34,0.9133858,0.30820042,0.86508185
34,0.9212598,0.30419958,0.8740009
34,0.92913383,0.30013037,0.8828736
34,0.93700784,0.29611558,0.89172477
34,0.9448819,0.2921694,0.9007908
34,0.9527559,0.288265,0.90989363
34,0.96062994,0.28433183,0.9191147
34,0.96850395,0.28039178,0.92833495
34,0.97637796,0.27652436,0.9375823
34,0.984252,0.27266955,0.9468003
34,0.992126,0.2689222,0.955985
34,1.0,0.2651,0.9652857
35,0.0,0.2123,0.95914286
35,0.007874016,0.21625869,0.94689137
35,0.015748031,0.22025385,0.9342747
35,0.023622047,0.2241033,0.9219168
35,0.031496063,0.22805361,0.9087702
35,0.03937008,0.2314289,0.8980095
35,0.047244094,0.2353979,0.88595736
35,0.05511811,0.23924586,0.87368244
35,0.062992126,0.24306485,0.8611844
35,0.070866145,0.24682747,0.8487708
35,0.07874016,0.2506649,0.8361775
35,0.08661418,0.25454447,0.8237671
35,0.09448819,0.2585753,0.81141573
35,0.10236221,0.26259947,0.7990018
35,0.11023622,0.26659745,0.7867215
35,0.11811024,0.27048823,0.77442616
35,0.12598425,0.27437317,0.7618835
35,0.13385826,0.27820414,0.74894565
35,0.14173229,0.28184962,0.7360967
35,0.1496063,0.28510565,0.72340703
35,0.15748031,0.28801337,0.71082073
35,0.16535433,0.29061896,0.69810796
35,0.17322835,0.29276198,0.6849267
35,0.18110237,0.29434827,0.67151576
35,0.18897638,0.29553464,0.65812606
35,0.19685039,0.29617262,0.6447432
35,0.20472442,0.2965,0.6313997
35,0.21259843,0.2965,0.6180944
35,0.22047244,0.2962,0.60456353
35,0.22834645,0.29574448,0.5908269
35,0.23622048,0.29510543,0.5771703
35,0.24409449,0.29425296,0.56351304
35,0.2519685,0.29340994,0.54987043
35,0.25984251,0.2924759,0.53633577
35,0.26771653,0.2914691,0.522614
35,0.27559054,0.29061803,0.5088676
35,0.28346458,0.2899945,0.49524778
35,0.2913386,0.2896,0.48173395
35,0.2992126,0.2896389,0.46820533
35,0.30708662,0.2900203,0.45468107
35,0.31496063,0.29086977,0.4411894
35,0.32283464,0.2923521,0.4277333
35,0.33070865,0.2943226,0.41445783
35,0.33858266,0.29705346,0.40148517
35,0.3464567,0.30034873,0.38883716
35,0.35433072,0.30436927,0.37674057
35,0.36220473,0.30899435,0.3650132
35,0.37007874,0.3142264,0.35364896
35,0.37795275,0.31995538,0.3428416
35,0.38582677,0.3262012,0.33271256
35,0.39370078,0.3329501,0.3233237
35,0.4015748,0.3401129,0.31463188
35,0.40944883,0.34785172,0.30671266
35,0.41732284,0.35592538,0.29949027
35,0.42519686,0.36430693,0.2933241
35,0.43307087,0.3730206,0.2880168
35,0.44094488,0.3819522,0.28367257
35,0.4488189,0.39116895,0.28034127
35,0.4566929,0.40058008,0.27785465
35,0.46456692,0.41010427,0.2765579
35,0.47244096,0.41974634,0.27614287
35,0.48031497,0.42937297,0.27685362
35,0.48818898,0.43881452,0.27838594
35,0.496063,0.44803566,0.28085324
35,0.503937,0.45699883,0.284224
35,0.511811,0.4658528,0.28845873
35,0.51968503,0.47453907,0.2935279
35,0.52755904,0.48305687,0.2994661
35,0.53543305,0.49138227,0.3060991
35,0.54330707,0.49943885,0.31329823
35,0.5511811,0.50736356,0.32094926
35,0.5590551,0.51505196,0.32888177
35,0.56692916,0.5225759,0.33703676
35,0.5748032,0.5301141,0.34541336
35,0.5826772,0.53749925,0.35383373
35,0.5905512,0.5448743,0.36218673
35,0.5984252,0.5522829,0.37044603
35,0.6062992,0.5598327,0.37846196
35,0.61417323,0.5676243,0.3862136
35,0.62204725,0.57569104,0.39348537
35,0.62992126,0.5838787,0.40029955
35,0.63779527,0.5921681,0.4066915
35,0.6456693,0.60068613,0.4128302
35,0.6535433,0.6092903,0.41861865
35,0.6614173,0.6179022,0.42419362
35,0.6692913,0.62657374,0.4295549
35,0.6771653,0.63543135,0.4346546
35,0.68503934,0.64425683,0.43969673
35,0.6929134,0.65304244,0.44468078
35,0.7007874,0.66191596,0.44950137
35,0.70866144,0.6707833,0.45434037
35,0.71653545,0.67960924,0.45915776
35,0.72440946,0.68838865,0.46402934
35,0.7322835,0.69725746,0.46890303
35,0.7401575,0.7060542,0.47399756
35,0.7480315,0.7149618,0.47906116
35,0.7559055,0.72377735,0.48407033
35,0.7637795,0.7326026,0.48917294
35,0.77165353,0.741454,0.49423087
35,0.77952754,0.75024235,0.49925277
35,0.78740156,0.7590791,0.50438803
35,0.79527557,0.7679384,0.5095005
35,0.8031496,0.77684397,0.5146701
35,0.8110236,0.78572476,0.5197337
35,0.81889766,0.7946042,0.5247452
35,0.8267717,0.8034242,0.529806
35,0.8346457,0.81221044,0.53472006
35,0.8425197,0.821101,0.53951204
35,0.8503937,0.8300001,0.5444148
35,0.8582677,0.83881444,0.54925615
35,0.86614174,0.8477461,0.5541407
35,0.87401575,0.85659516,0.5590344
35,0.88188976,0.8654621,0.5639053
35,0.8897638,0.8743546,0.5688781
35,0.8976378,0.883165,0.5738657
35,0.9055118,0.8920209,0.5788691
35,0.9133858,0.9008123,0.5840356
35,0.9212598,0.9095422,0.5890813
35,0.92913383,0.918329,0.594293
35,0.93700784,0.92714787,0.5993879
35,0.9448819,0.935987,0.6046205
35,0.9527559,0.9447863,0.60964936
35,0.96062994,0.95354307,0.61469823
35,0.96850395,0.9623095,0.6197342
35,0.97637796,0.97109693,0.62463874
35,0.984252,0.97980934,0.62968534
35,0.992126,0.98854804,0.63462126
35,1.0,0.9974,0.6395714
36,0.0,0.9871,0.73071426
36,0.007874016,0.9783868,0.7254001
36,0.015748031,0.96953595,0.72006285
36,0.023622047,0.960733,0.71469367
36,0.031496063,0.95198995,0.70939994
36,0.03937008,0.94317836,0.70400774
36,0.047244094,0.93447155,0.6985008
36,0.05511811,0.9257353,0.69309664
36,0.062992126,0.9170155,0.68754494
36,0.070866145,0.9082962,0.68209296
36,0.07874016,0.8995924,0.6767883
36,0.08661418,0.8909452,0.67152995
36,0.09448819,0.88218087,0.6663772
36,0.10236221,0.87347275,0.66128457
36,0.11023622,0.8646609,0.6563383
36,0.11811024,0.8558629,0.65126455
36,0.12598425,0.84702057,0.64615357
36,0.13385826,0.83824205,0.64081573
36,0.14173229,0.82969,0.63548
36,0.1496063,0.8210541,0.6301452
36,0.15748031,0.81230694,0.62488765
36,0.16535433,0.80344844,0.61969376
36,0.17322835,0.794585,0.61462665
36,0.18110237,0.7856063,0.6096145
36,0.18897638,0.7767517,0.6047801
36,0.19685039,0.7679137,0.6000065
36,0.20472442,0.7589443,0.59521157
36,0.21259843,0.7498901,0.59051436
36,0.22047244,0.74096936,0.586036
36,0.22834645,0.7320374,0.5816428
36,0.23622048,0.72317314,0.5775185
36,0.24409449,0.7140989,0.57358384
36,0.2519685,0.7049349,0.5697982
36,0.25984251,0.6958963,0.5662841
36,0.26771653,0.6868171,0.5630418
36,0.27559054,0.67772937,0.5600906
36,0.28346458,0.6683171,0.5574334
36,0.2913386,0.65887153,0.55517554
36,0.2992126,0.6492815,0.5534448
36,0.30708662,0.63971514,0.5523228
36,0.31496063,0.6301585,0.55214286
36,0.32283464,0.62069803,0.552765
36,0.33070865,0.6113055,0.5544896
36,0.33858266,0.6019094,0.55708927
36,0.3464567,0.5925968,0.56057274
36,0.35433072,0.58340824,0.56470245
36,0.36220473,0.5746876,0.56928444
36,0.37007874,0.5661242,0.5745295
36,0.37795275,0.55739266,0.5801921
36,0.38582677,0.54866004,0.58638567
36,0.39370078,0.5400093,0.59272623
36,0.4015748,0.531583,0.59914625
36,0.40944883,0.52324265,0.605557
36,0.41732284,0.5150487,0.6118938
36,0.42519686,0.50675124,0.6179634
36,0.43307087,0.49835518,0.62388915
36,0.44094488,0.4898194,0.6294728
36,0.4488189,0.48094633,0.63468945
36,0.4566929,0.4719387,0.6394257
36,0.46456692,0.46285814,0.64362586
36,0.47244096,0.45367733,0.6471925
36,0.48031497,0.4443951,0.6501525
36,0.48818898,0.4350774,0.65235865
36,0.496063,0.42561445,0.65389794
36,0.503937,0.4160879,0.6547143
36,0.511811,0.40655145,0.6547143
36,0.51968503,0.3969748,0.65398014
36,0.52755904,0.38756257,0.6524197
36,0.53543305,0.37824422,0.64992714
36,0.54330707,0.36894637,0.6465475
36,0.5511811,0.3599137,0.64232874
36,0.5590551,0.3510816,0.6373099
36,0.56692916,0.3425179,0.63129854
36,0.5748032,0.33426574,0.6243869
36,0.5826772,0.32656866,0.61665034
36,0.5905512,0.31939578,0.6080426
36,0.5984252,0.31283918,0.59868443
36,0.6062992,0.30683368,0.58841974
36,0.61417323,0.3012848,0.57723606
36,0.62204725,0.2963906,0.5653586
36,0.62992126,0.29229409,0.5532868
36,0.63779527,0.2886786,0.54087085
36,0.6456693,0.2856041,0.5280782
36,0.6535433,0.283141,0.51497775
36,0.6614173,0.28110674,0.50175756
36,0.6692913,0.27946314,0.4883331
36,0.6771653,0.27803618,0.47494552
36,0.68503934,0.27688423,0.46148908
36,0.6929134,0.2758515,0.4480214
36,0.7007874,0.27483618,0.43447122
36,0.70866144,0.2738372,0.42098665
36,0.71653545,0.2727304,0.40741378
36,0.72440946,0.27152574,0.3938888
36,0.7322835,0.27005053,0.38039702
36,0.7401575,0.268442,0.3670475
36,0.7480315,0.26644403,0.35359097
36,0.7559055,0.26422176,0.34054253
36,0.7637795,0.26159778,0.3274799
36,0.77165353,0.25858232,0.31468055
36,0.77952754,0.25518718,0.3020029
36,0.78740156,0.25142157,0.28953615
36,0.79527557,0.24729675,0.27727643
36,0.8031496,0.24282256,0.26522577
36,0.8110236,0.23795035,0.25348306
36,0.81889766,0.232853,0.24208774
36,0.8267717,0.22738087,0.23101118
36,0.8346457,0.22169264,0.22031048
36,0.8425197,0.21569468,0.2098392
36,0.8503937,0.20952664,0.19963919
36,0.8582677,0.20311092,0.1897228
36,0.86614174,0.19653437,0.18009944
36,0.87401575,0.18971853,0.17076801
36,0.88188976,0.18274534,0.161544
36,0.8897638,0.17556916,0.15255879
36,0.8976378,0.16832772,0.14374669
36,0.9055118,0.16091228,0.13519616
36,0.9133858,0.15339924,0.12677555
36,0.9212598,0.14585347,0.11867316
36,0.92913383,0.13819218,0.11075767
36,0.93700784,0.13050152,0.1029729
36,0.9448819,0.12269073,0.095452376
36,0.9527559,0.11487717,0.088105045
36,0.96062994,0.10695915,0.08082983
36,0.96850395,0.09880725,0.07352331
36,0.97637796,0.09044235,0.066264875
36,0.984252,0.08194404,0.058866635
36,0.992126,0.07356224,0.05170753
36,1.0,0.0652,0.04457143
37,0.0,0.189,0.035714287
37,0.007874016,0.1949565,0.041910946
37,0.015748031,0.20090774,0.04798541
37,0.023622047,0.20692414,0.054213468
37,0.031496063,0.21283017,0.060266823
37,0.03937008,0.21840669,0.066196844
37,0.047244094,0.22404733,0.07229319
37,0.05511811,0.22983128,0.07885493
37,0.062992126,0.23572502,0.08549108
37,0.070866145,0.24149238,0.09221374
37,0.07874016,0.24730986,0.09907445
37,0.08661418,0.25289157,0.10578429
37,0.09448819,0.2583391,0.11248791
37,0.10236221,0.26367718,0.11917738
37,0.11023622,0.2689075,0.12586783
37,0.11811024,0.2741011,0.1327026
37,0.12598425,0.27945468,0.13993524
37,0.13385826,0.2848918,0.14727402
37,0.14173229,0.29023483,0.1546833
37,0.1496063,0.2956233,0.16206372
37,0.15748031,0.30113643,0.16937114
37,0.16535433,0.30663273,0.17663524
37,0.17322835,0.31219575,0.1836523
37,0.18110237,0.31767005,0.1902515
37,0.18897638,0.3232616,0.19689895
37,0.19685039,0.3290099,0.20333202
37,0.20472442,0.33496103,0.20970824
37,0.21259843,0.34107125,0.21589775
37,0.22047244,0.34725526,0.2218757
37,0.22834645,0.35352954,0.22764917
37,0.23622048,0.35978845,0.23320037
37,0.24409449,0.3661815,0.23848866
37,0.2519685,0.3726156,0.243516
37,0.25984251,0.3790821,0.24822673
37,0.26771653,0.38557816,0.25277013
37,0.27559054,0.39215526,0.25709975
37,0.28346458,0.39878684,0.2613116
37,0.2913386,0.4054014,0.26537058
37,0.2992126,0.4121586,0.2694135
37,0.30708662,0.4189828,0.27349702
37,0.31496063,0.42575476,0.27759033
37,0.32283464,0.43246433,0.28167066
37,0.33070865,0.43909797,0.28579238
37,0.33858266,0.44576642,0.29003996
37,0.3464567,0.4524137,0.29432505
37,0.35433072,0.45898098,0.29883674
37,0.36220473,0.46555537,0.30342844
37,0.37007874,0.4721348,0.3082367
37,0.37795275,0.4785175,0.31317857
37,0.38582677,0.48491085,0.31828716
37,0.39370078,0.49130622,0.32341915
37,0.4015748,0.49763632,0.32878464
37,0.40944883,0.5039061,0.3342338
37,0.41732284,0.51017773,0.33967218
37,0.42519686,0.5163641,0.34513095
37,0.43307087,0.5226239,0.35065377
37,0.44094488,0.52884454,0.35610062
37,0.4488189,0.5350392,0.3616175
37,0.4566929,0.5412917,0.36706445
37,0.46456692,0.5475698,0.37244856
37,0.47244096,0.55398154,0.37777662
37,0.48031497,0.560346,0.38305575
37,0.48818898,0.5668326,0.38829342
37,0.496063,0.57327336,0.393494
37,0.503937,0.57978207,0.39852592
37,0.511811,0.58629453,0.4034961
37,0.51968503,0.59294015,0.40824297
37,0.52755904,0.59949195,0.41286406
37,0.53543305,0.60620356,0.41734758
37,0.54330707,0.61282784,0.42163563
37,0.5511811,0.6195503,0.42572042
37,0.5590551,0.6262663,0.4296585
37,0.56692916,0.63304055,0.43359458
37,0.5748032,0.6398209,0.43738335
37,0.5826772,0.64669335,0.44115084
37,0.5905512,0.65355355,0.44482183
37,0.5984252,0.660459,0.448428
37,0.6062992,0.6673309,0.45199874
37,0.61417323,0.6742475,0.4556473
37,0.62204725,0.6811265,0.45925632
37,0.62992126,0.6879775,0.46284476
37,0.63779527,0.6948858,0.46653557
37,0.6456693,0.7017053,0.47013998
37,0.6535433,0.7084736,0.4738097
37,0.6614173,0.7152818,0.47747532
37,0.6692913,0.72209066,0.4812586
37,0.6771653,0.72882503,0.48501375
37,0.68503934,0.73560566,0.48888224
37,0.6929134,0.7423939,0.49267372
37,0.7007874,0.74918205,0.49655506
37,0.70866144,0.75596035,0.5004002
37,0.71653545,0.76274633,0.5043945
37,0.72440946,0.76955116,0.5084063
37,0.7322835,0.7763622,0.51246667
37,0.7401575,0.7831166,0.5165204
37,0.7480315,0.7899159,0.5206832
37,0.7559055,0.7966603,0.5248124
37,0.7637795,0.8034526,0.5289129
37,0.77165353,0.8101395,0.533173
37,0.77952754,0.8168831,0.5374128
37,0.78740156,0.823583,0.5416265
37,0.79527557,0.8302473,0.5459564
37,0.8031496,0.836869,0.55035794
37,0.8110236,0.8435577,0.5546872
37,0.81889766,0.850213,0.5591321
37,0.8267717,0.8568371,0.56355757
37,0.8346457,0.86351424,0.56810474
37,0.8425197,0.8701076,0.5726336
37,0.8503937,0.87676555,0.57713896
37,0.8582677,0.8834327,0.58162355
37,0.86614174,0.89010507,0.5860986
37,0.87401575,0.89680976,0.5905732
37,0.88188976,0.90341765,0.5950403
37,0.8897638,0.91008985,0.5994885
37,0.8976378,0.9168171,0.6038874
37,0.9055118,0.92359596,0.6082234
37,0.9133858,0.9303499,0.6126379
37,0.9212598,0.9368981,0.6167673
37,0.92913383,0.94334227,0.6208941
37,0.93700784,0.9501779,0.62544197
37,0.9448819,0.957217,0.6302113
37,0.9527559,0.96394706,0.63467056
37,0.96062994,0.97040635,0.6388711
37,0.96850395,0.9770752,0.6433549
37,0.97637796,0.9838857,0.6480381
37,0.984252,0.99060374,0.65236986
37,0.992126,0.9969726,0.65635055
37,1.0,1.0033,0.6602857
38,0.0,0.9939,0.7271429
38,0.007874016,0.9876594,0.7231586
38,0.015748031,0.98137254,0.7191817
38,0.023622047,0.9750452,0.7152293
38,0.031496063,0.9687509,0.7111528
38,0.03937008,0.962405,0.7070777
38,0.047244094,0.9561047,0.7031589
38,0.05511811,0.9499767,0.69917965
38,0.062992126,0.9437341,0.6952689
38,0.070866145,0.93761474,0.69135594
38,0.07874016,0.9314677,0.68738836
38,0.08661418,0.9253016,0.68345106
38,0.09448819,0.91915935,0.6795289
38,0.10236221,0.9129432,0.6754771
38,0.11023622,0.9067309,0.67159104
38,0.11811024,0.90057003,0.6675538
38,0.12598425,0.89447707,0.6637693
38,0.13385826,0.8884367,0.66003186
38,0.14173229,0.88237715,0.656387
38,0.1496063,0.8763594,0.6526486
38,0.15748031,0.87011486,0.6488867
38,0.16535433,0.86386037,0.6449519
38,0.17322835,0.8576094,0.64119196
38,0.18110237,0.85149944,0.63752353
38,0.18897638,0.84526485,0.6338993
38,0.19685039,0.83894885,0.63046694
38,0.20472442,0.83262867,0.6269123
38,0.21259843,0.8265285,0.6232346
38,0.22047244,0.82034856,0.61960614
38,0.22834645,0.8141434,0.61596537
38,0.23622048,0.80777436,0.6124793
38,0.24409449,0.80143315,0.60919034
38,0.2519685,0.79542756,0.60593843
38,0.25984251,0.78932595,0.60268784
38,0.26771653,0.7828443,0.59954494
38,0.27559054,0.7767037,0.5963351
38,0.28346458,0.77076566,0.5931898
38,0.2913386,0.7646572,0.59026533
38,0.2992126,0.7582128,0.5875069
38,0.30708662,0.7515523,0.5847392
38,0.31496063,0.7451142,0.58196324
38,0.32283464,0.7388031,0.5790272
38,0.33070865,0.73225504,0.57612145
38,0.33858266,0.72561467,0.57314986
38,0.3464567,0.7191976,0.57033217
38,0.35433072,0.7127864,0.56773174
38,0.36220473,0.70644,0.5652
38,0.37007874,0.69989216,0.56285393
38,0.37795275,0.693327,0.560522
38,0.38582677,0.68670183,0.55853623
38,0.39370078,0.68002015,0.5567465
38,0.4015748,0.6732773,0.55527997
38,0.40944883,0.6664449,0.5539907
38,0.41732284,0.6597109,0.5531438
38,0.42519686,0.6529683,0.5524427
38,0.43307087,0.6464305,0.55203617
38,0.44094488,0.6397733,0.5518571
38,0.4488189,0.6330472,0.552
38,0.4566929,0.6262278,0.552434
38,0.46456692,0.61930764,0.55320936
38,0.47244096,0.6125942,0.5543109
38,0.48031497,0.60596293,0.55586594
38,0.48818898,0.5993818,0.5576407
38,0.496063,0.59292084,0.55983466
38,0.503937,0.58637375,0.56228024
38,0.511811,0.57984966,0.5648811
38,0.51968503,0.5733638,0.56778324
38,0.52755904,0.5669912,0.5708137
38,0.53543305,0.56066096,0.573971
38,0.54330707,0.55436355,0.5773218
38,0.5511811,0.54810333,0.5807997
38,0.5590551,0.5418926,0.584393
38,0.56692916,0.5358382,0.588071
38,0.5748032,0.5297443,0.5917973
38,0.5826772,0.52360916,0.59577197
38,0.5905512,0.51742876,0.59985477
38,0.5984252,0.5112828,0.60409564
38,0.6062992,0.50518554,0.6084695
38,0.61417323,0.4992241,0.61283994
38,0.62204725,0.4933054,0.6173418
38,0.62992126,0.4875266,0.62183607
38,0.63779527,0.4817357,0.62640923
38,0.6456693,0.47593066,0.63093704
38,0.6535433,0.47020254,0.6356623
38,0.6614173,0.4643791,0.640451
38,0.6692913,0.45848316,0.6451573
38,0.6771653,0.4525956,0.6500444
38,0.68503934,0.44681832,0.6549851
38,0.6929134,0.44104615,0.6600408
38,0.7007874,0.43537018,0.6652189
38,0.70866144,0.4297883,0.67064464
38,0.71653545,0.42429337,0.6761088
38,0.72440946,0.41887897,0.6817766
38,0.7322835,0.4135455,0.68764806
38,0.7401575,0.4082819,0.69359237
38,0.7480315,0.40309078,0.69973856
38,0.7559055,0.3979654,0.7059403
38,0.7637795,0.39280862,0.7123222
38,0.77165353,0.38781512,0.7187764
38,0.77952754,0.38288254,0.7253027
38,0.78740156,0.37800863,0.73198766
38,0.79527557,0.37328926,0.73872966
38,0.8031496,0.36852738,0.7456665
38,0.8110236,0.36394447,0.7527016
38,0.81889766,0.35952827,0.7598393
38,0.8267717,0.3551771,0.7669876
38,0.8346457,0.350965,0.7742662
38,0.8425197,0.34688228,0.7816031
38,0.8503937,0.342927,0.7890019
38,0.8582677,0.33905056,0.7965628
38,0.86614174,0.33512267,0.80432236
38,0.87401575,0.33133763,0.81228167
38,0.88188976,0.3275023,0.8204381
38,0.8897638,0.3236972,0.8287917
38,0.8976378,0.31992856,0.8373368
38,0.9055118,0.3161953,0.84592503
38,0.9133858,0.31245458,0.85447013
38,0.9212598,0.30887365,0.86287344
38,0.92913383,0.30541947,0.87110645
38,0.93700784,0.3019879,0.87924623
38,0.9448819,0.29857042,0.88744485
38,0.9527559,0.29515272,0.8956243
38,0.96062994,0.2917558,0.9036519
38,0.96850395,0.2883509,0.91196406
38,0.97637796,0.2849864,0.92014456
38,0.984252,0.2815252,0.92852587
38,0.992126,0.2780107,0.9369818
38,1.0,0.2745,0.9455714
39,0.0,0.995,0.7352857
39,0.007874016,0.9862793,0.72961164
39,0.015748031,0.9775693,0.72391903
39,0.023622047,0.96897024,0.7182829
39,0.031496063,0.96029365,0.7125897
39,0.03937008,0.95164925,0.70688295
39,0.047244094,0.94294876,0.7012059
39,0.05511811,0.9342936,0.69541675
39,0.062992126,0.92557865,0.68965477
39,0.070866145,0.9169032,0.6839194
39,0.07874016,0.9081686,0.678069
39,0.08661418,0.8995687,0.6723848
39,0.09448819,0.89089805,0.66657764
39,0.10236221,0.8822503,0.6607859
39,0.11023622,0.87352926,0.654878
39,0.11811024,0.86488116,0.649095
39,0.12598425,0.8561524,0.6433408
39,0.13385826,0.84753054,0.63759106
39,0.14173229,0.8387963,0.63192594
39,0.1496063,0.8301138,0.62620485
39,0.15748031,0.8213527,0.62055534
39,0.16535433,0.8125218,0.61502117
39,0.17322835,0.8037413,0.609595
39,0.18110237,0.7949884,0.6041934
39,0.18897638,0.78614366,0.59902626
39,0.19685039,0.7771902,0.59401655
39,0.20472442,0.7681349,0.58909357
39,0.21259843,0.75910246,0.5845351
39,0.22047244,0.7501288,0.5801881
39,0.22834645,0.7409758,0.5761094
39,0.23622048,0.7317584,0.5723406
39,0.24409449,0.7223234,0.56867594
39,0.2519685,0.7129521,0.56530225
39,0.25984251,0.7035625,0.56220424
39,0.26771653,0.69435686,0.55942595
39,0.27559054,0.68520325,0.5571152
39,0.28346458,0.67599195,0.5550937
39,0.2913386,0.66645473,0.55354375
39,0.2992126,0.65694416,0.55248994
39,0.30708662,0.6476061,0.55214286
39,0.31496063,0.63831747,0.55228573
39,0.32283464,0.6288052,0.55307096
39,0.33070865,0.6192243,0.5545671
39,0.33858266,0.6096981,0.55669796
39,0.3464567,0.60039365,0.55953795
39,0.35433072,0.5911852,0.56287175
39,0.36220473,0.58222747,0.5668204
39,0.37007874,0.573064,0.5715358
39,0.37795275,0.5639071,0.576844
39,0.38582677,0.55493486,0.582674
39,0.39370078,0.5464228,0.5886266
39,0.4015748,0.53804934,0.59495145
39,0.40944883,0.52968365,0.60167533
39,0.41732284,0.5213123,0.60846335
39,0.42519686,0.51295525,0.61539596
39,0.43307087,0.5046143,0.621951
39,0.44094488,0.49616915,0.6281649
39,0.4488189,0.48758778,0.63397956
39,0.4566929,0.47882518,0.6394128
39,0.46456692,0.4699151,0.64409906
39,0.47244096,0.46073437,0.6481663
39,0.48031497,0.45148164,0.65143317
39,0.48818898,0.4420526,0.65379417
39,0.496063,0.43252173,0.65531754
39,0.503937,0.42287907,0.65585715
39,0.511811,0.4134378,0.6553605
39,0.51968503,0.40395042,0.65385723
39,0.52755904,0.3945243,0.65145296
39,0.53543305,0.38506672,0.64809525
39,0.54330707,0.37596342,0.6438793
39,0.5511811,0.3673202,0.6389511
39,0.5590551,0.3589894,0.63341993
39,0.56692916,0.35036325,0.62629735
39,0.5748032,0.34243357,0.6186034
39,0.5826772,0.33497256,0.60988647
39,0.5905512,0.32812238,0.6005923
39,0.5984252,0.32163367,0.5905101
39,0.6062992,0.31566286,0.5798556
39,0.61417323,0.3101965,0.5685424
39,0.62204725,0.30532968,0.5567991
39,0.62992126,0.30112535,0.54450095
39,0.63779527,0.29751518,0.53190917
39,0.6456693,0.29438907,0.5189532
39,0.6535433,0.2916075,0.50580114
39,0.6614173,0.28925326,0.49291852
39,0.6692913,0.28727105,0.47989482
39,0.6771653,0.285526,0.46665156
39,0.68503934,0.2841346,0.4529642
39,0.6929134,0.2827949,0.4394526
39,0.7007874,0.2814925,0.42578226
39,0.70866144,0.28011814,0.41223985
39,0.71653545,0.27866518,0.39865178
39,0.72440946,0.27704018,0.3851442
39,0.7322835,0.2752498,0.37178424
39,0.7401575,0.27327445,0.35840118
39,0.7480315,0.27095598,0.34520847
39,0.7559055,0.26837498,0.3321857
39,0.7637795,0.2653106,0.31933108
39,0.77165353,0.26194492,0.30658904
39,0.77952754,0.25802755,0.29407877
39,0.78740156,0.25385466,0.28177953
39,0.79527557,0.24920899,0.26973674
39,0.8031496,0.24427885,0.25807998
39,0.8110236,0.23907699,0.24659964
39,0.81889766,0.23350406,0.23557954
39,0.8267717,0.2278061,0.22472562
39,0.8346457,0.22175124,0.21404123
39,0.8425197,0.2154962,0.20363651
39,0.8503937,0.2090455,0.19334422
39,0.8582677,0.20235631,0.18361096
39,0.86614174,0.19551831,0.17409572
39,0.87401575,0.18836625,0.16499949
39,0.88188976,0.1810272,0.1561168
39,0.8897638,0.17343327,0.14750153
39,0.8976378,0.16569899,0.13929418
39,0.9055118,0.1579994,0.13138038
39,0.9133858,0.15010515,0.12362395
39,0.9212598,0.14213628,0.11609454
39,0.92913383,0.1341122,0.10878189
39,0.93700784,0.1260076,0.1015208
39,0.9448819,0.11778923,0.09430506
39,0.9527559,0.10971644,0.08713754
39,0.96062994,0.101554744,0.0800651
39,0.96850395,0.093484856,0.07296723
39,0.97637796,0.0852285,0.06579429
39,0.984252,0.07709402,0.05870837
39,0.992126,0.069120795,0.05158971
39,1.0,0.061,0.044428572
40,0.0,0.2118,0.9447143
40,0.007874016,0.21450207,0.9360291
40,0.015748031,0.21734844,0.9271473
40,0.023622047,0.21994248,0.9190215
40,0.031496063,0.22247587,0.9112118
40,0.03937008,0.22491531,0.903242
40,0.047244094,0.22767839,0.89491886
40,0.05511811,0.23064582,0.8864792
40,0.062992126,0.23302367,0.8781166
40,0.070866145,0.23580709,0.8693982
40,0.07874016,0.23722133,0.86565334
40,0.08661418,0.23935564,0.85790443
40,0.09448819,0.24207236,0.8494731
40,0.10236221,0.24461292,0.8415345
40,0.11023622,0.24713406,0.833617
40,0.11811024,0.2498051,0.8253438
40,0.12598425,0.2525082,0.8170698
40,0.13385826,0.25523388,0.80876034
40,0.14173229,0.2579353,0.80037403
40,0.1496063,0.26067072,0.7918243
40,0.15748031,0.26340777,0.78323996
40,0.16535433,0.26593933,0.77475494
40,0.17322835,0.2683608,0.76634014
40,0.18110237,0.27062997,0.7577736
40,0.18897638,0.2728884,0.74910146
40,0.19685039,0.27500805,0.74025124
40,0.20472442,0.2770246,0.7315091
40,0.21259843,0.27887306,0.72287375
40,0.22047244,0.28061908,0.714393
40,0.22834645,0.2821321,0.70586514
40,0.23622048,0.28352794,0.6971776
40,0.24409449,0.28468817,0.68838716
40,0.2519685,0.28572035,0.67943484
40,0.25984251,0.28662676,0.670513
40,0.26771653,0.28729808,0.6615261
40,0.27559054,0.2878599,0.65254426
40,0.28346458,0.28830594,0.643545
40,0.2913386,0.2886,0.63452035
40,0.2992126,0.28884226,0.6255069
40,0.30708662,0.289,0.6165668
40,0.31496063,0.2892,0.6075608
40,0.32283464,0.2893,0.5985709
40,0.33070865,0.2894,0.58952105
40,0.33858266,0.2895,0.58043146
40,0.3464567,0.2895,0.5713546
40,0.35433072,0.2895,0.56226826
40,0.36220473,0.2895,0.5532132
40,0.37007874,0.2893477,0.5441392
40,0.37795275,0.2892,0.53499866
40,0.38582677,0.28901303,0.5258754
40,0.39370078,0.28874898,0.51667935
40,0.4015748,0.2883867,0.50752544
40,0.40944883,0.28802574,0.49834797
40,0.41732284,0.28763154,0.48911214
40,0.42519686,0.2871124,0.48006994
40,0.43307087,0.28659338,0.47102928
40,0.44094488,0.2859737,0.46197772
40,0.4488189,0.2853783,0.45289496
40,0.4566929,0.2846929,0.44386792
40,0.46456692,0.28390336,0.4347526
40,0.47244096,0.28301045,0.425691
40,0.48031497,0.2820879,0.41679344
40,0.48818898,0.2810268,0.40793464
40,0.496063,0.27990672,0.39921567
40,0.503937,0.2786779,0.39062628
40,0.511811,0.2773463,0.38188893
40,0.51968503,0.27581152,0.3731044
40,0.52755904,0.27414927,0.36428154
40,0.53543305,0.2723498,0.3553767
40,0.54330707,0.27047187,0.34650633
40,0.5511811,0.2684612,0.3377761
40,0.5590551,0.26630673,0.32917047
40,0.56692916,0.26397422,0.32077122
40,0.5748032,0.26152885,0.3124771
40,0.5826772,0.25885472,0.3042784
40,0.5905512,0.25610545,0.29617348
40,0.5984252,0.2531774,0.28826597
40,0.6062992,0.25013122,0.28049666
40,0.61417323,0.24698222,0.27272007
40,0.62204725,0.24374194,0.26509488
40,0.62992126,0.24035792,0.25760442
40,0.63779527,0.23688594,0.25014645
40,0.6456693,0.23330607,0.24285868
40,0.6535433,0.22948502,0.23545054
40,0.6614173,0.22557157,0.2282
40,0.6692913,0.22152327,0.22101133
40,0.6771653,0.21733578,0.21387893
40,0.68503934,0.21306948,0.20689055
40,0.6929134,0.20873913,0.2001219
40,0.7007874,0.20449051,0.19352132
40,0.70866144,0.20013683,0.18719545
40,0.71653545,0.1957764,0.18082343
40,0.72440946,0.19126424,0.17472503
40,0.7322835,0.18661775,0.1686205
40,0.7401575,0.18198012,0.1626556
40,0.7480315,0.1771605,0.15677707
40,0.7559055,0.17223524,0.15104195
40,0.7637795,0.16730751,0.14543705
40,0.77165353,0.16235708,0.13997738
40,0.77952754,0.15732375,0.13470946
40,0.78740156,0.15220061,0.12936911
40,0.79527557,0.14696094,0.12434666
40,0.8031496,0.14177053,0.11925964
40,0.8110236,0.1364955,0.114376664
40,0.81889766,0.13119024,0.109563194
40,0.8267717,0.12581287,0.104881
40,0.8346457,0.12040638,0.10025863
40,0.8425197,0.11492509,0.09566376
40,0.8503937,0.10939727,0.09111677
40,0.8582677,0.103947654,0.08663495
40,0.86614174,0.0983782,0.08221993
40,0.87401575,0.09295298,0.077733815
40,0.88188976,0.08743145,0.07331659
40,0.8897638,0.08199252,0.06885073
40,0.8976378,0.07653821,0.06439963
40,0.9055118,0.071144305,0.05987168
40,0.9133858,0.06572497,0.05526234
40,0.9212598,0.060351506,0.05067852
40,0.92913383,0.05474761,0.045876283
40,0.93700784,0.04926492,0.041076716
40,0.9448819,0.043749537,0.036167942
40,0.9527559,0.038193077,0.031183882
40,0.96062994,0.032718565,0.026231335
40,0.96850395,0.027200103,0.02116336
40,0.97637796,0.021714015,0.016125115
40,0.984252,0.016358688,0.011115123
40,0.992126,0.011028405,0.006265148
40,1.0,0.0058,0.0012857143
41,0.0,0.4825,0.06342857
41,0.007874016,0.48501313,0.070466086
41,0.015748031,0.48754182,0.07783375
41,0.023622047,0.49010858,0.08539836
41,0.031496063,0.49254313,0.09298036
41,0.03937008,0.49479556,0.100841336
41,0.047244094,0.49659207,0.10839455
41,0.05511811,0.49804658,0.115980394
41,0.062992126,0.4991283,0.123466566
41,0.070866145,0.4997,0.13109104
41,0.07874016,0.4999962,0.1389565
41,0.08661418,0.5,0.14738567
41,0.09448819,0.4998,0.1551873
41,0.10236221,0.4995,0.16280553
41,0.11023622,0.4991876,0.17046303
41,0.11811024,0.49876153,0.17831884
41,0.12598425,0.4983777,0.18641372
41,0.13385826,0.498,0.194565
41,0.14173229,0.49771562,0.2026876
41,0.1496063,0.4977,0.2105866
41,0.15748031,0.49774206,0.21853304
41,0.16535433,0.49809107,0.22651044
41,0.17322835,0.49854502,0.23454675
41,0.18110237,0.4992153,0.242417
41,0.18897638,0.5000641,0.25039914
41,0.19685039,0.50112855,0.25834686
41,0.20472442,0.50236785,0.2663879
41,0.21259843,0.50383407,0.27433762
41,0.22047244,0.50552136,0.28232107
41,0.22834645,0.5074048,0.2903062
41,0.23622048,0.5094472,0.29801464
41,0.24409449,0.5116547,0.3056212
41,0.2519685,0.51416254,0.31314483
41,0.25984251,0.5167724,0.32042181
41,0.26771653,0.51955855,0.32747278
41,0.27559054,0.52260524,0.33417854
41,0.28346458,0.5257992,0.34081155
41,0.2913386,0.5291755,0.34712946
41,0.2992126,0.5328198,0.3532339
41,0.30708662,0.53664196,0.35918865
41,0.31496063,0.5406338,0.36490545
41,0.32283464,0.5447217,0.3704998
41,0.33070865,0.5490232,0.37582317
41,0.33858266,0.55346733,0.38094816
41,0.3464567,0.5580016,0.38579112
41,0.35433072,0.56265825,0.39055824
41,0.36220473,0.56742275,0.3950854
41,0.37007874,0.57228196,0.39935595
41,0.37795275,0.5771381,0.40343267
41,0.38582677,0.5820659,0.4073599
41,0.39370078,0.5870415,0.41096982
41,0.4015748,0.59209776,0.41446108
41,0.40944883,0.5971162,0.41769126
41,0.41732284,0.60214883,0.42083374
41,0.42519686,0.6072395,0.42395166
41,0.43307087,0.6123821,0.4267558
41,0.44094488,0.6175742,0.429658
41,0.4488189,0.6227474,0.4323559
41,0.4566929,0.62803996,0.43509284
41,0.46456692,0.63332134,0.4377424
41,0.47244096,0.63867,0.4403503
41,0.48031497,0.64403015,0.442916
41,0.48818898,0.64942306,0.4455816
41,0.496063,0.6548399,0.4480666
41,0.503937,0.6601778,0.45065308
41,0.511811,0.6656257,0.4532027
41,0.51968503,0.6710088,0.4557188
41,0.52755904,0.6763247,0.45834512
41,0.53543305,0.6817574,0.46091703
41,0.54330707,0.6871054,0.46346575
41,0.5511811,0.6924497,0.46604323
41,0.5590551,0.69785416,0.46861783
41,0.56692916,0.7031698,0.4712237
41,0.5748032,0.70848566,0.47394556
41,0.5826772,0.7138433,0.4766179
41,0.5905512,0.7191485,0.479254
41,0.5984252,0.72450244,0.48186317
41,0.6062992,0.72982,0.48460555
41,0.61417323,0.7351484,0.48743466
41,0.62204725,0.740429,0.49018654
41,0.62992126,0.74576616,0.4929398
41,0.63779527,0.75104487,0.49580973
41,0.6456693,0.7563555,0.49865472
41,0.6535433,0.76162523,0.50150573
41,0.6614173,0.7669357,0.5044212
41,0.6692913,0.77218074,0.5073406
41,0.6771653,0.7774851,0.510247
41,0.68503934,0.78274655,0.51320803
41,0.6929134,0.7879941,0.51614803
41,0.7007874,0.7932565,0.51906645
41,0.70866144,0.7985406,0.52210623
41,0.71653545,0.80380833,0.5251142
41,0.72440946,0.8090366,0.5280467
41,0.7322835,0.8142319,0.5311028
41,0.7401575,0.8195378,0.5341359
41,0.7480315,0.8247138,0.5371508
41,0.7559055,0.829951,0.54014343
41,0.7637795,0.835258,0.5431195
41,0.77165353,0.84048027,0.54621917
41,0.77952754,0.84568125,0.54929465
41,0.78740156,0.85093695,0.5523697
41,0.79527557,0.85625666,0.5553996
41,0.8031496,0.8614781,0.55849886
41,0.8110236,0.866738,0.5615857
41,0.81889766,0.87203103,0.5648042
41,0.8267717,0.8772392,0.5678683
41,0.8346457,0.8825122,0.571065
41,0.8425197,0.8877644,0.57417107
41,0.8503937,0.893086,0.5772816
41,0.8582677,0.89831525,0.58048433
41,0.86614174,0.90357983,0.58359766
41,0.87401575,0.90879637,0.5867497
41,0.88188976,0.9140926,0.5899354
41,0.8897638,0.91928595,0.59311104
41,0.8976378,0.92430824,0.5961325
41,0.9055118,0.92941314,0.59928614
41,0.9133858,0.9346024,0.60243005
41,0.9212598,0.939716,0.605566
41,0.92913383,0.94484997,0.6086988
41,0.93700784,0.9500268,0.6118442
41,0.9448819,0.95522326,0.6150967
41,0.9527559,0.960499,0.61834
41,0.96062994,0.96579957,0.6216238
41,0.96850395,0.9710364,0.6248212
41,0.97637796,0.9763466,0.62812793
41,0.984252,0.9816453,0.63142747
41,0.992126,0.98699486,0.6347183
41,1.0,0.9923,0.638
42,0.0,0.2113,0.9482857
42,0.007874016,0.21387154,0.94036704
42,0.015748031,0.21648817,0.93203384
42,0.023622047,0.2173,0.9295631
42,0.031496063,0.2197,0.9214564
42,0.03937008,0.2213,0.915814
42,0.047244094,0.22279376,0.9105223
42,0.05511811,0.22598036,0.90148467
42,0.062992126,0.22804444,0.8941588
42,0.070866145,0.2304757,0.8859613
42,0.07874016,0.23281796,0.87794864
42,0.08661418,0.23532493,0.8701789
42,0.09448819,0.23785466,0.8619867
42,0.10236221,0.24012516,0.8541244
42,0.11023622,0.24266866,0.8462324
42,0.11811024,0.244889,0.83860284
42,0.12598425,0.2473,0.8313315
42,0.13385826,0.24939406,0.8239413
42,0.14173229,0.25183722,0.81684047
42,0.1496063,0.2543017,0.80885154
42,0.15748031,0.25670972,0.8011151
42,0.16535433,0.25926083,0.79287213
42,0.17322835,0.2620561,0.78387105
42,0.18110237,0.26454094,0.7757402
42,0.18897638,0.26665568,0.76855516
42,0.19685039,0.268975,0.7608304
42,0.20472442,0.27143928,0.7529745
42,0.21259843,0.27381417,0.7453881
42,0.22047244,0.2759732,0.7374006
42,0.22834645,0.27816173,0.72951585
42,0.23622048,0.28039694,0.7221527
42,0.24409449,0.28224498,0.7150536
42,0.2519685,0.28403068,0.70710754
42,0.25984251,0.28567716,0.698257
42,0.26771653,0.28708044,0.6894638
42,0.27559054,0.28827277,0.6807918
42,0.28346458,0.2892607,0.67234975
42,0.2913386,0.29013258,0.6637936
42,0.2992126,0.2908929,0.6553669
42,0.30708662,0.2914703,0.6466789
42,0.31496063,0.2916,0.6382621
42,0.32283464,0.2914969,0.6299248
42,0.33070865,0.2912,0.62130207
42,0.33858266,0.2909,0.6125976
42,0.3464567,0.29062656,0.60403526
42,0.35433072,0.29018107,0.5956833
42,0.36220473,0.28968707,0.58748573
42,0.37007874,0.28902754,0.5793543
42,0.37795275,0.28827944,0.5710216
42,0.38582677,0.28761896,0.5625526
42,0.39370078,0.28682882,0.55393237
42,0.4015748,0.28595752,0.545268
42,0.40944883,0.28491622,0.5369164
42,0.41732284,0.28405917,0.52873445
42,0.42519686,0.2833119,0.52018684
42,0.43307087,0.2827592,0.51150143
42,0.44094488,0.2823125,0.50270534
42,0.4488189,0.2818712,0.4939554
42,0.4566929,0.28125426,0.4851657
42,0.46456692,0.28066123,0.476689
42,0.47244096,0.2799843,0.46831322
42,0.48031497,0.2793657,0.46003234
42,0.48818898,0.2787251,0.45175096
42,0.496063,0.27805483,0.44331494
42,0.503937,0.27738744,0.43476728
42,0.511811,0.27662277,0.42624956
42,0.51968503,0.27586055,0.41754907
42,0.52755904,0.27510005,0.40885788
42,0.53543305,0.27428743,0.40025395
42,0.54330707,0.27337533,0.3916544
42,0.5511811,0.2723613,0.3831821
42,0.5590551,0.2713436,0.3746794
42,0.56692916,0.27021894,0.3662626
42,0.5748032,0.26895842,0.3579268
42,0.5826772,0.26765954,0.3496601
42,0.5905512,0.2662038,0.34130555
42,0.5984252,0.26461685,0.33321512
42,0.6062992,0.2628708,0.3251605
42,0.61417323,0.26097527,0.31721082
42,0.62204725,0.2589445,0.30937326
42,0.62992126,0.2566279,0.30147392
42,0.63779527,0.25421375,0.29356968
42,0.6456693,0.2515942,0.28566405
42,0.6535433,0.24898535,0.27795815
42,0.6614173,0.2462843,0.27038372
42,0.6692913,0.24348328,0.26298317
42,0.6771653,0.24049489,0.2556627
42,0.68503934,0.23737231,0.24835405
42,0.6929134,0.23405007,0.24143465
42,0.7007874,0.23064396,0.23480125
42,0.70866144,0.22708118,0.22818461
42,0.71653545,0.22338083,0.22160707
42,0.72440946,0.21942787,0.21493348
42,0.7322835,0.21549106,0.20840457
42,0.7401575,0.21146949,0.20179299
42,0.7480315,0.20744944,0.19539648
42,0.7559055,0.20347907,0.18921822
42,0.7637795,0.1993801,0.18325728
42,0.77165353,0.1952576,0.17754804
42,0.77952754,0.19097546,0.171925
42,0.78740156,0.18651038,0.16620366
42,0.79527557,0.18193378,0.16066717
42,0.8031496,0.17723514,0.15518302
42,0.8110236,0.17239197,0.14976224
42,0.81889766,0.167541,0.14455482
42,0.8267717,0.1627946,0.13927984
42,0.8346457,0.15811639,0.13426161
42,0.8425197,0.1534507,0.12930432
42,0.8503937,0.14873818,0.1244063
42,0.8582677,0.14393811,0.119563095
42,0.86614174,0.13905846,0.11475996
42,0.87401575,0.13410409,0.110003896
42,0.88188976,0.12905249,0.10521039
42,0.8897638,0.12408152,0.10057279
42,0.8976378,0.1190033,0.09590791
42,0.9055118,0.11391637,0.09121496
42,0.9133858,0.10882795,0.086419836
42,0.9212598,0.1036885,0.08166949
42,0.92913383,0.09860978,0.07697466
42,0.93700784,0.09352946,0.0723336
42,0.9448819,0.088511996,0.06779451
42,0.9527559,0.083506525,0.06329145
42,0.96062994,0.0785209,0.058789346
42,0.96850395,0.07360557,0.05441684
42,0.97637796,0.068680234,0.049938664
42,0.984252,0.06346802,0.045225732
42,0.992126,0.058117542,0.040320974
42,1.0,0.0527,0.035428572
43,0.0,0.2121,0.9595714
43,0.007874016,0.21453172,0.9517892
43,0.015748031,0.21688652,0.9445559
43,0.023622047,0.21953794,0.9365123
43,0.031496063,0.2224428,0.92802054
43,0.03937008,0.22527847,0.9194341
43,0.047244094,0.22810438,0.91105735
43,0.05511811,0.23079208,0.90306115
43,0.062992126,0.23338667,0.8951857
43,0.070866145,0.23622847,0.88696975
43,0.07874016,0.23894385,0.87860906
43,0.08661418,0.24169214,0.87030816
43,0.09448819,0.24434455,0.8624017
43,0.10236221,0.24701568,0.8543287
43,0.11023622,0.24956293,0.84615886
43,0.11811024,0.25228733,0.837831
43,0.12598425,0.25451586,0.83078915
43,0.13385826,0.256958,0.8230071
43,0.14173229,0.25965765,0.81469244
43,0.1496063,0.2622388,0.8064897
43,0.15748031,0.26479718,0.79847133
43,0.16535433,0.26742777,0.7903227
43,0.17322835,0.27000526,0.781985
43,0.18110237,0.2725635,0.7736758
43,0.18897638,0.27499202,0.7654113
43,0.19685039,0.27734745,0.7572955
43,0.20472442,0.2795829,0.7490488
43,0.21259843,0.28171462,0.7407944
43,0.22047244,0.28380412,0.73240894
43,0.22834645,0.28573346,0.72384065
43,0.23622048,0.28749785,0.71529603
43,0.24409449,0.28899166,0.7068533
43,0.2519685,0.2903088,0.69835943
43,0.25984251,0.29143742,0.6896794
43,0.26771653,0.29231557,0.68098724
43,0.27559054,0.29297242,0.67198044
43,0.28346458,0.29351562,0.6630935
43,0.2913386,0.29383978,0.65414727
43,0.2992126,0.2941,0.6452841
43,0.30708662,0.2942,0.63640904
43,0.31496063,0.2942,0.6276153
43,0.32283464,0.2941,0.6187747
43,0.33070865,0.29396805,0.6098924
43,0.33858266,0.29372627,0.6009611
43,0.3464567,0.2934932,0.59194875
43,0.35433072,0.29316783,0.58279544
43,0.36220473,0.29274842,0.5736694
43,0.37007874,0.29236683,0.5646689
43,0.37795275,0.29192176,0.55551046
43,0.38582677,0.29142487,0.5465161
43,0.39370078,0.29100472,0.5375633
43,0.4015748,0.29039794,0.5286555
43,0.40944883,0.28988338,0.51990545
43,0.41732284,0.2893719,0.5110271
43,0.42519686,0.28876144,0.50216323
43,0.43307087,0.28805217,0.4934254
43,0.44094488,0.28741664,0.48449168
43,0.4488189,0.2867078,0.47569332
43,0.4566929,0.28590232,0.4668804
43,0.46456692,0.28510123,0.4580123
43,0.47244096,0.28420445,0.44918737
43,0.48031497,0.28331277,0.44031212
43,0.48818898,0.28240117,0.4315799
43,0.496063,0.28134426,0.4228712
43,0.503937,0.2803568,0.4141046
43,0.511811,0.27919403,0.40524092
43,0.51968503,0.27794674,0.3965661
43,0.52755904,0.27668896,0.3878101
43,0.53543305,0.27528524,0.37911147
43,0.54330707,0.27386522,0.37038147
43,0.5511811,0.27224842,0.3618047
43,0.5590551,0.27060658,0.35315192
43,0.56692916,0.2687229,0.3443838
43,0.5748032,0.26673874,0.33573753
43,0.5826772,0.26465234,0.32722434
43,0.5905512,0.26241738,0.31891918
43,0.5984252,0.26004654,0.31080908
43,0.6062992,0.25756347,0.30285227
43,0.61417323,0.2550164,0.29490656
43,0.62204725,0.25219893,0.28711137
43,0.62992126,0.24933676,0.27936342
43,0.63779527,0.24627899,0.2717636
43,0.6456693,0.24313311,0.26419392
43,0.6535433,0.23967148,0.25664377
43,0.6614173,0.23616035,0.24916996
43,0.6692913,0.23256068,0.24177071
43,0.6771653,0.2287596,0.23459515
43,0.68503934,0.22494999,0.2275714
43,0.6929134,0.2209615,0.22076504
43,0.7007874,0.21696256,0.21404697
43,0.70866144,0.21278103,0.20737465
43,0.71653545,0.20850375,0.20090485
43,0.72440946,0.20414445,0.19449206
43,0.7322835,0.19969812,0.18828303
43,0.7401575,0.19518258,0.18215068
43,0.7480315,0.19057879,0.17612326
43,0.7559055,0.18592001,0.17029625
43,0.7637795,0.18114597,0.16452935
43,0.77165353,0.17630813,0.15891361
43,0.77952754,0.17141867,0.1534489
43,0.78740156,0.16645078,0.14799762
43,0.79527557,0.16153641,0.14268717
43,0.8031496,0.1564761,0.13739075
43,0.8110236,0.15146445,0.13215101
43,0.81889766,0.14639746,0.12707806
43,0.8267717,0.14129318,0.121999435
43,0.8346457,0.13619202,0.116944775
43,0.8425197,0.13109687,0.1119494
43,0.8503937,0.12598482,0.10701469
43,0.8582677,0.120906435,0.10201197
43,0.86614174,0.1156939,0.09703826
43,0.87401575,0.110527925,0.091976635
43,0.88188976,0.10531763,0.08697348
43,0.8897638,0.10005309,0.08200014
43,0.8976378,0.094740555,0.07694339
43,0.9055118,0.08946079,0.07191504
43,0.9133858,0.084128365,0.066913806
43,0.9212598,0.07880522,0.061826494
43,0.92913383,0.073497646,0.056824367
43,0.93700784,0.06809791,0.05186543
43,0.9448819,0.06280655,0.04705703
43,0.9527559,0.057423074,0.042113025
43,0.96062994,0.05214432,0.03737007
43,0.96850395,0.046866402,0.032562695
43,0.97637796,0.041608304,0.027896358
43,0.984252,0.03641509,0.02336807
43,0.992126,0.031212753,0.018831577
43,1.0,0.026,0.014285714
44,0.0,0.9928,0.73642856
44,0.007874016,0.98388296,0.7307021
44,0.015748031,0.97477037,0.7248376
44,0.023622047,0.9658912,0.71916
44,0.031496063,0.9571559,0.7135973
44,0.03937008,0.94838935,0.70814896
44,0.047244094,0.9395553,0.70260733
44,0.05511811,0.930731,0.69724095
44,0.062992126,0.92201984,0.6917999
44,0.070866145,0.91327524,0.6861966
44,0.07874016,0.9044373,0.6803124
44,0.08661418,0.89559734,0.67436993
44,0.09448819,0.8867582,0.66852903
44,0.10236221,0.87789685,0.66275316
44,0.11023622,0.86923397,0.6573814
44,0.11811024,0.8604733,0.6524095
44,0.12598425,0.85136604,0.64704716
44,0.13385826,0.8425825,0.64164716
44,0.14173229,0.8338487,0.63622785
44,0.1496063,0.82489866,0.631085
44,0.15748031,0.8163643,0.6259796
44,0.16535433,0.80754656,0.62064123
44,0.17322835,0.7987221,0.6156725
44,0.18110237,0.78951615,0.610722
44,0.18897638,0.7803385,0.6058165
44,0.19685039,0.77124816,0.6006847
44,0.20472442,0.762037,0.5956108
44,0.21259843,0.7530745,0.5907176
44,0.22047244,0.7440837,0.5860399
44,0.22834645,0.73489726,0.5816131
44,0.23622048,0.7254283,0.5774897
44,0.24409449,0.7159412,0.5734506
44,0.2519685,0.70682,0.5697225
44,0.25984251,0.6975571,0.56640816
44,0.26771653,0.68852854,0.5642211
44,0.27559054,0.6789992,0.56242836
44,0.28346458,0.66964513,0.5608255
44,0.2913386,0.6600412,0.55954623
44,0.2992126,0.65033394,0.5584286
44,0.30708662,0.64069456,0.5578278
44,0.31496063,0.63106215,0.5577143
44,0.32283464,0.6214917,0.5584653
44,0.33070865,0.61202466,0.5599726
44,0.33858266,0.60261184,0.5623127
44,0.3464567,0.59303737,0.5656174
44,0.35433072,0.58363026,0.5695094
44,0.36220473,0.57435435,0.57394636
44,0.37007874,0.5652291,0.57885975
44,0.37795275,0.55610716,0.58434254
44,0.38582677,0.5475857,0.59015304
44,0.39370078,0.5392419,0.59636337
44,0.4015748,0.5308528,0.6031051
44,0.40944883,0.5225782,0.61008126
44,0.41732284,0.51430845,0.61687064
44,0.42519686,0.5057851,0.6235528
44,0.43307087,0.49719277,0.6297909
44,0.44094488,0.48833224,0.6357178
44,0.4488189,0.47939616,0.6411028
44,0.4566929,0.47034255,0.64591134
44,0.46456692,0.4611574,0.65025675
44,0.47244096,0.45190972,0.6537588
44,0.48031497,0.44253102,0.6566568
44,0.48818898,0.43293673,0.65855086
44,0.496063,0.42329678,0.6595714
44,0.503937,0.41363373,0.65952134
44,0.511811,0.4039726,0.6585671
44,0.51968503,0.39441153,0.6565742
44,0.52755904,0.3849854,0.6538366
44,0.53543305,0.37570858,0.6502422
44,0.54330707,0.36668864,0.6457635
44,0.5511811,0.35784414,0.6403154
44,0.5590551,0.34938964,0.6337896
44,0.56692916,0.34131438,0.6263534
44,0.5748032,0.3336189,0.617772
44,0.5826772,0.32650086,0.6084298
44,0.5905512,0.31992158,0.59830165
44,0.5984252,0.31393275,0.5875187
44,0.6062992,0.30862978,0.5760177
44,0.61417323,0.30390692,0.5640463
44,0.62204725,0.2997534,0.551724
44,0.62992126,0.29595855,0.5390558
44,0.63779527,0.2926147,0.5259987
44,0.6456693,0.28961018,0.512858
44,0.6535433,0.28696138,0.49962562
44,0.6614173,0.28464988,0.48624215
44,0.6692913,0.28255674,0.4726911
44,0.6771653,0.28073964,0.45928308
44,0.68503934,0.27912122,0.44578353
44,0.6929134,0.27756858,0.4321143
44,0.7007874,0.27612355,0.4185326
44,0.70866144,0.27458972,0.40504006
44,0.71653545,0.27288625,0.39139193
44,0.72440946,0.27100787,0.37784946
44,0.7322835,0.26875454,0.36433324
44,0.7401575,0.2662213,0.3508208
44,0.7480315,0.2633477,0.3376329
44,0.7559055,0.26026297,0.32466513
44,0.7637795,0.25673157,0.31189385
44,0.77165353,0.2528494,0.29939494
44,0.77952754,0.24858394,0.2872421
44,0.78740156,0.24408165,0.27525342
44,0.79527557,0.23923624,0.26354396
44,0.8031496,0.23405342,0.25197798
44,0.8110236,0.22845638,0.24049135
44,0.81889766,0.22263987,0.2290569
44,0.8267717,0.21649683,0.21779424
44,0.8346457,0.21038438,0.20717472
44,0.8425197,0.20414571,0.1969121
44,0.8503937,0.19772974,0.18685764
44,0.8582677,0.19107392,0.17696276
44,0.86614174,0.18420155,0.16728793
44,0.87401575,0.17731227,0.15792303
44,0.88188976,0.17001034,0.14871892
44,0.8897638,0.16260847,0.13976626
44,0.8976378,0.15510105,0.1310329
44,0.9055118,0.14746918,0.12249201
44,0.9133858,0.13981824,0.11420929
44,0.9212598,0.13203888,0.10604011
44,0.92913383,0.12422909,0.09798239
44,0.93700784,0.11630708,0.08997632
44,0.9448819,0.10836199,0.08201142
44,0.9527559,0.10027265,0.07411681
44,0.96062994,0.092298515,0.06642716
44,0.96850395,0.084288426,0.058871657
44,0.97637796,0.07630437,0.05140064
44,0.984252,0.06828482,0.04401958
44,0.992126,0.060271647,0.03673715
44,1.0,0.0521,0.029285714
45,0.0,0.2129,0.95614284
45,0.007874016,0.21544595,0.9480996
45,0.015748031,0.21799913,0.9401744
45,0.023622047,0.22047566,0.9323553
45,0.031496063,0.22294539,0.9243301
45,0.03937008,0.22535196,0.9163224
45,0.047244094,0.2277893,0.90837646
45,0.05511811,0.23037119,0.90049875
45,0.062992126,0.2329817,0.89257175
45,0.070866145,0.2355555,0.8844256
45,0.07874016,0.23802462,0.8764224
45,0.08661418,0.24047516,0.86815125
45,0.09448819,0.24285996,0.85977155
45,0.10236221,0.2452273,0.8522077
45,0.11023622,0.24763803,0.8448618
45,0.11811024,0.24973817,0.8372104
45,0.12598425,0.25179031,0.82902765
45,0.13385826,0.25403863,0.82103246
45,0.14173229,0.25655875,0.8132607
45,0.1496063,0.258864,0.80610293
45,0.15748031,0.26146883,0.7985176
45,0.16535433,0.26404902,0.79052025
45,0.17322835,0.2664301,0.78193897
45,0.18110237,0.2687318,0.77362347
45,0.18897638,0.2711687,0.76563627
45,0.19685039,0.27372783,0.7575177
45,0.20472442,0.2761795,0.7496019
45,0.21259843,0.27846473,0.74165815
45,0.22047244,0.28064084,0.73351103
45,0.22834645,0.28261924,0.72489005
45,0.23622048,0.28445387,0.7164835
45,0.24409449,0.2861229,0.7087754
45,0.2519685,0.28769696,0.70059747
45,0.25984251,0.2888457,0.69260836
45,0.26771653,0.28968623,0.6841378
45,0.27559054,0.29029366,0.67592955
45,0.28346458,0.2907931,0.66737473
45,0.2913386,0.2911,0.6586696
45,0.2992126,0.29102385,0.64980316
45,0.30708662,0.29070422,0.64107233
45,0.31496063,0.29011914,0.6326136
45,0.32283464,0.28941786,0.6240945
45,0.33070865,0.28864023,0.61540246
45,0.33858266,0.28769645,0.60667616
45,0.3464567,0.28668305,0.59809196
45,0.35433072,0.28568947,0.58935326
45,0.36220473,0.28462693,0.5807766
45,0.37007874,0.28358155,0.57205003
45,0.37795275,0.2825485,0.56327426
45,0.38582677,0.28154874,0.5546999
45,0.39370078,0.2806011,0.5461514
45,0.4015748,0.27975276,0.53760284
45,0.40944883,0.2789026,0.5288868
45,0.41732284,0.27805197,0.5203082
45,0.42519686,0.2773044,0.5119044
45,0.43307087,0.27663124,0.5034281
45,0.44094488,0.2759632,0.49515855
45,0.4488189,0.2753978,0.48654622
45,0.4566929,0.2748388,0.47794273
45,0.46456692,0.2743832,0.46916324
45,0.47244096,0.27393186,0.46039066
45,0.48031497,0.2734843,0.45161828
45,0.48818898,0.27303937,0.44286984
45,0.496063,0.27259338,0.4342006
45,0.503937,0.2720564,0.4255933
45,0.511811,0.27153787,0.41705838
45,0.51968503,0.27096912,0.40860283
45,0.52755904,0.27030647,0.40022603
45,0.53543305,0.26957577,0.39168555
45,0.54330707,0.26880136,0.38301829
45,0.5511811,0.26784092,0.37446535
45,0.5590551,0.26679054,0.36581454
45,0.56692916,0.2657024,0.35723054
45,0.5748032,0.2644068,0.3486941
45,0.5826772,0.26297504,0.34028596
45,0.5905512,0.2614553,0.33198595
45,0.5984252,0.25974578,0.32364848
45,0.6062992,0.2578036,0.31536084
45,0.61417323,0.25571546,0.3071212
45,0.62204725,0.25347143,0.2990638
45,0.62992126,0.2511066,0.29112837
45,0.63779527,0.24859452,0.28318983
45,0.6456693,0.24585667,0.27537727
45,0.6535433,0.24309169,0.2678072
45,0.6614173,0.2401636,0.2602136
45,0.6692913,0.23710296,0.25285065
45,0.6771653,0.23397315,0.24565151
45,0.68503934,0.23069175,0.23855373
45,0.6929134,0.22718583,0.23162186
45,0.7007874,0.22345677,0.22491482
45,0.70866144,0.21950929,0.2181198
45,0.71653545,0.21534376,0.21151285
45,0.72440946,0.2110168,0.205088
45,0.7322835,0.20661025,0.19872892
45,0.7401575,0.2022286,0.19261229
45,0.7480315,0.19781138,0.1865279
45,0.7559055,0.19350725,0.18075764
45,0.7637795,0.18920746,0.17499213
45,0.77165353,0.18484543,0.16935138
45,0.77952754,0.18038033,0.16358024
45,0.78740156,0.17585711,0.15786617
45,0.79527557,0.17126441,0.15224335
45,0.8031496,0.16649774,0.14653881
45,0.8110236,0.16179435,0.14100866
45,0.81889766,0.15701696,0.13550785
45,0.8267717,0.15216652,0.13013017
45,0.8346457,0.14733681,0.124760546
45,0.8425197,0.14252432,0.11955191
45,0.8503937,0.13762897,0.11446876
45,0.8582677,0.13278066,0.10933781
45,0.86614174,0.12788314,0.104483135
45,0.87401575,0.12301217,0.09961844
45,0.88188976,0.11806898,0.0948547
45,0.8897638,0.11305369,0.09008226
45,0.8976378,0.107950486,0.085350774
45,0.9055118,0.10284109,0.0806894
45,0.9133858,0.09765833,0.076051585
45,0.9212598,0.092363395,0.07138231
45,0.92913383,0.08709318,0.06673406
45,0.93700784,0.081864014,0.06213144
45,0.9448819,0.07673078,0.057651356
45,0.9527559,0.07162505,0.05307147
45,0.96062994,0.06645517,0.04854008
45,0.96850395,0.061379578,0.044028215
45,0.97637796,0.056207534,0.039519347
45,0.984252,0.051105283,0.03482447
45,0.992126,0.045864392,0.030266332
45,1.0,0.0406,0.025571428
46,0.0,0.9691,0.72171426
46,0.007874016,0.9597676,0.7158361
46,0.015748031,0.9507022,0.7100331
46,0.023622047,0.94169205,0.70424575
46,0.031496063,0.93268675,0.6980708
46,0.03937008,0.9238891,0.69231755
46,0.047244094,0.9161,0.6875714
46,0.05511811,0.9089682,0.682639
46,0.062992126,0.8999283,0.6765888
46,0.070866145,0.89070654,0.67086023
46,0.07874016,0.88183933,0.6651202
46,0.08661418,0.8728091,0.65914804
46,0.09448819,0.86386526,0.65334105
46,0.10236221,0.85511607,0.64752996
46,0.11023622,0.8462189,0.6415849
46,0.11811024,0.8371301,0.63554734
46,0.12598425,0.82822806,0.62976575
46,0.13385826,0.8193113,0.6241723
46,0.14173229,0.81034255,0.6185975
46,0.1496063,0.8013221,0.6128015
46,0.15748031,0.7920748,0.6069106
46,0.16535433,0.7827599,0.60153055
46,0.17322835,0.7735504,0.59663796
46,0.18110237,0.7644557,0.5918877
46,0.18897638,0.75555384,0.587032
46,0.19685039,0.746498,0.582142
46,0.20472442,0.7371312,0.5776862
46,0.21259843,0.7275203,0.5735364
46,0.22047244,0.71832794,0.56986636
46,0.22834645,0.7090807,0.5662574
46,0.23622048,0.69937956,0.5629085
46,0.24409449,0.6895727,0.5597636
46,0.2519685,0.6798746,0.5571761
46,0.25984251,0.6701135,0.5549619
46,0.26771653,0.6604922,0.5532135
46,0.27559054,0.65068483,0.5522127
46,0.28346458,0.6408739,0.5518571
46,0.2913386,0.6310995,0.55241764
46,0.2992126,0.62138486,0.5535198
46,0.30708662,0.6115866,0.55524474
46,0.31496063,0.6020018,0.5577851
46,0.32283464,0.59280425,0.56137896
46,0.33070865,0.58361506,0.5659553
46,0.33858266,0.5744249,0.5711042
46,0.3464567,0.5654437,0.5768974
46,0.35433072,0.5566527,0.5831052
46,0.36220473,0.5480891,0.58991516
46,0.37007874,0.53969646,0.5972119
46,0.37795275,0.53138685,0.60467917
46,0.38582677,0.52299434,0.6119578
46,0.39370078,0.51422334,0.61888313
46,0.4015748,0.50554395,0.6254686
46,0.40944883,0.4968231,0.6314683
46,0.41732284,0.48782954,0.6369441
46,0.42519686,0.47845417,0.6417944
46,0.43307087,0.46913332,0.64640296
46,0.44094488,0.45984092,0.6505315
46,0.4488189,0.4503346,0.6540655
46,0.4566929,0.4407425,0.6565291
46,0.46456692,0.4310178,0.6581409
46,0.47244096,0.42127854,0.6592441
46,0.48031497,0.41155976,0.6592214
46,0.48818898,0.40195724,0.6581089
46,0.496063,0.39221907,0.65594923
46,0.503937,0.38252544,0.6532323
46,0.511811,0.37301952,0.649602
46,0.51968503,0.36400193,0.6448472
46,0.52755904,0.35526818,0.6389316
46,0.53543305,0.34670076,0.6314293
46,0.54330707,0.33871433,0.62335443
46,0.5511811,0.33116826,0.614764
46,0.5590551,0.32387087,0.605387
46,0.56692916,0.31712118,0.59499407
46,0.5748032,0.31106278,0.5838756
46,0.5826772,0.30561236,0.57213855
46,0.5905512,0.3006272,0.5599252
46,0.5984252,0.29624197,0.5473326
46,0.6062992,0.29245254,0.53447336
46,0.61417323,0.28935787,0.52115035
46,0.62204725,0.2868627,0.5076216
46,0.62992126,0.2849899,0.4937488
46,0.63779527,0.28354225,0.4800954
46,0.6456693,0.28234583,0.46626765
46,0.6535433,0.2813416,0.45233268
46,0.6614173,0.28060013,0.43843147
46,0.6692913,0.27998614,0.4245401
46,0.6771653,0.27927825,0.4105025
46,0.68503934,0.27834916,0.39641893
46,0.6929134,0.2771474,0.38239914
46,0.7007874,0.2756314,0.36862007
46,0.70866144,0.27376413,0.35529807
46,0.71653545,0.27144104,0.3419019
46,0.72440946,0.2685222,0.32832792
46,0.7322835,0.26502517,0.3148577
46,0.7401575,0.26115963,0.30194986
46,0.7480315,0.25703228,0.28955078
46,0.7559055,0.25238556,0.27740774
46,0.7637795,0.24745823,0.2653617
46,0.77165353,0.24210991,0.25359204
46,0.77952754,0.23648039,0.24224834
46,0.78740156,0.23049247,0.23101974
46,0.79527557,0.22415635,0.22029607
46,0.8031496,0.2176366,0.20977403
46,0.8110236,0.21093345,0.19960333
46,0.81889766,0.20412987,0.18961412
46,0.8267717,0.19727518,0.1801074
46,0.8346457,0.19012052,0.17071494
46,0.8425197,0.18269199,0.16153808
46,0.8503937,0.17511992,0.15258639
46,0.8582677,0.16732554,0.14384879
46,0.86614174,0.15940668,0.13529252
46,0.87401575,0.15140468,0.12702519
46,0.88188976,0.14332326,0.118880875
46,0.8897638,0.13524963,0.11085354
46,0.8976378,0.12712498,0.103082776
46,0.9055118,0.119013354,0.095564954
46,0.9133858,0.110914715,0.08801371
46,0.9212598,0.10271118,0.080420695
46,0.92913383,0.09441203,0.0727786
46,0.93700784,0.086071424,0.06516245
46,0.9448819,0.07773351,0.057508104
46,0.9527559,0.06932364,0.04999169
46,0.96062994,0.061094478,0.042623524
46,0.96850395,0.052739456,0.035210513
46,0.97637796,0.04438805,0.027863776
46,0.984252,0.035909977,0.020483406
46,0.992126,0.027389288,0.013154953
46,1.0,0.0189,0.005857143
47,0.0,0.1785,0.033714287
47,0.007874016,0.18465744,0.040268
47,0.015748031,0.19079521,0.04685202
47,0.023622047,0.19703673,0.053467922
47,0.031496063,0.20320535,0.05982716
47,0.03937008,0.20930986,0.06622485
47,0.047244094,0.21546116,0.07252982
47,0.05511811,0.2215723,0.07881208
47,0.062992126,0.22765914,0.085349075
47,0.070866145,0.23377568,0.091955476
47,0.07874016,0.2398255,0.09872195
47,0.08661418,0.2457825,0.10550917
47,0.09448819,0.25153825,0.11227133
47,0.10236221,0.2572538,0.11897877
47,0.11023622,0.26293704,0.12573925
47,0.11811024,0.26899529,0.13289218
47,0.12598425,0.27503598,0.1397248
47,0.13385826,0.28101796,0.14647934
47,0.14173229,0.28679186,0.15292421
47,0.1496063,0.29239386,0.1595639
47,0.15748031,0.2981357,0.1665539
47,0.16535433,0.30381614,0.17347006
47,0.17322835,0.30970192,0.1806879
47,0.18110237,0.3155889,0.18764445
47,0.18897638,0.3215823,0.19435118
47,0.19685039,0.3276012,0.20096557
47,0.20472442,0.33375388,0.20737915
47,0.21259843,0.34006485,0.21362619
47,0.22047244,0.34651238,0.21969211
47,0.22834645,0.35293674,0.2253586
47,0.23622048,0.35951936,0.23066334
47,0.24409449,0.36617643,0.23562603
47,0.2519685,0.37295568,0.24019408
47,0.25984251,0.3797979,0.24485566
47,0.26771653,0.3867737,0.24933836
47,0.27559054,0.39367318,0.2539036
47,0.28346458,0.40046477,0.25828442
47,0.2913386,0.4073902,0.26276028
47,0.2992126,0.41447365,0.26709923
47,0.30708662,0.42164987,0.27148563
47,0.31496063,0.4289613,0.27574933
47,0.32283464,0.43622494,0.28004283
47,0.33070865,0.44321492,0.284227
47,0.33858266,0.44991946,0.28844246
47,0.3464567,0.45649698,0.29292643
47,0.35433072,0.4630179,0.2975842
47,0.36220473,0.46969366,0.30256692
47,0.37007874,0.4765181,0.30787295
47,0.37795275,0.48337778,0.31357586
47,0.38582677,0.4901241,0.31946766
47,0.39370078,0.49644902,0.32554814
47,0.4015748,0.5024735,0.33170554
47,0.40944883,0.5083625,0.33832854
47,0.41732284,0.514032,0.34532487
47,0.42519686,0.51961327,0.3528761
47,0.43307087,0.5248722,0.36095363
47,0.44094488,0.5298807,0.36940646
47,0.4488189,0.5344101,0.37790596
47,0.4566929,0.5386433,0.38662004
47,0.46456692,0.5425396,0.3958193
47,0.47244096,0.5459777,0.4053649
47,0.48031497,0.5487854,0.41528466
47,0.48818898,0.55100566,0.42553023
47,0.496063,0.55269027,0.43631747
47,0.503937,0.5537921,0.44727263
47,0.511811,0.55435425,0.45808536
47,0.51968503,0.5545,0.46884108
47,0.52755904,0.55418986,0.47977427
47,0.53543305,0.55355746,0.4909971
47,0.54330707,0.5523246,0.5017167
47,0.5511811,0.5503907,0.51189685
47,0.5590551,0.5478687,0.52189744
47,0.56692916,0.5451832,0.5316314
47,0.5748032,0.5425139,0.5410218
47,0.5826772,0.53937036,0.5511218
47,0.5905512,0.5360197,0.5610238
47,0.5984252,0.5325792,0.5702688
47,0.6062992,0.52887887,0.5794148
47,0.61417323,0.5250022,0.58820915
47,0.62204725,0.5205885,0.59748405
47,0.62992126,0.5158403,0.60663366
47,0.63779527,0.5108583,0.61569375
47,0.6456693,0.5058419,0.62392175
47,0.6535433,0.5007877,0.63138515
47,0.6614173,0.49552783,0.63826114
47,0.6692913,0.48980942,0.6450098
47,0.6771653,0.48362958,0.6516261
47,0.68503934,0.47709942,0.65801835
47,0.6929134,0.4703198,0.6641252
47,0.7007874,0.46361428,0.66972065
47,0.70866144,0.45694348,0.6746832
47,0.71653545,0.4503865,0.67922395
47,0.72440946,0.4437321,0.683846
47,0.7322835,0.43694523,0.6885746
47,0.7401575,0.43014187,0.69358176
47,0.7480315,0.42340273,0.69875425
47,0.7559055,0.4166522,0.70400256
47,0.7637795,0.41017205,0.70936424
47,0.77165353,0.40394965,0.71480703
47,0.77952754,0.39783606,0.7205381
47,0.78740156,0.39180565,0.7264313
47,0.79527557,0.38574994,0.7328691
47,0.8031496,0.37975726,0.73957473
47,0.8110236,0.3738561,0.7465637
47,0.81889766,0.36805397,0.7538032
47,0.8267717,0.3625104,0.76127166
47,0.8346457,0.35714403,0.7689371
47,0.8425197,0.35193324,0.7766483
47,0.8503937,0.34703705,0.7846688
47,0.8582677,0.34227493,0.792851
47,0.86614174,0.3376117,0.8013481
47,0.87401575,0.33313477,0.81012315
47,0.88188976,0.3286369,0.819183
47,0.8897638,0.32420918,0.82854295
47,0.8976378,0.31984678,0.8379107
47,0.9055118,0.31573188,0.8472981
47,0.9133858,0.3116366,0.85654575
47,0.9212598,0.3076976,0.86565757
47,0.92913383,0.30390832,0.87477946
47,0.93700784,0.30006504,0.8838164
47,0.9448819,0.2963184,0.8930968
47,0.9527559,0.29246542,0.90247935
47,0.96062994,0.2886794,0.91204184
47,0.96850395,0.2848126,0.922068
47,0.97637796,0.2808595,0.9325089
47,0.984252,0.27710342,0.9425048
47,0.992126,0.27374405,0.95171535
47,1.0,0.2705,0.9605714
48,0.0,0.183,0.041285716
48,0.007874016,0.18877628,0.047622778
48,0.015748031,0.19466813,0.054077867
48,0.023622047,0.20053823,0.060433827
48,0.031496063,0.20661356,0.06674753
48,0.03937008,0.21266444,0.07287704
48,0.047244094,0.21863091,0.078880005
48,0.05511811,0.2245154,0.0850447
48,0.062992126,0.23023713,0.091413856
48,0.070866145,0.23590118,0.09822992
48,0.07874016,0.24158065,0.105238214
48,0.08661418,0.24714255,0.11229701
48,0.09448819,0.25273246,0.119121365
48,0.10236221,0.25825602,0.12594044
48,0.11023622,0.26387748,0.13255519
48,0.11811024,0.26942292,0.1392094
48,0.12598425,0.27509245,0.14591397
48,0.13385826,0.28086135,0.15267092
48,0.14173229,0.28660217,0.15951286
48,0.1496063,0.29234257,0.16634817
48,0.15748031,0.29795697,0.1731348
48,0.16535433,0.30353886,0.17969108
48,0.17322835,0.30929545,0.18615982
48,0.18110237,0.3151203,0.19256078
48,0.18897638,0.32109612,0.1986445
48,0.19685039,0.32719672,0.20462313
48,0.20472442,0.33318532,0.21044701
48,0.21259843,0.33913228,0.21604675
48,0.22047244,0.34521887,0.22146632
48,0.22834645,0.3515248,0.2267927
48,0.23622048,0.3580838,0.23204328
48,0.24409449,0.36479017,0.2372787
48,0.2519685,0.37125438,0.24218172
48,0.25984251,0.37763825,0.2470101
48,0.26771653,0.38409474,0.25178197
48,0.27559054,0.39061502,0.25636786
48,0.28346458,0.397439,0.2607708
48,0.2913386,0.4043456,0.26489043
48,0.2992126,0.4113499,0.26881924
48,0.30708662,0.41837442,0.27273977
48,0.31496063,0.42526004,0.27653334
48,0.32283464,0.4320531,0.28064466
48,0.33070865,0.4387847,0.28494897
48,0.33858266,0.44551098,0.28939393
48,0.3464567,0.45213926,0.2938549
48,0.35433072,0.45859864,0.29841802
48,0.36220473,0.46499678,0.3030778
48,0.37007874,0.4715609,0.3082083
48,0.37795275,0.47802967,0.313654
48,0.38582677,0.48440275,0.3194314
48,0.39370078,0.49050835,0.3256685
48,0.4015748,0.49624982,0.33205932
48,0.40944883,0.5017063,0.33890426
48,0.41732284,0.5068384,0.34605485
48,0.42519686,0.51176834,0.35364315
48,0.43307087,0.51640934,0.3614861
48,0.44094488,0.5207907,0.36979175
48,0.4488189,0.52488214,0.37876207
48,0.4566929,0.528577,0.387939
48,0.46456692,0.53178394,0.3974703
48,0.47244096,0.5345296,0.40717566
48,0.48031497,0.5369818,0.41735062
48,0.48818898,0.53901505,0.42772353
48,0.496063,0.5406789,0.43790725
48,0.503937,0.5418513,0.44822696
48,0.511811,0.5425025,0.45847878
48,0.51968503,0.5427,0.4688226
48,0.52755904,0.542336,0.47904557
48,0.53543305,0.5415208,0.48934898
48,0.54330707,0.54037863,0.4999278
48,0.5511811,0.5390211,0.51052624
48,0.5590551,0.53726315,0.5206842
48,0.56692916,0.5351232,0.5305137
48,0.5748032,0.5324228,0.5400193
48,0.5826772,0.5291827,0.5494781
48,0.5905512,0.5255214,0.5588036
48,0.5984252,0.5215546,0.5679033
48,0.6062992,0.5172419,0.5765961
48,0.61417323,0.51291233,0.5848342
48,0.62204725,0.5084293,0.5925212
48,0.62992126,0.5037689,0.60002244
48,0.63779527,0.4984426,0.6074933
48,0.6456693,0.49278355,0.6146528
48,0.6535433,0.48681754,0.62166566
48,0.6614173,0.48084062,0.62834215
48,0.6692913,0.47498307,0.6345416
48,0.6771653,0.46926,0.64064187
48,0.68503934,0.46352708,0.64664304
48,0.6929134,0.4576199,0.6524286
48,0.7007874,0.45156524,0.6582002
48,0.70866144,0.44528332,0.6640463
48,0.71653545,0.43879697,0.669792
48,0.72440946,0.43235523,0.6754438
48,0.7322835,0.42604837,0.6810968
48,0.7401575,0.41992992,0.6866382
48,0.7480315,0.41387868,0.6924013
48,0.7559055,0.40787792,0.6982212
48,0.7637795,0.40192255,0.70437175
48,0.77165353,0.3960192,0.7107882
48,0.77952754,0.39028475,0.71749437
48,0.78740156,0.38470152,0.72431725
48,0.79527557,0.37923706,0.7312558
48,0.8031496,0.37385023,0.7382098
48,0.8110236,0.36853594,0.74537724
48,0.81889766,0.36338583,0.75271755
48,0.8267717,0.35823926,0.76010025
48,0.8346457,0.35315993,0.7676354
48,0.8425197,0.34825784,0.77546227
48,0.8503937,0.34343413,0.7835561
48,0.8582677,0.3387401,0.79175514
48,0.86614174,0.33421192,0.8000452
48,0.87401575,0.3297072,0.80841523
48,0.88188976,0.32543817,0.8169429
48,0.8897638,0.32122552,0.8254453
48,0.8976378,0.31706104,0.8340979
48,0.9055118,0.31293947,0.8429155
48,0.9133858,0.3088546,0.8518116
48,0.9212598,0.30480248,0.8607177
48,0.92913383,0.3007862,0.8698424
48,0.93700784,0.29688647,0.8788963
48,0.9448819,0.29313123,0.8878739
48,0.9527559,0.2893649,0.89682025
48,0.96062994,0.2857134,0.90586203
48,0.96850395,0.28197363,0.91482466
48,0.97637796,0.27844274,0.92372274
48,0.984252,0.27479953,0.93289405
48,0.992126,0.27094355,0.94239116
48,1.0,0.2672,0.952
49,0.0,0.9844,0.7358571
49,0.007874016,0.9757993,0.72985667
49,0.015748031,0.967173,0.723695
49,0.023622047,0.95848286,0.7176306
49,0.031496063,0.94986194,0.71164566
49,0.03937008,0.9412413,0.7057335
49,0.047244094,0.93264174,0.6998713
49,0.05511811,0.9240397,0.6940699
49,0.062992126,0.915253,0.6882552
49,0.070866145,0.90653306,0.6825435
49,0.07874016,0.8978542,0.6768537
49,0.08661418,0.88910526,0.6711817
49,0.09448819,0.88041294,0.66568625
49,0.10236221,0.8716038,0.66024035
49,0.11023622,0.86278933,0.6547079
49,0.11811024,0.8540134,0.64925796
49,0.12598425,0.8452991,0.64390427
49,0.13385826,0.83642596,0.63849163
49,0.14173229,0.8274776,0.6330883
49,0.1496063,0.81844074,0.6275718
49,0.15748031,0.8094654,0.6221898
49,0.16535433,0.8006157,0.61704504
49,0.17322835,0.791839,0.6118757
49,0.18110237,0.7829467,0.60685545
49,0.18897638,0.7740192,0.60197103
49,0.19685039,0.7650374,0.5971303
49,0.20472442,0.75595164,0.592465
49,0.21259843,0.7467733,0.5878743
49,0.22047244,0.7377772,0.58357704
49,0.22834645,0.7288153,0.5792761
49,0.23622048,0.71978164,0.57506156
49,0.24409449,0.710612,0.5708645
49,0.2519685,0.70171964,0.5671856
49,0.25984251,0.692544,0.5639822
49,0.26771653,0.6829455,0.56115586
49,0.27559054,0.6733631,0.55866617
49,0.28346458,0.6637772,0.5565649
49,0.2913386,0.6543542,0.55476487
49,0.2992126,0.6449298,0.5533328
49,0.30708662,0.6353312,0.5523547
49,0.31496063,0.62573,0.5518571
49,0.32283464,0.61629015,0.55221546
49,0.33070865,0.60691935,0.55342394
49,0.33858266,0.5975657,0.55586845
49,0.3464567,0.58827394,0.5596407
49,0.35433072,0.57933503,0.56450915
49,0.36220473,0.57057405,0.5702328
49,0.37007874,0.5621696,0.5765483
49,0.37795275,0.55408084,0.5834564
49,0.38582677,0.5459179,0.59075606
49,0.39370078,0.53774476,0.5982907
49,0.4015748,0.5295378,0.605945
49,0.40944883,0.5212941,0.61350125
49,0.41732284,0.51298064,0.6205887
49,0.42519686,0.5047039,0.6273544
49,0.43307087,0.49627864,0.63358665
49,0.44094488,0.4874899,0.6393556
49,0.4488189,0.47865623,0.6445719
49,0.4566929,0.46955362,0.6491056
49,0.46456692,0.4603866,0.65296906
49,0.47244096,0.45096722,0.65602845
49,0.48031497,0.44151127,0.65818137
49,0.48818898,0.43193826,0.6595517
49,0.496063,0.42229706,0.66
49,0.503937,0.41263375,0.6596009
49,0.511811,0.4029791,0.65828276
49,0.51968503,0.3934868,0.6559962
49,0.52755904,0.38436413,0.6529838
49,0.53543305,0.3752984,0.648894
49,0.54330707,0.36658138,0.6439247
49,0.5511811,0.35791123,0.6378184
49,0.5590551,0.34959087,0.63076186
49,0.56692916,0.34167394,0.6228626
49,0.5748032,0.33428264,0.61410326
49,0.5826772,0.3274339,0.60446006
49,0.5905512,0.321195,0.594233
49,0.5984252,0.31551763,0.5833095
49,0.6062992,0.3103963,0.5717048
49,0.61417323,0.305991,0.5597506
49,0.62204725,0.30202982,0.5471779
49,0.62992126,0.29880527,0.53424597
49,0.63779527,0.29610392,0.5210235
49,0.6456693,0.29381365,0.50782865
49,0.6535433,0.29191417,0.4943257
49,0.6614173,0.2901934,0.48094586
49,0.6692913,0.28868985,0.46727744
49,0.6771653,0.28720388,0.45388755
49,0.68503934,0.2857358,0.44040105
49,0.6929134,0.28418505,0.42684156
49,0.7007874,0.2825514,0.4132979
49,0.70866144,0.2807502,0.39990118
49,0.71653545,0.27876404,0.38656366
49,0.72440946,0.2765225,0.37338513
49,0.7322835,0.27402523,0.36010313
49,0.7401575,0.27118,0.34677145
49,0.7480315,0.26809457,0.33355072
49,0.7559055,0.26459008,0.32072413
49,0.7637795,0.26092726,0.30813244
49,0.77165353,0.25694,0.29588577
49,0.77952754,0.25263393,0.28371197
49,0.78740156,0.24801762,0.27175882
49,0.79527557,0.24310547,0.25999185
49,0.8031496,0.23790966,0.24846785
49,0.8110236,0.23244636,0.2371982
49,0.81889766,0.22673094,0.22619165
49,0.8267717,0.22077847,0.21558316
49,0.8346457,0.2146074,0.20519213
49,0.8425197,0.20813796,0.19519708
49,0.8503937,0.20150411,0.18543445
49,0.8582677,0.19462828,0.17610651
49,0.86614174,0.18750317,0.1669262
49,0.87401575,0.18024005,0.1580311
49,0.88188976,0.17264822,0.14942953
49,0.8897638,0.16500886,0.14109716
49,0.8976378,0.15719007,0.13291326
49,0.9055118,0.14924075,0.12490843
49,0.9133858,0.1412053,0.117100276
49,0.9212598,0.1331588,0.10934171
49,0.92913383,0.12505741,0.10176896
49,0.93700784,0.11699324,0.09429022
49,0.9448819,0.10895697,0.08706183
49,0.9527559,0.1009505,0.07971738
49,0.96062994,0.092940345,0.072496235
49,0.96850395,0.0848065,0.06509051
49,0.97637796,0.0766475,0.057788752
49,0.984252,0.06849346,0.050483793
49,0.992126,0.06028453,0.043087833
49,1.0,0.052,0.03557143
50,0.0,0.9926,0.72185713
50,0.007874016,0.98386925,0.7164751
50,0.015748031,0.97499615,0.71098167
50,0.023622047,0.96593827,0.7053576
50,0.031496063,0.9568437,0.69951075
50,0.03937008,0.94794893,0.6937612
50,0.047244094,0.9391244,0.6880174
50,0.05511811,0.9302284,0.682272
50,0.062992126,0.9213493,0.67676145
50,0.070866145,0.9122823,0.6712525
50,0.07874016,0.90310484,0.6655894
50,0.08661418,0.8940591,0.66005343
50,0.09448819,0.8851119,0.65449965
50,0.10236221,0.8763597,0.6489225
50,0.11023622,0.86749774,0.64331603
50,0.11811024,0.8585203,0.6379746
50,0.12598425,0.84934527,0.63276404
50,0.13385826,0.84014636,0.6275432
50,0.14173229,0.831,0.62242854
50,0.1496063,0.82199264,0.61713874
50,0.15748031,0.81301993,0.6119555
50,0.16535433,0.80390316,0.6070335
50,0.17322835,0.7947626,0.6022679
50,0.18110237,0.7855936,0.597616
50,0.18897638,0.7762105,0.59292954
50,0.19685039,0.76667714,0.58821356
50,0.20472442,0.7571528,0.58383465
50,0.21259843,0.74764085,0.5797646
50,0.22047244,0.7381223,0.5760561
50,0.22834645,0.7288861,0.57231945
50,0.23622048,0.7192519,0.56823283
50,0.24409449,0.7095944,0.5649984
50,0.2519685,0.7003747,0.5631919
50,0.25984251,0.6909297,0.5603514
50,0.26771653,0.6819553,0.5586269
50,0.27559054,0.6721627,0.5565714
50,0.28346458,0.66279626,0.5557134
50,0.2913386,0.65332294,0.5544286
50,0.2992126,0.6434879,0.5535377
50,0.30708662,0.63368285,0.5527143
50,0.31496063,0.62395716,0.5525714
50,0.32283464,0.61401415,0.55336106
50,0.33070865,0.6040738,0.5549508
50,0.33858266,0.59451747,0.5572379
50,0.3464567,0.5850445,0.56005126
50,0.35433072,0.5753323,0.5637623
50,0.36220473,0.565892,0.5683341
50,0.37007874,0.5571092,0.5733796
50,0.37795275,0.54818696,0.5789959
50,0.38582677,0.5393605,0.5851403
50,0.39370078,0.5309639,0.5915733
50,0.4015748,0.522432,0.59804857
50,0.40944883,0.5135558,0.60443896
50,0.41732284,0.5046384,0.6106506
50,0.42519686,0.49589607,0.6170312
50,0.43307087,0.48712856,0.6233116
50,0.44094488,0.47832665,0.6293632
50,0.4488189,0.46950924,0.6349376
50,0.4566929,0.460359,0.6397814
50,0.46456692,0.45086336,0.6439283
50,0.47244096,0.441232,0.6472414
50,0.48031497,0.4316749,0.6496049
50,0.48818898,0.42199403,0.65127784
50,0.496063,0.4122748,0.65211976
50,0.503937,0.40251112,0.6516081
50,0.511811,0.3927791,0.64986026
50,0.51968503,0.3832575,0.64680624
50,0.52755904,0.37401578,0.6425519
50,0.53543305,0.36505416,0.63728374
50,0.54330707,0.35653383,0.6310067
50,0.5511811,0.34841424,0.62396204
50,0.5590551,0.34048024,0.61581254
50,0.56692916,0.33294392,0.6064664
50,0.5748032,0.32601532,0.59627736
50,0.5826772,0.31997252,0.5853844
50,0.5905512,0.31471273,0.5735881
50,0.5984252,0.31000382,0.5611537
50,0.6062992,0.30588505,0.5484961
50,0.61417323,0.302362,0.5360364
50,0.62204725,0.29919702,0.5231307
50,0.62992126,0.29633194,0.509611
50,0.63779527,0.29380915,0.49585485
50,0.6456693,0.29153302,0.48219812
50,0.6535433,0.28943068,0.4684443
50,0.6614173,0.28735638,0.45464003
50,0.6692913,0.2853278,0.44077465
50,0.6771653,0.2833771,0.4270068
50,0.68503934,0.2813582,0.4132922
50,0.6929134,0.27921107,0.39966643
50,0.7007874,0.27706206,0.3863152
50,0.70866144,0.27464706,0.3731288
50,0.71653545,0.27206814,0.36000627
50,0.72440946,0.26911426,0.34691828
50,0.7322835,0.26583117,0.3336582
50,0.7401575,0.26225245,0.32055578
50,0.7480315,0.2583969,0.3075045
50,0.7559055,0.2542035,0.29449672
50,0.7637795,0.24993587,0.28200692
50,0.77165353,0.24533443,0.2699432
50,0.77952754,0.24051365,0.2582278
50,0.78740156,0.23537078,0.24670993
50,0.79527557,0.22971505,0.23495536
50,0.8031496,0.22376417,0.22348318
50,0.8110236,0.21753502,0.21242861
50,0.81889766,0.21116373,0.20176563
50,0.8267717,0.20461494,0.19173563
50,0.8346457,0.19787598,0.18202013
50,0.8425197,0.19092157,0.17259358
50,0.8503937,0.18363692,0.16339216
50,0.8582677,0.17613156,0.15416232
50,0.86614174,0.16846173,0.14516306
50,0.87401575,0.16070642,0.13642332
50,0.88188976,0.15288107,0.12796299
50,0.8897638,0.14504488,0.119932316
50,0.8976378,0.13714157,0.1120061
50,0.9055118,0.12928578,0.10431271
50,0.9133858,0.12121807,0.096593805
50,0.9212598,0.11304478,0.08881655
50,0.92913383,0.10483145,0.081077576
50,0.93700784,0.09654355,0.07324552
50,0.9448819,0.088267885,0.06554084
50,0.9527559,0.08005113,0.05778936
50,0.96062994,0.07186564,0.0501011
50,0.96850395,0.06373379,0.042684093
50,0.97637796,0.05553494,0.035115503
50,0.984252,0.047146883,0.027366694
50,0.992126,0.038710605,0.019743394
50,1.0,0.0303,0.012285714
51,0.0,0.1713,0.026571428
51,0.007874016,0.1775254,0.032187164
51,0.015748031,0.18369438,0.03794703
51,0.023622047,0.18988717,0.043713998
51,0.031496063,0.19603537,0.0495185
51,0.03937008,0.20221041,0.055437718
51,0.047244094,0.20831895,0.061392367
51,0.05511811,0.21436681,0.06738475
51,0.062992126,0.22028539,0.07346227
51,0.070866145,0.22621076,0.07961866
51,0.07874016,0.23217471,0.08586575
51,0.08661418,0.23812874,0.09230632
51,0.09448819,0.24404825,0.09865884
51,0.10236221,0.24988037,0.10505499
51,0.11023622,0.25566724,0.11132204
51,0.11811024,0.26124272,0.1176733
51,0.12598425,0.26677096,0.12401801
51,0.13385826,0.2722795,0.13052322
51,0.14173229,0.27778703,0.13724491
51,0.1496063,0.2833268,0.14438698
51,0.15748031,0.28893164,0.15161665
51,0.16535433,0.29443532,0.15879837
51,0.17322835,0.29991916,0.16604583
51,0.18110237,0.30547044,0.1731634
51,0.18897638,0.31104103,0.18030794
51,0.19685039,0.31663105,0.18714978
51,0.20472442,0.32224718,0.19385391
51,0.21259843,0.3278984,0.20032187
51,0.22047244,0.3337513,0.20662639
51,0.22834645,0.3397859,0.2130026
51,0.23622048,0.3459002,0.21902542
51,0.24409449,0.352054,0.22494069
51,0.2519685,0.35824618,0.23063555
51,0.25984251,0.36450657,0.23615581
51,0.26771653,0.37097028,0.24151374
51,0.27559054,0.37748995,0.24651876
51,0.28346458,0.38400707,0.25149405
51,0.2913386,0.39060837,0.2561717
51,0.2992126,0.39719564,0.26072636
51,0.30708662,0.40380725,0.26518324
51,0.31496063,0.4105332,0.26963562
51,0.32283464,0.41723248,0.27408212
51,0.33070865,0.4238948,0.2785228
51,0.33858266,0.43064848,0.28281474
51,0.3464567,0.43728763,0.2873826
51,0.35433072,0.4439139,0.29193527
51,0.36220473,0.450517,0.2964852
51,0.37007874,0.45709074,0.30115163
51,0.37795275,0.4635478,0.3059627
51,0.38582677,0.47002757,0.3107726
51,0.39370078,0.47656754,0.31567448
51,0.4015748,0.48299947,0.32074246
51,0.40944883,0.4894254,0.32576537
51,0.41732284,0.49589232,0.33102968
51,0.42519686,0.5022519,0.33638737
51,0.43307087,0.5085554,0.3417332
51,0.44094488,0.51490515,0.34703296
51,0.4488189,0.5213061,0.3524338
51,0.4566929,0.5275605,0.35788473
51,0.46456692,0.5338717,0.36326146
51,0.47244096,0.54022354,0.3686927
51,0.48031497,0.54656863,0.37407085
51,0.48818898,0.5529499,0.3794387
51,0.496063,0.5593029,0.38463503
51,0.503937,0.5657167,0.389932
51,0.511811,0.57218254,0.39505133
51,0.51968503,0.57861143,0.39999595
51,0.52755904,0.5850974,0.4049267
51,0.53543305,0.5916345,0.40981036
51,0.54330707,0.5981915,0.4145159
51,0.5511811,0.60481924,0.4190442
51,0.5590551,0.6114412,0.4234769
51,0.56692916,0.6181502,0.42771143
51,0.5748032,0.62491566,0.43184987
51,0.5826772,0.631808,0.435976
51,0.5905512,0.63865644,0.43985188
51,0.5984252,0.6455708,0.44369358
51,0.6062992,0.6525561,0.4475203
51,0.61417323,0.6595178,0.45118564
51,0.62204725,0.6664789,0.45486343
51,0.62992126,0.6734661,0.4584429
51,0.63779527,0.6804656,0.46204516
51,0.6456693,0.6873944,0.46556315
51,0.6535433,0.6942467,0.46916956
51,0.6614173,0.7011287,0.47274497
51,0.6692913,0.7080421,0.47626734
51,0.6771653,0.71489525,0.4799347
51,0.68503934,0.72184944,0.48354256
51,0.6929134,0.7287278,0.48716912
51,0.7007874,0.73563,0.49078858
51,0.70866144,0.74254847,0.49454197
51,0.71653545,0.7493962,0.49821243
51,0.72440946,0.7562498,0.5018735
51,0.7322835,0.7631808,0.50559384
51,0.7401575,0.7700336,0.5093049
51,0.7480315,0.77689075,0.51310533
51,0.7559055,0.78387463,0.5168432
51,0.7637795,0.79074943,0.52067554
51,0.77165353,0.7977174,0.52450407
51,0.77952754,0.8045848,0.5283323
51,0.78740156,0.811556,0.5322646
51,0.79527557,0.81839854,0.53614205
51,0.8031496,0.82523555,0.5399995
51,0.8110236,0.8320706,0.54398316
51,0.81889766,0.838937,0.5479926
51,0.8267717,0.84572786,0.55201596
51,0.8346457,0.85245526,0.5560567
51,0.8425197,0.8593089,0.5601194
51,0.8503937,0.8661105,0.5643489
51,0.8582677,0.87293977,0.5684963
51,0.86614174,0.8797715,0.5727568
51,0.87401575,0.88666904,0.57694584
51,0.88188976,0.8934458,0.581182
51,0.8897638,0.90031326,0.5854194
51,0.8976378,0.90712565,0.5895377
51,0.9055118,0.9138531,0.59373236
51,0.9133858,0.92064774,0.5978751
51,0.9212598,0.92735744,0.6019102
51,0.92913383,0.9341023,0.6059606
51,0.93700784,0.9408404,0.6100764
51,0.9448819,0.9476754,0.6141002
51,0.9527559,0.95445335,0.6181557
51,0.96062994,0.9613814,0.62211657
51,0.96850395,0.9682601,0.62623435
51,0.97637796,0.9751225,0.63026
51,0.984252,0.9816521,0.63408065
51,0.992126,0.9881788,0.63789296
51,1.0,0.9947,0.6417143
52,0.0,0.9896,0.7204286
52,0.007874016,0.9808717,0.71490103
52,0.015748031,0.9718677,0.7091843
52,0.023622047,0.96275353,0.7035078
52,0.031496063,0.95375854,0.69778585
52,0.03937008,0.94500065,0.6922147
52,0.047244094,0.93622935,0.68674636
52,0.05511811,0.92749965,0.68121403
52,0.062992126,0.91879517,0.6756988
52,0.070866145,0.9099245,0.6701328
52,0.07874016,0.90083784,0.66459846
52,0.08661418,0.8917668,0.6590477
52,0.09448819,0.88295245,0.65353745
52,0.10236221,0.8739773,0.6480057
52,0.11023622,0.86474943,0.64232105
52,0.11811024,0.8563887,0.6370634
52,0.12598425,0.84784704,0.63146216
52,0.13385826,0.83927256,0.62598693
52,0.14173229,0.8303563,0.6207179
52,0.1496063,0.82145756,0.61559886
52,0.15748031,0.81236166,0.6100581
52,0.16535433,0.803309,0.6046178
52,0.17322835,0.79437995,0.5994367
52,0.18110237,0.78526056,0.59437174
52,0.18897638,0.7761563,0.58949447
52,0.19685039,0.76713604,0.5847515
52,0.20472442,0.7580748,0.5801829
52,0.21259843,0.74883056,0.57583237
52,0.22047244,0.7394653,0.57180905
52,0.22834645,0.73012125,0.5680433
52,0.23622048,0.72082174,0.5645078
52,0.24409449,0.71145695,0.56120855
52,0.2519685,0.70195395,0.5581917
52,0.25984251,0.6924477,0.5554596
52,0.26771653,0.68280095,0.5531075
52,0.27559054,0.67321855,0.5511058
52,0.28346458,0.6638496,0.54962236
52,0.2913386,0.6541015,0.5485714
52,0.2992126,0.64466995,0.54785717
52,0.30708662,0.6354908,0.548
52,0.31496063,0.62580657,0.5487143
52,0.32283464,0.6160461,0.5500119
52,0.33070865,0.6064801,0.5520979
52,0.33858266,0.5969937,0.55494463
52,0.3464567,0.5877107,0.5584626
52,0.35433072,0.5785874,0.5626139
52,0.36220473,0.56939036,0.56741744
52,0.37007874,0.5601599,0.5727445
52,0.37795275,0.551142,0.57833314
52,0.38582677,0.54225755,0.58424217
52,0.39370078,0.53361666,0.5900644
52,0.4015748,0.5249751,0.59610075
52,0.40944883,0.5162331,0.6023335
52,0.41732284,0.5074447,0.6085395
52,0.42519686,0.49860105,0.6145707
52,0.43307087,0.48976913,0.6204323
52,0.44094488,0.48092565,0.6259302
52,0.4488189,0.47195175,0.6311417
52,0.4566929,0.4628843,0.63578904
52,0.46456692,0.45360252,0.639892
52,0.47244096,0.4441778,0.64333
52,0.48031497,0.43468344,0.6459511
52,0.48818898,0.42514887,0.6476073
52,0.496063,0.4155034,0.64842856
52,0.503937,0.40569302,0.64799947
52,0.511811,0.39599693,0.6467136
52,0.51968503,0.38632235,0.64426106
52,0.52755904,0.3770918,0.640758
52,0.53543305,0.36813518,0.63621396
52,0.54330707,0.35942662,0.6306145
52,0.5511811,0.350945,0.62375444
52,0.5590551,0.3429055,0.6159777
52,0.56692916,0.33533013,0.6073487
52,0.5748032,0.32831544,0.59776
52,0.5826772,0.32183725,0.5874907
52,0.5905512,0.31598693,0.5764559
52,0.5984252,0.31077412,0.5649978
52,0.6062992,0.30607608,0.55298305
52,0.61417323,0.3019042,0.54068804
52,0.62204725,0.2981611,0.5280535
52,0.62992126,0.29475188,0.51503795
52,0.63779527,0.29167247,0.5018516
52,0.6456693,0.28889856,0.4885632
52,0.6535433,0.28643268,0.4751868
52,0.6614173,0.28418937,0.4616535
52,0.6692913,0.28206566,0.44822255
52,0.6771653,0.28003067,0.43464762
52,0.68503934,0.2781822,0.42115036
52,0.6929134,0.27629668,0.4075823
52,0.7007874,0.27450147,0.39397535
52,0.70866144,0.27261737,0.38035086
52,0.71653545,0.2705292,0.36671814
52,0.72440946,0.26831755,0.35316238
52,0.7322835,0.26590517,0.33959848
52,0.7401575,0.2631989,0.32628104
52,0.7480315,0.2600818,0.3132077
52,0.7559055,0.2567234,0.3004408
52,0.7637795,0.2529531,0.28783256
52,0.77165353,0.24884287,0.27544492
52,0.77952754,0.24442336,0.26330626
52,0.78740156,0.23972543,0.2512599
52,0.79527557,0.23461834,0.23948194
52,0.8031496,0.2293039,0.22784328
52,0.8110236,0.22370245,0.21664247
52,0.81889766,0.21785325,0.20574844
52,0.8267717,0.21167172,0.19515152
52,0.8346457,0.20521906,0.18488437
52,0.8425197,0.19848418,0.17501834
52,0.8503937,0.19146338,0.16558477
52,0.8582677,0.1840887,0.1564601
52,0.86614174,0.17663312,0.14772357
52,0.87401575,0.16893831,0.13940905
52,0.88188976,0.16106382,0.13128962
52,0.8897638,0.15320846,0.12348614
52,0.8976378,0.14516865,0.1158093
52,0.9055118,0.1370579,0.108252704
52,0.9133858,0.12891385,0.10081594
52,0.9212598,0.12070707,0.093345605
52,0.92913383,0.112483405,0.08607054
52,0.93700784,0.10417944,0.07872523
52,0.9448819,0.09598097,0.0715547
52,0.9527559,0.08766027,0.06429474
52,0.96062994,0.079367034,0.057146844
52,0.96850395,0.0711722,0.04994259
52,0.97637796,0.06285666,0.042783417
52,0.984252,0.054652598,0.035692815
52,0.992126,0.046106376,0.028321855
52,1.0,0.0374,0.020857142
53,0.0,0.9945,0.73971426
53,0.007874016,0.9879352,0.73568285
53,0.015748031,0.98126495,0.73173076
53,0.023622047,0.97458994,0.7275729
53,0.031496063,0.9681079,0.7236314
53,0.03937008,0.9618827,0.7196305
53,0.047244094,0.95570034,0.71568775
53,0.05511811,0.94949573,0.711667
53,0.062992126,0.94325274,0.7074828
53,0.070866145,0.9368819,0.70341563
53,0.07874016,0.9306566,0.6993
53,0.08661418,0.92445105,0.6952754
53,0.09448819,0.9184835,0.69127667
53,0.10236221,0.9123425,0.68741894
53,0.11023622,0.90614474,0.6833891
53,0.11811024,0.8998321,0.67928493
53,0.12598425,0.8935641,0.67516315
53,0.13385826,0.8873412,0.67102945
53,0.14173229,0.8811361,0.66688293
53,0.1496063,0.8749589,0.6625883
53,0.15748031,0.8688251,0.6581608
53,0.16535433,0.86264634,0.65389025
53,0.17322835,0.85642666,0.64963293
53,0.18110237,0.8501959,0.6453929
53,0.18897638,0.8438748,0.64130205
53,0.19685039,0.8375477,0.6372073
53,0.20472442,0.83122903,0.6330054
53,0.21259843,0.82490504,0.6289322
53,0.22047244,0.8186243,0.62487453
53,0.22834645,0.8123891,0.6209208
53,0.23622048,0.806192,0.6170309
53,0.24409449,0.7998156,0.61315215
53,0.2519685,0.7933088,0.6091957
53,0.25984251,0.786735,0.6052827
53,0.26771653,0.78027457,0.6015842
53,0.27559054,0.7739929,0.5980531
53,0.28346458,0.7676789,0.5945023
53,0.2913386,0.7612848,0.591088
53,0.2992126,0.75477165,0.5877484
53,0.30708662,0.74815065,0.58454794
53,0.31496063,0.7416295,0.58154625
53,0.32283464,0.7351908,0.57885385
53,0.33070865,0.7286734,0.5762048
53,0.33858266,0.7218757,0.5737656
53,0.3464567,0.71522003,0.5712714
53,0.35433072,0.70855665,0.56908435
53,0.36220473,0.70189285,0.56697667
53,0.37007874,0.69514406,0.56497717
53,0.37795275,0.68858194,0.5630779
53,0.38582677,0.68174624,0.5612047
53,0.39370078,0.67486,0.5596536
53,0.4015748,0.66810817,0.5582693
53,0.40944883,0.66118973,0.55717677
53,0.41732284,0.6541994,0.55621415
53,0.42519686,0.64737624,0.5553829
53,0.43307087,0.64074916,0.5545445
53,0.44094488,0.63376427,0.55386865
53,0.4488189,0.62736255,0.5535714
53,0.4566929,0.6208204,0.55362564
53,0.46456692,0.6138913,0.55398816
53,0.47244096,0.6069746,0.5546816
53,0.48031497,0.6001436,0.5557462
53,0.48818898,0.5932676,0.5574664
53,0.496063,0.5863766,0.5594924
53,0.503937,0.5794691,0.5620594
53,0.511811,0.57278186,0.56481814
53,0.51968503,0.5662762,0.56786776
53,0.52755904,0.559822,0.5711588
53,0.53543305,0.55346924,0.57465935
53,0.54330707,0.54706377,0.57827264
53,0.5511811,0.5406917,0.58204985
53,0.5590551,0.5343518,0.58602834
53,0.56692916,0.5279576,0.5899325
53,0.5748032,0.5216796,0.59398013
53,0.5826772,0.51540506,0.59813106
53,0.5905512,0.5092239,0.6023621
53,0.5984252,0.5030114,0.60667527
53,0.6062992,0.49686432,0.61102545
53,0.61417323,0.4908133,0.61556196
53,0.62204725,0.48476478,0.62009144
53,0.62992126,0.4787133,0.624672
53,0.63779527,0.47276098,0.6294579
53,0.6456693,0.4666899,0.63430834
53,0.6535433,0.46071365,0.63913906
53,0.6614173,0.45472133,0.6441553
53,0.6692913,0.44876045,0.6491768
53,0.6771653,0.44283226,0.65442
53,0.68503934,0.43697503,0.6597357
53,0.6929134,0.4311863,0.6651342
53,0.7007874,0.42548993,0.6706046
53,0.70866144,0.419861,0.6762533
53,0.71653545,0.4142995,0.6820363
53,0.72440946,0.40866154,0.68804336
53,0.7322835,0.40322065,0.69430596
53,0.7401575,0.39769414,0.70058554
53,0.7480315,0.3924382,0.7069197
53,0.7559055,0.38722163,0.713417
53,0.7637795,0.38215327,0.71988636
53,0.77165353,0.37725854,0.72646534
53,0.77952754,0.37241027,0.7331282
53,0.78740156,0.3676877,0.7399682
53,0.79527557,0.36310685,0.74696386
53,0.8031496,0.3585732,0.7543621
53,0.8110236,0.35407934,0.76192975
53,0.81889766,0.34972638,0.76959336
53,0.8267717,0.3456305,0.77747583
53,0.8346457,0.3415664,0.78545135
53,0.8425197,0.3376279,0.7935881
53,0.8503937,0.3337902,0.8017167
53,0.8582677,0.3299796,0.8098447
53,0.86614174,0.32631788,0.818102
53,0.87401575,0.322602,0.82636684
53,0.88188976,0.31899175,0.83466053
53,0.8897638,0.31534016,0.842955
53,0.8976378,0.3117405,0.8513703
53,0.9055118,0.30819333,0.8598369
53,0.9133858,0.30459547,0.86818904
53,0.9212598,0.30114758,0.87656814
53,0.92913383,0.297543,0.8849946
53,0.93700784,0.29407918,0.8935163
53,0.9448819,0.2905491,0.9019978
53,0.9527559,0.28699544,0.91060734
53,0.96062994,0.28345495,0.9193042
53,0.96850395,0.27991712,0.92802554
53,0.97637796,0.27625835,0.93681085
53,0.984252,0.27272105,0.94546133
53,0.992126,0.26920232,0.95417917
53,1.0,0.2658,0.9627143
54,0.0,0.1807,0.039714284
54,0.007874016,0.18657038,0.04572134
54,0.015748031,0.19254123,0.051745847
54,0.023622047,0.19847539,0.057945646
54,0.031496063,0.204446,0.06420058
54,0.03937008,0.21040447,0.07038257
54,0.047244094,0.21632428,0.07667784
54,0.05511811,0.22205216,0.08305322
54,0.062992126,0.22768658,0.08942481
54,0.070866145,0.23330674,0.09591359
54,0.07874016,0.2389174,0.1025704
54,0.08661418,0.24450277,0.10933662
54,0.09448819,0.25001353,0.11621238
54,0.10236221,0.25544178,0.12296802
54,0.11023622,0.26093295,0.12980476
54,0.11811024,0.2664314,0.13656892
54,0.12598425,0.2720659,0.1434964
54,0.13385826,0.27776828,0.15048856
54,0.14173229,0.2834959,0.15768561
54,0.1496063,0.28874084,0.16448693
54,0.15748031,0.29308823,0.17084032
54,0.16535433,0.29850215,0.17800154
54,0.17322835,0.30301902,0.18359861
54,0.18110237,0.30848005,0.19102871
54,0.18897638,0.31326687,0.19760735
54,0.19685039,0.3184116,0.20425189
54,0.20472442,0.32409298,0.21113285
54,0.21259843,0.3299473,0.21795198
54,0.22047244,0.3359047,0.22437027
54,0.22834645,0.34183034,0.2303732
54,0.23622048,0.34784552,0.23623618
54,0.24409449,0.35400572,0.24174546
54,0.2519685,0.36037603,0.24709907
54,0.25984251,0.36677274,0.2521908
54,0.26771653,0.37329522,0.25694138
54,0.27559054,0.37986484,0.2615922
54,0.28346458,0.38639754,0.2659654
54,0.2913386,0.39298174,0.2701638
54,0.2992126,0.3995091,0.27418184
54,0.30708662,0.40620103,0.2781435
54,0.31496063,0.41291565,0.28212023
54,0.32283464,0.41959932,0.28597918
54,0.33070865,0.42632866,0.28984496
54,0.33858266,0.43309432,0.2937682
54,0.3464567,0.43979847,0.29760632
54,0.35433072,0.4463583,0.3016333
54,0.36220473,0.45293704,0.30563423
54,0.37007874,0.45950446,0.3099135
54,0.37795275,0.46601567,0.31417862
54,0.38582677,0.47259617,0.3186697
54,0.39370078,0.47923288,0.32341143
54,0.4015748,0.48585585,0.32812628
54,0.40944883,0.49240094,0.3330596
54,0.41732284,0.49896973,0.3379784
54,0.42519686,0.5055053,0.34302926
54,0.43307087,0.5119299,0.34809825
54,0.44094488,0.5182933,0.35305378
54,0.4488189,0.52454853,0.35819077
54,0.4566929,0.5307642,0.36321664
54,0.46456692,0.53692794,0.3682928
54,0.47244096,0.5431426,0.37332374
54,0.48031497,0.5494269,0.37836486
54,0.48818898,0.55566996,0.38347054
54,0.496063,0.5620649,0.38836
54,0.503937,0.56849754,0.39329228
54,0.511811,0.5749427,0.39803052
54,0.51968503,0.5813961,0.40264833
54,0.52755904,0.58787036,0.40719312
54,0.53543305,0.5944104,0.41160855
54,0.54330707,0.6009526,0.41581756
54,0.5511811,0.6074984,0.42010418
54,0.5590551,0.61414003,0.42432576
54,0.56692916,0.6208224,0.42833585
54,0.5748032,0.62750447,0.43234542
54,0.5826772,0.63426924,0.436337
54,0.5905512,0.6409741,0.44026986
54,0.5984252,0.64770395,0.44403479
54,0.6062992,0.65445274,0.44789445
54,0.61417323,0.6613266,0.45166317
54,0.62204725,0.6680655,0.45543006
54,0.62992126,0.67489785,0.45916042
54,0.63779527,0.6816589,0.46285537
54,0.6456693,0.68845093,0.46656263
54,0.6535433,0.6951759,0.47017905
54,0.6614173,0.7019358,0.47390202
54,0.6692913,0.7086341,0.4775897
54,0.6771653,0.7154471,0.48123953
54,0.68503934,0.7221761,0.48498717
54,0.6929134,0.7289229,0.48875174
54,0.7007874,0.73560405,0.4924935
54,0.70866144,0.74235696,0.49623254
54,0.71653545,0.7490232,0.50004184
54,0.72440946,0.75581026,0.5038293
54,0.7322835,0.7625711,0.5077768
54,0.7401575,0.76931775,0.51167697
54,0.7480315,0.77608883,0.51553315
54,0.7559055,0.7827854,0.5194889
54,0.7637795,0.78951526,0.52354854
54,0.77165353,0.79628927,0.52748525
54,0.77952754,0.8030145,0.5315489
54,0.78740156,0.8097215,0.53558457
54,0.79527557,0.8165033,0.5395939
54,0.8031496,0.8231482,0.5437234
54,0.8110236,0.82985646,0.54783046
54,0.81889766,0.83653045,0.5519166
54,0.8267717,0.8431715,0.55598253
54,0.8346457,0.8498435,0.56003064
54,0.8425197,0.8564668,0.5640613
54,0.8503937,0.86312103,0.5682169
54,0.8582677,0.86981076,0.5723561
54,0.86614174,0.8764454,0.57648003
54,0.87401575,0.88312656,0.58062476
54,0.88188976,0.88973266,0.5849027
54,0.8897638,0.89638215,0.5890181
54,0.8976378,0.9030993,0.5932557
54,0.9055118,0.90968466,0.59747297
54,0.9133858,0.91633946,0.60167056
54,0.9212598,0.922864,0.6058489
54,0.92913383,0.92945975,0.61003137
54,0.93700784,0.93603027,0.61429524
54,0.9448819,0.94263273,0.6185631
54,0.9527559,0.94927585,0.6228184
54,0.96062994,0.9560061,0.62720853
54,0.96850395,0.96262115,0.6314808
54,0.97637796,0.9693188,0.6358792
54,0.984252,0.97599715,0.6401219
54,0.992126,0.98265594,0.6444944
54,1.0,0.9893,0.6488571
55,0.0,0.2201,0.078428574
55,0.007874016,0.22577466,0.084106825
55,0.015748031,0.23155487,0.08971934
55,0.023622047,0.23724408,0.095448405
55,0.031496063,0.24293415,0.10118189
55,0.03937008,0.24851501,0.1070743
55,0.047244094,0.2541205,0.11313772
55,0.05511811,0.25965026,0.11909117
55,0.062992126,0.26512077,0.12526956
55,0.070866145,0.2705486,0.13156986
55,0.07874016,0.27606264,0.13787158
55,0.08661418,0.28150386,0.14416362
55,0.09448819,0.28697821,0.15030569
55,0.10236221,0.29221252,0.1563155
55,0.11023622,0.29741505,0.16223896
55,0.11811024,0.3026666,0.1681523
55,0.12598425,0.30790165,0.17445625
55,0.13385826,0.31326938,0.18097718
55,0.14173229,0.3185693,0.1874796
55,0.1496063,0.3238271,0.19402903
55,0.15748031,0.32911444,0.2003029
55,0.16535433,0.33447644,0.20661147
55,0.17322835,0.33986625,0.2126764
55,0.18110237,0.34535587,0.21852641
55,0.18897638,0.35102907,0.22443046
55,0.19685039,0.35677776,0.23000495
55,0.20472442,0.36270088,0.23556383
55,0.21259843,0.3687254,0.24098985
55,0.22047244,0.37476185,0.24628718
55,0.22834645,0.38084355,0.25147903
55,0.23622048,0.38696626,0.25648642
55,0.24409449,0.39304322,0.26144698
55,0.2519685,0.39908993,0.266246
55,0.25984251,0.4052073,0.27102166
55,0.26771653,0.4112357,0.27562833
55,0.27559054,0.41730747,0.28023812
55,0.28346458,0.4234264,0.28473413
55,0.2913386,0.42947617,0.28921515
55,0.2992126,0.4356505,0.29363945
55,0.30708662,0.4418092,0.29814944
55,0.31496063,0.44811413,0.30260146
55,0.32283464,0.45439208,0.30699435
55,0.33070865,0.46063596,0.31146663
55,0.33858266,0.46691552,0.31585515
55,0.3464567,0.47311568,0.32020903
55,0.35433072,0.47933945,0.32455063
55,0.36220473,0.48558962,0.3289521
55,0.37007874,0.49181092,0.33336493
55,0.37795275,0.4980108,0.33779344
55,0.38582677,0.5042423,0.34217307
55,0.39370078,0.5104825,0.34661427
55,0.4015748,0.51665294,0.35114506
55,0.40944883,0.52287585,0.35562563
55,0.41732284,0.52908915,0.3601969
55,0.42519686,0.5352597,0.3647215
55,0.43307087,0.5414715,0.3693452
55,0.44094488,0.5475945,0.37388265
55,0.4488189,0.5537796,0.378466
55,0.4566929,0.5599553,0.38296804
55,0.46456692,0.56620157,0.3874774
55,0.47244096,0.57237715,0.3919716
55,0.48031497,0.5786633,0.39638054
55,0.48818898,0.58487195,0.40072876
55,0.496063,0.59109557,0.405041
55,0.503937,0.59736544,0.40926105
55,0.511811,0.60368496,0.41341865
55,0.51968503,0.6099884,0.41762754
55,0.52755904,0.61634237,0.42166182
55,0.53543305,0.6227468,0.42566466
55,0.54330707,0.6291009,0.4296355
55,0.5511811,0.63547504,0.43371943
55,0.5590551,0.6418644,0.43763128
55,0.56692916,0.6483051,0.44151333
55,0.5748032,0.6546997,0.44543347
55,0.5826772,0.66111916,0.44933644
55,0.5905512,0.6674466,0.45313594
55,0.5984252,0.6738285,0.45705134
55,0.6062992,0.6801958,0.46094045
55,0.61417323,0.68661046,0.464806
55,0.62204725,0.6929863,0.4686493
55,0.62992126,0.69942564,0.47258252
55,0.63779527,0.7059238,0.47654882
55,0.6456693,0.7123103,0.48035178
55,0.6535433,0.71876794,0.48428032
55,0.6614173,0.7251981,0.4881924
55,0.6692913,0.7317062,0.49214226
55,0.6771653,0.73809385,0.49612072
55,0.68503934,0.7445612,0.49999517
55,0.6929134,0.7510118,0.5038596
55,0.7007874,0.7573491,0.507716
55,0.70866144,0.7637743,0.51156527
55,0.71653545,0.77019113,0.51540947
55,0.72440946,0.77649945,0.51939136
55,0.7322835,0.7828983,0.5232248
55,0.7401575,0.7892965,0.52705604
55,0.7480315,0.79578376,0.53088427
55,0.7559055,0.8021694,0.5348526
55,0.7637795,0.80865324,0.53867704
55,0.77165353,0.8150591,0.5424986
55,0.77952754,0.82151014,0.5464623
55,0.78740156,0.82792914,0.5502848
55,0.79527557,0.83437556,0.5541098
55,0.8031496,0.8408165,0.5580103
55,0.8110236,0.8472629,0.56191325
55,0.81889766,0.8536699,0.56575155
55,0.8267717,0.8600862,0.56959546
55,0.8346457,0.8665132,0.5734457
55,0.8425197,0.8729492,0.5773014
55,0.8503937,0.87930286,0.58102083
55,0.8582677,0.8857504,0.58488834
55,0.86614174,0.89211494,0.5887456
55,0.87401575,0.8984918,0.5924974
55,0.88188976,0.90488625,0.5963881
55,0.8897638,0.91127664,0.6001335
55,0.8976378,0.9176913,0.60400414
55,0.9055118,0.9240671,0.607713
55,0.9133858,0.93036944,0.6115485
55,0.9212598,0.9366807,0.61536896
55,0.92913383,0.94283754,0.6189357
55,0.93700784,0.9489877,0.622593
55,0.9448819,0.9553736,0.6264775
55,0.9527559,0.9622028,0.6304218
55,0.96062994,0.9689479,0.6346285
55,0.96850395,0.9754721,0.6387147
55,0.97637796,0.9820711,0.6427766
55,0.984252,0.98855114,0.6466859
55,0.992126,0.9948997,0.65028554
55,1.0,1.0012,0.6537143
56,0.0,0.1772,0.034285713
56,0.007874016,0.18388397,0.040252212
56,0.015748031,0.19073738,0.04655346
56,0.023622047,0.19712782,0.052596714
56,0.031496063,0.20289467,0.058294676
56,0.03937008,0.20841166,0.06398614
56,0.047244094,0.21454217,0.07025912
56,0.05511811,0.22121048,0.07675114
56,0.062992126,0.2275606,0.08307488
56,0.070866145,0.23346348,0.08906046
56,0.07874016,0.23941115,0.095153466
56,0.08661418,0.24589804,0.10196219
56,0.09448819,0.25215206,0.108573765
56,0.10236221,0.25732914,0.11475589
56,0.11023622,0.26284972,0.12107102
56,0.11811024,0.26788545,0.12755065
56,0.12598425,0.27369812,0.13432974
56,0.13385826,0.2794329,0.1409201
56,0.14173229,0.28523418,0.1475407
56,0.1496063,0.29098198,0.15458462
56,0.15748031,0.29671904,0.16200832
56,0.16535433,0.30245125,0.16950181
56,0.17322835,0.30823165,0.17687884
56,0.18110237,0.3135859,0.18380632
56,0.18897638,0.3189904,0.19041659
56,0.19685039,0.32470208,0.19746688
56,0.20472442,0.33055335,0.20432173
56,0.21259843,0.33635074,0.21083646
56,0.22047244,0.342388,0.2169577
56,0.22834645,0.34856802,0.22267573
56,0.23622048,0.35502237,0.22822103
56,0.24409449,0.36149397,0.23322615
56,0.2519685,0.36817703,0.23796287
56,0.25984251,0.37506983,0.24229704
56,0.26771653,0.38220242,0.24623924
56,0.27559054,0.38935927,0.25012344
56,0.28346458,0.3963607,0.25379083
56,0.2913386,0.4032672,0.25738713
56,0.2992126,0.4101234,0.26104826
56,0.30708662,0.41706166,0.2647116
56,0.31496063,0.4241369,0.26860684
56,0.32283464,0.43134168,0.272666
56,0.33070865,0.438436,0.27675226
56,0.33858266,0.44520184,0.28093386
56,0.3464567,0.45193174,0.28533226
56,0.35433072,0.45868227,0.29001254
56,0.36220473,0.46545884,0.2949219
56,0.37007874,0.47204,0.29990923
56,0.37795275,0.4785187,0.3051318
56,0.38582677,0.48495415,0.31051263
56,0.39370078,0.49140498,0.3165138
56,0.4015748,0.49752584,0.32289374
56,0.40944883,0.5032476,0.32969096
56,0.41732284,0.5086654,0.33667958
56,0.42519686,0.51368123,0.34411377
56,0.43307087,0.5187377,0.35207024
56,0.44094488,0.523739,0.3604735
56,0.4488189,0.5285374,0.36952743
56,0.4566929,0.53282315,0.37854353
56,0.46456692,0.5364465,0.38747343
56,0.47244096,0.53955686,0.39652282
56,0.48031497,0.54216766,0.40588462
56,0.48818898,0.54462266,0.41607508
56,0.496063,0.5467696,0.42668366
56,0.503937,0.5486036,0.43730757
56,0.511811,0.55008644,0.44799203
56,0.51968503,0.55102944,0.4586736
56,0.52755904,0.55140185,0.46903968
56,0.53543305,0.551326,0.47915807
56,0.54330707,0.5507133,0.4893575
56,0.5511811,0.5495725,0.49992353
56,0.5590551,0.54811394,0.5108798
56,0.56692916,0.54625225,0.5216755
56,0.5748032,0.5439832,0.532072
56,0.5826772,0.54144967,0.5416235
56,0.5905512,0.53837436,0.551201
56,0.5984252,0.5349473,0.5604533
56,0.6062992,0.5310051,0.569703
56,0.61417323,0.52677065,0.5786974
56,0.62204725,0.522253,0.58736515
56,0.62992126,0.5175328,0.5953125
56,0.63779527,0.5125777,0.6028789
56,0.6456693,0.50736016,0.6101624
56,0.6535433,0.5018961,0.6170048
56,0.6614173,0.49600172,0.62372255
56,0.6692913,0.48988146,0.63006705
56,0.6771653,0.4835308,0.63613117
56,0.68503934,0.4770611,0.6419183
56,0.6929134,0.47060433,0.64741653
56,0.7007874,0.46425024,0.6527538
56,0.70866144,0.45784172,0.6579986
56,0.71653545,0.451436,0.6631619
56,0.72440946,0.44499445,0.6684171
56,0.7322835,0.43845752,0.6739825
56,0.7401575,0.43184462,0.67981464
56,0.7480315,0.4252154,0.68569964
56,0.7559055,0.41893125,0.6915417
56,0.7637795,0.412833,0.69734484
56,0.77165353,0.40696377,0.70326346
56,0.77952754,0.40114975,0.70935297
56,0.78740156,0.39528996,0.7159698
56,0.79527557,0.38953015,0.72290874
56,0.8031496,0.38389966,0.7300677
56,0.8110236,0.37844095,0.7373701
56,0.81889766,0.37308902,0.7448551
56,0.8267717,0.36774194,0.75241846
56,0.8346457,0.3626195,0.7598981
56,0.8425197,0.35759443,0.76738346
56,0.8503937,0.35271704,0.7750262
56,0.8582677,0.34793013,0.782815
56,0.86614174,0.3431516,0.79113585
56,0.87401575,0.33845657,0.7997243
56,0.88188976,0.33385742,0.8086908
56,0.8897638,0.32931238,0.81793886
56,0.8976378,0.32492614,0.82701194
56,0.9055118,0.3208698,0.83586323
56,0.9133858,0.3169183,0.8446917
56,0.9212598,0.31302533,0.85341257
56,0.92913383,0.3092696,0.86212236
56,0.93700784,0.30555052,0.8708508
56,0.9448819,0.30166584,0.8799612
56,0.9527559,0.29792082,0.889151
56,0.96062994,0.29406744,0.8985663
56,0.96850395,0.29022515,0.908221
56,0.97637796,0.28641725,0.9178699
56,0.984252,0.28264582,0.927425
56,0.992126,0.2789102,0.9369557
56,1.0,0.2753,0.9464286
57,0.0,0.571,0.402
57,0.007874016,0.57407165,0.40469402
57,0.015748031,0.577093,0.4078472
57,0.023622047,0.5800511,0.41035876
57,0.031496063,0.58314323,0.41320458
57,0.03937008,0.5862852,0.4157143
57,0.047244094,0.5892318,0.4179026
57,0.05511811,0.5922075,0.42024168
57,0.062992126,0.59562665,0.42252952
57,0.070866145,0.5991871,0.42499077
57,0.07874016,0.60216933,0.42728803
57,0.08661418,0.60509586,0.4294256
57,0.09448819,0.6082727,0.4315032
57,0.10236221,0.61186767,0.43355602
57,0.11023622,0.615475,0.4354643
57,0.11811024,0.6190769,0.43726152
57,0.12598425,0.62256444,0.43883032
57,0.13385826,0.6260715,0.44045272
57,0.14173229,0.62963384,0.44206372
57,0.1496063,0.63318855,0.4436136
57,0.15748031,0.63661,0.44524282
57,0.16535433,0.6400368,0.44666454
57,0.17322835,0.64334804,0.44787824
57,0.18110237,0.6466695,0.44909272
57,0.18897638,0.65005827,0.4502687
57,0.19685039,0.6535473,0.45127067
57,0.20472442,0.6570662,0.45237488
57,0.21259843,0.66062695,0.45354533
57,0.22047244,0.6643195,0.454849
57,0.22834645,0.66791844,0.45617098
57,0.23622048,0.6715254,0.45753586
57,0.24409449,0.6750985,0.4590352
57,0.2519685,0.67870915,0.4604325
57,0.25984251,0.6823546,0.46194807
57,0.26771653,0.6859605,0.46339205
57,0.27559054,0.689684,0.46491182
57,0.28346458,0.6934643,0.46655685
57,0.2913386,0.69724816,0.4680998
57,0.2992126,0.7009339,0.46966255
57,0.30708662,0.7046071,0.4712415
57,0.31496063,0.7081626,0.47279173
57,0.32283464,0.7115753,0.4743037
57,0.33070865,0.7149204,0.4758602
57,0.33858266,0.7182482,0.47738126
57,0.3464567,0.7215783,0.4788944
57,0.35433072,0.7249604,0.48054448
57,0.36220473,0.7283521,0.48225835
57,0.37007874,0.73174584,0.48399094
57,0.37795275,0.7351742,0.4857496
57,0.38582677,0.7386793,0.48756698
57,0.39370078,0.74206,0.48926666
57,0.4015748,0.7455066,0.49108523
57,0.40944883,0.7489193,0.49303094
57,0.41732284,0.75226486,0.4948129
57,0.42519686,0.7556586,0.49671876
57,0.43307087,0.75901616,0.49857438
57,0.44094488,0.76236486,0.5005145
57,0.4488189,0.76579845,0.5024339
57,0.4566929,0.7690973,0.50437105
57,0.46456692,0.7725353,0.5063582
57,0.47244096,0.7759139,0.5083646
57,0.48031497,0.7793555,0.510295
57,0.48818898,0.782765,0.5123244
57,0.496063,0.78613675,0.5143931
57,0.503937,0.7895596,0.5164626
57,0.511811,0.7929022,0.5184585
57,0.51968503,0.79631174,0.520521
57,0.52755904,0.79969066,0.5225827
57,0.53543305,0.80305684,0.5246827
57,0.54330707,0.8064392,0.5267618
57,0.5511811,0.80980605,0.52882236
57,0.5590551,0.81316155,0.53086156
57,0.56692916,0.816421,0.5329479
57,0.5748032,0.81980693,0.5350252
57,0.5826772,0.82311463,0.5371514
57,0.5905512,0.82646155,0.5391505
57,0.5984252,0.8297299,0.541273
57,0.6062992,0.83304286,0.54337645
57,0.61417323,0.83641905,0.54546064
57,0.62204725,0.8397737,0.54754275
57,0.62992126,0.8430557,0.54970783
57,0.63779527,0.84642625,0.5518031
57,0.6456693,0.8496974,0.5539728
57,0.6535433,0.8530206,0.5561216
57,0.6614173,0.8563443,0.55825
57,0.6692913,0.8596457,0.56035686
57,0.6771653,0.86301774,0.5624785
57,0.68503934,0.8663595,0.5646559
57,0.6929134,0.8696718,0.5667717
57,0.7007874,0.8730106,0.5689607
57,0.70866144,0.87637544,0.57113165
57,0.71653545,0.87971383,0.5732854
57,0.72440946,0.8830261,0.5754224
57,0.7322835,0.8863985,0.5776642
57,0.7401575,0.8898583,0.579921
57,0.7480315,0.8932152,0.5820274
57,0.7559055,0.8966367,0.5842446
57,0.7637795,0.8999417,0.58645487
57,0.77165353,0.9034226,0.588651
57,0.77952754,0.90678394,0.5908337
57,0.78740156,0.9101319,0.593013
57,0.79527557,0.9135535,0.5953026
57,0.8031496,0.91695493,0.5974464
57,0.8110236,0.92033803,0.59958863
57,0.81889766,0.923703,0.6018422
57,0.8267717,0.92705023,0.6039518
57,0.8346457,0.93038154,0.6060548
57,0.8425197,0.9336983,0.60828453
57,0.8503937,0.93709743,0.6103658
57,0.8582677,0.9403899,0.612439
57,0.86614174,0.9437583,0.6145051
57,0.87401575,0.9471216,0.6166876
57,0.88188976,0.950475,0.61876017
57,0.8897638,0.9538209,0.62091976
57,0.8976378,0.95723414,0.6229965
57,0.9055118,0.9605956,0.62503815
57,0.9133858,0.9639883,0.62716717
57,0.9212598,0.96740687,0.6292541
57,0.92913383,0.97081995,0.63136184
57,0.93700784,0.9742754,0.6334568
57,0.9448819,0.97777253,0.63554287
57,0.9527559,0.98122853,0.6376479
57,0.96062994,0.98465365,0.6397127
57,0.96850395,0.98811054,0.6418277
57,0.97637796,0.991511,0.6438678
57,0.984252,0.99497956,0.64599204
57,0.992126,0.998436,0.6479976
57,1.0,1.0018,0.65
58,0.0,0.2018,0.05557143
58,0.007874016,0.20733576,0.06074347
58,0.015748031,0.21312325,0.066248216
58,0.023622047,0.21901302,0.0721588
58,0.031496063,0.22450854,0.07831657
58,0.03937008,0.23004645,0.084832385
58,0.047244094,0.23589602,0.091994315
58,0.05511811,0.24121726,0.09860225
58,0.062992126,0.24618582,0.104979746
58,0.070866145,0.2514885,0.1108462
58,0.07874016,0.25645888,0.11681799
58,0.08661418,0.26139733,0.12328191
58,0.09448819,0.2667038,0.12988548
58,0.10236221,0.27185267,0.13663591
58,0.11023622,0.2771615,0.14380215
58,0.11811024,0.28237295,0.15081848
58,0.12598425,0.28750747,0.15772495
58,0.13385826,0.29292038,0.1648989
58,0.14173229,0.29829445,0.17220737
58,0.1496063,0.30329207,0.17934391
58,0.15748031,0.30823582,0.1866226
58,0.16535433,0.31337857,0.19314694
58,0.17322835,0.3186694,0.19854522
58,0.18110237,0.3239218,0.2046026
58,0.18897638,0.32887053,0.2109579
58,0.19685039,0.33424863,0.217296
58,0.20472442,0.33966792,0.2231648
58,0.21259843,0.34545177,0.22895408
58,0.22047244,0.35136,0.23452698
58,0.22834645,0.35733318,0.23987603
58,0.23622048,0.36320543,0.24494502
58,0.24409449,0.36922127,0.25009328
58,0.2519685,0.3753567,0.25492898
58,0.25984251,0.3815969,0.2595692
58,0.26771653,0.38799077,0.2639853
58,0.27559054,0.39448902,0.26825207
58,0.28346458,0.40106702,0.2722579
58,0.2913386,0.4076147,0.27625358
58,0.2992126,0.41413674,0.28014767
58,0.30708662,0.4205511,0.28406367
58,0.31496063,0.42697045,0.28792804
58,0.32283464,0.43333253,0.29197985
58,0.33070865,0.4397499,0.2961428
58,0.33858266,0.44614932,0.30026004
58,0.3464567,0.45254952,0.30453536
58,0.35433072,0.45890453,0.30879653
58,0.36220473,0.4652514,0.31314754
58,0.37007874,0.47156507,0.31748575
58,0.37795275,0.47788733,0.32206237
58,0.38582677,0.48417875,0.3266022
58,0.39370078,0.4903661,0.33117256
58,0.4015748,0.49657655,0.3358404
58,0.40944883,0.5027863,0.34063992
58,0.41732284,0.50887376,0.34547126
58,0.42519686,0.514945,0.35028964
58,0.43307087,0.5211,0.35523805
58,0.44094488,0.5272439,0.36025265
58,0.4488189,0.5332828,0.3652562
58,0.4566929,0.5394135,0.370361
58,0.46456692,0.545544,0.3754
58,0.47244096,0.5515745,0.38032898
58,0.48031497,0.55770504,0.38511512
58,0.48818898,0.5638952,0.38975582
58,0.496063,0.5700373,0.39424327
58,0.503937,0.57624596,0.39865515
58,0.511811,0.5824562,0.40304014
58,0.51968503,0.5887134,0.40724432
58,0.52755904,0.59498566,0.4115479
58,0.53543305,0.601378,0.41569862
58,0.54330707,0.6077339,0.4198575
58,0.5511811,0.61412185,0.4240069
58,0.5590551,0.62053496,0.4279602
58,0.56692916,0.62701416,0.431962
58,0.5748032,0.63347965,0.43586472
58,0.5826772,0.6400022,0.43953374
58,0.5905512,0.64650136,0.4432989
58,0.5984252,0.65300715,0.4468743
58,0.6062992,0.6595206,0.4505009
58,0.61417323,0.6660132,0.45403224
58,0.62204725,0.672526,0.457617
58,0.62992126,0.679131,0.46115947
58,0.63779527,0.68566597,0.46466035
58,0.6456693,0.6922376,0.46826506
58,0.6535433,0.69879526,0.4717973
58,0.6614173,0.7053823,0.4753623
58,0.6692913,0.7120063,0.47886074
58,0.6771653,0.71856654,0.4825523
58,0.68503934,0.72509086,0.4860719
58,0.6929134,0.73170537,0.48970625
58,0.7007874,0.7381763,0.4933483
58,0.70866144,0.74477494,0.49704495
58,0.71653545,0.75128865,0.50075203
58,0.72440946,0.7578373,0.5044381
58,0.7322835,0.76436603,0.5081284
58,0.7401575,0.7708854,0.5118381
58,0.7480315,0.7773682,0.51551753
58,0.7559055,0.7838188,0.51919615
58,0.7637795,0.79033697,0.5228469
58,0.77165353,0.79692674,0.5265803
58,0.77952754,0.8034613,0.5302436
58,0.78740156,0.8100374,0.53399533
58,0.79527557,0.8165656,0.5377366
58,0.8031496,0.8230769,0.54158854
58,0.8110236,0.8296731,0.54533356
58,0.81889766,0.8361614,0.54919446
58,0.8267717,0.84264845,0.55305463
58,0.8346457,0.84913546,0.5569148
58,0.8425197,0.8556225,0.560775
58,0.8503937,0.86201364,0.56477803
58,0.8582677,0.8684994,0.5686399
58,0.86614174,0.8749936,0.572615
58,0.87401575,0.8813898,0.5765126
58,0.88188976,0.8877913,0.58045477
58,0.8897638,0.89419276,0.58437634
58,0.8976378,0.90069425,0.5882612
58,0.9055118,0.90709573,0.5922195
58,0.9133858,0.91359705,0.59614104
58,0.9212598,0.91999805,0.60006225
58,0.92913383,0.9264671,0.6039799
58,0.93700784,0.93288267,0.6080217
58,0.9448819,0.93936896,0.61194855
58,0.9527559,0.94574964,0.6158807
58,0.96062994,0.9522295,0.6199076
58,0.96850395,0.95860857,0.6239578
58,0.97637796,0.9650738,0.6280044
58,0.984252,0.9714546,0.6319077
58,0.992126,0.97789127,0.63595384
58,1.0,0.9843,0.64
59,0.0,0.2156,0.9505714
59,0.007874016,0.2194101,0.9384318
59,0.015748031,0.22325371,0.9260939
59,0.023622047,0.22706836,0.9138517
59,0.031496063,0.23091036,0.90168095
59,0.03937008,0.23482162,0.88965255
59,0.047244094,0.23874822,0.87743366
59,0.05511811,0.24253789,0.86533386
59,0.062992126,0.2461849,0.85352653
59,0.070866145,0.24988183,0.84125966
59,0.07874016,0.25338396,0.82901347
59,0.08661418,0.25685513,0.81721854
59,0.09448819,0.26063344,0.8049282
59,0.10236221,0.26450986,0.79268616
59,0.11023622,0.26827615,0.78067493
59,0.11811024,0.27183208,0.768434
59,0.12598425,0.27505884,0.75611967
59,0.13385826,0.2780227,0.74331504
59,0.14173229,0.28076497,0.73031807
59,0.1496063,0.28312126,0.7172432
59,0.15748031,0.2850631,0.7042636
59,0.16535433,0.2867293,0.6911576
59,0.17322835,0.2880475,0.6780287
59,0.18110237,0.28899878,0.66460097
59,0.18897638,0.28966975,0.6512626
59,0.19685039,0.2901,0.63782936
59,0.20472442,0.2902,0.6245427
59,0.21259843,0.2901,0.61139894
59,0.22047244,0.2898,0.5981631
59,0.22834645,0.28939667,0.5850624
59,0.23622048,0.289,0.5718643
59,0.24409449,0.2887,0.5584871
59,0.2519685,0.2884,0.5451137
59,0.25984251,0.2883,0.53172535
59,0.26771653,0.28847408,0.5182746
59,0.27559054,0.2888,0.5048599
59,0.28346458,0.28950402,0.49166253
59,0.2913386,0.29052606,0.4783793
59,0.2992126,0.29186872,0.4652681
59,0.30708662,0.29363012,0.45216343
59,0.31496063,0.29576865,0.43911892
59,0.32283464,0.2983599,0.4263091
59,0.33070865,0.3013799,0.41365755
59,0.33858266,0.30483913,0.4013824
59,0.3464567,0.30884534,0.38929904
59,0.35433072,0.3133107,0.37759355
59,0.36220473,0.31825143,0.36629716
59,0.37007874,0.32371664,0.355481
59,0.37795275,0.3297032,0.34529263
59,0.38582677,0.33604074,0.33555067
59,0.39370078,0.3429378,0.32670155
59,0.4015748,0.3501815,0.31834543
59,0.40944883,0.35789308,0.31093493
59,0.41732284,0.36593235,0.30433726
59,0.42519686,0.3743993,0.29856294
59,0.43307087,0.38309598,0.29376072
59,0.44094488,0.39195368,0.2898895
59,0.4488189,0.40100974,0.2871656
59,0.4566929,0.4102082,0.28536534
59,0.46456692,0.41957188,0.28471428
59,0.47244096,0.4288516,0.28505474
59,0.48031497,0.43806064,0.28662872
59,0.48818898,0.4470546,0.28908557
59,0.496063,0.45596004,0.29249644
59,0.503937,0.46466684,0.2967732
59,0.511811,0.47333318,0.3019803
59,0.51968503,0.48178962,0.30781567
59,0.52755904,0.48994985,0.31417635
59,0.53543305,0.49793082,0.3210259
59,0.54330707,0.50581056,0.32811236
59,0.5511811,0.5136114,0.335356
59,0.5590551,0.52127606,0.34278673
59,0.56692916,0.5289689,0.35035133
59,0.5748032,0.5366106,0.3579149
59,0.5826772,0.54434633,0.36539114
59,0.5905512,0.55212134,0.37284794
59,0.5984252,0.55985445,0.380166
59,0.6062992,0.56769323,0.38730848
59,0.61417323,0.5755786,0.39428037
59,0.62204725,0.58360237,0.40107977
59,0.62992126,0.5917833,0.40753242
59,0.63779527,0.6000541,0.4138993
59,0.6456693,0.60845375,0.4200243
59,0.6535433,0.61684304,0.42601967
59,0.6614173,0.6253915,0.4318886
59,0.6692913,0.63392496,0.43757588
59,0.6771653,0.6424973,0.4430103
59,0.68503934,0.65093625,0.44836017
59,0.6929134,0.6594437,0.45362124
59,0.7007874,0.66792583,0.45878917
59,0.70866144,0.6765056,0.4638129
59,0.71653545,0.6850544,0.46896097
59,0.72440946,0.69366276,0.47394213
59,0.7322835,0.70222265,0.47889444
59,0.7401575,0.71087974,0.48381698
59,0.7480315,0.7195923,0.48885274
59,0.7559055,0.7282479,0.49371305
59,0.7637795,0.73694587,0.49868336
59,0.77165353,0.7455771,0.5037584
59,0.77952754,0.7541498,0.50865704
59,0.78740156,0.76276296,0.51370245
59,0.79527557,0.77130884,0.5187765
59,0.8031496,0.7798803,0.5238448
59,0.8110236,0.7884981,0.52891093
59,0.81889766,0.7970285,0.5340667
59,0.8267717,0.80555654,0.5393133
59,0.8346457,0.8141405,0.54451776
59,0.8425197,0.82274616,0.54983884
59,0.8503937,0.83137417,0.5551966
59,0.8582677,0.8399758,0.56047493
59,0.86614174,0.84850925,0.56594235
59,0.87401575,0.8570381,0.57123053
59,0.88188976,0.8655187,0.57660013
59,0.8897638,0.87414575,0.5819844
59,0.8976378,0.88274854,0.58736366
59,0.9055118,0.8912476,0.59270257
59,0.9133858,0.8998067,0.59815747
59,0.9212598,0.90833825,0.6034724
59,0.92913383,0.9168557,0.6089043
59,0.93700784,0.92546856,0.614208
59,0.9448819,0.9339905,0.6196416
59,0.9527559,0.9426078,0.62494355
59,0.96062994,0.9512148,0.6302354
59,0.96850395,0.9597234,0.6355262
59,0.97637796,0.9681344,0.640817
59,0.984252,0.9767484,0.6461124
59,0.992126,0.98526794,0.651408
59,1.0,0.9939,0.65671426
60,0.0,0.9902,0.7344286
60,0.007874016,0.98384297,0.73059773
60,0.015748031,0.977073,0.7267182
60,0.023622047,0.97031796,0.7226674
60,0.031496063,0.9644176,0.71910363
60,0.03937008,0.9583107,0.7155289
60,0.047244094,0.9518489,0.7117852
60,0.05511811,0.9456275,0.7078768
60,0.062992126,0.93969065,0.70427233
60,0.070866145,0.9333728,0.7003559
60,0.07874016,0.9270806,0.69634324
60,0.08661418,0.9208885,0.69262326
60,0.09448819,0.9145238,0.6886659
60,0.10236221,0.90783477,0.68470556
60,0.11023622,0.9011073,0.6806613
60,0.11811024,0.89467394,0.6766819
60,0.12598425,0.8883901,0.67281914
60,0.13385826,0.8820724,0.66887134
60,0.14173229,0.8756702,0.6648065
60,0.1496063,0.8692022,0.6607157
60,0.15748031,0.86291045,0.65677345
60,0.16535433,0.8567043,0.6528802
60,0.17322835,0.8504,0.6490204
60,0.18110237,0.8441237,0.6450884
60,0.18897638,0.8377693,0.6412235
60,0.19685039,0.83156204,0.6373153
60,0.20472442,0.82533175,0.633237
60,0.21259843,0.81902355,0.6290348
60,0.22047244,0.81269,0.6248102
60,0.22834645,0.80639166,0.62077975
60,0.23622048,0.8001172,0.616798
60,0.24409449,0.79395,0.6129762
60,0.2519685,0.7875263,0.60915536
60,0.25984251,0.78110975,0.6054332
60,0.26771653,0.7747503,0.6017655
60,0.27559054,0.76825446,0.5982986
60,0.28346458,0.76180553,0.594941
60,0.2913386,0.75539404,0.5916932
60,0.2992126,0.74892074,0.5884575
60,0.30708662,0.7423456,0.58540267
60,0.31496063,0.73563534,0.5823502
60,0.32283464,0.7290169,0.57939297
60,0.33070865,0.72234076,0.57652086
60,0.33858266,0.7157478,0.57380885
60,0.3464567,0.7091392,0.5712597
60,0.35433072,0.70248735,0.5687946
60,0.36220473,0.69580793,0.5664594
60,0.37007874,0.6890965,0.5642271
60,0.37795275,0.6823367,0.5621264
60,0.38582677,0.6755193,0.5602388
60,0.39370078,0.6687081,0.5586686
60,0.4015748,0.661835,0.557278
60,0.40944883,0.6549925,0.55616575
60,0.41732284,0.6481577,0.5553521
60,0.42519686,0.6412002,0.55485713
60,0.43307087,0.6342571,0.55471426
60,0.44094488,0.6273254,0.55485713
60,0.4488189,0.62035924,0.5553858
60,0.4566929,0.6134775,0.5563346
60,0.46456692,0.6067724,0.5577447
60,0.47244096,0.6001389,0.55955756
60,0.48031497,0.5935194,0.5618068
60,0.48818898,0.5868699,0.56447476
60,0.496063,0.5802809,0.5674995
60,0.503937,0.5737555,0.5709365
60,0.511811,0.56743425,0.5745096
60,0.51968503,0.56114167,0.5783622
60,0.52755904,0.5549654,0.58236814
60,0.53543305,0.5488224,0.58649933
60,0.54330707,0.5425755,0.59080327
60,0.5511811,0.5363256,0.5951246
60,0.5590551,0.5301209,0.5994481
60,0.56692916,0.52385056,0.60382104
60,0.5748032,0.5175832,0.6082977
60,0.5826772,0.5113257,0.6126959
60,0.5905512,0.5049744,0.61731803
60,0.5984252,0.49865168,0.6218917
60,0.6062992,0.49250165,0.62628454
60,0.61417323,0.48640257,0.6307839
60,0.62204725,0.4803523,0.63516486
60,0.62992126,0.47427255,0.6396447
60,0.63779527,0.46819532,0.6440831
60,0.6456693,0.46218616,0.64874727
60,0.6535433,0.4561855,0.6534105
60,0.6614173,0.45029205,0.65822464
60,0.6692913,0.44440514,0.6630935
60,0.6771653,0.43852463,0.66825414
60,0.68503934,0.4325632,0.6735199
60,0.6929134,0.42679292,0.6789709
60,0.7007874,0.42102742,0.6845583
60,0.70866144,0.41541165,0.69028765
60,0.71653545,0.40990356,0.69610333
60,0.72440946,0.4044426,0.70209414
60,0.7322835,0.3991854,0.7082167
60,0.7401575,0.39392507,0.7144124
60,0.7480315,0.38876113,0.7208258
60,0.7559055,0.3837949,0.7274637
60,0.7637795,0.3788218,0.7341276
60,0.77165353,0.37384024,0.7411325
60,0.77952754,0.3690443,0.74828756
60,0.78740156,0.36431918,0.75555634
60,0.79527557,0.35959128,0.76290005
60,0.8031496,0.3550215,0.7704075
60,0.8110236,0.3505152,0.7780882
60,0.81889766,0.34616634,0.78573865
60,0.8267717,0.34176394,0.7936001
60,0.8346457,0.33750188,0.80146796
60,0.8425197,0.33334708,0.8093591
60,0.8503937,0.3291653,0.8174614
60,0.8582677,0.32511047,0.8255502
60,0.86614174,0.3210795,0.8335905
60,0.87401575,0.31717023,0.8417296
60,0.88188976,0.31328228,0.8499683
60,0.8897638,0.30945534,0.8581671
60,0.8976378,0.3057145,0.86639637
60,0.9055118,0.30198964,0.8746738
60,0.9133858,0.29837808,0.8829217
60,0.9212598,0.29474723,0.89128387
60,0.92913383,0.29116294,0.89972895
60,0.93700784,0.28750837,0.90820295
60,0.9448819,0.28393397,0.91680276
60,0.9527559,0.28045216,0.9253855
60,0.96062994,0.27689582,0.9340778
60,0.96850395,0.27334633,0.9426311
60,0.97637796,0.26990375,0.9513099
60,0.984252,0.26646549,0.9598404
60,0.992126,0.26303226,0.96834725
60,1.0,0.2596,0.9768571
61,0.0,0.2168,0.94285715
61,0.007874016,0.22085951,0.93082994
61,0.015748031,0.22471945,0.9188016
61,0.023622047,0.22854938,0.90690196
61,0.031496063,0.23233964,0.89484686
61,0.03937008,0.23603995,0.88276017
61,0.047244094,0.23985171,0.8706375
61,0.05511811,0.24355972,0.8585266
61,0.062992126,0.24732488,0.8465798
61,0.070866145,0.25105563,0.83465374
61,0.07874016,0.25474933,0.82259506
61,0.08661418,0.25847486,0.81050044
61,0.09448819,0.26215985,0.79801756
61,0.10236221,0.26573753,0.7856249
61,0.11023622,0.26905626,0.77324325
61,0.11811024,0.27212083,0.7609182
61,0.12598425,0.2750004,0.748552
61,0.13385826,0.27762195,0.73597854
61,0.14173229,0.28008118,0.72310746
61,0.1496063,0.28216815,0.7102378
61,0.15748031,0.28397787,0.6972533
61,0.16535433,0.2853086,0.6841873
61,0.17322835,0.28612903,0.671046
61,0.18110237,0.28652295,0.6579271
61,0.18897638,0.2866,0.6446945
61,0.19685039,0.286386,0.6315203
61,0.20472442,0.2859891,0.6182135
61,0.21259843,0.28548327,0.6050109
61,0.22047244,0.28478792,0.5919446
61,0.22834645,0.2840926,0.57887316
61,0.23622048,0.28329825,0.5656858
61,0.24409449,0.2826052,0.5526568
61,0.2519685,0.28210706,0.5393845
61,0.25984251,0.28171262,0.52614653
61,0.26771653,0.2816,0.5129463
61,0.27559054,0.281873,0.499745
61,0.28346458,0.28242898,0.48650333
61,0.2913386,0.28346792,0.4733036
61,0.2992126,0.28493735,0.46022967
61,0.30708662,0.2869362,0.44727796
61,0.31496063,0.28961986,0.43468222
61,0.32283464,0.29270855,0.4222717
61,0.33070865,0.29635933,0.41023633
61,0.33858266,0.30052283,0.3982524
61,0.3464567,0.3052225,0.38656548
61,0.35433072,0.3103557,0.3751206
61,0.36220473,0.31580102,0.36460236
61,0.37007874,0.32147664,0.35483408
61,0.37795275,0.3276011,0.34556985
61,0.38582677,0.33437797,0.33674052
61,0.39370078,0.34171498,0.3282056
61,0.4015748,0.34938765,0.32027525
61,0.40944883,0.35724562,0.31317845
61,0.41732284,0.36535102,0.30689213
61,0.42519686,0.3737402,0.30146518
61,0.43307087,0.3823798,0.29689363
61,0.44094488,0.39118248,0.29327843
61,0.4488189,0.400212,0.29034677
61,0.4566929,0.40946916,0.28855795
61,0.46456692,0.4187599,0.28754807
61,0.47244096,0.4280251,0.28761646
61,0.48031497,0.43725494,0.28863406
61,0.48818898,0.4463257,0.29056343
61,0.496063,0.45521772,0.29330444
61,0.503937,0.46413535,0.29658827
61,0.511811,0.47294983,0.30081624
61,0.51968503,0.4816149,0.30595243
61,0.52755904,0.4897395,0.3119568
61,0.53543305,0.49752292,0.3186222
61,0.54330707,0.50500643,0.32587966
61,0.5511811,0.5124548,0.33349377
61,0.5590551,0.5198521,0.34147057
61,0.56692916,0.5273863,0.3494496
61,0.5748032,0.53495824,0.3574011
61,0.5826772,0.54253566,0.3650117
61,0.5905512,0.5502249,0.37234455
61,0.5984252,0.5579272,0.37945265
61,0.6062992,0.5657101,0.38619262
61,0.61417323,0.5735386,0.39299363
61,0.62204725,0.5815715,0.39940733
61,0.62992126,0.5896093,0.40569076
61,0.63779527,0.59787446,0.4115532
61,0.6456693,0.60612106,0.41700754
61,0.6535433,0.61443615,0.42228755
61,0.6614173,0.622905,0.42725688
61,0.6692913,0.631511,0.43220514
61,0.6771653,0.64022356,0.43689585
61,0.68503934,0.64894503,0.44161552
61,0.6929134,0.6576596,0.44622934
61,0.7007874,0.6662934,0.4507524
61,0.70866144,0.67497283,0.455455
61,0.71653545,0.68374676,0.46025166
61,0.72440946,0.6926077,0.46505198
61,0.7322835,0.7014866,0.46987557
61,0.7401575,0.7103172,0.47480464
61,0.7480315,0.7190982,0.47962403
61,0.7559055,0.7276342,0.48428324
61,0.7637795,0.7361503,0.4890048
61,0.77165353,0.7446386,0.49383938
61,0.77952754,0.7532036,0.49868417
61,0.78740156,0.7617186,0.50380987
61,0.79527557,0.770292,0.50902176
61,0.8031496,0.7788386,0.5143634
61,0.8110236,0.7872402,0.5196769
61,0.81889766,0.79552066,0.5250963
61,0.8267717,0.80386794,0.5303371
61,0.8346457,0.81227565,0.5356822
61,0.8425197,0.82059056,0.54098564
61,0.8503937,0.82894284,0.5462486
61,0.8582677,0.83747274,0.55154586
61,0.86614174,0.84592855,0.556793
61,0.87401575,0.8544942,0.5621308
61,0.88188976,0.86298716,0.5674205
61,0.8897638,0.8714978,0.5728011
61,0.8976378,0.879919,0.57811445
61,0.9055118,0.88845,0.58346033
61,0.9133858,0.8969308,0.5888159
61,0.9212598,0.90535045,0.59431773
61,0.92913383,0.9138061,0.5996864
61,0.93700784,0.9222743,0.6051183
61,0.9448819,0.9307517,0.61046344
61,0.9527559,0.9391807,0.6158722
61,0.96062994,0.9476811,0.6211235
61,0.96850395,0.9561549,0.6263582
61,0.97637796,0.96482265,0.6317204
61,0.984252,0.9734731,0.636857
61,0.992126,0.982172,0.64196897
61,1.0,0.9908,0.6471428
62,0.0,0.1678,0.02542857
62,0.007874016,0.17319793,0.030998027
62,0.015748031,0.1792558,0.03658554
62,0.023622047,0.18620346,0.042717583
62,0.031496063,0.1927785,0.048598573
62,0.03937008,0.19900638,0.054529887
62,0.047244094,0.20514674,0.060663566
62,0.05511811,0.2112053,0.06705351
62,0.062992126,0.21724094,0.07336295
62,0.070866145,0.22323082,0.0796533
62,0.07874016,0.22924417,0.08607274
62,0.08661418,0.23540114,0.09262988
62,0.09448819,0.24160807,0.09918065
62,0.10236221,0.24772857,0.105893426
62,0.11023622,0.2534595,0.112488285
62,0.11811024,0.25892255,0.1189969
62,0.12598425,0.2643302,0.12573679
62,0.13385826,0.26996148,0.1328331
62,0.14173229,0.27565202,0.14005458
62,0.1496063,0.28144425,0.14720607
62,0.15748031,0.2871047,0.15441033
62,0.16535433,0.29283056,0.16138858
62,0.17322835,0.29861668,0.16842492
62,0.18110237,0.30453154,0.1754887
62,0.18897638,0.31064886,0.18244259
62,0.19685039,0.31665495,0.1889505
62,0.20472442,0.32269838,0.19516324
62,0.21259843,0.32882068,0.20107
62,0.22047244,0.33497667,0.20667244
62,0.22834645,0.34136876,0.21223035
62,0.23622048,0.34786364,0.21772079
62,0.24409449,0.35452023,0.22298877
62,0.2519685,0.3611719,0.22805136
62,0.25984251,0.36785445,0.23296937
62,0.26771653,0.37454832,0.23767738
62,0.27559054,0.38138038,0.2421885
62,0.28346458,0.3883456,0.24651806
62,0.2913386,0.39539203,0.25082034
62,0.2992126,0.40249345,0.25510696
62,0.30708662,0.40946907,0.25935996
62,0.31496063,0.4163751,0.26350635
62,0.32283464,0.42320308,0.26766568
62,0.33070865,0.43005985,0.27202344
62,0.33858266,0.43683597,0.27650318
62,0.3464567,0.44358298,0.2813256
62,0.35433072,0.45021376,0.286337
62,0.36220473,0.45681584,0.29161704
62,0.37007874,0.4632929,0.2972258
62,0.37795275,0.46969435,0.30308986
62,0.38582677,0.47592413,0.30940464
62,0.39370078,0.48199022,0.31598902
62,0.4015748,0.4877236,0.3228553
62,0.40944883,0.4931711,0.33010158
62,0.41732284,0.49841183,0.33771974
62,0.42519686,0.50327086,0.3456261
62,0.43307087,0.5080123,0.35408723
62,0.44094488,0.5126276,0.36307988
62,0.4488189,0.51701516,0.3722878
62,0.4566929,0.5208789,0.3813727
62,0.46456692,0.5243518,0.39043364
62,0.47244096,0.5274931,0.3996887
62,0.48031497,0.53047425,0.40943977
62,0.48818898,0.53306407,0.41965634
62,0.496063,0.53539103,0.4298124
62,0.503937,0.5372767,0.44017777
62,0.511811,0.53880036,0.45071706
62,0.51968503,0.5398716,0.4613904
62,0.52755904,0.54047227,0.47212034
62,0.53543305,0.54053134,0.48285583
62,0.54330707,0.54007775,0.4935402
62,0.5511811,0.5390517,0.5042019
62,0.5590551,0.53756607,0.51471764
62,0.56692916,0.53554535,0.5251498
62,0.5748032,0.5331569,0.53536826
62,0.5826772,0.5303421,0.54530835
62,0.5905512,0.5271216,0.5551379
62,0.5984252,0.5234808,0.5647053
62,0.6062992,0.5194624,0.57385516
62,0.61417323,0.5149777,0.58238107
62,0.62204725,0.5101374,0.5905984
62,0.62992126,0.5049111,0.5983492
62,0.63779527,0.49945605,0.6057242
62,0.6456693,0.4937537,0.61273545
62,0.6535433,0.48799714,0.6194674
62,0.6614173,0.4822135,0.6259141
62,0.6692913,0.47629857,0.6322872
62,0.6771653,0.47038692,0.6388013
62,0.68503934,0.4644647,0.6454454
62,0.6929134,0.45847735,0.651915
62,0.7007874,0.4525211,0.6583458
62,0.70866144,0.44645247,0.6646167
62,0.71653545,0.4402781,0.6707351
62,0.72440946,0.43395534,0.6766944
62,0.7322835,0.4275881,0.6825463
62,0.7401575,0.42135194,0.6885115
62,0.7480315,0.41508767,0.6945072
62,0.7559055,0.4089337,0.70052344
62,0.7637795,0.40280816,0.70670605
62,0.77165353,0.3968039,0.7130882
62,0.77952754,0.3908126,0.7196333
62,0.78740156,0.38493496,0.72642106
62,0.79527557,0.3791618,0.7333559
62,0.8031496,0.3734885,0.7405019
62,0.8110236,0.36801523,0.74775267
62,0.81889766,0.36263835,0.7552309
62,0.8267717,0.35735726,0.7629182
62,0.8346457,0.3522743,0.7707735
62,0.8425197,0.3473749,0.77879035
62,0.8503937,0.34255484,0.78700924
62,0.8582677,0.3378104,0.79548144
62,0.86614174,0.3332381,0.8039732
62,0.87401575,0.32873535,0.8127341
62,0.88188976,0.32437405,0.821502
62,0.8897638,0.3200761,0.83029765
62,0.8976378,0.31582773,0.83927524
62,0.9055118,0.31171936,0.8481843
62,0.9133858,0.30756846,0.8573533
62,0.9212598,0.30349994,0.866524
62,0.92913383,0.2994759,0.8757979
62,0.93700784,0.29547095,0.88509494
62,0.9448819,0.29158252,0.8944226
62,0.9527559,0.28771833,0.90373063
62,0.96062994,0.28393492,0.9130597
62,0.96850395,0.28021106,0.92229944
62,0.97637796,0.27650973,0.9316588
62,0.984252,0.2728084,0.94095814
62,0.992126,0.2692057,0.95040387
62,1.0,0.2655,0.95985717
63,0.0,0.1755,0.030428572
63,0.007874016,0.18161029,0.036524568
63,0.015748031,0.18774478,0.042644784
63,0.023622047,0.19393323,0.048895124
63,0.031496063,0.20016938,0.05514082
63,0.03937008,0.20645243,0.061566714
63,0.047244094,0.2124659,0.06787228
63,0.05511811,0.21831422,0.07420108
63,0.062992126,0.2242604,0.080714695
63,0.070866145,0.23006926,0.08725645
63,0.07874016,0.23556265,0.09358348
63,0.08661418,0.24125008,0.10002866
63,0.09448819,0.24680074,0.10642963
63,0.10236221,0.25253072,0.11275818
63,0.11023622,0.2578714,0.11898538
63,0.11811024,0.2637158,0.12608355
63,0.12598425,0.26959154,0.13318913
63,0.13385826,0.2752939,0.14026478
63,0.14173229,0.28085196,0.14732723
63,0.1496063,0.2864531,0.1543251
63,0.15748031,0.29207376,0.16141804
63,0.16535433,0.29773596,0.16829711
63,0.17322835,0.30319622,0.17512731
63,0.18110237,0.30872932,0.18172976
63,0.18897638,0.31433165,0.1884773
63,0.19685039,0.32021862,0.19545731
63,0.20472442,0.3263052,0.20234224
63,0.21259843,0.3324014,0.2089091
63,0.22047244,0.33851895,0.21528146
63,0.22834645,0.34457093,0.2212197
63,0.23622048,0.35081968,0.22697264
63,0.24409449,0.35713863,0.23237598
63,0.2519685,0.3636175,0.23757091
63,0.25984251,0.37022334,0.24250865
63,0.26771653,0.37707165,0.24709848
63,0.27559054,0.38398582,0.25147033
63,0.28346458,0.3910345,0.2556963
63,0.2913386,0.39809293,0.25976408
63,0.2992126,0.40516102,0.26368007
63,0.30708662,0.41212562,0.26759937
63,0.31496063,0.41905597,0.2715327
63,0.32283464,0.42593497,0.27558115
63,0.33070865,0.4328894,0.27964315
63,0.33858266,0.43983552,0.28397113
63,0.3464567,0.44669262,0.28854114
63,0.35433072,0.45354706,0.29313046
63,0.36220473,0.46021417,0.2979881
63,0.37007874,0.4668086,0.30315682
63,0.37795275,0.47323862,0.30856547
63,0.38582677,0.47957525,0.31429645
63,0.39370078,0.48581037,0.3202585
63,0.4015748,0.4918458,0.3266275
63,0.40944883,0.497519,0.33340758
63,0.41732284,0.50288445,0.34033677
63,0.42519686,0.5079914,0.34770197
63,0.43307087,0.51279044,0.35561216
63,0.44094488,0.517299,0.3639505
63,0.4488189,0.5214264,0.37277085
63,0.4566929,0.5251137,0.38172746
63,0.46456692,0.52832705,0.39117897
63,0.47244096,0.5311354,0.40102714
63,0.48031497,0.5335075,0.41105
63,0.48818898,0.5352336,0.4212241
63,0.496063,0.536423,0.43138936
63,0.503937,0.5373023,0.44190666
63,0.511811,0.5377835,0.45262328
63,0.51968503,0.5379,0.4635439
63,0.52755904,0.53758216,0.47426522
63,0.53543305,0.5368498,0.48485938
63,0.54330707,0.5357075,0.49541935
63,0.5511811,0.53423333,0.50603193
63,0.5590551,0.5322941,0.5166052
63,0.56692916,0.5300772,0.52686703
63,0.5748032,0.52751446,0.5369484
63,0.5826772,0.5246063,0.54655343
63,0.5905512,0.52141786,0.55597293
63,0.5984252,0.51777655,0.56525093
63,0.6062992,0.5139022,0.57413816
63,0.61417323,0.5097451,0.58239025
63,0.62204725,0.50513935,0.5906773
63,0.62992126,0.50020105,0.5987127
63,0.63779527,0.4949878,0.606446
63,0.6456693,0.48959932,0.6138581
63,0.6535433,0.4840782,0.62083954
63,0.6614173,0.4783729,0.6276921
63,0.6692913,0.47254047,0.6342648
63,0.6771653,0.46646824,0.6407059
63,0.68503934,0.4603834,0.6469149
63,0.6929134,0.45415512,0.6527242
63,0.7007874,0.4478982,0.65831584
63,0.70866144,0.44150802,0.66385025
63,0.71653545,0.43508247,0.66932935
63,0.72440946,0.42863345,0.6747499
63,0.7322835,0.42233342,0.68025386
63,0.7401575,0.41601872,0.6858404
63,0.7480315,0.40977725,0.6916453
63,0.7559055,0.40368915,0.69765896
63,0.7637795,0.39759013,0.70390254
63,0.77165353,0.3916012,0.7104558
63,0.77952754,0.3857988,0.71711564
63,0.78740156,0.38015816,0.7240137
63,0.79527557,0.3746871,0.73105407
63,0.8031496,0.36943376,0.7384585
63,0.8110236,0.36425355,0.74609154
63,0.81889766,0.35924187,0.7539053
63,0.8267717,0.3544302,0.76207876
63,0.8346457,0.34974188,0.7702641
63,0.8425197,0.3452625,0.77869767
63,0.8503937,0.34081873,0.7872047
63,0.8582677,0.33660963,0.79569364
63,0.86614174,0.33239397,0.8045071
63,0.87401575,0.32810906,0.8134306
63,0.88188976,0.32396004,0.8225494
63,0.8897638,0.31983656,0.8317548
63,0.8976378,0.31583333,0.8410329
63,0.9055118,0.31184378,0.8501895
63,0.9133858,0.30807668,0.8592936
63,0.9212598,0.3043286,0.86825
63,0.92913383,0.30063337,0.877238
63,0.93700784,0.2969993,0.88610893
63,0.9448819,0.29343542,0.8950585
63,0.9527559,0.28971082,0.9041872
63,0.96062994,0.2860815,0.91335243
63,0.96850395,0.28228068,0.9227887
63,0.97637796,0.27852342,0.9323474
63,0.984252,0.27464575,0.9418954
63,0.992126,0.27089056,0.95134866
63,1.0,0.2671,0.9607143
64,0.0,0.4898,0.08228572
64,0.007874016,0.49190608,0.09431613
64,0.015748031,0.4941519,0.10700542
64,0.023622047,0.4958,0.11796091
64,0.031496063,0.4956,0.1297173
64,0.03937008,0.4961,0.14204325
64,0.047244094,0.4959,0.15431988
64,0.05511811,0.4957,0.16638905
64,0.062992126,0.4963,0.17872368
64,0.070866145,0.4964,0.19098182
64,0.07874016,0.4967,0.20260827
64,0.08661418,0.4968,0.21369435
64,0.09448819,0.4972526,0.22610506
64,0.10236221,0.49815145,0.2381186
64,0.11023622,0.4995858,0.25006172
64,0.11811024,0.50144047,0.26210746
64,0.12598425,0.50364846,0.2742595
64,0.13385826,0.5060952,0.28640777
64,0.14173229,0.5087394,0.29845464
64,0.1496063,0.51153266,0.3099971
64,0.15748031,0.51439524,0.32126528
64,0.16535433,0.517358,0.33256423
64,0.17322835,0.520326,0.34382585
64,0.18110237,0.52320975,0.35518003
64,0.18897638,0.526022,0.3665864
64,0.19685039,0.52861524,0.378164
64,0.20472442,0.5309422,0.38998845
64,0.21259843,0.5330065,0.40183535
64,0.22047244,0.53474927,0.4138026
64,0.22834645,0.5361434,0.42584202
64,0.23622048,0.53713655,0.4379017
64,0.24409449,0.5376495,0.45005745
64,0.2519685,0.5378,0.46220464
64,0.25984251,0.5374482,0.47434145
64,0.26771653,0.5366724,0.48662242
64,0.27559054,0.53538895,0.49872962
64,0.28346458,0.533559,0.51082915
64,0.2913386,0.5313047,0.52267283
64,0.2992126,0.52852994,0.5342753
64,0.30708662,0.5252979,0.5455774
64,0.31496063,0.5215027,0.55642164
64,0.32283464,0.51718414,0.5669426
64,0.33070865,0.512403,0.5770557
64,0.33858266,0.50706017,0.58677876
64,0.3464567,0.501371,0.5958565
64,0.35433072,0.49518204,0.604569
64,0.36220473,0.48859906,0.6126518
64,0.37007874,0.4817722,0.61998326
64,0.37795275,0.47462773,0.62654096
64,0.38582677,0.4672025,0.6323139
64,0.39370078,0.4594841,0.63743764
64,0.4015748,0.45154583,0.64169854
64,0.40944883,0.44347134,0.6451526
64,0.41732284,0.43518218,0.6478076
64,0.42519686,0.42678607,0.6494962
64,0.43307087,0.41827065,0.6503915
64,0.44094488,0.4096552,0.6502857
64,0.4488189,0.40119705,0.64926493
64,0.4566929,0.39277318,0.6474349
64,0.46456692,0.38444936,0.6446528
64,0.47244096,0.37625766,0.6411074
64,0.48031497,0.3683254,0.6367288
64,0.48818898,0.3605932,0.631638
64,0.496063,0.3530663,0.6258894
64,0.503937,0.34581423,0.6192986
64,0.511811,0.33895403,0.6121683
64,0.51968503,0.3324906,0.6043892
64,0.52755904,0.32632715,0.5959366
64,0.53543305,0.32066488,0.5869799
64,0.54330707,0.31540728,0.57739896
64,0.5511811,0.31068432,0.56736386
64,0.5590551,0.306511,0.55674577
64,0.56692916,0.30282524,0.54582614
64,0.5748032,0.29967582,0.5343813
64,0.5826772,0.29697177,0.52278584
64,0.5905512,0.294587,0.5109182
64,0.5984252,0.29264382,0.49908787
64,0.6062992,0.290904,0.48705357
64,0.61417323,0.2893714,0.4750508
64,0.62204725,0.2879994,0.46295935
64,0.62992126,0.28676918,0.45085287
64,0.63779527,0.28556374,0.4388887
64,0.6456693,0.28445834,0.42678168
64,0.6535433,0.28330213,0.41480327
64,0.6614173,0.28212473,0.4028103
64,0.6692913,0.2808317,0.3906327
64,0.6771653,0.27935764,0.37843782
64,0.68503934,0.2776419,0.3664348
64,0.6929134,0.27579215,0.35466486
64,0.7007874,0.2737847,0.34325323
64,0.70866144,0.271562,0.33178866
64,0.71653545,0.2690281,0.32027477
64,0.72440946,0.26616114,0.30884734
64,0.7322835,0.26290447,0.29725748
64,0.7401575,0.25940907,0.28599992
64,0.7480315,0.2556519,0.2750226
64,0.7559055,0.25151274,0.26443738
64,0.7637795,0.24711315,0.25406334
64,0.77165353,0.2423788,0.24364331
64,0.77952754,0.23730254,0.23349078
64,0.78740156,0.23198915,0.22355203
64,0.79527557,0.22641876,0.21375264
64,0.8031496,0.2206465,0.20422174
64,0.8110236,0.21470004,0.19506256
64,0.81889766,0.20879607,0.18642296
64,0.8267717,0.2028035,0.17815648
64,0.8346457,0.19658896,0.17012906
64,0.8425197,0.19013363,0.16223547
64,0.8503937,0.1834929,0.15470617
64,0.8582677,0.1767463,0.1473247
64,0.86614174,0.16999555,0.14013863
64,0.87401575,0.16292012,0.13308774
64,0.88188976,0.15579514,0.12618585
64,0.8897638,0.14867294,0.11943433
64,0.8976378,0.14159459,0.11276388
64,0.9055118,0.13443263,0.10620809
64,0.9133858,0.12723672,0.099603705
64,0.9212598,0.12005514,0.093052514
64,0.92913383,0.11281027,0.086593755
64,0.93700784,0.105656825,0.08005166
64,0.9448819,0.0984428,0.07365073
64,0.9527559,0.09124344,0.06708899
64,0.96062994,0.08393579,0.060656957
64,0.96850395,0.07685026,0.054306336
64,0.97637796,0.06966218,0.048030354
64,0.984252,0.062428676,0.041457836
64,0.992126,0.055409197,0.035104
64,1.0,0.0483,0.028571429
65,0.0,0.1993,0.059714288
65,0.007874016,0.20503137,0.06554117
65,0.015748031,0.21077086,0.071338125
65,0.023622047,0.2163488,0.07723694
65,0.031496063,0.2221316,0.08346619
65,0.03937008,0.2279263,0.09000148
65,0.047244094,0.2334365,0.096480705
65,0.05511811,0.23846446,0.10280638
65,0.062992126,0.2436332,0.109333135
65,0.070866145,0.2489497,0.11614252
65,0.07874016,0.25407997,0.12245234
65,0.08661418,0.25929224,0.12891933
65,0.09448819,0.26475155,0.1357366
65,0.10236221,0.2703726,0.14275636
65,0.11023622,0.27602288,0.14988573
65,0.11811024,0.28135923,0.15675431
65,0.12598425,0.2864308,0.1633462
65,0.13385826,0.29155374,0.1703735
65,0.14173229,0.29676682,0.17752405
65,0.1496063,0.30187786,0.18433341
65,0.15748031,0.30647948,0.19039927
65,0.16535433,0.31156063,0.19728647
65,0.17322835,0.31675452,0.2043636
65,0.18110237,0.32188487,0.21087945
65,0.18897638,0.32721156,0.21736954
65,0.19685039,0.33273754,0.22370896
65,0.20472442,0.33845496,0.22966924
65,0.21259843,0.34430876,0.23538929
65,0.22047244,0.35029456,0.24080901
65,0.22834645,0.35640293,0.2460021
65,0.23622048,0.36264682,0.25081915
65,0.24409449,0.36900675,0.25543308
65,0.2519685,0.3753425,0.25972298
65,0.25984251,0.3818145,0.26384836
65,0.26771653,0.38823867,0.26782107
65,0.27559054,0.39466378,0.27173892
65,0.28346458,0.40117386,0.27551058
65,0.2913386,0.4076454,0.27928308
65,0.2992126,0.4141714,0.28320304
65,0.30708662,0.4208109,0.28704748
65,0.31496063,0.4273951,0.2909192
65,0.32283464,0.43398863,0.2948757
65,0.33070865,0.44062278,0.29897583
65,0.33858266,0.4471274,0.30297974
65,0.3464567,0.45366305,0.307182
65,0.35433072,0.460064,0.31127352
65,0.36220473,0.46639344,0.31541833
65,0.37007874,0.47271687,0.31962413
65,0.37795275,0.4790203,0.32401448
65,0.38582677,0.4853513,0.3283524
65,0.39370078,0.49168774,0.33291662
65,0.4015748,0.49801418,0.33746278
65,0.40944883,0.5043325,0.34209463
65,0.41732284,0.51070696,0.34690645
65,0.42519686,0.5170657,0.3516236
65,0.43307087,0.52342033,0.35637483
65,0.44094488,0.52980745,0.36117482
65,0.4488189,0.5361388,0.36593348
65,0.4566929,0.5425183,0.37065592
65,0.46456692,0.5487834,0.37538016
65,0.47244096,0.55511034,0.38000736
65,0.48031497,0.56140107,0.3846436
65,0.48818898,0.5677604,0.38925645
65,0.496063,0.5740155,0.3937102
65,0.503937,0.58034605,0.39814505
65,0.511811,0.58665335,0.40256387
65,0.51968503,0.5930389,0.4069677
65,0.52755904,0.59950274,0.4112137
65,0.53543305,0.60594976,0.41555896
65,0.54330707,0.6124234,0.41975737
65,0.5511811,0.6189015,0.42394677
65,0.5590551,0.62538624,0.42812958
65,0.56692916,0.6320051,0.43229863
65,0.5748032,0.63852906,0.43634
65,0.5826772,0.64502937,0.44037056
65,0.5905512,0.65163594,0.4442556
65,0.5984252,0.65814257,0.44814062
65,0.6062992,0.66464525,0.45191157
65,0.61417323,0.6711438,0.45576042
65,0.62204725,0.6776351,0.45946124
65,0.62992126,0.6842138,0.46303645
65,0.63779527,0.6906743,0.46672815
65,0.6456693,0.6971997,0.47031888
65,0.6535433,0.7036853,0.47390586
65,0.6614173,0.710204,0.4774122
65,0.6692913,0.716698,0.48097584
65,0.6771653,0.72322726,0.48453248
65,0.68503934,0.72969955,0.48805332
65,0.6929134,0.73621035,0.49153784
65,0.7007874,0.7428473,0.49512848
65,0.70866144,0.74951947,0.49869132
65,0.71653545,0.75621593,0.50220615
65,0.72440946,0.7628458,0.50582755
65,0.7322835,0.76951075,0.5095563
65,0.7401575,0.77628416,0.5132293
65,0.7480315,0.78294873,0.516885
65,0.7559055,0.7896514,0.5205151
65,0.7637795,0.79637265,0.52427053
65,0.77165353,0.8031074,0.52801204
65,0.77952754,0.80982053,0.53174156
65,0.78740156,0.81651103,0.5356063
65,0.79527557,0.8231124,0.53932434
65,0.8031496,0.8297992,0.5431821
65,0.8110236,0.8364205,0.5470403
65,0.81889766,0.84292746,0.5509014
65,0.8267717,0.84943956,0.5548202
65,0.8346457,0.85595936,0.558669
65,0.8425197,0.86238974,0.5626672
65,0.8503937,0.86883426,0.56667286
65,0.8582677,0.87530494,0.57054514
65,0.86614174,0.88178724,0.5747104
65,0.87401575,0.8882842,0.57874215
65,0.88188976,0.8947382,0.5827785
65,0.8897638,0.90119344,0.58695805
65,0.8976378,0.90762717,0.5909962
65,0.9055118,0.9141133,0.59518063
65,0.9133858,0.9205312,0.5992255
65,0.9212598,0.9269603,0.6034103
65,0.92913383,0.9334059,0.6074827
65,0.93700784,0.93996775,0.6115553
65,0.9448819,0.9465048,0.61577845
65,0.9527559,0.9531745,0.61986196
65,0.96062994,0.9597035,0.62402725
65,0.96850395,0.9661917,0.6280368
65,0.97637796,0.97265935,0.63212943
65,0.984252,0.9789675,0.63622564
65,0.992126,0.9852725,0.64032537
65,1.0,0.9915,0.64442855
66,0.0,0.2175,0.9567143
66,0.007874016,0.21990474,0.9486973
66,0.015748031,0.22240458,0.94084406
66,0.023622047,0.22508663,0.93303823
66,0.031496063,0.22759181,0.92516625
66,0.03937008,0.23030207,0.91663545
66,0.047244094,0.23242496,0.9095001
66,0.05511811,0.2351664,0.9013657
66,0.062992126,0.23788513,0.8938388
66,0.070866145,0.24015044,0.88542736
66,0.07874016,0.2423984,0.87771887
66,0.08661418,0.24481979,0.86917263
66,0.09448819,0.24709727,0.8620039
66,0.10236221,0.2497686,0.85394686
66,0.11023622,0.25187948,0.846315
66,0.11811024,0.25420907,0.8385455
66,0.12598425,0.2561941,0.8308823
66,0.13385826,0.25866714,0.8228317
66,0.14173229,0.26079163,0.81532156
66,0.1496063,0.26291957,0.806973
66,0.15748031,0.26513466,0.7985672
66,0.16535433,0.26745734,0.79045856
66,0.17322835,0.26971716,0.78251016
66,0.18110237,0.27197558,0.77461964
66,0.18897638,0.2742156,0.7664386
66,0.19685039,0.2763985,0.7579701
66,0.20472442,0.27841252,0.7498034
66,0.21259843,0.28026783,0.7417093
66,0.22047244,0.28196955,0.7336413
66,0.22834645,0.283625,0.7253124
66,0.23622048,0.28523734,0.71689796
66,0.24409449,0.28670183,0.7082766
66,0.2519685,0.28808165,0.69988436
66,0.25984251,0.28922504,0.6917378
66,0.26771653,0.2903317,0.68348795
66,0.27559054,0.29130512,0.6749133
66,0.28346458,0.2922306,0.66622174
66,0.2913386,0.29306874,0.65764314
66,0.2992126,0.29378593,0.64895654
66,0.30708662,0.29439315,0.6403189
66,0.31496063,0.2949363,0.63163817
66,0.32283464,0.2953738,0.6228539
66,0.33070865,0.2956,0.61408776
66,0.33858266,0.2956,0.60527796
66,0.3464567,0.29553106,0.5964148
66,0.35433072,0.2954,0.5876356
66,0.36220473,0.29527435,0.5790181
66,0.37007874,0.2951,0.5704985
66,0.37795275,0.29492062,0.5619586
66,0.38582677,0.29469553,0.5534566
66,0.39370078,0.29427332,0.5449897
66,0.4015748,0.29385477,0.53648645
66,0.40944883,0.29338056,0.52809346
66,0.41732284,0.29286018,0.51957417
66,0.42519686,0.29224852,0.5108361
66,0.43307087,0.29164532,0.50207597
66,0.44094488,0.29105034,0.4932905
66,0.4488189,0.29046214,0.48460194
66,0.4566929,0.28977984,0.47591206
66,0.46456692,0.28910255,0.46725255
66,0.47244096,0.28839344,0.45864865
66,0.48031497,0.28753796,0.4499511
66,0.48818898,0.2866863,0.44143438
66,0.496063,0.28583822,0.43295357
66,0.503937,0.28482214,0.4243881
66,0.511811,0.2837951,0.41581857
66,0.51968503,0.28257284,0.40718922
66,0.52755904,0.28134626,0.3986775
66,0.53543305,0.27996013,0.39036083
66,0.54330707,0.27851713,0.38217685
66,0.5511811,0.27696723,0.37412193
66,0.5590551,0.27522397,0.36574456
66,0.56692916,0.27340987,0.35732797
66,0.5748032,0.27152628,0.34896976
66,0.5826772,0.269541,0.34083226
66,0.5905512,0.26753125,0.3329208
66,0.5984252,0.265544,0.32517284
66,0.6062992,0.26326323,0.31701443
66,0.61417323,0.26077023,0.308735
66,0.62204725,0.2581918,0.30063134
66,0.62992126,0.25553247,0.29269737
66,0.63779527,0.25273648,0.28480545
66,0.6456693,0.2498066,0.2772509
66,0.6535433,0.24703935,0.2701413
66,0.6614173,0.24398756,0.26294932
66,0.6692913,0.24085559,0.25569057
66,0.6771653,0.2375162,0.24832043
66,0.68503934,0.23408416,0.24099688
66,0.6929134,0.23050201,0.23386145
66,0.7007874,0.22683996,0.22692849
66,0.70866144,0.22323711,0.2201377
66,0.71653545,0.21947101,0.21351331
66,0.72440946,0.21562941,0.20702423
66,0.7322835,0.21164829,0.20039411
66,0.7401575,0.2074954,0.19389784
66,0.7480315,0.20336628,0.1875285
66,0.7559055,0.1991432,0.18120457
66,0.7637795,0.19484855,0.17506936
66,0.77165353,0.19051407,0.16898338
66,0.77952754,0.18616618,0.16309455
66,0.78740156,0.18166552,0.15728424
66,0.79527557,0.17716691,0.15167376
66,0.8031496,0.17262684,0.1461875
66,0.8110236,0.16803181,0.14075322
66,0.81889766,0.16340525,0.13544771
66,0.8267717,0.15860772,0.13020118
66,0.8346457,0.15384755,0.12501521
66,0.8425197,0.14902773,0.119743995
66,0.8503937,0.14416409,0.11453294
66,0.8582677,0.13925673,0.10938407
66,0.86614174,0.13430654,0.10429244
66,0.87401575,0.12941313,0.09926569
66,0.88188976,0.12438668,0.094283536
66,0.8897638,0.119332746,0.08936452
66,0.8976378,0.11432552,0.0845005
66,0.9055118,0.10927482,0.0796903
66,0.9133858,0.10427445,0.07492805
66,0.9212598,0.099222295,0.07021171
66,0.92913383,0.09421103,0.06554074
66,0.93700784,0.08916559,0.06078297
66,0.9448819,0.08404443,0.056058377
66,0.9527559,0.07894354,0.051210575
66,0.96062994,0.07381867,0.04638356
66,0.96850395,0.06860613,0.041434612
66,0.97637796,0.06339406,0.036506757
66,0.984252,0.05820621,0.03152829
66,0.992126,0.05304141,0.026538337
66,1.0,0.0479,0.02157143
67,0.0,0.1985,0.049142856
67,0.007874016,0.20392373,0.055279657
67,0.015748031,0.20929581,0.061296936
67,0.023622047,0.21488252,0.06733967
67,0.031496063,0.2205889,0.07353175
67,0.03937008,0.22625694,0.07989364
67,0.047244094,0.2315721,0.08616811
67,0.05511811,0.23669596,0.09267742
67,0.062992126,0.24181797,0.09903398
67,0.070866145,0.24706028,0.10565487
67,0.07874016,0.2523588,0.112323105
67,0.08661418,0.25762892,0.11918417
67,0.09448819,0.26284125,0.12614927
67,0.10236221,0.26798505,0.13302805
67,0.11023622,0.27320683,0.13988991
67,0.11811024,0.2785487,0.14679512
67,0.12598425,0.28394267,0.15377054
67,0.13385826,0.28938922,0.16053642
67,0.14173229,0.29459587,0.16697301
67,0.1496063,0.29988483,0.17353109
67,0.15748031,0.30520117,0.1799707
67,0.16535433,0.3107511,0.18659818
67,0.17322835,0.31641284,0.19295318
67,0.18110237,0.32206383,0.19889034
67,0.18897638,0.32765687,0.20464985
67,0.19685039,0.3333467,0.2101701
67,0.20472442,0.33928615,0.21574096
67,0.21259843,0.34533042,0.2212832
67,0.22047244,0.35149023,0.22679164
67,0.22834645,0.35762107,0.23207039
67,0.23622048,0.36369783,0.2369574
67,0.24409449,0.36976382,0.24176638
67,0.2519685,0.37581858,0.24650496
67,0.25984251,0.38194013,0.2511001
67,0.26771653,0.38818726,0.25570518
67,0.27559054,0.3944295,0.26030678
67,0.28346458,0.40053138,0.2649848
67,0.2913386,0.40678704,0.2697241
67,0.2992126,0.41289756,0.27456942
67,0.30708662,0.41917798,0.2793902
67,0.31496063,0.4254486,0.2841894
67,0.32283464,0.43177074,0.28887573
67,0.33070865,0.43782783,0.293377
67,0.33858266,0.44376862,0.29795396
67,0.3464567,0.44996068,0.30282342
67,0.35433072,0.45631424,0.30794892
67,0.36220473,0.46266875,0.31298572
67,0.37007874,0.4687066,0.31765264
67,0.37795275,0.4747203,0.32222497
67,0.38582677,0.48081556,0.32672542
67,0.39370078,0.48705193,0.33139887
67,0.4015748,0.4934642,0.33620822
67,0.40944883,0.49998143,0.34098673
67,0.41732284,0.5065512,0.34589374
67,0.42519686,0.5128557,0.35063878
67,0.43307087,0.5189093,0.35536838
67,0.44094488,0.5248768,0.35994563
67,0.4488189,0.5307507,0.3645229
67,0.4566929,0.53692764,0.36938226
67,0.46456692,0.54320997,0.37407857
67,0.47244096,0.54953545,0.37888247
67,0.48031497,0.5558997,0.38363844
67,0.48818898,0.5622777,0.38805547
67,0.496063,0.56850004,0.39257145
67,0.503937,0.5747571,0.3967551
67,0.511811,0.5810509,0.4009053
67,0.51968503,0.5873955,0.40507248
67,0.52755904,0.59375215,0.40903887
67,0.53543305,0.60021067,0.4130854
67,0.54330707,0.60670793,0.4169765
67,0.5511811,0.61325055,0.42080644
67,0.5590551,0.6199401,0.42472473
67,0.56692916,0.6265247,0.42848963
67,0.5748032,0.633056,0.4321325
67,0.5826772,0.6395408,0.4357095
67,0.5905512,0.64591795,0.43917283
67,0.5984252,0.6521764,0.44260308
67,0.6062992,0.6586117,0.4460532
67,0.61417323,0.66525656,0.44960374
67,0.62204725,0.672063,0.45326668
67,0.62992126,0.6789488,0.45705712
67,0.63779527,0.68574667,0.46086082
67,0.6456693,0.6925464,0.46465513
67,0.6535433,0.6990973,0.46839845
67,0.6614173,0.7054738,0.4720993
67,0.6692913,0.7118931,0.4757675
67,0.6771653,0.7181623,0.479462
67,0.68503934,0.7245883,0.4832955
67,0.6929134,0.73101234,0.48703974
67,0.7007874,0.737601,0.4908797
67,0.70866144,0.74427885,0.4946279
67,0.71653545,0.7509144,0.4984899
67,0.72440946,0.75752574,0.5021777
67,0.7322835,0.7642051,0.50598246
67,0.7401575,0.7707516,0.5099116
67,0.7480315,0.7773732,0.5137591
67,0.7559055,0.7838849,0.5175891
67,0.7637795,0.79043734,0.52153164
67,0.77165353,0.7968848,0.5254824
67,0.77952754,0.80333227,0.5295637
67,0.78740156,0.8097804,0.53352726
67,0.79527557,0.81623566,0.5375022
67,0.8031496,0.82270026,0.5415875
67,0.8110236,0.82907695,0.54569966
67,0.81889766,0.8355672,0.5498204
67,0.8267717,0.84207577,0.5539529
67,0.8346457,0.8486032,0.55809724
67,0.8425197,0.8550552,0.5622573
67,0.8503937,0.8615294,0.56628853
67,0.8582677,0.8679315,0.5703375
67,0.86614174,0.87440026,0.57440674
67,0.87401575,0.8809198,0.578479
67,0.88188976,0.887268,0.58246243
67,0.8897638,0.89373887,0.5864432
67,0.8976378,0.9001259,0.5904937
67,0.9055118,0.90651375,0.59456295
67,0.9133858,0.9127665,0.5984932
67,0.9212598,0.91913295,0.6025694
67,0.92913383,0.925581,0.60650235
67,0.93700784,0.93204314,0.61057556
67,0.9448819,0.9385427,0.61450386
67,0.9527559,0.94504523,0.6184414
67,0.96062994,0.9516194,0.62248975
67,0.96850395,0.9581904,0.62640077
67,0.97637796,0.96464884,0.6303042
67,0.984252,0.9712011,0.6341984
67,0.992126,0.9776506,0.6379591
67,1.0,0.9842,0.64185715
68,0.0,0.1784,0.038285714
68,0.007874016,0.18448344,0.044146944
68,0.015748031,0.19037484,0.049795784
68,0.023622047,0.1962337,0.055530094
68,0.031496063,0.2022254,0.061562926
68,0.03937008,0.20825179,0.06781123
68,0.047244094,0.2142556,0.07406178
68,0.05511811,0.22014703,0.08032209
68,0.062992126,0.22596876,0.08654168
68,0.070866145,0.23175137,0.0929065
68,0.07874016,0.23756583,0.09944666
68,0.08661418,0.24339205,0.106048055
68,0.09448819,0.24915779,0.112755924
68,0.10236221,0.25475696,0.11946916
68,0.11023622,0.2601966,0.12623379
68,0.11811024,0.2657032,0.13336916
68,0.12598425,0.2712551,0.14050731
68,0.13385826,0.27680063,0.14757235
68,0.14173229,0.28225857,0.1545375
68,0.1496063,0.28767318,0.16129267
68,0.15748031,0.2932036,0.16798398
68,0.16535433,0.29872078,0.17441513
68,0.17322835,0.30454844,0.18098049
68,0.18110237,0.3103357,0.187465
68,0.18897638,0.31604567,0.19341396
68,0.19685039,0.32191017,0.19927694
68,0.20472442,0.3280721,0.20496197
68,0.21259843,0.33432645,0.21043369
68,0.22047244,0.34060106,0.21568339
68,0.22834645,0.346901,0.2205723
68,0.23622048,0.35337183,0.22554015
68,0.24409449,0.35994852,0.23031722
68,0.2519685,0.36653668,0.23488335
68,0.25984251,0.37320134,0.23942953
68,0.26771653,0.3799073,0.24386236
68,0.27559054,0.3866551,0.2480962
68,0.28346458,0.3933279,0.25219116
68,0.2913386,0.40007916,0.25622407
68,0.2992126,0.40682688,0.2601974
68,0.30708662,0.4135391,0.26420763
68,0.31496063,0.42020887,0.26829115
68,0.32283464,0.42685112,0.27245313
68,0.33070865,0.43352163,0.27687258
68,0.33858266,0.44010806,0.28137758
68,0.3464567,0.44670266,0.28625917
68,0.35433072,0.453196,0.2913394
68,0.36220473,0.45949352,0.29668015
68,0.37007874,0.46561003,0.3021524
68,0.37795275,0.47169468,0.3080966
68,0.38582677,0.47755224,0.3142117
68,0.39370078,0.4832453,0.32074475
68,0.4015748,0.4888021,0.32760718
68,0.40944883,0.49418506,0.33483583
68,0.41732284,0.49933264,0.34233233
68,0.42519686,0.50418156,0.3502528
68,0.43307087,0.508823,0.3583564
68,0.44094488,0.51316446,0.36685243
68,0.4488189,0.5171513,0.3755172
68,0.4566929,0.52080446,0.38455173
68,0.46456692,0.524176,0.3938158
68,0.47244096,0.5270676,0.40345246
68,0.48031497,0.52968156,0.4132068
68,0.48818898,0.53181934,0.42321372
68,0.496063,0.5334392,0.43340248
68,0.503937,0.53458375,0.44375753
68,0.511811,0.5352085,0.45423216
68,0.51968503,0.53531164,0.46466675
68,0.52755904,0.534965,0.47507143
68,0.53543305,0.5340614,0.48554003
68,0.54330707,0.5328003,0.4958193
68,0.5511811,0.5310777,0.50595826
68,0.5590551,0.5289001,0.51599973
68,0.56692916,0.5263536,0.5259256
68,0.5748032,0.52339274,0.5354493
68,0.5826772,0.5200519,0.54477304
68,0.5905512,0.5163976,0.5536626
68,0.5984252,0.5124853,0.5623942
68,0.6062992,0.508297,0.570707
68,0.61417323,0.5037769,0.57896984
68,0.62204725,0.49903694,0.58684427
68,0.62992126,0.49409035,0.5945863
68,0.63779527,0.4890198,0.6019717
68,0.6456693,0.48370388,0.60928017
68,0.6535433,0.47834408,0.6163698
68,0.6614173,0.47287855,0.62323815
68,0.6692913,0.46736136,0.63003045
68,0.6771653,0.46176863,0.6367356
68,0.68503934,0.45614365,0.64335114
68,0.6929134,0.45048887,0.6498889
68,0.7007874,0.44482073,0.65647984
68,0.70866144,0.43916762,0.6631305
68,0.71653545,0.4334756,0.66977024
68,0.72440946,0.4277692,0.6764652
68,0.7322835,0.4220599,0.6832382
68,0.7401575,0.4164039,0.6899615
68,0.7480315,0.41078326,0.6967942
68,0.7559055,0.40523213,0.70374745
68,0.7637795,0.39972323,0.7106866
68,0.77165353,0.39430285,0.7177357
68,0.77952754,0.38892362,0.7248254
68,0.78740156,0.38364863,0.7319094
68,0.79527557,0.37841263,0.7391683
68,0.8031496,0.37327158,0.7465342
68,0.8110236,0.36817995,0.75394297
68,0.81889766,0.36319602,0.7615017
68,0.8267717,0.35822675,0.76922727
68,0.8346457,0.35335505,0.7770485
68,0.8425197,0.34852585,0.7848414
68,0.8503937,0.34382775,0.7927403
68,0.8582677,0.3391621,0.80085903
68,0.86614174,0.33462825,0.8089203
68,0.87401575,0.33012572,0.8172106
68,0.88188976,0.32575902,0.82557887
68,0.8897638,0.32134524,0.8338873
68,0.8976378,0.31715047,0.84238005
68,0.9055118,0.31300187,0.85092455
68,0.9133858,0.30889,0.8593785
68,0.9212598,0.30481663,0.8681259
68,0.92913383,0.3008802,0.87696284
68,0.93700784,0.2969775,0.8858668
68,0.9448819,0.29310647,0.89484197
68,0.9527559,0.28926125,0.90386647
68,0.96062994,0.2855373,0.91298383
68,0.96850395,0.28182772,0.92209536
68,0.97637796,0.2781216,0.93125075
68,0.984252,0.27444652,0.94037586
68,0.992126,0.27080113,0.9494806
68,1.0,0.2672,0.95857143
69,0.0,0.213,0.9587143
69,0.007874016,0.21554773,0.95065
69,0.015748031,0.2181151,0.94251746
69,0.023622047,0.2206171,0.9343797
69,0.031496063,0.22311962,0.9264299
69,0.03937008,0.22562107,0.91849613
69,0.047244094,0.2280634,0.91041636
69,0.05511811,0.23053546,0.9024931
69,0.062992126,0.23283549,0.89435023
69,0.070866145,0.23517278,0.8860972
69,0.07874016,0.23745997,0.8778072
69,0.08661418,0.2397543,0.86976725
69,0.09448819,0.24223638,0.8617532
69,0.10236221,0.24480088,0.8535689
69,0.11023622,0.24750389,0.84551084
69,0.11811024,0.24998772,0.8377076
69,0.12598425,0.25255805,0.8294655
69,0.13385826,0.25502107,0.82093984
69,0.14173229,0.25709027,0.81358534
69,0.1496063,0.2586,0.8092695
69,0.15748031,0.26100022,0.80071336
69,0.16535433,0.2634381,0.79169387
69,0.17322835,0.2652,0.7862857
69,0.18110237,0.26715425,0.7801185
69,0.18897638,0.2694482,0.7718394
69,0.19685039,0.2717637,0.76344126
69,0.20472442,0.27394906,0.75511056
69,0.21259843,0.27614877,0.7468441
69,0.22047244,0.2782748,0.7385099
69,0.22834645,0.28023434,0.7300912
69,0.23622048,0.28205052,0.72169363
69,0.24409449,0.28374422,0.71344167
69,0.2519685,0.28526792,0.7048975
69,0.25984251,0.2867379,0.6963057
69,0.26771653,0.28807104,0.6874616
69,0.27559054,0.28933334,0.67842835
69,0.28346458,0.29047602,0.6693485
69,0.2913386,0.29151165,0.6603287
69,0.2992126,0.29236296,0.65173566
69,0.30708662,0.2930511,0.6430937
69,0.31496063,0.29363808,0.6346531
69,0.32283464,0.29411146,0.6262769
69,0.33070865,0.29445192,0.61773914
69,0.33858266,0.2947,0.6091629
69,0.3464567,0.2949,0.6004354
69,0.35433072,0.29494768,0.59156275
69,0.36220473,0.29493073,0.58269113
69,0.37007874,0.2949,0.5738199
69,0.37795275,0.29470313,0.56494683
69,0.38582677,0.29449618,0.5561766
69,0.39370078,0.29429284,0.5474992
69,0.4015748,0.2938927,0.53864855
69,0.40944883,0.2934954,0.5298678
69,0.41732284,0.2931008,0.52115476
69,0.42519686,0.29261515,0.5123702
69,0.43307087,0.29203317,0.50352097
69,0.44094488,0.2914538,0.49470285
69,0.4488189,0.2907761,0.48585564
69,0.4566929,0.29004872,0.47705874
69,0.46456692,0.28928334,0.4682618
69,0.47244096,0.2884168,0.4595569
69,0.48031497,0.28754935,0.45077908
69,0.48818898,0.28667408,0.4422342
69,0.496063,0.28571045,0.43367112
69,0.503937,0.2846397,0.4250923
69,0.511811,0.28349268,0.41655234
69,0.51968503,0.2823342,0.40800667
69,0.52755904,0.28112188,0.39947414
69,0.53543305,0.2798233,0.39096048
69,0.54330707,0.2784391,0.3823203
69,0.5511811,0.27698204,0.37369588
69,0.5590551,0.2753675,0.36509073
69,0.56692916,0.27374384,0.35663727
69,0.5748032,0.27203083,0.3481945
69,0.5826772,0.27022287,0.3398287
69,0.5905512,0.26837218,0.33166194
69,0.5984252,0.2662879,0.32342002
69,0.6062992,0.2641927,0.31533107
69,0.61417323,0.26183194,0.30710644
69,0.62204725,0.2593878,0.29902476
69,0.62992126,0.25678512,0.2909575
69,0.63779527,0.2540641,0.28295976
69,0.6456693,0.25122058,0.2751677
69,0.6535433,0.24822065,0.2675185
69,0.6614173,0.2450283,0.25998923
69,0.6692913,0.24173334,0.25257146
69,0.6771653,0.23832472,0.24526726
69,0.68503934,0.23475766,0.23812969
69,0.6929134,0.23102248,0.23100902
69,0.7007874,0.2271597,0.2241225
69,0.70866144,0.22315666,0.21719454
69,0.71653545,0.21913926,0.21061513
69,0.72440946,0.2149836,0.20411775
69,0.7322835,0.21078865,0.19783977
69,0.7401575,0.20645913,0.1916559
69,0.7480315,0.20209785,0.1857112
69,0.7559055,0.19769408,0.17974505
69,0.7637795,0.1931771,0.1740288
69,0.77165353,0.1885446,0.16843618
69,0.77952754,0.18380535,0.16289183
69,0.78740156,0.17892048,0.15745051
69,0.79527557,0.17400056,0.15217918
69,0.8031496,0.16913003,0.14704736
69,0.8110236,0.1643275,0.1421009
69,0.81889766,0.15944849,0.13732621
69,0.8267717,0.15457639,0.13264419
69,0.8346457,0.14955539,0.12790988
69,0.8425197,0.14442757,0.12313013
69,0.8503937,0.13916445,0.11845524
69,0.8582677,0.13393153,0.11367214
69,0.86614174,0.12871276,0.108977266
69,0.87401575,0.123469815,0.10425222
69,0.88188976,0.1182455,0.09963207
69,0.8897638,0.11303466,0.095033005
69,0.8976378,0.10783332,0.09040692
69,0.9055118,0.1026933,0.08587702
69,0.9133858,0.09759189,0.08120984
69,0.9212598,0.09241094,0.07664305
69,0.92913383,0.08730887,0.07191864
69,0.93700784,0.08206717,0.06720683
69,0.9448819,0.07678995,0.062419
69,0.9527559,0.07145842,0.057534877
69,0.96062994,0.066109,0.052597314
69,0.96850395,0.060750857,0.047737926
69,0.97637796,0.055431876,0.04282343
69,0.984252,0.05015404,0.037946552
69,0.992126,0.044912226,0.03310261
69,1.0,0.0397,0.028285714
70,0.0,0.217,0.9474286
70,0.007874016,0.22077307,0.9352521
70,0.015748031,0.22444773,0.9230966
70,0.023622047,0.22823414,0.9109617
70,0.031496063,0.23194142,0.89869875
70,0.03937008,0.23578595,0.8864227
70,0.047244094,0.23947859,0.8741045
70,0.05511811,0.2432241,0.8620297
70,0.062992126,0.24686247,0.85002816
70,0.070866145,0.25042436,0.8381582
70,0.07874016,0.25397688,0.8263864
70,0.08661418,0.25750667,0.8146929
70,0.09448819,0.26110798,0.80270505
70,0.10236221,0.2648009,0.7903719
70,0.11023622,0.26838484,0.7779854
70,0.11811024,0.27187273,0.7655665
70,0.12598425,0.27518892,0.752988
70,0.13385826,0.27816164,0.740315
70,0.14173229,0.28088915,0.7274772
70,0.1496063,0.28309217,0.7144801
70,0.15748031,0.28478113,0.7015837
70,0.16535433,0.2858788,0.688634
70,0.17322835,0.28656372,0.67533624
70,0.18110237,0.2867,0.6620673
70,0.18897638,0.28653705,0.64869845
70,0.19685039,0.28604767,0.6352056
70,0.20472442,0.28531623,0.6219924
70,0.21259843,0.284403,0.60874856
70,0.22047244,0.2833518,0.5956368
70,0.22834645,0.2822468,0.5825602
70,0.23622048,0.28107357,0.56942314
70,0.24409449,0.279979,0.55622613
70,0.2519685,0.27908128,0.543121
70,0.25984251,0.27829027,0.52982336
70,0.26771653,0.27788824,0.51661354
70,0.27559054,0.2779,0.5033429
70,0.28346458,0.27834278,0.49015412
70,0.2913386,0.2792866,0.47695008
70,0.2992126,0.28075182,0.4639499
70,0.30708662,0.28274366,0.45103985
70,0.31496063,0.2852657,0.4383701
70,0.32283464,0.28839445,0.42591363
70,0.33070865,0.2919969,0.4137559
70,0.33858266,0.2962353,0.4019129
70,0.3464567,0.30103242,0.3906576
70,0.35433072,0.30635527,0.37987807
70,0.36220473,0.31219223,0.36959353
70,0.37007874,0.31842613,0.35996267
70,0.37795275,0.32513833,0.3509937
70,0.38582677,0.33221298,0.34257978
70,0.39370078,0.33973223,0.3348858
70,0.4015748,0.3475868,0.3277256
70,0.40944883,0.3557723,0.32132685
70,0.41732284,0.36422843,0.31566772
70,0.42519686,0.37289324,0.31073123
70,0.43307087,0.38170737,0.306562
70,0.44094488,0.39065698,0.30314645
70,0.4488189,0.39982858,0.30047703
70,0.4566929,0.4090673,0.2988094
70,0.46456692,0.41830775,0.29785714
70,0.47244096,0.42755952,0.29798567
70,0.48031497,0.43672428,0.29879805
70,0.48818898,0.4458588,0.30053014
70,0.496063,0.45484036,0.30295664
70,0.503937,0.4637491,0.3062263
70,0.511811,0.4724726,0.31018513
70,0.51968503,0.48110706,0.31489214
70,0.52755904,0.48974705,0.3201845
70,0.53543305,0.49808383,0.32593825
70,0.54330707,0.50632066,0.33214092
70,0.5511811,0.5144148,0.33851248
70,0.5590551,0.5224407,0.34525645
70,0.56692916,0.5304598,0.3520396
70,0.5748032,0.5384201,0.35905725
70,0.5826772,0.5462851,0.36616826
70,0.5905512,0.55419135,0.37308303
70,0.5984252,0.5619672,0.37992796
70,0.6062992,0.5697453,0.38669157
70,0.61417323,0.57752436,0.3932108
70,0.62204725,0.58548486,0.39961833
70,0.62992126,0.59352964,0.40580687
70,0.63779527,0.6016957,0.411796
70,0.6456693,0.6100104,0.41765794
70,0.6535433,0.61842984,0.42312032
70,0.6614173,0.62704146,0.42845225
70,0.6692913,0.63557684,0.43352965
70,0.6771653,0.64418066,0.43835798
70,0.68503934,0.65285826,0.44308478
70,0.6929134,0.66150635,0.4477177
70,0.7007874,0.6701387,0.45225388
70,0.70866144,0.67871934,0.45669883
70,0.71653545,0.687426,0.4613036
70,0.72440946,0.6960198,0.4657738
70,0.7322835,0.7046044,0.47039133
70,0.7401575,0.71319026,0.47501838
70,0.7480315,0.7217933,0.4796957
70,0.7559055,0.7305254,0.48453686
70,0.7637795,0.7392177,0.4895232
70,0.77165353,0.7480071,0.49447304
70,0.77952754,0.75672483,0.49955794
70,0.78740156,0.7655183,0.50469327
70,0.79527557,0.7742949,0.5098125
70,0.8031496,0.78303766,0.51495266
70,0.8110236,0.7917175,0.520234
70,0.81889766,0.80034775,0.52534884
70,0.8267717,0.8090374,0.5304625
70,0.8346457,0.8175942,0.5356481
70,0.8425197,0.8261284,0.5408461
70,0.8503937,0.83464575,0.545952
70,0.8582677,0.8431498,0.5510713
70,0.86614174,0.8516449,0.55618495
70,0.87401575,0.86020005,0.56136733
70,0.88188976,0.86872375,0.566548
70,0.8897638,0.8773117,0.5717286
70,0.8976378,0.88589066,0.57691264
70,0.9055118,0.89450294,0.58210385
70,0.9133858,0.90312314,0.5874423
70,0.9212598,0.9116581,0.5926478
70,0.92913383,0.92028415,0.5979767
70,0.93700784,0.9288253,0.6032145
70,0.9448819,0.9373732,0.60852766
70,0.9527559,0.94578564,0.6137979
70,0.96062994,0.95418787,0.619025
70,0.96850395,0.96250427,0.62440276
70,0.97637796,0.97088295,0.6296462
70,0.984252,0.9792748,0.6348981
70,0.992126,0.98786944,0.6400307
70,1.0,0.9965,0.6452857
71,0.0,0.993,0.7195714
71,0.007874016,0.9889859,0.71683174
71,0.015748031,0.98491853,0.7141561
71,0.023622047,0.9807994,0.7117138
71,0.031496063,0.9767139,0.7091971
71,0.03937008,0.97240925,0.7066495
71,0.047244094,0.9682295,0.7038441
71,0.05511811,0.96402794,0.7011221
71,0.062992126,0.9599375,0.69844866
71,0.070866145,0.9559389,0.6960442
71,0.07874016,0.9519234,0.6936265
71,0.08661418,0.9478385,0.6910742
71,0.09448819,0.94365263,0.6884032
71,0.10236221,0.9395416,0.685744
71,0.11023622,0.9355274,0.6831624
71,0.11811024,0.93152577,0.68066126
71,0.12598425,0.9274576,0.67810005
71,0.13385826,0.9233437,0.6754881
71,0.14173229,0.91928464,0.67283154
71,0.1496063,0.91518277,0.670133
71,0.15748031,0.9111147,0.6675105
71,0.16535433,0.9069696,0.66498023
71,0.17322835,0.9027429,0.66235995
71,0.18110237,0.8985471,0.65969473
71,0.18897638,0.89433825,0.6570508
71,0.19685039,0.8901223,0.65444183
71,0.20472442,0.88599956,0.65172595
71,0.21259843,0.8819535,0.64919055
71,0.22047244,0.8779961,0.6466858
71,0.22834645,0.8739613,0.6442032
71,0.23622048,0.86976105,0.6416556
71,0.24409449,0.86539525,0.63914
71,0.2519685,0.8611617,0.63656133
71,0.25984251,0.85695386,0.6341511
71,0.26771653,0.85273427,0.6317585
71,0.27559054,0.8486244,0.62937164
71,0.28346458,0.84450483,0.62683624
71,0.2913386,0.840274,0.6244369
71,0.2992126,0.836076,0.6220308
71,0.30708662,0.83187515,0.61961615
71,0.31496063,0.82761574,0.6173427
71,0.32283464,0.82344866,0.6150647
71,0.33070865,0.81925106,0.61279166
71,0.33858266,0.81499785,0.61069137
71,0.3464567,0.81070757,0.6084327
71,0.35433072,0.80643344,0.60630167
71,0.36220473,0.80212635,0.60415447
71,0.37007874,0.7978764,0.6019888
71,0.37795275,0.7936989,0.599809
71,0.38582677,0.7894481,0.5977523
71,0.39370078,0.7852086,0.59567076
71,0.4015748,0.7809919,0.5935676
71,0.40944883,0.7766189,0.59158045
71,0.41732284,0.7723525,0.58950096
71,0.42519686,0.7680834,0.5875498
71,0.43307087,0.7638833,0.58552974
71,0.44094488,0.75970465,0.5836258
71,0.4488189,0.75545317,0.5818519
71,0.4566929,0.7513757,0.5801204
71,0.46456692,0.7472924,0.578425
71,0.47244096,0.74300754,0.57662886
71,0.48031497,0.73862666,0.57486886
71,0.48818898,0.73414534,0.57294303
71,0.496063,0.72959024,0.57105726
71,0.503937,0.72515404,0.5692105
71,0.511811,0.7208189,0.5675383
71,0.51968503,0.7164538,0.56589174
71,0.52755904,0.7121941,0.5643043
71,0.53543305,0.7078874,0.5628431
71,0.54330707,0.703463,0.56138945
71,0.5511811,0.6990654,0.55994856
71,0.5590551,0.69462913,0.55866545
71,0.56692916,0.69028866,0.5572539
71,0.5748032,0.68590385,0.55600107
71,0.5826772,0.6814711,0.55476314
71,0.5905512,0.6770743,0.5535378
71,0.5984252,0.67263764,0.5524679
71,0.6062992,0.6681724,0.55151296
71,0.61417323,0.6636423,0.550579
71,0.62204725,0.65923744,0.54993904
71,0.62992126,0.6547185,0.5492963
71,0.63779527,0.650214,0.548912
71,0.6456693,0.6457109,0.54853034
71,0.6535433,0.6411051,0.54829407
71,0.6614173,0.6366036,0.5482857
71,0.6692913,0.632019,0.5484286
71,0.6771653,0.6274514,0.5486943
71,0.68503934,0.6229053,0.549071
71,0.6929134,0.61835146,0.5495911
71,0.7007874,0.61376756,0.55022395
71,0.70866144,0.6093677,0.5509802
71,0.71653545,0.6049607,0.5518923
71,0.72440946,0.6006222,0.5528869
71,0.7322835,0.59627104,0.55416846
71,0.7401575,0.59191984,0.5554572
71,0.7480315,0.5875725,0.5569741
71,0.7559055,0.58323926,0.5586789
71,0.7637795,0.57893515,0.56055576
71,0.77165353,0.57470644,0.5625603
71,0.77952754,0.57053334,0.56471425
71,0.78740156,0.56634253,0.5669058
71,0.79527557,0.56219286,0.5692181
71,0.8031496,0.5580104,0.5715074
71,0.8110236,0.55379474,0.57380986
71,0.81889766,0.54962605,0.576262
71,0.8267717,0.5454042,0.57868665
71,0.8346457,0.54123014,0.5810831
71,0.8425197,0.53710455,0.58359396
71,0.8503937,0.5329294,0.58610624
71,0.8582677,0.52885455,0.58874315
71,0.86614174,0.5248319,0.59134835
71,0.87401575,0.52080005,0.59406346
71,0.88188976,0.51680046,0.59678537
71,0.8897638,0.51274997,0.59960717
71,0.8976378,0.50874275,0.6024899
71,0.9055118,0.5047026,0.6054115
71,0.9133858,0.5006745,0.6082974
71,0.9212598,0.49659547,0.61128944
71,0.92913383,0.49265623,0.61439866
71,0.93700784,0.48858002,0.61746764
71,0.9448819,0.48463544,0.62062746
71,0.9527559,0.4807152,0.62366414
71,0.96062994,0.4768027,0.6268263
71,0.96850395,0.4728268,0.6300913
71,0.97637796,0.46886986,0.6333401
71,0.984252,0.46483123,0.63671607
71,0.992126,0.46080336,0.6400789
71,1.0,0.4568,0.64342856
72,0.0,0.1924,0.04042857
72,0.007874016,0.19852288,0.04591737
72,0.015748031,0.20453104,0.051472917
72,0.023622047,0.21050388,0.05750415
72,0.031496063,0.21625869,0.0636503
72,0.03937008,0.22185901,0.0700275
72,0.047244094,0.2274284,0.07661201
72,0.05511811,0.2329581,0.0835521
72,0.062992126,0.23797356,0.09010508
72,0.070866145,0.24298912,0.096796565
72,0.07874016,0.2484119,0.10376966
72,0.08661418,0.25380135,0.11071619
72,0.09448819,0.25909886,0.11771267
72,0.10236221,0.2642786,0.12482654
72,0.11023622,0.269478,0.13198246
72,0.11811024,0.2744589,0.13921966
72,0.12598425,0.27949756,0.14642508
72,0.13385826,0.28448915,0.15355593
72,0.14173229,0.289546,0.16057923
72,0.1496063,0.29480746,0.16745025
72,0.15748031,0.3002396,0.17428961
72,0.16535433,0.30576193,0.18112794
72,0.17322835,0.31150082,0.18780094
72,0.18110237,0.31735414,0.19440213
72,0.18897638,0.32331124,0.20073402
72,0.19685039,0.32925883,0.20679043
72,0.20472442,0.33522794,0.2126346
72,0.21259843,0.341174,0.21800958
72,0.22047244,0.34726876,0.22333781
72,0.22834645,0.35351035,0.22846852
72,0.23622048,0.36002392,0.23352355
72,0.24409449,0.36664885,0.23840515
72,0.2519685,0.3734462,0.24319667
72,0.25984251,0.3802358,0.24776876
72,0.26771653,0.3870711,0.25212547
72,0.27559054,0.3936776,0.2562389
72,0.28346458,0.40029657,0.26009607
72,0.2913386,0.40685135,0.2637418
72,0.2992126,0.41359875,0.26738036
72,0.30708662,0.4203581,0.27082312
72,0.31496063,0.42716673,0.2743175
72,0.32283464,0.43401366,0.27786365
72,0.33070865,0.4407943,0.28166303
72,0.33858266,0.4471813,0.2855581
72,0.3464567,0.45327547,0.28965345
72,0.35433072,0.4596526,0.29446077
72,0.36220473,0.46602714,0.29945183
72,0.37007874,0.4718851,0.30413008
72,0.37795275,0.47810373,0.30924165
72,0.38582677,0.48413733,0.3143838
72,0.39370078,0.48998874,0.31943747
72,0.4015748,0.4959933,0.32485074
72,0.40944883,0.5021392,0.33065638
72,0.41732284,0.50824016,0.3363973
72,0.42519686,0.51436925,0.3420835
72,0.43307087,0.52034545,0.34783942
72,0.44094488,0.52629745,0.35337853
72,0.4488189,0.53231514,0.35910124
72,0.4566929,0.53851366,0.36478126
72,0.46456692,0.54472804,0.37047186
72,0.47244096,0.55101323,0.37607756
72,0.48031497,0.557228,0.38164312
72,0.48818898,0.56351584,0.38695174
72,0.496063,0.5697253,0.39200026
72,0.503937,0.5759425,0.39695576
72,0.511811,0.5822671,0.40169078
72,0.51968503,0.5886118,0.40637457
72,0.52755904,0.59505653,0.41089752
72,0.53543305,0.6015938,0.4153527
72,0.54330707,0.60821074,0.41970044
72,0.5511811,0.61478275,0.423867
72,0.5590551,0.6212806,0.42784527
72,0.56692916,0.6277183,0.43161047
72,0.5748032,0.63429415,0.43528235
72,0.5826772,0.640909,0.43879867
72,0.5905512,0.6476497,0.44228557
72,0.5984252,0.65451705,0.44560522
72,0.6062992,0.6613975,0.44895118
72,0.61417323,0.66822,0.45218948
72,0.62204725,0.67507637,0.4553277
72,0.62992126,0.6818784,0.45837647
72,0.63779527,0.6887029,0.46148694
72,0.6456693,0.69556785,0.46466035
72,0.6535433,0.70246416,0.46784008
72,0.6614173,0.7092713,0.47090256
72,0.6692913,0.7161612,0.47417718
72,0.6771653,0.722987,0.47737944
72,0.68503934,0.72977364,0.48065934
72,0.6929134,0.7366125,0.484
72,0.7007874,0.7433827,0.48738357
72,0.70866144,0.7502298,0.49071237
72,0.71653545,0.7569777,0.49411425
72,0.72440946,0.76374745,0.49745202
72,0.7322835,0.7705559,0.5009648
72,0.7401575,0.7773483,0.50441116
72,0.7480315,0.7842131,0.50793815
72,0.7559055,0.79093647,0.5114055
72,0.7637795,0.79774195,0.51496017
72,0.77165353,0.8045027,0.51850665
72,0.77952754,0.81126535,0.5221591
72,0.78740156,0.81803536,0.52575964
72,0.79527557,0.824764,0.5294534
72,0.8031496,0.83149123,0.5332115
72,0.8110236,0.83813846,0.5368506
72,0.81889766,0.8448182,0.5407247
72,0.8267717,0.85151255,0.54455
72,0.8346457,0.85812426,0.54843885
72,0.8425197,0.8647591,0.55234134
72,0.8503937,0.8714277,0.55633914
72,0.8582677,0.8780537,0.5603282
72,0.86614174,0.8846989,0.5644011
72,0.87401575,0.8913767,0.5685747
72,0.88188976,0.8979938,0.57278156
72,0.8897638,0.90465504,0.57695407
72,0.8976378,0.9113194,0.5812464
72,0.9055118,0.91787744,0.5855698
72,0.9133858,0.9244858,0.5898609
72,0.9212598,0.93110454,0.5941205
72,0.92913383,0.9376587,0.5984303
72,0.93700784,0.9441853,0.60277164
72,0.9448819,0.9506748,0.6070907
72,0.9527559,0.9571984,0.61147946
72,0.96062994,0.96370506,0.6158347
72,0.96850395,0.9702555,0.6203038
72,0.97637796,0.97689235,0.6248184
72,0.984252,0.98346096,0.6292464
72,0.992126,0.9901808,0.6339031
72,1.0,0.9968,0.63842857
73,0.0,0.178,0.032714285
73,0.007874016,0.18394215,0.038616598
73,0.015748031,0.18994038,0.044736672
73,0.023622047,0.19600771,0.05091971
73,0.031496063,0.20203951,0.057078045
73,0.03937008,0.2080708,0.06346871
73,0.047244094,0.21393745,0.069693126
73,0.05511811,0.21970618,0.07605917
73,0.062992126,0.22540917,0.082580954
73,0.070866145,0.23110674,0.08906485
73,0.07874016,0.23676449,0.095651425
73,0.08661418,0.24239571,0.10222875
73,0.09448819,0.248156,0.10900686
73,0.10236221,0.25391585,0.115475245
73,0.11023622,0.259522,0.121853724
73,0.11811024,0.26513088,0.1282353
73,0.12598425,0.27069926,0.13478477
73,0.13385826,0.27638322,0.14153558
73,0.14173229,0.2819957,0.14841059
73,0.1496063,0.2874481,0.1552333
73,0.15748031,0.2927781,0.16211157
73,0.16535433,0.29819873,0.16872562
73,0.17322835,0.30374658,0.17531736
73,0.18110237,0.3093638,0.18189432
73,0.18897638,0.31525135,0.18839665
73,0.19685039,0.3212579,0.19467418
73,0.20472442,0.32730433,0.20088817
73,0.21259843,0.33351615,0.20684622
73,0.22047244,0.33971322,0.21263295
73,0.22834645,0.3460462,0.21823598
73,0.23622048,0.3523373,0.2236169
73,0.24409449,0.35871306,0.2287757
73,0.2519685,0.36513358,0.2337245
73,0.25984251,0.37162834,0.23847243
73,0.26771653,0.37815037,0.24319197
73,0.27559054,0.38480887,0.24791577
73,0.28346458,0.39146608,0.25244963
73,0.2913386,0.398127,0.25708595
73,0.2992126,0.40474477,0.26160342
73,0.30708662,0.41131034,0.26622167
73,0.31496063,0.41795036,0.2708217
73,0.32283464,0.4245274,0.27568978
73,0.33070865,0.4310565,0.2804944
73,0.33858266,0.43762153,0.28537253
73,0.3464567,0.4440139,0.2903112
73,0.35433072,0.45034304,0.2951258
73,0.36220473,0.45660698,0.30005035
73,0.37007874,0.46287933,0.30495518
73,0.37795275,0.46920708,0.30999848
73,0.38582677,0.47567266,0.31512055
73,0.39370078,0.48225588,0.32033134
73,0.4015748,0.48876306,0.3254818
73,0.40944883,0.49519676,0.33071175
73,0.41732284,0.50178546,0.33591074
73,0.42519686,0.50827795,0.34124112
73,0.43307087,0.5148925,0.34648514
73,0.44094488,0.5214788,0.3517497
73,0.4488189,0.52811843,0.3570663
73,0.4566929,0.53454727,0.36230388
73,0.46456692,0.5408459,0.36732176
73,0.47244096,0.5471116,0.37225768
73,0.48031497,0.5533614,0.37726134
73,0.48818898,0.55965006,0.38218936
73,0.496063,0.5659701,0.3871557
73,0.503937,0.57234246,0.39197496
73,0.511811,0.5786153,0.3967252
73,0.51968503,0.58503085,0.4014506
73,0.52755904,0.5914552,0.40608895
73,0.53543305,0.59814256,0.41074467
73,0.54330707,0.60487956,0.4152075
73,0.5511811,0.6116346,0.4195939
73,0.5590551,0.6184164,0.42393273
73,0.56692916,0.6251341,0.42821783
73,0.5748032,0.6319031,0.43234333
73,0.5826772,0.638743,0.4364526
73,0.5905512,0.6455631,0.44040796
73,0.5984252,0.65245295,0.44448388
73,0.6062992,0.65923566,0.44842365
73,0.61417323,0.6658929,0.45234385
73,0.62204725,0.6726337,0.45636255
73,0.62992126,0.679368,0.46030512
73,0.63779527,0.68619585,0.46429557
73,0.6456693,0.6930842,0.4683358
73,0.6535433,0.69991547,0.47245473
73,0.6614173,0.70681673,0.47656938
73,0.6692913,0.71361524,0.48062813
73,0.6771653,0.7204748,0.48470482
73,0.68503934,0.7272068,0.4887678
73,0.6929134,0.73406,0.49279222
73,0.7007874,0.74079263,0.49691778
73,0.70866144,0.7475176,0.50097257
73,0.71653545,0.75424373,0.50506455
73,0.72440946,0.76106745,0.5090524
73,0.7322835,0.76779896,0.5132239
73,0.7401575,0.7745485,0.51729494
73,0.7480315,0.781368,0.521409
73,0.7559055,0.7881391,0.52553666
73,0.7637795,0.79488146,0.52963096
73,0.77165353,0.8016015,0.53374386
73,0.77952754,0.8084059,0.53776807
73,0.78740156,0.8150981,0.5419132
73,0.79527557,0.82188076,0.54598844
73,0.8031496,0.8286578,0.55011874
73,0.8110236,0.835431,0.5541615
73,0.81889766,0.8421541,0.5582656
73,0.8267717,0.84895957,0.5623982
73,0.8346457,0.85563374,0.56652933
73,0.8425197,0.8624241,0.57069784
73,0.8503937,0.8691834,0.574804
73,0.8582677,0.8759402,0.57899344
73,0.86614174,0.88263136,0.5832033
73,0.87401575,0.8893852,0.5874367
73,0.88188976,0.89614105,0.5916328
73,0.8897638,0.9028471,0.5959491
73,0.8976378,0.90961486,0.6002575
73,0.9055118,0.916292,0.6045461
73,0.9133858,0.92291933,0.6087465
73,0.9212598,0.9294504,0.61291236
73,0.92913383,0.93600297,0.61716676
73,0.93700784,0.9425571,0.6214882
73,0.9448819,0.94927156,0.62584937
73,0.9527559,0.95591843,0.6303748
73,0.96062994,0.9625673,0.63475865
73,0.96850395,0.969098,0.6392734
73,0.97637796,0.97564423,0.6435896
73,0.984252,0.9821184,0.64800113
73,0.992126,0.98885566,0.6523969
73,1.0,0.9959,0.6571429
74,0.0,0.989,0.7385714
74,0.007874016,0.980047,0.73330325
74,0.015748031,0.9711822,0.727918
74,0.023622047,0.9623811,0.722584
74,0.031496063,0.9535363,0.71695447
74,0.03937008,0.94466335,0.71118814
74,0.047244094,0.93585074,0.705304
74,0.05511811,0.92704695,0.6993907
74,0.062992126,0.918241,0.6935765
74,0.070866145,0.9095065,0.68779033
74,0.07874016,0.9006489,0.68202126
74,0.08661418,0.8918581,0.6762558
74,0.09448819,0.8830052,0.6706466
74,0.10236221,0.87415415,0.6651751
74,0.11023622,0.8652033,0.6597165
74,0.11811024,0.8562681,0.6542668
74,0.12598425,0.84744036,0.6488244
74,0.13385826,0.83853465,0.6432468
74,0.14173229,0.82971805,0.6375264
74,0.1496063,0.82077986,0.63178563
74,0.15748031,0.81193703,0.62614125
74,0.16535433,0.8030805,0.62071455
74,0.17322835,0.79412544,0.6153366
74,0.18110237,0.78503543,0.6102711
74,0.18897638,0.7758834,0.6053254
74,0.19685039,0.7667627,0.600604
74,0.20472442,0.7577301,0.5959507
74,0.21259843,0.7486143,0.5914991
74,0.22047244,0.739307,0.5872173
74,0.22834645,0.7301148,0.583338
74,0.23622048,0.7210997,0.57980937
74,0.24409449,0.71182823,0.57643664
74,0.2519685,0.70223635,0.57321554
74,0.25984251,0.692772,0.5701349
74,0.26771653,0.6833018,0.56737196
74,0.27559054,0.6738376,0.5646591
74,0.28346458,0.6643421,0.5621408
74,0.2913386,0.6547474,0.55996037
74,0.2992126,0.6451877,0.5580581
74,0.30708662,0.63556004,0.5567333
74,0.31496063,0.62598956,0.556
74,0.32283464,0.616355,0.5562467
74,0.33070865,0.6066503,0.5576483
74,0.33858266,0.59714633,0.5601056
74,0.3464567,0.5876693,0.5634091
74,0.35433072,0.5783761,0.5675076
74,0.36220473,0.56933767,0.5721332
74,0.37007874,0.56025547,0.5771905
74,0.37795275,0.55121446,0.58269376
74,0.38582677,0.5424526,0.5884708
74,0.39370078,0.53371435,0.5945612
74,0.4015748,0.525091,0.60083014
74,0.40944883,0.5166102,0.607257
74,0.41732284,0.50813293,0.6138535
74,0.42519686,0.49966404,0.6205181
74,0.43307087,0.49125952,0.62727183
74,0.44094488,0.48279235,0.6339619
74,0.4488189,0.47421965,0.64027274
74,0.4566929,0.46562496,0.6462363
74,0.46456692,0.45673272,0.65165347
74,0.47244096,0.44756395,0.656541
74,0.48031497,0.43821326,0.6606024
74,0.48818898,0.42859536,0.6637691
74,0.496063,0.41890392,0.6659279
74,0.503937,0.4092155,0.667
74,0.511811,0.3996328,0.6668571
74,0.51968503,0.39007014,0.66547716
74,0.52755904,0.380512,0.6629463
74,0.53543305,0.37096334,0.65927076
74,0.54330707,0.36189425,0.65469897
74,0.5511811,0.3534507,0.6492505
74,0.5590551,0.34532884,0.64274174
74,0.56692916,0.33765963,0.6349086
74,0.5748032,0.3303273,0.6260238
74,0.5826772,0.3235178,0.61593235
74,0.5905512,0.31718165,0.60534084
74,0.5984252,0.31134033,0.5941098
74,0.6062992,0.3060306,0.5823886
74,0.61417323,0.30115238,0.5702925
74,0.62204725,0.29684925,0.55797064
74,0.62992126,0.293104,0.5452635
74,0.63779527,0.28980324,0.53234875
74,0.6456693,0.28700814,0.51911217
74,0.6535433,0.28449222,0.5057511
74,0.6614173,0.2824433,0.49224368
74,0.6692913,0.28061587,0.4787675
74,0.6771653,0.27907416,0.46520716
74,0.68503934,0.2777498,0.45156917
74,0.6929134,0.27646542,0.4376358
74,0.7007874,0.2751979,0.4237367
74,0.70866144,0.27389166,0.4097796
74,0.71653545,0.27249965,0.3959006
74,0.72440946,0.27094775,0.38210505
74,0.7322835,0.26913828,0.36855918
74,0.7401575,0.26706675,0.35499257
74,0.7480315,0.26462674,0.34160036
74,0.7559055,0.2618113,0.32833406
74,0.7637795,0.2586185,0.31530863
74,0.77165353,0.2551447,0.30238968
74,0.77952754,0.25127923,0.28982043
74,0.78740156,0.247022,0.27734858
74,0.79527557,0.2424772,0.2652287
74,0.8031496,0.23754582,0.25325957
74,0.8110236,0.2323357,0.2416443
74,0.81889766,0.2268553,0.23039104
74,0.8267717,0.22103816,0.21945366
74,0.8346457,0.21503025,0.20871203
74,0.8425197,0.20867795,0.1982673
74,0.8503937,0.20199132,0.1881615
74,0.8582677,0.19513713,0.1784231
74,0.86614174,0.18809068,0.1689505
74,0.87401575,0.18076314,0.15985791
74,0.88188976,0.17342119,0.15122423
74,0.8897638,0.16588102,0.14283547
74,0.8976378,0.15823695,0.13457082
74,0.9055118,0.15051213,0.12659702
74,0.9133858,0.14274283,0.11878791
74,0.9212598,0.134751,0.111000955
74,0.92913383,0.12674452,0.10337573
74,0.93700784,0.11858129,0.09573611
74,0.9448819,0.11031032,0.08807558
74,0.9527559,0.102027714,0.080532864
74,0.96062994,0.09368793,0.07294152
74,0.96850395,0.08542798,0.06542199
74,0.97637796,0.077121705,0.057950743
74,0.984252,0.068856105,0.050516076
74,0.992126,0.06062063,0.043251358
74,1.0,0.0524,0.03585714
75,0.0,0.2101,0.9484286
75,0.007874016,0.21264806,0.940577
75,0.015748031,0.21511094,0.93258256
75,0.023622047,0.2176664,0.924731
75,0.031496063,0.22022188,0.9167366
75,0.03937008,0.22274025,0.908885
75,0.047244094,0.22528829,0.90103346
75,0.05511811,0.22783634,0.89311326
75,0.062992126,0.23038438,0.88518745
75,0.070866145,0.23293519,0.87732804
75,0.07874016,0.2355646,0.8694121
75,0.08661418,0.23816547,0.8613844
75,0.09448819,0.24084337,0.85337925
75,0.10236221,0.24347037,0.8454321
75,0.11023622,0.2460253,0.8374455
75,0.11811024,0.24861418,0.82974184
75,0.12598425,0.2511452,0.8220506
75,0.13385826,0.25372618,0.8140456
75,0.14173229,0.25629267,0.8058781
75,0.1496063,0.2589371,0.79771936
75,0.15748031,0.26144361,0.7894791
75,0.16535433,0.26401517,0.78138524
75,0.17322835,0.2664631,0.77344006
75,0.18110237,0.26889092,0.76560605
75,0.18897638,0.27128884,0.75770384
75,0.19685039,0.27374953,0.7497877
75,0.20472442,0.2761212,0.7417403
75,0.21259843,0.2783,0.7342134
75,0.22047244,0.28013518,0.7280423
75,0.22834645,0.2822727,0.72025985
75,0.23622048,0.28444988,0.71226233
75,0.24409449,0.2866291,0.7040181
75,0.2519685,0.28861612,0.69549465
75,0.25984251,0.2903217,0.686934
75,0.26771653,0.2916701,0.6783489
75,0.27559054,0.29269856,0.66987056
75,0.28346458,0.29337886,0.6612114
75,0.2913386,0.29376107,0.65254825
75,0.2992126,0.2939,0.64367396
75,0.30708662,0.2939,0.634805
75,0.31496063,0.29374763,0.62580293
75,0.32283464,0.2934671,0.61696255
75,0.33070865,0.29319152,0.6082347
75,0.33858266,0.29281995,0.5996276
75,0.3464567,0.29255146,0.59110695
75,0.35433072,0.29218498,0.5823498
75,0.36220473,0.29182014,0.5736321
75,0.37007874,0.29145727,0.564819
75,0.37795275,0.29109567,0.55603755
75,0.38582677,0.2907349,0.5472761
75,0.39370078,0.29037398,0.53851086
75,0.4015748,0.2900122,0.52986825
75,0.40944883,0.28964922,0.52112514
75,0.41732284,0.28928524,0.51249903
75,0.42519686,0.28892043,0.50389546
75,0.43307087,0.28845537,0.49526566
75,0.44094488,0.28808212,0.48665294
75,0.4488189,0.28762794,0.47806713
75,0.4566929,0.28713247,0.46946585
75,0.46456692,0.28660634,0.4607252
75,0.47244096,0.2860487,0.45204034
75,0.48031497,0.2854861,0.44340283
75,0.48818898,0.28477973,0.43468255
75,0.496063,0.2840781,0.42601955
75,0.503937,0.28338104,0.41747063
75,0.511811,0.28248742,0.40884727
75,0.51968503,0.28164732,0.40026283
75,0.52755904,0.28061843,0.39172065
75,0.53543305,0.27956006,0.38310033
75,0.54330707,0.2783765,0.3745128
75,0.5511811,0.27704886,0.3659569
75,0.5590551,0.2756517,0.35743725
75,0.56692916,0.27415964,0.34907645
75,0.5748032,0.27249205,0.34070587
75,0.5826772,0.27071148,0.3325464
75,0.5905512,0.26874718,0.3244529
75,0.5984252,0.26670095,0.3164326
75,0.6062992,0.2643524,0.3083451
75,0.61417323,0.26188985,0.30028877
75,0.62204725,0.25927907,0.29236126
75,0.62992126,0.2565391,0.28462934
75,0.63779527,0.25361907,0.27696335
75,0.6456693,0.25059366,0.2694694
75,0.6535433,0.24742797,0.2620098
75,0.6614173,0.24416485,0.25466266
75,0.6692913,0.24077615,0.2473922
75,0.6771653,0.23729052,0.24033795
75,0.68503934,0.23374182,0.23330389
75,0.6929134,0.23010848,0.22631255
75,0.7007874,0.22634977,0.2194843
75,0.70866144,0.22245698,0.21287434
75,0.71653545,0.21855071,0.20619638
75,0.72440946,0.2144762,0.1997424
75,0.7322835,0.21035758,0.19337311
75,0.7401575,0.20612387,0.18717697
75,0.7480315,0.20182264,0.18106405
75,0.7559055,0.19744053,0.1750579
75,0.7637795,0.19298415,0.16921797
75,0.77165353,0.18838109,0.16360272
75,0.77952754,0.18374006,0.15796007
75,0.78740156,0.17894374,0.15250713
75,0.79527557,0.17410286,0.14714593
75,0.8031496,0.16925369,0.14187112
75,0.8110236,0.16427395,0.13665192
75,0.81889766,0.15931004,0.13161369
75,0.8267717,0.15424739,0.12661979
75,0.8346457,0.14919385,0.12166284
75,0.8425197,0.14403757,0.116774425
75,0.8503937,0.13895524,0.111983135
75,0.8582677,0.13382277,0.107251026
75,0.86614174,0.1286145,0.10255298
75,0.87401575,0.12342851,0.097995505
75,0.88188976,0.1182638,0.09340952
75,0.8897638,0.11311758,0.08893455
75,0.8976378,0.10789462,0.08433694
75,0.9055118,0.1026932,0.07990092
75,0.9133858,0.09751212,0.075482585
75,0.9212598,0.09228376,0.07108171
75,0.92913383,0.08711607,0.06658019
75,0.93700784,0.08191698,0.062219296
75,0.9448819,0.076657765,0.057774328
75,0.9527559,0.071490824,0.053449277
75,0.96062994,0.06625839,0.04902148
75,0.96850395,0.061045736,0.04461063
75,0.97637796,0.05585264,0.04021655
75,0.984252,0.050499205,0.035697147
75,0.992126,0.045037504,0.03092308
75,1.0,0.0395,0.026285714
76,0.0,0.1878,0.042142857
76,0.007874016,0.19378152,0.047843944
76,0.015748031,0.2000172,0.05370537
76,0.023622047,0.20589526,0.059278946
76,0.031496063,0.21199457,0.06485197
76,0.03937008,0.2177,0.07057143
76,0.047244094,0.22153786,0.074768364
76,0.05511811,0.22795959,0.08135382
76,0.062992126,0.23399423,0.08742363
76,0.070866145,0.23980094,0.09314393
76,0.07874016,0.24587658,0.09932278
76,0.08661418,0.25148946,0.105413504
76,0.09448819,0.25661457,0.111337036
76,0.10236221,0.26220292,0.11778885
76,0.11023622,0.2675866,0.12393961
76,0.11811024,0.2729731,0.130533
76,0.12598425,0.27837244,0.1373892
76,0.13385826,0.28362167,0.14416993
76,0.14173229,0.28885025,0.1509606
76,0.1496063,0.29405499,0.15779285
76,0.15748031,0.29929402,0.16463518
76,0.16535433,0.30460837,0.17166021
76,0.17322835,0.31009772,0.17868748
76,0.18110237,0.31558585,0.18560053
76,0.18897638,0.32108498,0.19226755
76,0.19685039,0.3266583,0.19874081
76,0.20472442,0.33234197,0.20506752
76,0.21259843,0.3380463,0.21114375
76,0.22047244,0.34393397,0.21707995
76,0.22834645,0.34996775,0.22287405
76,0.23622048,0.3561233,0.2285208
76,0.24409449,0.36237192,0.23415601
76,0.2519685,0.3687433,0.23946981
76,0.25984251,0.3749057,0.24459481
76,0.26771653,0.3810573,0.2494246
76,0.27559054,0.38726643,0.2541971
76,0.28346458,0.39361778,0.2589547
76,0.2913386,0.40005326,0.26362154
76,0.2992126,0.40651995,0.2683276
76,0.30708662,0.4130183,0.2728702
76,0.31496063,0.41944745,0.27727395
76,0.32283464,0.42581174,0.28176728
76,0.33070865,0.43225637,0.28621298
76,0.33858266,0.43864548,0.29074678
76,0.3464567,0.44501743,0.29529607
76,0.35433072,0.4515848,0.2999177
76,0.36220473,0.45806366,0.3045868
76,0.37007874,0.46444258,0.3091733
76,0.37795275,0.47072875,0.31392303
76,0.38582677,0.4770655,0.31867105
76,0.39370078,0.48340085,0.3234292
76,0.4015748,0.48974943,0.3282496
76,0.40944883,0.49587283,0.3327559
76,0.41732284,0.50235033,0.3376788
76,0.42519686,0.50779223,0.34194496
76,0.43307087,0.5141595,0.34687957
76,0.44094488,0.5201182,0.35144585
76,0.4488189,0.52602726,0.35616234
76,0.4566929,0.5321824,0.36112776
76,0.46456692,0.53855574,0.36639696
76,0.47244096,0.54494846,0.37177354
76,0.48031497,0.5513617,0.37712017
76,0.48818898,0.55768126,0.3822908
76,0.496063,0.5640505,0.38742897
76,0.503937,0.5703608,0.39240056
76,0.511811,0.57652944,0.39709246
76,0.51968503,0.5828495,0.40167582
76,0.52755904,0.589127,0.40600848
76,0.53543305,0.5955239,0.4103453
76,0.54330707,0.6019748,0.41439494
76,0.5511811,0.608469,0.4184248
76,0.5590551,0.61499757,0.42221293
76,0.56692916,0.6217034,0.42600203
76,0.5748032,0.6284316,0.42973828
76,0.5826772,0.6352681,0.4333704
76,0.5905512,0.6421323,0.43692377
76,0.5984252,0.6488822,0.4405232
76,0.6062992,0.6557214,0.4440761
76,0.61417323,0.66257125,0.44758245
76,0.62204725,0.66934896,0.45119426
76,0.62992126,0.6760913,0.45462924
76,0.63779527,0.6827456,0.45817792
76,0.6456693,0.68942016,0.46173257
76,0.6535433,0.69608736,0.46533534
76,0.6614173,0.70267254,0.46894288
76,0.6692913,0.7093881,0.47251147
76,0.6771653,0.7159399,0.47617137
76,0.68503934,0.72260636,0.479929
76,0.6929134,0.72922826,0.48355255
76,0.7007874,0.7358146,0.4873226
76,0.70866144,0.74247426,0.49106675
76,0.71653545,0.74914443,0.49485394
76,0.72440946,0.75574243,0.49875957
76,0.7322835,0.7624062,0.50258064
76,0.7401575,0.7690907,0.50643444
76,0.7480315,0.77578497,0.5103299
76,0.7559055,0.7823851,0.5141448
76,0.7637795,0.7890358,0.5180656
76,0.77165353,0.79570466,0.522003
76,0.77952754,0.8024109,0.52595514
76,0.78740156,0.8090316,0.5299259
76,0.79527557,0.8156376,0.5338175
76,0.8031496,0.822223,0.5376495
76,0.8110236,0.82880694,0.54159606
76,0.81889766,0.8353435,0.54551643
76,0.8267717,0.8419421,0.5494135
76,0.8346457,0.8486063,0.5533607
76,0.8425197,0.8552214,0.5572885
76,0.8503937,0.8618518,0.5612671
76,0.8582677,0.8685018,0.5652256
76,0.86614174,0.87511617,0.5692764
76,0.87401575,0.88175964,0.57323724
76,0.88188976,0.8883753,0.5772908
76,0.8897638,0.8950313,0.58118933
76,0.8976378,0.901646,0.5852193
76,0.9055118,0.90820587,0.58923995
76,0.9133858,0.91475004,0.5932512
76,0.9212598,0.92128235,0.5972556
76,0.92913383,0.92789394,0.6012537
76,0.93700784,0.93443,0.6052662
76,0.9448819,0.94101465,0.6093732
76,0.9527559,0.9476061,0.61344236
76,0.96062994,0.9541901,0.61747193
76,0.96850395,0.9607757,0.6215992
76,0.97637796,0.9673675,0.6256957
76,0.984252,0.9739516,0.62973666
76,0.992126,0.980528,0.6338697
76,1.0,0.9871,0.638
77,0.0,0.2161,0.94585717
77,0.007874016,0.21853805,0.9378913
77,0.015748031,0.22106342,0.92992544
77,0.023622047,0.22351414,0.92195964
77,0.031496063,0.22595106,0.91399693
77,0.03937008,0.22840191,0.90605056
77,0.047244094,0.2309078,0.8980711
77,0.05511811,0.23334354,0.89006686
77,0.062992126,0.23585811,0.88205826
77,0.070866145,0.23839378,0.8740178
77,0.07874016,0.24089555,0.8658438
77,0.08661418,0.24335651,0.8578385
77,0.09448819,0.2459101,0.8496797
77,0.10236221,0.24834956,0.84172994
77,0.11023622,0.25075498,0.83385575
77,0.11811024,0.2532316,0.82587576
77,0.12598425,0.25567007,0.81782115
77,0.13385826,0.2580838,0.80977213
77,0.14173229,0.26058143,0.80180967
77,0.1496063,0.26297846,0.79381925
77,0.15748031,0.26539904,0.78586084
77,0.16535433,0.26790982,0.7776292
77,0.17322835,0.27039367,0.7695925
77,0.18110237,0.27287185,0.7613661
77,0.18897638,0.27520922,0.7535385
77,0.19685039,0.27738163,0.746105
77,0.20472442,0.27975598,0.73768014
77,0.21259843,0.28158462,0.7304725
77,0.22047244,0.2835717,0.7224071
77,0.22834645,0.2854949,0.7140255
77,0.23622048,0.28734413,0.7057479
77,0.24409449,0.28911638,0.6975376
77,0.2519685,0.290733,0.68917614
77,0.25984251,0.29224202,0.68068457
77,0.26771653,0.29366085,0.6720499
77,0.27559054,0.29495656,0.663391
77,0.28346458,0.29603747,0.65467894
77,0.2913386,0.2969687,0.64607644
77,0.2992126,0.29777116,0.63743126
77,0.30708662,0.29842493,0.628787
77,0.31496063,0.29885468,0.619971
77,0.32283464,0.2992,0.6111766
77,0.33070865,0.2994,0.6022859
77,0.33858266,0.2996,0.5934465
77,0.3464567,0.2996,0.5846474
77,0.35433072,0.29957366,0.57586384
77,0.36220473,0.2994,0.5672343
77,0.37007874,0.2992,0.5586092
77,0.37795275,0.29894716,0.5500102
77,0.38582677,0.29854098,0.5413065
77,0.39370078,0.2980373,0.5326565
77,0.4015748,0.29743657,0.5239785
77,0.40944883,0.29673928,0.51527035
77,0.41732284,0.29593617,0.50660896
77,0.42519686,0.29506564,0.4979763
77,0.43307087,0.2941078,0.48944038
77,0.44094488,0.29307535,0.48086113
77,0.4488189,0.2920332,0.47239572
77,0.4566929,0.29091862,0.46390375
77,0.46456692,0.2897208,0.4553589
77,0.47244096,0.28854036,0.44687897
77,0.48031497,0.28723487,0.43828312
77,0.48818898,0.28593606,0.4296603
77,0.496063,0.2845558,0.4211244
77,0.503937,0.28319132,0.41258702
77,0.511811,0.28174058,0.4040466
77,0.51968503,0.2802513,0.39557815
77,0.52755904,0.27869028,0.38703567
77,0.53543305,0.2770401,0.37869188
77,0.54330707,0.27535966,0.37031293
77,0.5511811,0.27356857,0.36200973
77,0.5590551,0.2716527,0.3536544
77,0.56692916,0.26970947,0.34532633
77,0.5748032,0.2676716,0.33702123
77,0.5826772,0.26547477,0.32886645
77,0.5905512,0.2632177,0.320694
77,0.5984252,0.26085782,0.31256795
77,0.6062992,0.2583642,0.30456987
77,0.61417323,0.25576878,0.29669094
77,0.62204725,0.2530853,0.28889915
77,0.62992126,0.25024468,0.28114522
77,0.63779527,0.24729231,0.27359828
77,0.6456693,0.24416485,0.26606756
77,0.6535433,0.24095681,0.25869316
77,0.6614173,0.23763514,0.25128958
77,0.6692913,0.23414066,0.24414416
77,0.6771653,0.2305616,0.23697715
77,0.68503934,0.22696973,0.23007092
77,0.6929134,0.22316445,0.22323406
77,0.7007874,0.21933952,0.21647061
77,0.70866144,0.21536392,0.2098208
77,0.71653545,0.21126908,0.20326167
77,0.72440946,0.2071234,0.19689056
77,0.7322835,0.20283477,0.19047825
77,0.7401575,0.19851662,0.18434061
77,0.7480315,0.19413483,0.17819262
77,0.7559055,0.18959546,0.1723155
77,0.7637795,0.18503247,0.16656671
77,0.77165353,0.18039306,0.16090758
77,0.77952754,0.17572878,0.15548533
77,0.78740156,0.17087185,0.15012291
77,0.79527557,0.16608801,0.14486596
77,0.8031496,0.16117932,0.13973778
77,0.8110236,0.1562468,0.13469978
77,0.81889766,0.15113665,0.12972754
77,0.8267717,0.14601372,0.12490368
77,0.8346457,0.14090903,0.12020217
77,0.8425197,0.13571207,0.11548048
77,0.8503937,0.13054326,0.11086697
77,0.8582677,0.12529993,0.10628566
77,0.86614174,0.1200731,0.10171274
77,0.87401575,0.11482403,0.0972409
77,0.88188976,0.10959419,0.092731155
77,0.8897638,0.10442501,0.08818682
77,0.8976378,0.09924073,0.08375308
77,0.9055118,0.094081886,0.07914891
77,0.9133858,0.08893045,0.07453226
77,0.9212598,0.083779,0.07005846
77,0.92913383,0.07863001,0.06544396
77,0.93700784,0.07349895,0.06079017
77,0.9448819,0.068326585,0.056120556
77,0.9527559,0.06319804,0.05141586
77,0.96062994,0.058028597,0.046728436
77,0.96850395,0.052789215,0.042067442
77,0.97637796,0.04767441,0.03742805
77,0.984252,0.042574137,0.032658584
77,0.992126,0.037381772,0.028025927
77,1.0,0.0322,0.023285715
78,0.0,0.1869,0.040142857
78,0.007874016,0.19312048,0.0464957
78,0.015748031,0.1997615,0.05331588
78,0.023622047,0.20572542,0.059657626
78,0.031496063,0.21082968,0.06545683
78,0.03937008,0.21654658,0.071450755
78,0.047244094,0.22233856,0.07768161
78,0.05511811,0.22610448,0.08257783
78,0.062992126,0.23123448,0.08892512
78,0.070866145,0.2365118,0.09548383
78,0.07874016,0.24206397,0.10227311
78,0.08661418,0.24781704,0.10946368
78,0.09448819,0.25337222,0.11658598
78,0.10236221,0.25873706,0.1237302
78,0.11023622,0.2640381,0.13105442
78,0.11811024,0.26939803,0.13837495
78,0.12598425,0.27487913,0.14568447
78,0.13385826,0.2803135,0.15294546
78,0.14173229,0.28574067,0.15997942
78,0.1496063,0.29132435,0.16669114
78,0.15748031,0.29701862,0.17341751
78,0.16535433,0.30288947,0.18005177
78,0.17322835,0.3089037,0.18638475
78,0.18110237,0.31496432,0.19258167
78,0.18897638,0.32112235,0.19857655
78,0.19685039,0.32735687,0.20405455
78,0.20472442,0.3335837,0.20926473
78,0.21259843,0.3398953,0.21433203
78,0.22047244,0.3463447,0.21910337
78,0.22834645,0.35293183,0.22367254
78,0.23622048,0.35960388,0.22796156
78,0.24409449,0.36626258,0.23209953
78,0.2519685,0.37300998,0.23609386
78,0.25984251,0.37984172,0.23990026
78,0.26771653,0.3866998,0.24355833
78,0.27559054,0.39357686,0.24721189
78,0.28346458,0.40046498,0.25072208
78,0.2913386,0.4073971,0.25423226
78,0.2992126,0.4143162,0.2577435
78,0.30708662,0.42114472,0.2614053
78,0.31496063,0.42799535,0.2650791
78,0.32283464,0.4348695,0.26902214
78,0.33070865,0.4416717,0.2730461
78,0.33858266,0.44838563,0.27723363
78,0.3464567,0.45494032,0.28167167
78,0.35433072,0.4614408,0.28638628
78,0.36220473,0.46787512,0.2914531
78,0.37007874,0.4741595,0.29695594
78,0.37795275,0.48031837,0.30277294
78,0.38582677,0.48626128,0.30886525
78,0.39370078,0.49198428,0.31544462
78,0.4015748,0.49747935,0.32220104
78,0.40944883,0.50283134,0.329337
78,0.41732284,0.5078426,0.33679545
78,0.42519686,0.5126083,0.34454203
78,0.43307087,0.517138,0.3527391
78,0.44094488,0.52127,0.3613143
78,0.4488189,0.5249887,0.37025988
78,0.4566929,0.52834463,0.3795007
78,0.46456692,0.53118557,0.38906074
78,0.47244096,0.533593,0.39868596
78,0.48031497,0.53551817,0.40869874
78,0.48818898,0.53700364,0.41874555
78,0.496063,0.5381025,0.4291057
78,0.503937,0.53873295,0.43960813
78,0.511811,0.5389,0.4500471
78,0.51968503,0.5386109,0.46041882
78,0.52755904,0.5379722,0.47073442
78,0.53543305,0.5368537,0.48104534
78,0.54330707,0.53536576,0.49132872
78,0.5511811,0.53345823,0.50128406
78,0.5590551,0.5311838,0.51112103
78,0.56692916,0.5285528,0.5206781
78,0.5748032,0.5256381,0.530085
78,0.5826772,0.5223858,0.53933865
78,0.5905512,0.5187512,0.5483868
78,0.5984252,0.5149064,0.557272
78,0.6062992,0.51076084,0.5660052
78,0.61417323,0.5063428,0.57447237
78,0.62204725,0.50174636,0.5826634
78,0.62992126,0.49702883,0.5905343
78,0.63779527,0.4920426,0.5982248
78,0.6456693,0.48692027,0.60572904
78,0.6535433,0.48165694,0.6129187
78,0.6614173,0.4762095,0.61981565
78,0.6692913,0.47067744,0.626591
78,0.6771653,0.465112,0.6331434
78,0.68503934,0.45945948,0.63961774
78,0.6929134,0.45370343,0.64600986
78,0.7007874,0.44787708,0.65243155
78,0.70866144,0.4421252,0.6586868
78,0.71653545,0.4362732,0.66511875
78,0.72440946,0.43053976,0.67153907
78,0.7322835,0.4247832,0.6779211
78,0.7401575,0.41893682,0.6844894
78,0.7480315,0.41325238,0.69096476
78,0.7559055,0.4076266,0.6976572
78,0.7637795,0.40196377,0.70427614
78,0.77165353,0.39646545,0.71112704
78,0.77952754,0.39100346,0.7179479
78,0.78740156,0.3856859,0.7248365
78,0.79527557,0.380477,0.7318068
78,0.8031496,0.3753366,0.73894775
78,0.8110236,0.3702872,0.7462096
78,0.81889766,0.3654248,0.7535803
78,0.8267717,0.36055034,0.7611831
78,0.8346457,0.35574958,0.7688546
78,0.8425197,0.35096171,0.7768772
78,0.8503937,0.34632742,0.78503996
78,0.8582677,0.34169504,0.7934116
78,0.86614174,0.33717737,0.80180734
78,0.87401575,0.3327017,0.81049323
78,0.88188976,0.32830423,0.8191141
78,0.8897638,0.32395536,0.82790744
78,0.8976378,0.3196619,0.8367585
78,0.9055118,0.3156685,0.84540546
78,0.9133858,0.31162843,0.85398704
78,0.9212598,0.30771375,0.8626552
78,0.92913383,0.30372214,0.87137794
78,0.93700784,0.29985017,0.88008535
78,0.9448819,0.29599047,0.88899386
78,0.9527559,0.2921371,0.89793396
78,0.96062994,0.28828776,0.9068646
78,0.96850395,0.28434637,0.9159193
78,0.97637796,0.2805173,0.9249449
78,0.984252,0.27670085,0.9339693
78,0.992126,0.27289453,0.9430704
78,1.0,0.2691,0.95214283
79,0.0,0.2167,0.9467143
79,0.007874016,0.2192535,0.93858355
79,0.015748031,0.2218016,0.93061376
79,0.023622047,0.2244191,0.9224109
79,0.031496063,0.22698194,0.9140645
79,0.03937008,0.22956026,0.9058972
79,0.047244094,0.23202354,0.8976303
79,0.05511811,0.23452708,0.8894033
79,0.062992126,0.23692891,0.88105434
79,0.070866145,0.2394186,0.87286216
79,0.07874016,0.24190357,0.8645587
79,0.08661418,0.24431515,0.856321
79,0.09448819,0.24672212,0.8481976
79,0.10236221,0.24909191,0.84024316
79,0.11023622,0.25145957,0.8324381
79,0.11811024,0.25387743,0.8244253
79,0.12598425,0.25634855,0.8162633
79,0.13385826,0.25896826,0.80789334
79,0.14173229,0.26152143,0.79937375
79,0.1496063,0.26418912,0.7907789
79,0.15748031,0.26664752,0.78240174
79,0.16535433,0.26903835,0.7741199
79,0.17322835,0.2713969,0.7657253
79,0.18110237,0.2737322,0.757385
79,0.18897638,0.27595124,0.7490221
79,0.19685039,0.27811205,0.7405198
79,0.20472442,0.2801175,0.7319249
79,0.21259843,0.2821114,0.723357
79,0.22047244,0.28389362,0.71474624
79,0.22834645,0.28558162,0.7060486
79,0.23622048,0.28710046,0.697397
79,0.24409449,0.288455,0.688782
79,0.2519685,0.28966415,0.67992455
79,0.25984251,0.2906673,0.67111415
79,0.26771653,0.29149836,0.66211313
79,0.27559054,0.29221645,0.65315324
79,0.28346458,0.2928097,0.64425313
79,0.2913386,0.29325688,0.63542265
79,0.2992126,0.29354542,0.62644225
79,0.30708662,0.2938,0.61749214
79,0.31496063,0.2939,0.60855806
79,0.32283464,0.294,0.5994611
79,0.33070865,0.294,0.59051824
79,0.33858266,0.29394293,0.5813908
79,0.3464567,0.29388446,0.5723243
79,0.35433072,0.2938,0.56335175
79,0.36220473,0.2936,0.55426717
79,0.37007874,0.29341453,0.54535586
79,0.37795275,0.2931597,0.5364177
79,0.38582677,0.2928057,0.52748114
79,0.39370078,0.29240492,0.518588
79,0.4015748,0.29199955,0.50970644
79,0.40944883,0.29149535,0.5007028
79,0.41732284,0.29099223,0.49171856
79,0.42519686,0.29039025,0.48275477
79,0.43307087,0.28978977,0.47367457
79,0.44094488,0.28919047,0.46475828
79,0.4488189,0.2885889,0.45586804
79,0.4566929,0.28784388,0.44685572
79,0.46456692,0.2871008,0.4380095
79,0.47244096,0.2863121,0.42917943
79,0.48031497,0.2854252,0.4202248
79,0.48818898,0.2844405,0.411433
79,0.496063,0.2834589,0.4025257
79,0.503937,0.28234938,0.39378124
79,0.511811,0.28122833,0.38491672
79,0.51968503,0.27999136,0.3760676
79,0.52755904,0.2786308,0.36728582
79,0.53543305,0.27727172,0.35853925
79,0.54330707,0.27571335,0.34972233
79,0.5511811,0.2740654,0.3409052
79,0.5590551,0.2723328,0.33223563
79,0.56692916,0.2703921,0.3236804
79,0.5748032,0.26833418,0.31522545
79,0.5826772,0.26609138,0.30691332
79,0.5905512,0.2637659,0.29875082
79,0.5984252,0.26120254,0.2905923
79,0.6062992,0.25843918,0.28255856
79,0.61417323,0.2555493,0.2746112
79,0.62204725,0.25248054,0.26667607
79,0.62992126,0.24933691,0.25891963
79,0.63779527,0.24607462,0.2513716
79,0.6456693,0.2426223,0.24384597
79,0.6535433,0.23902042,0.23652937
79,0.6614173,0.23521008,0.22938494
79,0.6692913,0.23140158,0.22226316
79,0.6771653,0.22726534,0.21533671
79,0.68503934,0.22305173,0.20855829
79,0.6929134,0.21868283,0.2019503
79,0.7007874,0.21420863,0.19551887
79,0.70866144,0.20966458,0.1893656
79,0.71653545,0.20497285,0.18328655
79,0.72440946,0.20022672,0.17745388
79,0.7322835,0.19541907,0.1718779
79,0.7401575,0.1905927,0.16637301
79,0.7480315,0.18568172,0.16117057
79,0.7559055,0.18068942,0.15598969
79,0.7637795,0.17556255,0.15088436
79,0.77165353,0.1703688,0.14595231
79,0.77952754,0.1651126,0.14105521
79,0.78740156,0.15988281,0.13619894
79,0.79527557,0.15459345,0.13138701
79,0.8031496,0.14925331,0.12661903
79,0.8110236,0.14386499,0.12189731
79,0.81889766,0.1385275,0.11722357
79,0.8267717,0.13313001,0.11259715
79,0.8346457,0.12774743,0.10796478
79,0.8425197,0.1223804,0.10332605
79,0.8503937,0.11702952,0.09868245
79,0.8582677,0.11165959,0.0941293
79,0.86614174,0.106288634,0.08940759
79,0.87401575,0.10085788,0.08486407
79,0.88188976,0.09546466,0.08009886
79,0.8897638,0.090029314,0.075448096
79,0.8976378,0.08461069,0.070745066
79,0.9055118,0.07923073,0.06604881
79,0.9133858,0.0738076,0.06124128
79,0.9212598,0.0684783,0.056610115
79,0.92913383,0.06313206,0.051864546
79,0.93700784,0.057853296,0.047143176
79,0.9448819,0.052526586,0.0424419
79,0.9527559,0.047162384,0.037610233
79,0.96062994,0.04181512,0.03279138
79,0.96850395,0.03645531,0.027930817
79,0.97637796,0.031021887,0.023142548
79,0.984252,0.0256649,0.018222867
79,0.992126,0.020223504,0.013317504
79,1.0,0.0149,0.008428572
80,0.0,0.9939,0.7297143
80,0.007874016,0.98434323,0.72398496
80,0.015748031,0.9748961,0.7183978
80,0.023622047,0.9656696,0.71295404
80,0.031496063,0.956597,0.7075696
80,0.03937008,0.94728374,0.70176464
80,0.047244094,0.9380572,0.6956855
80,0.05511811,0.92902195,0.69021857
80,0.062992126,0.9196707,0.6848819
80,0.070866145,0.9102834,0.67898816
80,0.07874016,0.90086764,0.6728386
80,0.08661418,0.8917854,0.66754144
80,0.09448819,0.88294715,0.6625799
80,0.10236221,0.8738009,0.65732706
80,0.11023622,0.86478615,0.6512044
80,0.11811024,0.8556329,0.64556754
80,0.12598425,0.8462324,0.6401145
80,0.13385826,0.83740807,0.6345167
80,0.14173229,0.8283804,0.628986
80,0.1496063,0.81884617,0.62302536
80,0.15748031,0.80968463,0.61677474
80,0.16535433,0.80038893,0.61142284
80,0.17322835,0.7912469,0.6062898
80,0.18110237,0.7820585,0.60083735
80,0.18897638,0.7724114,0.59572166
80,0.19685039,0.76325583,0.591723
80,0.20472442,0.75354224,0.5876658
80,0.21259843,0.744171,0.5834624
80,0.22047244,0.73446333,0.57991546
80,0.22834645,0.7243999,0.57675
80,0.23622048,0.7145518,0.573215
80,0.24409449,0.7048954,0.57046634
80,0.2519685,0.6954167,0.56777275
80,0.25984251,0.68509436,0.56514204
80,0.26771653,0.67566186,0.56311995
80,0.27559054,0.66561335,0.56086093
80,0.28346458,0.6556229,0.5589914
80,0.2913386,0.64576834,0.5574286
80,0.2992126,0.63560605,0.55714285
80,0.30708662,0.6260725,0.5565714
80,0.31496063,0.6161408,0.55702525
80,0.32283464,0.606392,0.55879426
80,0.33070865,0.5969828,0.56193954
80,0.33858266,0.58704317,0.56532645
80,0.3464567,0.57772046,0.56980926
80,0.35433072,0.5690238,0.5757365
80,0.36220473,0.5592862,0.5825235
80,0.37007874,0.5505806,0.5891995
80,0.37795275,0.5422711,0.5963391
80,0.38582677,0.53363365,0.60377353
80,0.39370078,0.52454937,0.6111434
80,0.4015748,0.5158227,0.6187118
80,0.40944883,0.50773877,0.62639165
80,0.41732284,0.49933717,0.6329551
80,0.42519686,0.48971775,0.63902694
80,0.43307087,0.4805479,0.64510864
80,0.44094488,0.47118056,0.6510779
80,0.4488189,0.46153858,0.6558974
80,0.4566929,0.45222557,0.65932524
80,0.46456692,0.4426265,0.6619015
80,0.47244096,0.43234637,0.66360766
80,0.48031497,0.42235607,0.6644286
80,0.48818898,0.41271836,0.6644286
80,0.496063,0.40284252,0.6641316
80,0.503937,0.3924628,0.6628849
80,0.511811,0.3823344,0.6599227
80,0.51968503,0.3726211,0.65601903
80,0.52755904,0.36334094,0.6513602
80,0.53543305,0.35456648,0.6456189
80,0.54330707,0.34595194,0.6389257
80,0.5511811,0.33738416,0.6313308
80,0.5590551,0.3296959,0.622137
80,0.56692916,0.32249635,0.6116968
80,0.5748032,0.31566396,0.6009799
80,0.5826772,0.30975902,0.5896979
80,0.5905512,0.30457333,0.5777936
80,0.5984252,0.2998369,0.56556314
80,0.6062992,0.29568163,0.5527828
80,0.61417323,0.29219356,0.53888303
80,0.62204725,0.2892474,0.5254873
80,0.62992126,0.2867508,0.51182646
80,0.63779527,0.28496262,0.49766234
80,0.6456693,0.2837587,0.48332608
80,0.6535433,0.28260595,0.4689585
80,0.6614173,0.28140172,0.4551652
80,0.6692913,0.2801435,0.44123337
80,0.6771653,0.2792945,0.42649266
80,0.68503934,0.27852997,0.4121424
80,0.6929134,0.2775501,0.3983943
80,0.7007874,0.2761883,0.38455537
80,0.70866144,0.27455282,0.37043196
80,0.71653545,0.27236155,0.35571215
80,0.72440946,0.26987922,0.34173834
80,0.7322835,0.2671511,0.32851678
80,0.7401575,0.26385224,0.31548077
80,0.7480315,0.2592647,0.30210313
80,0.7559055,0.25454512,0.2889653
80,0.7637795,0.2499512,0.27641737
80,0.77165353,0.24502586,0.26462686
80,0.77952754,0.23955917,0.25301814
80,0.78740156,0.2335907,0.24155341
80,0.79527557,0.22714542,0.22970644
80,0.8031496,0.22035429,0.21865384
80,0.8110236,0.21368808,0.20835327
80,0.81889766,0.2068458,0.19835116
80,0.8267717,0.19981666,0.18816666
80,0.8346457,0.19259915,0.17825094
80,0.8425197,0.18523802,0.168717
80,0.8503937,0.17752884,0.15955585
80,0.8582677,0.16965288,0.15055081
80,0.86614174,0.16171505,0.141731
80,0.87401575,0.15378416,0.13332286
80,0.88188976,0.14570674,0.12513441
80,0.8897638,0.1372042,0.11698961
80,0.8976378,0.12891169,0.10963719
80,0.9055118,0.12060353,0.10240302
80,0.9133858,0.112130985,0.09505734
80,0.9212598,0.103512354,0.08770396
80,0.92913383,0.09502236,0.08042793
80,0.93700784,0.08638915,0.07311285
80,0.9448819,0.07757623,0.065746166
80,0.9527559,0.06874958,0.05815804
80,0.96062994,0.060067844,0.050619997
80,0.96850395,0.05150696,0.043135744
80,0.97637796,0.04311557,0.035681974
80,0.984252,0.03471763,0.028365532
80,0.992126,0.026096126,0.021326063
80,1.0,0.0171,0.014285714
81,0.0,0.1791,0.033428572
81,0.007874016,0.18511821,0.039371457
81,0.015748031,0.19113643,0.045415647
81,0.023622047,0.19715467,0.05148064
81,0.031496063,0.20311469,0.0575456
81,0.03937008,0.20901935,0.06375443
81,0.047244094,0.21483362,0.07009897
81,0.05511811,0.22064859,0.07663016
81,0.062992126,0.22628252,0.08317426
81,0.070866145,0.23188676,0.09001696
81,0.07874016,0.23742458,0.09687586
81,0.08661418,0.2428932,0.10391487
81,0.09448819,0.24829714,0.11113877
81,0.10236221,0.25375426,0.11832428
81,0.11023622,0.2591036,0.12549283
81,0.11811024,0.26443216,0.13262546
81,0.12598425,0.2697065,0.13981803
81,0.13385826,0.27490857,0.1469041
81,0.14173229,0.2802052,0.15384012
81,0.1496063,0.28551912,0.16086926
81,0.15748031,0.29085487,0.16768172
81,0.16535433,0.29641515,0.17468864
81,0.17322835,0.30202973,0.1815058
81,0.18110237,0.3077445,0.18826422
81,0.18897638,0.31348276,0.194848
81,0.19685039,0.31934145,0.2012339
81,0.20472442,0.32529786,0.20747416
81,0.21259843,0.33130592,0.21348183
81,0.22047244,0.33736846,0.21916044
81,0.22834645,0.34348947,0.22456239
81,0.23622048,0.3498465,0.22990344
81,0.24409449,0.3563913,0.23503472
81,0.2519685,0.3631189,0.2400479
81,0.25984251,0.36993203,0.24484506
81,0.26771653,0.3767899,0.24952263
81,0.27559054,0.38358378,0.25394523
81,0.28346458,0.39029485,0.25805372
81,0.2913386,0.39693183,0.26200604
81,0.2992126,0.403707,0.26588374
81,0.30708662,0.4105846,0.26965088
81,0.31496063,0.41751114,0.2732209
81,0.32283464,0.42446145,0.2767722
81,0.33070865,0.43138146,0.2805037
81,0.33858266,0.43810463,0.2842176
81,0.3464567,0.4448019,0.2881442
81,0.35433072,0.45151493,0.2924371
81,0.36220473,0.45781153,0.29691574
81,0.37007874,0.46391544,0.3014286
81,0.37795275,0.47026733,0.30597666
81,0.38582677,0.47659236,0.311022
81,0.39370078,0.4828368,0.31645486
81,0.4015748,0.48908362,0.3220887
81,0.40944883,0.49518985,0.32788378
81,0.41732284,0.50126284,0.33371684
81,0.42519686,0.50721234,0.33953556
81,0.43307087,0.5131885,0.34523135
81,0.44094488,0.51918006,0.3510208
81,0.4488189,0.52527195,0.35690594
81,0.4566929,0.53150505,0.36280665
81,0.46456692,0.53784025,0.3685673
81,0.47244096,0.5441387,0.374368
81,0.48031497,0.55044127,0.3799112
81,0.48818898,0.5567178,0.3854839
81,0.496063,0.5630026,0.3906836
81,0.503937,0.56935763,0.395945
81,0.511811,0.5757008,0.40083873
81,0.51968503,0.5822024,0.40564942
81,0.52755904,0.5887788,0.41022196
81,0.53543305,0.5954834,0.4146325
81,0.54330707,0.60217786,0.41871807
81,0.5511811,0.608984,0.4224961
81,0.5590551,0.61589617,0.42606932
81,0.56692916,0.622701,0.42942905
81,0.5748032,0.629643,0.43278238
81,0.5826772,0.6364933,0.43605715
81,0.5905512,0.64339304,0.4392965
81,0.5984252,0.65031755,0.4426274
81,0.6062992,0.65722907,0.44601384
81,0.61417323,0.664166,0.44945997
81,0.62204725,0.6711101,0.4529721
81,0.62992126,0.6780524,0.456654
81,0.63779527,0.68494457,0.4603417
81,0.6456693,0.69182646,0.46410176
81,0.6535433,0.6986862,0.46793637
81,0.6614173,0.7055241,0.4718358
81,0.6692913,0.7122815,0.4758208
81,0.6771653,0.7190908,0.47974452
81,0.68503934,0.72582436,0.48375258
81,0.6929134,0.7324855,0.48784885
81,0.7007874,0.7392172,0.49189556
81,0.70866144,0.74596655,0.49612755
81,0.71653545,0.75273985,0.50032216
81,0.72440946,0.75953734,0.50461596
81,0.7322835,0.76623285,0.508866
81,0.7401575,0.77298164,0.5130995
81,0.7480315,0.7797473,0.51740223
81,0.7559055,0.78647995,0.521734
81,0.7637795,0.79324794,0.5259352
81,0.77165353,0.7999499,0.5302539
81,0.77952754,0.80661327,0.5345481
81,0.78740156,0.8133379,0.5388177
81,0.79527557,0.82002914,0.54306614
81,0.8031496,0.8266866,0.54729307
81,0.8110236,0.8333771,0.5514962
81,0.81889766,0.84008485,0.5556729
81,0.8267717,0.8467203,0.5598224
81,0.8346457,0.85341066,0.56408817
81,0.8425197,0.8600936,0.5683226
81,0.8503937,0.86680436,0.57249045
81,0.8582677,0.87342894,0.57670677
81,0.86614174,0.88020116,0.58091205
81,0.87401575,0.88692445,0.585113
81,0.88188976,0.8936077,0.58935237
81,0.8897638,0.9003689,0.5935998
81,0.8976378,0.9070825,0.5978177
81,0.9055118,0.9138491,0.60212797
81,0.9133858,0.9205737,0.60631233
81,0.9212598,0.92725635,0.6104492
81,0.92913383,0.9339989,0.6147041
81,0.93700784,0.94069767,0.6187891
81,0.9448819,0.9474454,0.6229786
81,0.9527559,0.95418423,0.6270274
81,0.96062994,0.96090126,0.6310515
81,0.96850395,0.9676999,0.6352073
81,0.97637796,0.9744798,0.6392091
81,0.984252,0.9813841,0.64319885
81,0.992126,0.98835284,0.6473004
81,1.0,0.9953,0.6512857
82,0.0,0.2143,0.95114285
82,0.007874016,0.21684368,0.9429798
82,0.015748031,0.21938784,0.9348535
82,0.023622047,0.22192523,0.9268003
82,0.031496063,0.22444633,0.9189398
82,0.03937008,0.22694604,0.9110019
82,0.047244094,0.22941896,0.9032034
82,0.05511811,0.23196419,0.89536184
82,0.062992126,0.23452546,0.88727987
82,0.070866145,0.2370374,0.8790743
82,0.07874016,0.23957585,0.87089473
82,0.08661418,0.24212016,0.86288923
82,0.09448819,0.24459513,0.8549255
82,0.10236221,0.24706899,0.8469266
82,0.11023622,0.24956703,0.8389883
82,0.11811024,0.2520671,0.8309331
82,0.12598425,0.25459725,0.8227955
82,0.13385826,0.25713426,0.8146214
82,0.14173229,0.25976527,0.80640155
82,0.1496063,0.26226038,0.79808444
82,0.15748031,0.26472515,0.78986853
82,0.16535433,0.26716948,0.7815779
82,0.17322835,0.26958078,0.77328974
82,0.18110237,0.2719331,0.764805
82,0.18897638,0.2742003,0.75632024
82,0.19685039,0.27636236,0.74796927
82,0.20472442,0.27843046,0.7395946
82,0.21259843,0.28043145,0.73118526
82,0.22047244,0.28224412,0.7228836
82,0.22834645,0.28394303,0.71442765
82,0.23622048,0.28560004,0.70599973
82,0.24409449,0.28708577,0.6973996
82,0.2519685,0.28837168,0.68886364
82,0.25984251,0.28952298,0.6803194
82,0.26771653,0.29051685,0.67168075
82,0.27559054,0.29133523,0.6631073
82,0.28346458,0.2920467,0.65453625
82,0.2913386,0.2927339,0.6458714
82,0.2992126,0.2932642,0.63704187
82,0.30708662,0.29368863,0.6281948
82,0.31496063,0.2941041,0.6192824
82,0.32283464,0.29436165,0.610227
82,0.33070865,0.2946172,0.6012422
82,0.33858266,0.29487103,0.5921771
82,0.3464567,0.29502377,0.5831515
82,0.35433072,0.29517582,0.57414895
82,0.36220473,0.2952,0.56528735
82,0.37007874,0.2952,0.5563812
82,0.37795275,0.2952,0.54750097
82,0.38582677,0.2951,0.53856194
82,0.39370078,0.29495624,0.5296424
82,0.4015748,0.29479948,0.5208397
82,0.40944883,0.2945416,0.5120814
82,0.41732284,0.2941826,0.5032857
82,0.42519686,0.29384533,0.4944912
82,0.43307087,0.2934235,0.48574346
82,0.44094488,0.29289982,0.4769971
82,0.4488189,0.29237422,0.46812958
82,0.4566929,0.29174787,0.45928648
82,0.46456692,0.2910324,0.4505131
82,0.47244096,0.29034325,0.44178003
82,0.48031497,0.28945503,0.4330787
82,0.48818898,0.28856742,0.4244526
82,0.496063,0.28754103,0.41569406
82,0.503937,0.2864914,0.40708393
82,0.511811,0.28528154,0.39833584
82,0.51968503,0.28397167,0.38954863
82,0.52755904,0.2825618,0.3808348
82,0.53543305,0.28100318,0.37208888
82,0.54330707,0.27933413,0.3636393
82,0.5511811,0.2775265,0.35517552
82,0.5590551,0.27554926,0.3468721
82,0.56692916,0.27338347,0.3387565
82,0.5748032,0.27104035,0.33090678
82,0.5826772,0.2684938,0.32312423
82,0.5905512,0.26581398,0.31540176
82,0.5984252,0.26295778,0.3076037
82,0.6062992,0.25993675,0.2997522
82,0.61417323,0.25685614,0.2919929
82,0.62204725,0.2535819,0.2844084
82,0.62992126,0.25025135,0.27678877
82,0.63779527,0.24687302,0.26942924
82,0.6456693,0.24346861,0.26218835
82,0.6535433,0.23993395,0.2550488
82,0.6614173,0.23625362,0.24799828
82,0.6692913,0.23256865,0.24114914
82,0.6771653,0.2287113,0.23411497
82,0.68503934,0.22468777,0.22726436
82,0.6929134,0.22055982,0.22032258
82,0.7007874,0.21636163,0.21342543
82,0.70866144,0.2119913,0.20657857
82,0.71653545,0.20764343,0.20006205
82,0.72440946,0.20321941,0.19374202
82,0.7322835,0.19882554,0.18750414
82,0.7401575,0.19442512,0.18156509
82,0.7480315,0.1899779,0.17580247
82,0.7559055,0.18540457,0.17006779
82,0.7637795,0.18079454,0.16443455
82,0.77165353,0.17604731,0.15889874
82,0.77952754,0.17127939,0.1535362
82,0.78740156,0.16634136,0.14806463
82,0.79527557,0.16137621,0.14277416
82,0.8031496,0.15630922,0.13746662
82,0.8110236,0.15122484,0.13225533
82,0.81889766,0.14614245,0.1272288
82,0.8267717,0.14100136,0.12210024
82,0.8346457,0.13586205,0.11715433
82,0.8425197,0.13070968,0.11224732
82,0.8503937,0.12557624,0.107376136
82,0.8582677,0.12040338,0.10253371
82,0.86614174,0.115159534,0.097852655
82,0.87401575,0.10994059,0.093067884
82,0.88188976,0.10464254,0.0881994
82,0.8897638,0.09936359,0.08339513
82,0.8976378,0.09406783,0.078656204
82,0.9055118,0.08874074,0.07390513
82,0.9133858,0.08342794,0.06907896
82,0.9212598,0.07812997,0.06438126
82,0.92913383,0.07284627,0.05959996
82,0.93700784,0.06757366,0.05487812
82,0.9448819,0.062308084,0.05020914
82,0.9527559,0.05704709,0.04554422
82,0.96062994,0.051790778,0.040883448
82,0.96850395,0.046635784,0.036223847
82,0.97637796,0.041379914,0.031483665
82,0.984252,0.036120385,0.026756993
82,0.992126,0.03086021,0.022092797
82,1.0,0.0256,0.017285714
83,0.0,0.184,0.03842857
83,0.007874016,0.18993977,0.04394008
83,0.015748031,0.19628066,0.049966376
83,0.023622047,0.20293486,0.056226492
83,0.031496063,0.20942065,0.062447015
83,0.03937008,0.21543576,0.068288304
83,0.047244094,0.21998006,0.07325724
83,0.05511811,0.22567813,0.07939733
83,0.062992126,0.2317,0.085830696
83,0.070866145,0.23677516,0.09139309
83,0.07874016,0.24232753,0.09711718
83,0.08661418,0.24805477,0.10325997
83,0.09448819,0.25399217,0.10989606
83,0.10236221,0.25991267,0.116676554
83,0.11023622,0.26558483,0.12326676
83,0.11811024,0.27105725,0.12985724
83,0.12598425,0.2765308,0.13663521
83,0.13385826,0.2821523,0.14357436
83,0.14173229,0.28773865,0.15082687
83,0.1496063,0.2932855,0.15799746
83,0.15748031,0.29858103,0.16490485
83,0.16535433,0.3037142,0.17173457
83,0.17322835,0.30877265,0.17829305
83,0.18110237,0.31399107,0.18500671
83,0.18897638,0.31943032,0.19164503
83,0.19685039,0.32504952,0.19824551
83,0.20472442,0.33081773,0.20464155
83,0.21259843,0.33651316,0.21081503
83,0.22047244,0.34237036,0.21680422
83,0.22834645,0.34834284,0.22271982
83,0.23622048,0.35442567,0.22842593
83,0.24409449,0.36053038,0.2340015
83,0.2519685,0.36674777,0.23932552
83,0.25984251,0.37307617,0.24442123
83,0.26771653,0.37951216,0.24930607
83,0.27559054,0.38597032,0.25381857
83,0.28346458,0.39249954,0.25814256
83,0.2913386,0.39890108,0.26223147
83,0.2992126,0.40533447,0.2661844
83,0.30708662,0.4118285,0.27024758
83,0.31496063,0.41832083,0.27436125
83,0.32283464,0.42496172,0.27875838
83,0.33070865,0.43156445,0.2832534
83,0.33858266,0.43811193,0.28786567
83,0.3464567,0.4446316,0.292594
83,0.35433072,0.45106357,0.29747397
83,0.36220473,0.45738906,0.3023226
83,0.37007874,0.46363726,0.30717087
83,0.37795275,0.46983325,0.31209517
83,0.38582677,0.4761488,0.31718835
83,0.39370078,0.48239088,0.32242078
83,0.4015748,0.4886758,0.32773536
83,0.40944883,0.49485818,0.33293557
83,0.41732284,0.5010793,0.33828783
83,0.42519686,0.5072979,0.34355593
83,0.43307087,0.51357365,0.348731
83,0.44094488,0.51981294,0.35396078
83,0.4488189,0.526088,0.3592512
83,0.4566929,0.53236747,0.36445618
83,0.46456692,0.5386534,0.3694592
83,0.47244096,0.54498076,0.3745268
83,0.48031497,0.55134565,0.3793825
83,0.48818898,0.55769193,0.38417113
83,0.496063,0.5640505,0.38903752
83,0.503937,0.5704714,0.39369383
83,0.511811,0.57690114,0.39814368
83,0.51968503,0.5833378,0.40266982
83,0.52755904,0.58985317,0.4071322
83,0.53543305,0.59637994,0.41138464
83,0.54330707,0.60290974,0.41571566
83,0.5511811,0.60952336,0.41983762
83,0.5590551,0.6160963,0.4238836
83,0.56692916,0.6227171,0.42784816
83,0.5748032,0.6294311,0.43175915
83,0.5826772,0.6361528,0.43561906
83,0.5905512,0.6428711,0.43940735
83,0.5984252,0.6496342,0.44305405
83,0.6062992,0.65641993,0.4467766
83,0.61417323,0.6632435,0.45045888
83,0.62204725,0.6700858,0.45410207
83,0.62992126,0.676961,0.45771143
83,0.63779527,0.6837723,0.4613126
83,0.6456693,0.6905388,0.4648573
83,0.6535433,0.6974183,0.46851417
83,0.6614173,0.70416796,0.4721422
83,0.6692913,0.71095324,0.47574252
83,0.6771653,0.7176899,0.4793171
83,0.68503934,0.7244659,0.48298898
83,0.6929134,0.7312019,0.4866439
83,0.7007874,0.73789656,0.49041873
83,0.70866144,0.7446502,0.49417073
83,0.71653545,0.7513653,0.49795553
83,0.72440946,0.7580667,0.50178766
83,0.7322835,0.7647942,0.50559896
83,0.7401575,0.77149355,0.50953186
83,0.7480315,0.77824247,0.51344544
83,0.7559055,0.7849659,0.5173393
83,0.7637795,0.7916562,0.521214
83,0.77165353,0.79841244,0.5252119
83,0.77952754,0.8050342,0.5291833
83,0.78740156,0.81172067,0.5331093
83,0.79527557,0.81837636,0.53701633
83,0.8031496,0.8250276,0.541008
83,0.8110236,0.83159906,0.5449167
83,0.81889766,0.8382408,0.54891175
83,0.8267717,0.84495574,0.55281717
83,0.8346457,0.8515728,0.5567486
83,0.8425197,0.85831696,0.5608085
83,0.8503937,0.8650413,0.5647495
83,0.8582677,0.8717479,0.568823
83,0.86614174,0.8785325,0.57276016
83,0.87401575,0.88527006,0.5767829
83,0.88188976,0.8919673,0.5808099
83,0.8897638,0.89866143,0.5847266
83,0.8976378,0.9054752,0.5887287
83,0.9055118,0.91214216,0.5926328
83,0.9133858,0.91890025,0.5966778
83,0.9212598,0.92563814,0.6005682
83,0.92913383,0.93225294,0.604445
83,0.93700784,0.93914616,0.6085221
83,0.9448819,0.9460872,0.61249065
83,0.9527559,0.95294464,0.6164827
83,0.96062994,0.9591076,0.6201355
83,0.96850395,0.965207,0.6236232
83,0.97637796,0.9714899,0.6273849
83,0.984252,0.97815067,0.63166296
83,0.992126,0.98505783,0.6361184
83,1.0,0.992,0.6407143
84,0.0,0.9875,0.7302857
84,0.007874016,0.98132753,0.7264969
84,0.015748031,0.9751859,0.72272456
84,0.023622047,0.9690021,0.7188404
84,0.031496063,0.9628989,0.7148566
84,0.03937008,0.9566822,0.71084446
84,0.047244094,0.9505485,0.7067451
84,0.05511811,0.94447714,0.70259494
84,0.062992126,0.9383875,0.6985625
84,0.070866145,0.9323052,0.6943851
84,0.07874016,0.92609566,0.69028264
84,0.08661418,0.91983026,0.6862256
84,0.09448819,0.91381425,0.68215305
84,0.10236221,0.9076502,0.67817867
84,0.11023622,0.9014089,0.6741168
84,0.11811024,0.89504725,0.6699182
84,0.12598425,0.8888531,0.66584885
84,0.13385826,0.88282007,0.6618715
84,0.14173229,0.87688226,0.65798986
84,0.1496063,0.8709313,0.6540938
84,0.15748031,0.86457795,0.65008473
84,0.16535433,0.8584633,0.6461881
84,0.17322835,0.8523095,0.6422925
84,0.18110237,0.846128,0.6382343
84,0.18897638,0.8399631,0.6341165
84,0.19685039,0.8336988,0.6299994
84,0.20472442,0.8277216,0.6262297
84,0.21259843,0.82199943,0.62271386
84,0.22047244,0.8158336,0.6190537
84,0.22834645,0.8095002,0.6152144
84,0.23622048,0.8032678,0.6114716
84,0.24409449,0.79701626,0.60770875
84,0.2519685,0.79076785,0.6040673
84,0.25984251,0.7845717,0.6005048
84,0.26771653,0.7782534,0.5969888
84,0.27559054,0.7719549,0.59348506
84,0.28346458,0.7657334,0.59013927
84,0.2913386,0.7594247,0.58681875
84,0.2992126,0.7530333,0.5836054
84,0.30708662,0.7465853,0.5804692
84,0.31496063,0.7401432,0.5774015
84,0.32283464,0.7336488,0.57457536
84,0.33070865,0.727183,0.5718317
84,0.33858266,0.7206358,0.5691663
84,0.3464567,0.71411836,0.56662804
84,0.35433072,0.7076398,0.56420314
84,0.36220473,0.701049,0.5619679
84,0.37007874,0.6944536,0.5599184
84,0.37795275,0.687863,0.55790615
84,0.38582677,0.68109965,0.5562706
84,0.39370078,0.67437214,0.5548155
84,0.4015748,0.66768926,0.5536842
84,0.40944883,0.66096324,0.5528861
84,0.41732284,0.6542335,0.5523356
84,0.42519686,0.6473852,0.55228573
84,0.43307087,0.6406108,0.5524346
84,0.44094488,0.63391125,0.5530529
84,0.4488189,0.6271765,0.55408484
84,0.4566929,0.62046546,0.5553596
84,0.46456692,0.6138468,0.55702376
84,0.47244096,0.6071955,0.5590404
84,0.48031497,0.6006528,0.5612438
84,0.48818898,0.5941854,0.5637849
84,0.496063,0.5877226,0.56663907
84,0.503937,0.5813206,0.56972957
84,0.511811,0.57497144,0.57302785
84,0.51968503,0.568669,0.5765895
84,0.52755904,0.5624123,0.58036864
84,0.53543305,0.55619323,0.58426416
84,0.54330707,0.5500065,0.5883525
84,0.5511811,0.54384613,0.592467
84,0.5590551,0.53780925,0.5968381
84,0.56692916,0.5316892,0.60107917
84,0.5748032,0.5256847,0.60558236
84,0.5826772,0.51973605,0.6099322
84,0.5905512,0.51373565,0.6144155
84,0.5984252,0.50784975,0.61888796
84,0.6062992,0.5018784,0.6234462
84,0.61417323,0.49592665,0.6279392
84,0.62204725,0.4899865,0.63253
84,0.62992126,0.484121,0.6370564
84,0.63779527,0.47819394,0.6416541
84,0.6456693,0.4724021,0.646388
84,0.6535433,0.4665496,0.65094835
84,0.6614173,0.46063212,0.65570015
84,0.6692913,0.4546535,0.6604353
84,0.6771653,0.44881436,0.6652801
84,0.68503934,0.44291344,0.6701436
84,0.6929134,0.43705478,0.6750179
84,0.7007874,0.43126535,0.67998666
84,0.70866144,0.42551088,0.6850775
84,0.71653545,0.41978598,0.69022423
84,0.72440946,0.41418606,0.69548506
84,0.7322835,0.408566,0.7010136
84,0.7401575,0.40305343,0.7065419
84,0.7480315,0.39755738,0.7123392
84,0.7559055,0.3921828,0.71826595
84,0.7637795,0.38696304,0.72451466
84,0.77165353,0.38186553,0.7307539
84,0.77952754,0.37692937,0.7373101
84,0.78740156,0.37211278,0.7439818
84,0.79527557,0.3674708,0.750756
84,0.8031496,0.36285302,0.75774336
84,0.8110236,0.3584647,0.76480496
84,0.81889766,0.3540789,0.7720352
84,0.8267717,0.34990576,0.77931494
84,0.8346457,0.34568107,0.7868838
84,0.8425197,0.3416069,0.79450333
84,0.8503937,0.33758646,0.80217016
84,0.8582677,0.33372253,0.8098045
84,0.86614174,0.32986298,0.81761557
84,0.87401575,0.3260265,0.8256082
84,0.88188976,0.32225096,0.83362496
84,0.8897638,0.31849265,0.84173095
84,0.8976378,0.314791,0.84992033
84,0.9055118,0.3111299,0.8581565
84,0.9133858,0.3075134,0.8664307
84,0.9212598,0.30394027,0.8746498
84,0.92913383,0.30046993,0.88302153
84,0.93700784,0.29700238,0.89131355
84,0.9448819,0.2936263,0.8995409
84,0.9527559,0.29016736,0.90777135
84,0.96062994,0.2868221,0.91610205
84,0.96850395,0.28346795,0.92477727
84,0.97637796,0.2800749,0.93344563
84,0.984252,0.27667028,0.94216985
84,0.992126,0.27337793,0.9508894
84,1.0,0.2701,0.9595714
85,0.0,0.9887,0.7214286
85,0.007874016,0.9800139,0.71572375
85,0.015748031,0.9712155,0.71001005
85,0.023622047,0.9622873,0.7044203
85,0.031496063,0.95341086,0.6986564
85,0.03937008,0.94457084,0.69299406
85,0.047244094,0.9356681,0.687307
85,0.05511811,0.9268514,0.68168455
85,0.062992126,0.9181153,0.67613184
85,0.070866145,0.9093477,0.6706415
85,0.07874016,0.9005502,0.6652037
85,0.08661418,0.89172095,0.659612
85,0.09448819,0.8828568,0.65404594
85,0.10236221,0.8740318,0.64847046
85,0.11023622,0.86528516,0.64297605
85,0.11811024,0.8565137,0.6374368
85,0.12598425,0.8477362,0.63178486
85,0.13385826,0.8388673,0.6261538
85,0.14173229,0.829969,0.62053376
85,0.1496063,0.82114506,0.6150265
85,0.15748031,0.81221014,0.60965306
85,0.16535433,0.8033023,0.60448706
85,0.17322835,0.7943631,0.59945863
85,0.18110237,0.7853783,0.59466237
85,0.18897638,0.7762505,0.5899594
85,0.19685039,0.7672136,0.5854895
85,0.20472442,0.7581376,0.5812084
85,0.21259843,0.74904716,0.5772582
85,0.22047244,0.74004763,0.5734082
85,0.22834645,0.730749,0.56987464
85,0.23622048,0.7212892,0.5666466
85,0.24409449,0.7118419,0.5635953
85,0.2519685,0.7024523,0.5607292
85,0.25984251,0.69296443,0.5580184
85,0.26771653,0.6834964,0.55528456
85,0.27559054,0.6740422,0.55288255
85,0.28346458,0.6644874,0.55076563
85,0.2913386,0.6546528,0.54894114
85,0.2992126,0.64521927,0.54785717
85,0.30708662,0.6365,0.54714286
85,0.31496063,0.62884706,0.5462493
85,0.32283464,0.61938494,0.54642856
85,0.33070865,0.6091613,0.5474213
85,0.33858266,0.59915054,0.54908776
85,0.3464567,0.5898224,0.55162996
85,0.35433072,0.58058655,0.55495095
85,0.36220473,0.57114327,0.5591718
85,0.37007874,0.56158537,0.5642334
85,0.37795275,0.55233073,0.5698073
85,0.38582677,0.54386145,0.57545614
85,0.39370078,0.5357775,0.5815258
85,0.4015748,0.5276623,0.5879347
85,0.40944883,0.5191685,0.59453106
85,0.41732284,0.51060104,0.6008693
85,0.42519686,0.5021951,0.6068733
85,0.43307087,0.49367553,0.61273175
85,0.44094488,0.48498818,0.6186671
85,0.4488189,0.47609174,0.6244345
85,0.4566929,0.46718553,0.62989396
85,0.46456692,0.45804515,0.63459593
85,0.47244096,0.44885787,0.63852674
85,0.48031497,0.43953317,0.6414921
85,0.48818898,0.4299607,0.6435698
85,0.496063,0.4202573,0.644678
85,0.503937,0.41040805,0.64485717
85,0.511811,0.40057257,0.64410675
85,0.51968503,0.39091244,0.64241636
85,0.52755904,0.38137054,0.63975257
85,0.53543305,0.3722355,0.63605994
85,0.54330707,0.36350164,0.6313759
85,0.5511811,0.35506573,0.6256882
85,0.5590551,0.3468413,0.618864
85,0.56692916,0.33886057,0.6108406
85,0.5748032,0.3314296,0.6018964
85,0.5826772,0.32445645,0.59220773
85,0.5905512,0.3180635,0.5818634
85,0.5984252,0.31210643,0.5709614
85,0.6062992,0.30665803,0.5595041
85,0.61417323,0.3017077,0.5476557
85,0.62204725,0.29726246,0.53552884
85,0.62992126,0.2934399,0.523118
85,0.63779527,0.2900666,0.5105711
85,0.6456693,0.28715107,0.49777693
85,0.6535433,0.2845668,0.48484188
85,0.6614173,0.28226048,0.47144854
85,0.6692913,0.28015146,0.45781457
85,0.6771653,0.27816263,0.44420633
85,0.68503934,0.27631167,0.43059158
85,0.6929134,0.27448523,0.41688386
85,0.7007874,0.27267492,0.40325814
85,0.70866144,0.27077216,0.38963836
85,0.71653545,0.26877436,0.37615573
85,0.72440946,0.26657718,0.36271372
85,0.7322835,0.2642466,0.34962508
85,0.7401575,0.26170263,0.3366648
85,0.7480315,0.2588748,0.32390097
85,0.7559055,0.25574163,0.31105644
85,0.7637795,0.25221542,0.2983738
85,0.77165353,0.24827474,0.2854599
85,0.77952754,0.24402128,0.273094
85,0.78740156,0.23944713,0.26084334
85,0.79527557,0.23454301,0.24913155
85,0.8031496,0.2292878,0.23774472
85,0.8110236,0.22379467,0.22648953
85,0.81889766,0.21798939,0.21538372
85,0.8267717,0.21189243,0.20460582
85,0.8346457,0.20572628,0.1944495
85,0.8425197,0.19931068,0.18439457
85,0.8503937,0.19265588,0.17465125
85,0.8582677,0.1857699,0.16506936
85,0.86614174,0.17856443,0.15577568
85,0.87401575,0.17128447,0.1466958
85,0.88188976,0.16383158,0.1379218
85,0.8897638,0.15628129,0.12955086
85,0.8976378,0.14872222,0.12137484
85,0.9055118,0.14104661,0.113476135
85,0.9133858,0.13321795,0.10589242
85,0.9212598,0.12559023,0.09871553
85,0.92913383,0.11830168,0.09202196
85,0.93700784,0.11026571,0.084770605
85,0.9448819,0.10166749,0.07695723
85,0.9527559,0.0929562,0.06897486
85,0.96062994,0.0839607,0.060641233
85,0.96850395,0.075549684,0.05294127
85,0.97637796,0.06796357,0.046261974
85,0.984252,0.06001662,0.03928505
85,0.992126,0.05122925,0.031543974
85,1.0,0.0424,0.023714285
86,0.0,0.2139,0.94857144
86,0.007874016,0.21778116,0.9366774
86,0.015748031,0.22168553,0.9245686
86,0.023622047,0.22562854,0.9124899
86,0.031496063,0.22953959,0.9004583
86,0.03937008,0.23335171,0.88855505
86,0.047244094,0.23717977,0.87646353
86,0.05511811,0.24094933,0.86433065
86,0.062992126,0.2447265,0.85221
86,0.070866145,0.24845943,0.8402163
86,0.07874016,0.25209236,0.8284175
86,0.08661418,0.25568578,0.8166529
86,0.09448819,0.25937292,0.8043013
86,0.10236221,0.26294228,0.7925331
86,0.11023622,0.26627657,0.780861
86,0.11811024,0.2697198,0.76877934
86,0.12598425,0.27317125,0.75624144
86,0.13385826,0.27631977,0.74377245
86,0.14173229,0.27921692,0.7311715
86,0.1496063,0.28178197,0.718798
86,0.15748031,0.2840023,0.7060322
86,0.16535433,0.28595287,0.69297814
86,0.17322835,0.28749862,0.67980045
86,0.18110237,0.28867155,0.66661096
86,0.18897638,0.2894155,0.65335995
86,0.19685039,0.2897,0.6402107
86,0.20472442,0.2895381,0.6271564
86,0.21259843,0.28917098,0.61405116
86,0.22047244,0.2885099,0.60095465
86,0.22834645,0.28785634,0.5878591
86,0.23622048,0.28731063,0.5748143
86,0.24409449,0.28667247,0.5616173
86,0.2519685,0.2863,0.5483441
86,0.25984251,0.2861,0.53512937
86,0.26771653,0.28610367,0.5219108
86,0.27559054,0.28651845,0.5088111
86,0.28346458,0.28722888,0.49568567
86,0.2913386,0.28827208,0.48264462
86,0.2992126,0.28972006,0.46954235
86,0.30708662,0.2915671,0.45664024
86,0.31496063,0.29371133,0.44377032
86,0.32283464,0.29635623,0.43104467
86,0.33070865,0.2993589,0.4186047
86,0.33858266,0.3027548,0.40635154
86,0.3464567,0.30657822,0.39434794
86,0.35433072,0.31097272,0.38265657
86,0.36220473,0.31580123,0.37142593
86,0.37007874,0.32107493,0.3607339
86,0.37795275,0.3269019,0.3505923
86,0.38582677,0.3331917,0.34101185
86,0.39370078,0.34002256,0.33201668
86,0.4015748,0.3472058,0.32391247
86,0.40944883,0.35479534,0.31656626
86,0.41732284,0.36282593,0.3099815
86,0.42519686,0.37116987,0.30430725
86,0.43307087,0.37975118,0.29968008
86,0.44094488,0.38868397,0.29587933
86,0.4488189,0.39768562,0.29310447
86,0.4566929,0.4068785,0.2912557
86,0.46456692,0.4160734,0.29035518
86,0.47244096,0.42514834,0.2905668
86,0.48031497,0.434197,0.2916959
86,0.48818898,0.44307685,0.2939203
86,0.496063,0.45192808,0.2970036
86,0.503937,0.46066526,0.30110013
86,0.511811,0.4693063,0.30616337
86,0.51968503,0.47770035,0.3118574
86,0.52755904,0.48580748,0.31801492
86,0.53543305,0.49380046,0.3246254
86,0.54330707,0.50169885,0.33164182
86,0.5511811,0.50938946,0.33870393
86,0.5590551,0.5170593,0.34589756
86,0.56692916,0.524707,0.35311404
86,0.5748032,0.53228694,0.36029777
86,0.5826772,0.5399669,0.36738956
86,0.5905512,0.54765916,0.3743466
86,0.5984252,0.55552477,0.38115582
86,0.6062992,0.5635773,0.3878377
86,0.61417323,0.5716641,0.39415038
86,0.62204725,0.57982373,0.4001862
86,0.62992126,0.58806175,0.4059727
86,0.63779527,0.5963603,0.4116524
86,0.6456693,0.6047163,0.41698527
86,0.6535433,0.61307377,0.42224294
86,0.6614173,0.6214999,0.42739993
86,0.6692913,0.629977,0.43240497
86,0.6771653,0.63858,0.43734506
86,0.68503934,0.64718443,0.44219282
86,0.6929134,0.6558764,0.44701272
86,0.7007874,0.6646339,0.45178944
86,0.70866144,0.673291,0.4564976
86,0.71653545,0.6820192,0.46129134
86,0.72440946,0.6906921,0.46603513
86,0.7322835,0.69926685,0.47087857
86,0.7401575,0.7078725,0.47556502
86,0.7480315,0.71641797,0.480458
86,0.7559055,0.7249068,0.48534673
86,0.7637795,0.7334435,0.49033603
86,0.77165353,0.7420218,0.49529818
86,0.77952754,0.7505689,0.50038224
86,0.78740156,0.75908256,0.5055321
86,0.79527557,0.7676702,0.51070535
86,0.8031496,0.7762326,0.5160059
86,0.8110236,0.7847719,0.52129215
86,0.81889766,0.79319465,0.5265681
86,0.8267717,0.8016035,0.5318355
86,0.8346457,0.8099333,0.53719044
86,0.8425197,0.81833476,0.54249024
86,0.8503937,0.82672435,0.54787767
86,0.8582677,0.83511394,0.5532563
86,0.86614174,0.8434453,0.5586152
86,0.87401575,0.8518296,0.5640578
86,0.88188976,0.8601809,0.5694825
86,0.8897638,0.86859185,0.5748803
86,0.8976378,0.8768657,0.5802497
86,0.9055118,0.88528955,0.58573586
86,0.9133858,0.89372903,0.5912689
86,0.9212598,0.9021512,0.59677035
86,0.92913383,0.91053635,0.6021801
86,0.93700784,0.918985,0.6077092
86,0.9448819,0.9274348,0.6131215
86,0.9527559,0.93590254,0.61857307
86,0.96062994,0.944289,0.62406206
86,0.96850395,0.952765,0.6295442
86,0.97637796,0.961133,0.6350206
86,0.984252,0.96959144,0.6403493
86,0.992126,0.9779828,0.6458196
86,1.0,0.9863,0.65114284
87,0.0,0.9879,0.72557145
87,0.007874016,0.9791104,0.7204859
87,0.015748031,0.970434,0.7152948
87,0.023622047,0.96178794,0.71010906
87,0.031496063,0.9531528,0.7046743
87,0.03937008,0.9444676,0.6991348
87,0.047244094,0.9358576,0.6936088
87,0.05511811,0.92718244,0.6878977
87,0.062992126,0.9185842,0.68239236
87,0.070866145,0.90995914,0.67709035
87,0.07874016,0.90144676,0.6718553
87,0.08661418,0.89277726,0.66655517
87,0.09448819,0.88410157,0.6611309
87,0.10236221,0.87555563,0.65580237
87,0.11023622,0.86704195,0.65033895
87,0.11811024,0.8584494,0.64496386
87,0.12598425,0.84975773,0.6395702
87,0.13385826,0.84109765,0.6341306
87,0.14173229,0.8324677,0.6288468
87,0.1496063,0.8238986,0.62357056
87,0.15748031,0.81516725,0.61849016
87,0.16535433,0.8063698,0.61343986
87,0.17322835,0.7974548,0.6085293
87,0.18110237,0.7884655,0.6037137
87,0.18897638,0.7794859,0.5990996
87,0.19685039,0.77057683,0.59479326
87,0.20472442,0.7616085,0.5907359
87,0.21259843,0.75259084,0.5869793
87,0.22047244,0.7435514,0.58327776
87,0.22834645,0.73436993,0.5798109
87,0.23622048,0.72524565,0.5765486
87,0.24409449,0.7160313,0.57335913
87,0.2519685,0.70684856,0.5703273
87,0.25984251,0.6977006,0.5674624
87,0.26771653,0.68852973,0.5649356
87,0.27559054,0.6792836,0.56287706
87,0.28346458,0.66995347,0.5611399
87,0.2913386,0.6605207,0.55991286
87,0.2992126,0.65104795,0.5591428
87,0.30708662,0.6416305,0.559
87,0.31496063,0.6321993,0.5592429
87,0.32283464,0.6228152,0.5600978
87,0.33070865,0.61349,0.5615327
87,0.33858266,0.6040731,0.563522
87,0.3464567,0.5948243,0.5660325
87,0.35433072,0.5856596,0.5690369
87,0.36220473,0.5764936,0.57259446
87,0.37007874,0.56730014,0.5765324
87,0.37795275,0.5581819,0.5808276
87,0.38582677,0.5492071,0.58552045
87,0.39370078,0.5403869,0.59041554
87,0.4015748,0.5317938,0.595375
87,0.40944883,0.52314353,0.6007466
87,0.41732284,0.51443565,0.60609853
87,0.42519686,0.5057692,0.6115912
87,0.43307087,0.49704185,0.6169189
87,0.44094488,0.48833257,0.62214583
87,0.4488189,0.4794899,0.6271414
87,0.4566929,0.4706484,0.63178295
87,0.46456692,0.46166807,0.63603693
87,0.47244096,0.45263174,0.6398815
87,0.48031497,0.4433778,0.64314955
87,0.48818898,0.43411508,0.64580864
87,0.496063,0.42474863,0.6476769
87,0.503937,0.41535076,0.6485674
87,0.511811,0.40593123,0.64868504
87,0.51968503,0.39651942,0.6478352
87,0.52755904,0.3870969,0.6460885
87,0.53543305,0.37773103,0.64318967
87,0.54330707,0.36851427,0.6392915
87,0.5511811,0.36010674,0.634455
87,0.5590551,0.35224465,0.62865096
87,0.56692916,0.3444005,0.621546
87,0.5748032,0.33689332,0.6133169
87,0.5826772,0.32978612,0.60412306
87,0.5905512,0.32334375,0.59436876
87,0.5984252,0.31736737,0.5840298
87,0.6062992,0.31198177,0.573137
87,0.61417323,0.30706,0.5617619
87,0.62204725,0.30262837,0.5497953
87,0.62992126,0.2985843,0.53749657
87,0.63779527,0.29498136,0.5249966
87,0.6456693,0.29174078,0.5121748
87,0.6535433,0.2888525,0.49928504
87,0.6614173,0.28621286,0.4864376
87,0.6692913,0.28380942,0.4734225
87,0.6771653,0.28157195,0.460371
87,0.68503934,0.27950296,0.44716406
87,0.6929134,0.27740642,0.4340367
87,0.7007874,0.2753542,0.42094234
87,0.70866144,0.27331147,0.4076974
87,0.71653545,0.2712145,0.39451545
87,0.72440946,0.2690522,0.38154182
87,0.7322835,0.2666658,0.36853516
87,0.7401575,0.2641443,0.35561302
87,0.7480315,0.26135743,0.34254354
87,0.7559055,0.25827277,0.32960734
87,0.7637795,0.25491634,0.31695703
87,0.77165353,0.2513658,0.3045783
87,0.77952754,0.24745817,0.29245192
87,0.78740156,0.24319829,0.2804369
87,0.79527557,0.23867373,0.26864862
87,0.8031496,0.2339141,0.25697762
87,0.8110236,0.22883318,0.2455711
87,0.81889766,0.22359227,0.234412
87,0.8267717,0.21802561,0.22340287
87,0.8346457,0.21222442,0.21268648
87,0.8425197,0.20627718,0.20232736
87,0.8503937,0.20013614,0.19219217
87,0.8582677,0.19382624,0.18230149
87,0.86614174,0.18726826,0.1727766
87,0.87401575,0.18061641,0.16345201
87,0.88188976,0.17368808,0.1543561
87,0.8897638,0.16668546,0.14551282
87,0.8976378,0.15952848,0.13682549
87,0.9055118,0.15212686,0.12842755
87,0.9133858,0.14468923,0.12005457
87,0.9212598,0.13706173,0.11194938
87,0.92913383,0.12927817,0.10395022
87,0.93700784,0.12153606,0.09608281
87,0.9448819,0.11369744,0.08839307
87,0.9527559,0.1059053,0.08091372
87,0.96062994,0.09799583,0.073375225
87,0.96850395,0.09012293,0.06602142
87,0.97637796,0.08217899,0.058695387
87,0.984252,0.07406173,0.051392823
87,0.992126,0.06606734,0.04411175
87,1.0,0.0579,0.036714286
88,0.0,0.2135,0.95757145
88,0.007874016,0.21707866,0.94530416
88,0.015748031,0.22090715,0.9326428
88,0.023622047,0.22474168,0.9198472
88,0.031496063,0.22857332,0.9071772
88,0.03937008,0.23231906,0.89499724
88,0.047244094,0.23597543,0.88294494
88,0.05511811,0.23964229,0.8710069
88,0.062992126,0.24341813,0.8586625
88,0.070866145,0.24711308,0.846474
88,0.07874016,0.2506854,0.8343414
88,0.08661418,0.25436452,0.82194465
88,0.09448819,0.258002,0.8095171
88,0.10236221,0.26162955,0.79713964
88,0.11023622,0.26524684,0.7848915
88,0.11811024,0.26867688,0.7726008
88,0.12598425,0.27204412,0.75994813
88,0.13385826,0.27502462,0.7475912
88,0.14173229,0.2778584,0.73512465
88,0.1496063,0.2808251,0.7222614
88,0.15748031,0.28355703,0.7094156
88,0.16535433,0.28579357,0.6964653
88,0.17322835,0.2876611,0.6835079
88,0.18110237,0.28899637,0.6700364
88,0.18897638,0.2898778,0.6564442
88,0.19685039,0.2904,0.6427583
88,0.20472442,0.2905,0.62924093
88,0.21259843,0.2901651,0.6159662
88,0.22047244,0.28942278,0.6026308
88,0.22834645,0.2883867,0.5894292
88,0.23622048,0.28721973,0.57613987
88,0.24409449,0.28608644,0.56278324
88,0.2519685,0.28493768,0.54952145
88,0.25984251,0.28398716,0.53613895
88,0.26771653,0.28336155,0.5228353
88,0.27559054,0.2831,0.50954854
88,0.28346458,0.28336212,0.4962053
88,0.2913386,0.284108,0.4827597
88,0.2992126,0.28550363,0.46939757
88,0.30708662,0.28732586,0.4561195
88,0.31496063,0.28966317,0.4429894
88,0.32283464,0.2925101,0.43009958
88,0.33070865,0.29586378,0.41769713
88,0.33858266,0.29972342,0.40550455
88,0.3464567,0.3040945,0.39364117
88,0.35433072,0.3090375,0.3822571
88,0.36220473,0.31436875,0.37124267
88,0.37007874,0.32019016,0.36070746
88,0.37795275,0.32655707,0.35075837
88,0.38582677,0.33330414,0.3414333
88,0.39370078,0.34040973,0.33284605
88,0.4015748,0.34798238,0.3248375
88,0.40944883,0.35590953,0.31768793
88,0.41732284,0.36424282,0.311398
88,0.42519686,0.37276453,0.30603558
88,0.43307087,0.38163218,0.30146343
88,0.44094488,0.3906569,0.29792273
88,0.4488189,0.39986855,0.29533532
88,0.4566929,0.40917748,0.29368892
88,0.46456692,0.41851124,0.293
88,0.47244096,0.4278586,0.2934113
88,0.48031497,0.43721858,0.29491112
88,0.48818898,0.44638702,0.297282
88,0.496063,0.45551187,0.30055586
88,0.503937,0.46446037,0.30464447
88,0.511811,0.4732678,0.3094293
88,0.51968503,0.4818859,0.31474808
88,0.52755904,0.49031663,0.32058394
88,0.53543305,0.4985637,0.32687148
88,0.54330707,0.50677687,0.33345282
88,0.5511811,0.5148427,0.34025335
88,0.5590551,0.5229141,0.34732637
88,0.56692916,0.53083783,0.35437247
88,0.5748032,0.53887206,0.36135074
88,0.5826772,0.54684174,0.36826435
88,0.5905512,0.5549373,0.3751177
88,0.5984252,0.5630689,0.38177055
88,0.6062992,0.5713291,0.3883707
88,0.61417323,0.579637,0.39466032
88,0.62204725,0.5880018,0.40091288
88,0.62992126,0.5964962,0.40690663
88,0.63779527,0.60497576,0.41269857
88,0.6456693,0.6134255,0.41832826
88,0.6535433,0.62196535,0.42365548
88,0.6614173,0.630654,0.4289714
88,0.6692913,0.6393556,0.43402597
88,0.6771653,0.6481136,0.43907595
88,0.68503934,0.65694124,0.4439864
88,0.6929134,0.66579705,0.4489052
88,0.7007874,0.6745201,0.45382363
88,0.70866144,0.6832751,0.45864448
88,0.71653545,0.69196546,0.46347135
88,0.72440946,0.7006914,0.46831816
88,0.7322835,0.7093903,0.47324172
88,0.7401575,0.71812224,0.47819877
88,0.7480315,0.7267985,0.48307368
88,0.7559055,0.7355454,0.48804957
88,0.7637795,0.7442231,0.49296156
88,0.77165353,0.75299716,0.49797237
88,0.77952754,0.7616713,0.50284034
88,0.78740156,0.7704467,0.50785196
88,0.79527557,0.77924067,0.5128744
88,0.8031496,0.78806484,0.51791453
88,0.8110236,0.79683113,0.5228863
88,0.81889766,0.8055553,0.5279349
88,0.8267717,0.81418097,0.5329828
88,0.8346457,0.8228368,0.5381042
88,0.8425197,0.8315435,0.5431878
88,0.8503937,0.840199,0.5483532
88,0.8582677,0.84892404,0.5536678
88,0.86614174,0.85764176,0.55879116
88,0.87401575,0.8663171,0.5640705
88,0.88188976,0.87496424,0.5693093
88,0.8897638,0.8836401,0.5744903
88,0.8976378,0.8922714,0.5796219
88,0.9055118,0.9009415,0.58485174
88,0.9133858,0.90962726,0.59003896
88,0.9212598,0.91827357,0.59519464
88,0.92913383,0.9269615,0.6003913
88,0.93700784,0.93566567,0.6055092
88,0.9448819,0.944321,0.6106006
88,0.9527559,0.95288616,0.61580384
88,0.96062994,0.9614793,0.62082636
88,0.96850395,0.9701485,0.6258831
88,0.97637796,0.978887,0.6310466
88,0.984252,0.9875839,0.6359908
88,0.992126,0.9961536,0.64083064
88,1.0,1.0048,0.6457143
89,0.0,0.9877,0.725
89,0.007874016,0.9789015,0.7192059
89,0.015748031,0.97007114,0.713254
89,0.023622047,0.96100867,0.7072854
89,0.031496063,0.9519716,0.7012601
89,0.03937008,0.94294107,0.69531506
89,0.047244094,0.9339963,0.6894524
89,0.05511811,0.925122,0.6837497
89,0.062992126,0.9162063,0.6780112
89,0.070866145,0.9072622,0.67238504
89,0.07874016,0.8982441,0.6667355
89,0.08661418,0.8891236,0.6610368
89,0.09448819,0.87998724,0.65533817
89,0.10236221,0.8708783,0.6497753
89,0.11023622,0.8619732,0.6441285
89,0.11811024,0.85315144,0.63854367
89,0.12598425,0.8444306,0.6329982
89,0.13385826,0.83571,0.62750715
89,0.14173229,0.8268519,0.62201756
89,0.1496063,0.8177097,0.6164808
89,0.15748031,0.8086575,0.61134714
89,0.16535433,0.7997473,0.60639846
89,0.17322835,0.790645,0.6015299
89,0.18110237,0.7814359,0.5967011
89,0.18897638,0.7721873,0.5919803
89,0.19685039,0.76296693,0.58738583
89,0.20472442,0.7536821,0.5830391
89,0.21259843,0.7442628,0.5789247
89,0.22047244,0.73482394,0.57508
89,0.22834645,0.7252665,0.57129246
89,0.23622048,0.7157144,0.56768984
89,0.24409449,0.70618105,0.564
89,0.2519685,0.6983377,0.56114286
89,0.25984251,0.6889933,0.5583047
89,0.26771653,0.6792823,0.55561346
89,0.27559054,0.6691657,0.5528759
89,0.28346458,0.65934736,0.550585
89,0.2913386,0.6499622,0.5487518
89,0.2992126,0.64044607,0.54742855
89,0.30708662,0.6308183,0.547
89,0.31496063,0.6209337,0.5473699
89,0.32283464,0.6111015,0.5484284
89,0.33070865,0.60135776,0.55058
89,0.33858266,0.5918317,0.55340695
89,0.3464567,0.5827843,0.55700594
89,0.35433072,0.57364833,0.5614027
89,0.36220473,0.56415755,0.56673086
89,0.37007874,0.5546773,0.5728472
89,0.37795275,0.5457267,0.579332
89,0.38582677,0.53755933,0.5858741
89,0.39370078,0.5293615,0.59289014
89,0.4015748,0.5209831,0.6002145
89,0.40944883,0.51261806,0.60758454
89,0.41732284,0.5043126,0.61471313
89,0.42519686,0.49572188,0.62161636
89,0.43307087,0.48699674,0.62798536
89,0.44094488,0.47814968,0.6339288
89,0.4488189,0.46901327,0.6391434
89,0.4566929,0.45979348,0.64376503
89,0.46456692,0.45042917,0.6474552
89,0.47244096,0.4408069,0.6503518
89,0.48031497,0.43110797,0.65221316
89,0.48818898,0.42130354,0.6531877
89,0.496063,0.4115419,0.6530887
89,0.503937,0.40169737,0.651871
89,0.511811,0.3919447,0.6495539
89,0.51968503,0.3826149,0.6460547
89,0.52755904,0.37351796,0.64148617
89,0.53543305,0.36473608,0.63583404
89,0.54330707,0.35615805,0.62904036
89,0.5511811,0.3480434,0.6212608
89,0.5590551,0.34040412,0.61242414
89,0.56692916,0.3333213,0.6028489
89,0.5748032,0.32676482,0.5925057
89,0.5826772,0.32084766,0.58136374
89,0.5905512,0.3154844,0.56974274
89,0.5984252,0.31063774,0.5576739
89,0.6062992,0.30626097,0.5453205
89,0.61417323,0.30233774,0.53242725
89,0.62204725,0.29884958,0.5193553
89,0.62992126,0.29580596,0.50606763
89,0.63779527,0.29300013,0.49271503
89,0.6456693,0.29045117,0.479185
89,0.6535433,0.28807428,0.46565953
89,0.6614173,0.28579435,0.4519915
89,0.6692913,0.28346357,0.4384671
89,0.6771653,0.28111848,0.42493454
89,0.68503934,0.2786122,0.41140664
89,0.6929134,0.27609316,0.39781797
89,0.7007874,0.27332687,0.38433567
89,0.70866144,0.2704912,0.37096232
89,0.71653545,0.26746222,0.35769522
89,0.72440946,0.2643021,0.34461087
89,0.7322835,0.2609358,0.3316126
89,0.7401575,0.2572955,0.31864947
89,0.7480315,0.25347835,0.30564964
89,0.7559055,0.24934374,0.29301375
89,0.7637795,0.24499173,0.28047737
89,0.77165353,0.2403334,0.2681833
89,0.77952754,0.23537718,0.25613013
89,0.78740156,0.23018289,0.24431698
89,0.79527557,0.22470644,0.2329055
89,0.8031496,0.21887974,0.22165665
89,0.8110236,0.2127487,0.21081929
89,0.81889766,0.20632794,0.20021495
89,0.8267717,0.19968155,0.18989569
89,0.8346457,0.19282828,0.1798616
89,0.8425197,0.18577427,0.17013505
89,0.8503937,0.17849441,0.1606944
89,0.8582677,0.17107135,0.15156393
89,0.86614174,0.1634808,0.14280872
89,0.87401575,0.15573494,0.13435365
89,0.88188976,0.14785077,0.12604836
89,0.8897638,0.13988353,0.11807955
89,0.8976378,0.1318561,0.11015796
89,0.9055118,0.12369721,0.10259173
89,0.9133858,0.11566583,0.095014475
89,0.9212598,0.10758901,0.08769363
89,0.92913383,0.099597365,0.0805406
89,0.93700784,0.0913336,0.07299004
89,0.9448819,0.08259966,0.064984925
89,0.9527559,0.07405114,0.05699609
89,0.96062994,0.06566181,0.049670123
89,0.96850395,0.058054697,0.043849472
89,0.97637796,0.049988084,0.036941033
89,0.984252,0.04095668,0.028255004
89,0.992126,0.03223823,0.02058333
89,1.0,0.0235,0.013714286
90,0.0,0.1826,0.03442857
90,0.007874016,0.18867514,0.04027514
90,0.015748031,0.19483002,0.04623235
90,0.023622047,0.2009702,0.052236617
90,0.031496063,0.20712748,0.058370344
90,0.03937008,0.21333978,0.06463978
90,0.047244094,0.21952221,0.07098578
90,0.05511811,0.22564174,0.0773764
90,0.062992126,0.23156506,0.0838342
90,0.070866145,0.23729457,0.09035541
90,0.07874016,0.24297181,0.09698514
90,0.08661418,0.24850531,0.10378295
90,0.09448819,0.2540064,0.110743165
90,0.10236221,0.25945365,0.11793377
90,0.11023622,0.2646479,0.12506844
90,0.11811024,0.2698071,0.13239717
90,0.12598425,0.27497718,0.13996738
90,0.13385826,0.2800363,0.14764926
90,0.14173229,0.28514338,0.15534768
90,0.1496063,0.2902546,0.16296543
90,0.15748031,0.29539487,0.17042123
90,0.16535433,0.3005712,0.1775005
90,0.17322835,0.3056911,0.18423398
90,0.18110237,0.3112092,0.19115339
90,0.18897638,0.3169975,0.1979346
90,0.19685039,0.32290375,0.20462562
90,0.20472442,0.32895863,0.21097508
90,0.21259843,0.33494925,0.21677661
90,0.22047244,0.34114537,0.22206008
90,0.22834645,0.34769368,0.2271757
90,0.23622048,0.35450915,0.23194501
90,0.24409449,0.36141333,0.23619182
90,0.2519685,0.36830193,0.24029356
90,0.25984251,0.37514254,0.24407405
90,0.26771653,0.3820523,0.24766353
90,0.27559054,0.38907352,0.25121665
90,0.28346458,0.3960703,0.254743
90,0.2913386,0.40310907,0.25824052
90,0.2992126,0.41018373,0.26170653
90,0.30708662,0.41709778,0.26542732
90,0.31496063,0.42406312,0.26912224
90,0.32283464,0.43098244,0.27293703
90,0.33070865,0.4377771,0.2768754
90,0.33858266,0.44463316,0.2812007
90,0.3464567,0.45136127,0.2857748
90,0.35433072,0.4579702,0.2905989
90,0.36220473,0.46440682,0.29581743
90,0.37007874,0.470758,0.3013642
90,0.37795275,0.47697383,0.30732024
90,0.38582677,0.4829691,0.31362185
90,0.39370078,0.48879334,0.3203449
90,0.4015748,0.494347,0.3274682
90,0.40944883,0.4996298,0.33477616
90,0.41732284,0.5045432,0.34252864
90,0.42519686,0.509193,0.35059467
90,0.43307087,0.5136684,0.35913962
90,0.44094488,0.5178877,0.36805952
90,0.4488189,0.52173764,0.37720123
90,0.4566929,0.5253073,0.3867351
90,0.46456692,0.5284876,0.39643428
90,0.47244096,0.5312669,0.40599552
90,0.48031497,0.53368366,0.41578698
90,0.48818898,0.5356529,0.42564654
90,0.496063,0.5372522,0.43575007
90,0.503937,0.53832096,0.44608638
90,0.511811,0.5390271,0.4567481
90,0.51968503,0.5392,0.46742472
90,0.52755904,0.5389314,0.4781102
90,0.53543305,0.5382313,0.48880017
90,0.54330707,0.5371561,0.49921787
90,0.5511811,0.5356005,0.5096166
90,0.5590551,0.5336035,0.5196374
90,0.56692916,0.5311479,0.52958816
90,0.5748032,0.52822065,0.5392267
90,0.5826772,0.5247075,0.5485909
90,0.5905512,0.5208262,0.55760735
90,0.5984252,0.5165735,0.5662832
90,0.6062992,0.5120433,0.5746187
90,0.61417323,0.5072251,0.5827022
90,0.62204725,0.5021082,0.59041685
90,0.62992126,0.49680838,0.59794414
90,0.63779527,0.49136764,0.6052308
90,0.6456693,0.4858784,0.6122607
90,0.6535433,0.48022392,0.6189234
90,0.6614173,0.47453424,0.62550044
90,0.6692913,0.4687094,0.63189805
90,0.6771653,0.46286467,0.63818145
90,0.68503934,0.45691392,0.64446497
90,0.6929134,0.45086727,0.6506044
90,0.7007874,0.4449367,0.6567277
90,0.70866144,0.4389286,0.6628259
90,0.71653545,0.43294457,0.6689681
90,0.72440946,0.42689756,0.6752247
90,0.7322835,0.42096245,0.6814444
90,0.7401575,0.4150788,0.6879055
90,0.7480315,0.40923753,0.694334
90,0.7559055,0.4035406,0.7008934
90,0.7637795,0.397886,0.7075459
90,0.77165353,0.39227706,0.7144407
90,0.77952754,0.3867114,0.7215057
90,0.78740156,0.38129047,0.72878593
90,0.79527557,0.37591925,0.73614216
90,0.8031496,0.37068874,0.7435885
90,0.8110236,0.36560994,0.7512974
90,0.81889766,0.36056417,0.759099
90,0.8267717,0.35565192,0.76705945
90,0.8346457,0.35083213,0.77505916
90,0.8425197,0.34619915,0.7831443
90,0.8503937,0.34159726,0.79142404
90,0.8582677,0.3371272,0.79980534
90,0.86614174,0.33266947,0.80819184
90,0.87401575,0.32828382,0.8167451
90,0.88188976,0.32400158,0.82538456
90,0.8897638,0.31978518,0.83403176
90,0.8976378,0.3156185,0.84260327
90,0.9055118,0.3116021,0.85128105
90,0.9133858,0.30753553,0.8598999
90,0.9212598,0.30351615,0.8688413
90,0.92913383,0.29954162,0.8776821
90,0.93700784,0.29550505,0.88676316
90,0.9448819,0.29146466,0.8957951
90,0.9527559,0.2875184,0.9050436
90,0.96062994,0.28349838,0.91423225
90,0.96850395,0.2795382,0.9233758
90,0.97637796,0.27571175,0.9324875
90,0.984252,0.27183768,0.941571
90,0.992126,0.26806858,0.95050037
90,1.0,0.2643,0.95942855
91,0.0,0.1906,0.041285716
91,0.007874016,0.19676772,0.046770714
91,0.015748031,0.2029578,0.05228158
91,0.023622047,0.2091789,0.05795947
91,0.031496063,0.21542343,0.06368898
91,0.03937008,0.22158052,0.06964812
91,0.047244094,0.22745416,0.07556277
91,0.05511811,0.23328446,0.081724115
91,0.062992126,0.23892257,0.0881115
91,0.070866145,0.24447587,0.09462956
91,0.07874016,0.24987522,0.10116814
91,0.08661418,0.2553065,0.108165525
91,0.09448819,0.26076347,0.11549803
91,0.10236221,0.26608145,0.12268779
91,0.11023622,0.27118593,0.12983705
91,0.11811024,0.27626565,0.13709377
91,0.12598425,0.28128532,0.14426473
91,0.13385826,0.28645092,0.1515013
91,0.14173229,0.29173112,0.15875874
91,0.1496063,0.29704455,0.16604777
91,0.15748031,0.30249956,0.17325215
91,0.16535433,0.30805,0.18028572
91,0.17322835,0.31367177,0.1871899
91,0.18110237,0.31941655,0.19384749
91,0.18897638,0.32526824,0.20027797
91,0.19685039,0.33122557,0.20614783
91,0.20472442,0.33723363,0.21186338
91,0.21259843,0.34350893,0.21725962
91,0.22047244,0.34978524,0.22239096
91,0.22834645,0.35625696,0.22733092
91,0.23622048,0.3628743,0.23205307
91,0.24409449,0.3694241,0.236555
91,0.2519685,0.37603423,0.24089277
91,0.25984251,0.38270405,0.24516062
91,0.26771653,0.38941705,0.249311
91,0.27559054,0.39614832,0.2532562
91,0.28346458,0.4029072,0.25731838
91,0.2913386,0.40972587,0.26135764
91,0.2992126,0.41649747,0.26550552
91,0.30708662,0.42323855,0.26955336
91,0.31496063,0.429966,0.27378055
91,0.32283464,0.43659407,0.2780672
91,0.33070865,0.4433402,0.282743
91,0.33858266,0.44993755,0.2874418
91,0.3464567,0.4564025,0.29247576
91,0.35433072,0.46273848,0.29770818
91,0.36220473,0.4689241,0.30310833
91,0.37007874,0.47494695,0.308759
91,0.37795275,0.48080313,0.31486028
91,0.38582677,0.48648748,0.32119974
91,0.39370078,0.49209115,0.32798895
91,0.4015748,0.49740896,0.335228
91,0.40944883,0.50243473,0.34277102
91,0.41732284,0.5072152,0.35068604
91,0.42519686,0.51170164,0.35905075
91,0.43307087,0.5159042,0.36755472
91,0.44094488,0.5198248,0.376546
91,0.4488189,0.52335554,0.38573012
91,0.4566929,0.52659136,0.395258
91,0.46456692,0.5294221,0.4047592
91,0.47244096,0.531838,0.4145767
91,0.48031497,0.5339272,0.4244906
91,0.48818898,0.53557765,0.4345707
91,0.496063,0.536775,0.4446787
91,0.503937,0.5375115,0.45501396
91,0.511811,0.5379,0.46533805
91,0.51968503,0.5377345,0.47563502
91,0.52755904,0.5371128,0.48610365
91,0.53543305,0.536019,0.4965493
91,0.54330707,0.53442484,0.50672233
91,0.5511811,0.53239506,0.5167355
91,0.5590551,0.5299344,0.5265471
91,0.56692916,0.5271423,0.53602207
91,0.5748032,0.52394664,0.54543805
91,0.5826772,0.5203344,0.5544593
91,0.5905512,0.5164246,0.563236
91,0.5984252,0.51222014,0.57180446
91,0.6062992,0.507736,0.5800026
91,0.61417323,0.50297856,0.5879818
91,0.62204725,0.4979691,0.59563917
91,0.62992126,0.49282238,0.60301775
91,0.63779527,0.48750862,0.6102392
91,0.6456693,0.48198244,0.61714697
91,0.6535433,0.4762744,0.6237423
91,0.6614173,0.47054684,0.63025135
91,0.6692913,0.46464217,0.63644975
91,0.6771653,0.45876765,0.6424723
91,0.68503934,0.45282888,0.6483658
91,0.6929134,0.44683218,0.6542525
91,0.7007874,0.440855,0.65994763
91,0.70866144,0.43483672,0.66572696
91,0.71653545,0.42879874,0.6715651
91,0.72440946,0.42269886,0.67739004
91,0.7322835,0.41676423,0.6833158
91,0.7401575,0.41071644,0.6894338
91,0.7480315,0.404852,0.6955278
91,0.7559055,0.3990714,0.7018346
91,0.7637795,0.39348337,0.7083195
91,0.77165353,0.3879429,0.7149614
91,0.77952754,0.38262886,0.72173
91,0.78740156,0.37738135,0.72874093
91,0.79527557,0.37231478,0.7359789
91,0.8031496,0.36735782,0.7435114
91,0.8110236,0.36250353,0.7512637
91,0.81889766,0.35784554,0.7593967
91,0.8267717,0.35324165,0.76756704
91,0.8346457,0.3486849,0.77602875
91,0.8425197,0.34426314,0.7846366
91,0.8503937,0.33987728,0.7933387
91,0.8582677,0.33558902,0.80221313
91,0.86614174,0.331203,0.8112636
91,0.87401575,0.32693356,0.82027996
91,0.88188976,0.3226462,0.8292184
91,0.8897638,0.31851596,0.83802396
91,0.8976378,0.31465274,0.8460571
91,0.9055118,0.3110791,0.85336757
91,0.9133858,0.30734834,0.86083966
91,0.9212598,0.3034325,0.86890376
91,0.92913383,0.29938903,0.8775502
91,0.93700784,0.295185,0.88749474
91,0.9448819,0.29099944,0.89750934
91,0.9527559,0.28709406,0.9066274
91,0.96062994,0.28335258,0.91561973
91,0.96850395,0.2796676,0.9246699
91,0.97637796,0.2761254,0.93399477
91,0.984252,0.27259478,0.943193
91,0.992126,0.269022,0.9522975
91,1.0,0.2655,0.9614286
92,0.0,0.1712,0.028857144
92,0.007874016,0.17762807,0.034542926
92,0.015748031,0.18405347,0.040395327
92,0.023622047,0.19021726,0.046344146
92,0.031496063,0.19624095,0.05249076
92,0.03937008,0.20233026,0.05870435
92,0.047244094,0.20856774,0.06496708
92,0.05511811,0.21449567,0.071220085
92,0.062992126,0.2203275,0.07790561
92,0.070866145,0.22646022,0.08444921
92,0.07874016,0.23242702,0.09063981
92,0.08661418,0.23822717,0.097257756
92,0.09448819,0.24407718,0.10440062
92,0.10236221,0.24993496,0.111818306
92,0.11023622,0.25525674,0.118652485
92,0.11811024,0.26073435,0.1256205
92,0.12598425,0.2667718,0.13261852
92,0.13385826,0.27236506,0.13937864
92,0.14173229,0.27777743,0.14696778
92,0.1496063,0.28336298,0.15480429
92,0.15748031,0.28910857,0.16238122
92,0.16535433,0.29435283,0.16923517
92,0.17322835,0.29956573,0.17709391
92,0.18110237,0.30487445,0.18353492
92,0.18897638,0.3092951,0.19013585
92,0.19685039,0.31463796,0.1971971
92,0.20472442,0.32100582,0.20484772
92,0.21259843,0.3270696,0.21165982
92,0.22047244,0.33313408,0.21828215
92,0.22834645,0.33943608,0.22479074
92,0.23622048,0.34562993,0.23057267
92,0.24409449,0.35194534,0.23588952
92,0.2519685,0.35857615,0.24079484
92,0.25984251,0.36538655,0.24548157
92,0.26771653,0.37237757,0.24973346
92,0.27559054,0.37944624,0.25380382
92,0.28346458,0.3865699,0.25775707
92,0.2913386,0.39385328,0.26150155
92,0.2992126,0.40097597,0.2649163
92,0.30708662,0.40800568,0.26814517
92,0.31496063,0.41511562,0.2712733
92,0.32283464,0.42220983,0.27480093
92,0.33070865,0.42928752,0.27864543
92,0.33858266,0.4363364,0.2827013
92,0.3464567,0.44327554,0.28679976
92,0.35433072,0.45010954,0.29108322
92,0.36220473,0.45681083,0.2956506
92,0.37007874,0.46338162,0.3005583
92,0.37795275,0.46980894,0.3061622
92,0.38582677,0.47593954,0.3122489
92,0.39370078,0.48185104,0.31884524
92,0.4015748,0.48755065,0.32585084
92,0.40944883,0.49313354,0.33304793
92,0.41732284,0.49836576,0.3405164
92,0.42519686,0.503262,0.34825358
92,0.43307087,0.5078639,0.3564112
92,0.44094488,0.51218116,0.36524537
92,0.4488189,0.516366,0.37483183
92,0.4566929,0.5202406,0.38483024
92,0.46456692,0.52339095,0.3944261
92,0.47244096,0.5261756,0.40363067
92,0.48031497,0.5284453,0.41296834
92,0.48818898,0.53062844,0.42336667
92,0.496063,0.5323215,0.43429643
92,0.503937,0.53365594,0.44524223
92,0.511811,0.5346435,0.455823
92,0.51968503,0.5351595,0.46627608
92,0.52755904,0.5354,0.47685528
92,0.53543305,0.5351756,0.48766562
92,0.54330707,0.53459996,0.4984289
92,0.5511811,0.5336894,0.50917614
92,0.5590551,0.53239053,0.5196913
92,0.56692916,0.5306006,0.5301401
92,0.5748032,0.5284401,0.54037094
92,0.5826772,0.52580196,0.5503502
92,0.5905512,0.5226569,0.55988324
92,0.5984252,0.519083,0.5693133
92,0.6062992,0.5151923,0.57849455
92,0.61417323,0.5109712,0.58756167
92,0.62204725,0.5065583,0.5961977
92,0.62992126,0.5018917,0.6045853
92,0.63779527,0.49692336,0.61249954
92,0.6456693,0.4915032,0.62000674
92,0.6535433,0.48589045,0.62713414
92,0.6614173,0.47998622,0.63390017
92,0.6692913,0.47392705,0.64020973
92,0.6771653,0.4677919,0.64643633
92,0.68503934,0.4615227,0.6525512
92,0.6929134,0.45520386,0.65837157
92,0.7007874,0.44889858,0.6641798
92,0.70866144,0.44261602,0.66982496
92,0.71653545,0.43633887,0.67548096
92,0.72440946,0.4300577,0.6811628
92,0.7322835,0.42378813,0.68699276
92,0.7401575,0.4175739,0.69300777
92,0.7480315,0.41132203,0.6990051
92,0.7559055,0.40513283,0.70522666
92,0.7637795,0.3989949,0.71143407
92,0.77165353,0.3929951,0.71782666
92,0.77952754,0.38701177,0.7244723
92,0.78740156,0.38120356,0.73129946
92,0.79527557,0.37565657,0.7383871
92,0.8031496,0.37018362,0.7457377
92,0.8110236,0.36490157,0.7531406
92,0.81889766,0.35956076,0.7608356
92,0.8267717,0.3542972,0.7684431
92,0.8346457,0.34934247,0.7759715
92,0.8425197,0.3446028,0.7835873
92,0.8503937,0.3399665,0.7916703
92,0.8582677,0.33551243,0.80039424
92,0.86614174,0.33114076,0.80955875
92,0.87401575,0.32696122,0.8190675
92,0.88188976,0.32284576,0.82856476
92,0.8897638,0.31888944,0.83778256
92,0.8976378,0.31488273,0.8467962
92,0.9055118,0.31101468,0.85566
92,0.9133858,0.30707562,0.8645618
92,0.9212598,0.30316642,0.8734401
92,0.92913383,0.29930553,0.8824928
92,0.93700784,0.29559654,0.8916567
92,0.9448819,0.29184207,0.9008763
92,0.9527559,0.28813034,0.91018707
92,0.96062994,0.28443837,0.9196407
92,0.96850395,0.28061673,0.92924476
92,0.97637796,0.27672338,0.9389223
92,0.984252,0.2728564,0.9485353
92,0.992126,0.26901516,0.95779955
92,1.0,0.2653,0.967
93,0.0,0.1756,0.03357143
93,0.007874016,0.18251725,0.040171526
93,0.015748031,0.18929219,0.046743024
93,0.023622047,0.19474481,0.051936924
93,0.031496063,0.20060903,0.058188237
93,0.03937008,0.20615543,0.064039595
93,0.047244094,0.21098126,0.06940181
93,0.05511811,0.21720341,0.07547943
93,0.062992126,0.22267285,0.081454694
93,0.070866145,0.22849697,0.087353535
93,0.07874016,0.23411712,0.09359238
93,0.08661418,0.23968358,0.10009287
93,0.09448819,0.24557419,0.10659907
93,0.10236221,0.25154367,0.113123305
93,0.11023622,0.2573023,0.11957391
93,0.11811024,0.26288918,0.1261776
93,0.12598425,0.26846611,0.13297004
93,0.13385826,0.27416116,0.14010264
93,0.14173229,0.27971905,0.14727788
93,0.1496063,0.28534126,0.15447912
93,0.15748031,0.290906,0.16161233
93,0.16535433,0.2963083,0.16843952
93,0.17322835,0.30170184,0.175222
93,0.18110237,0.30707747,0.18198374
93,0.18897638,0.31263533,0.18858115
93,0.19685039,0.31835207,0.19515027
93,0.20472442,0.3241796,0.20169137
93,0.21259843,0.3301911,0.20803915
93,0.22047244,0.33616018,0.21391447
93,0.22834645,0.34229377,0.21942322
93,0.23622048,0.34845862,0.22467211
93,0.24409449,0.35484394,0.2297102
93,0.2519685,0.36145714,0.23468368
93,0.25984251,0.36811692,0.23953238
93,0.26771653,0.37476632,0.24426167
93,0.27559054,0.38131043,0.24872124
93,0.28346458,0.38775247,0.2530495
93,0.2913386,0.3941045,0.2573844
93,0.2992126,0.40051,0.26186427
93,0.30708662,0.40728387,0.2664885
93,0.31496063,0.41392684,0.2713763
93,0.32283464,0.4203967,0.27620268
93,0.33070865,0.42677402,0.28083736
93,0.33858266,0.43311122,0.28543657
93,0.3464567,0.43969506,0.29006392
93,0.35433072,0.44665816,0.29488784
93,0.36220473,0.453639,0.29972368
93,0.37007874,0.460086,0.3042274
93,0.37795275,0.4659381,0.30841
93,0.38582677,0.4719306,0.31276262
93,0.39370078,0.47863454,0.31776562
93,0.4015748,0.48526752,0.32271492
93,0.40944883,0.49184456,0.327832
93,0.41732284,0.49823835,0.3328076
93,0.42519686,0.5043816,0.3379089
93,0.43307087,0.51054156,0.3430998
93,0.44094488,0.51674217,0.3484136
93,0.4488189,0.5230031,0.35384464
93,0.4566929,0.52935946,0.35918453
93,0.46456692,0.5356546,0.36425158
93,0.47244096,0.54201096,0.36932293
93,0.48031497,0.5483507,0.37413317
93,0.48818898,0.5548183,0.37903535
93,0.496063,0.5611896,0.383914
93,0.503937,0.5676809,0.38882926
93,0.511811,0.5741705,0.39378545
93,0.51968503,0.58069736,0.39862326
93,0.52755904,0.5872475,0.40324822
93,0.53543305,0.5937988,0.40774205
93,0.54330707,0.6002876,0.4119408
93,0.5511811,0.6067839,0.41596133
93,0.5590551,0.61324084,0.4197169
93,0.56692916,0.6196383,0.42340124
93,0.5748032,0.62617004,0.4270345
93,0.5826772,0.6329369,0.4306336
93,0.5905512,0.63988274,0.43424076
93,0.5984252,0.6470299,0.4380285
93,0.6062992,0.6544219,0.44204557
93,0.61417323,0.6618713,0.4460487
93,0.62204725,0.66942644,0.45004368
93,0.62992126,0.67659014,0.45407864
93,0.63779527,0.6836287,0.45797786
93,0.6456693,0.6904213,0.46193293
93,0.6535433,0.6970231,0.4658664
93,0.6614173,0.7034784,0.4697336
93,0.6692913,0.70986456,0.47374946
93,0.6771653,0.71632653,0.47775906
93,0.68503934,0.7228281,0.48181075
93,0.6929134,0.72942525,0.48585963
93,0.7007874,0.73601854,0.49003837
93,0.70866144,0.7426676,0.4940512
93,0.71653545,0.7493587,0.49817064
93,0.72440946,0.75601786,0.5021061
93,0.7322835,0.76257265,0.5061393
93,0.7401575,0.7691869,0.5100337
93,0.7480315,0.7758896,0.5140695
93,0.7559055,0.782622,0.5181525
93,0.7637795,0.7893246,0.52228844
93,0.77165353,0.79610145,0.52652466
93,0.77952754,0.8029147,0.53072363
93,0.78740156,0.8096561,0.5348786
93,0.79527557,0.81640524,0.5392426
93,0.8031496,0.8231075,0.54344475
93,0.8110236,0.8298612,0.54775983
93,0.81889766,0.8365951,0.55207956
93,0.8267717,0.8433531,0.55631965
93,0.8346457,0.85009825,0.56068224
93,0.8425197,0.8568781,0.5649417
93,0.8503937,0.8635934,0.56921566
93,0.8582677,0.87041295,0.5735346
93,0.86614174,0.87715524,0.5778436
93,0.87401575,0.8838083,0.58199775
93,0.88188976,0.8904872,0.5861422
93,0.8897638,0.8971888,0.5902489
93,0.8976378,0.9037965,0.5944263
93,0.9055118,0.91052204,0.5984719
93,0.9133858,0.91731197,0.6025235
93,0.9212598,0.9240932,0.6067177
93,0.92913383,0.93082166,0.610777
93,0.93700784,0.9376305,0.6149519
93,0.9448819,0.9444671,0.6192271
93,0.9527559,0.9512886,0.62352276
93,0.96062994,0.9577742,0.6276503
93,0.96850395,0.9640447,0.63155794
93,0.97637796,0.9704699,0.6354884
93,0.984252,0.97730297,0.6394192
93,0.992126,0.98430103,0.6433522
93,1.0,0.9913,0.6471428
94,0.0,0.1769,0.035714287
94,0.007874016,0.18299307,0.041564822
94,0.015748031,0.18881214,0.047344886
94,0.023622047,0.19478697,0.053275075
94,0.031496063,0.20063624,0.05951376
94,0.03937008,0.2062996,0.06567307
94,0.047244094,0.21194497,0.07190532
94,0.05511811,0.21772611,0.078313686
94,0.062992126,0.22347474,0.08479437
94,0.070866145,0.22913289,0.09114826
94,0.07874016,0.23482706,0.09769674
94,0.08661418,0.24045335,0.10426562
94,0.09448819,0.24602754,0.11083148
94,0.10236221,0.25149173,0.11759053
94,0.11023622,0.25704274,0.12422639
94,0.11811024,0.26257968,0.1309596
94,0.12598425,0.26803136,0.13772498
94,0.13385826,0.27357242,0.14453861
94,0.14173229,0.27910268,0.15124129
94,0.1496063,0.28457522,0.15804698
94,0.15748031,0.29020658,0.16474351
94,0.16535433,0.29578194,0.17142871
94,0.17322835,0.30142656,0.1779992
94,0.18110237,0.30707115,0.18442692
94,0.18897638,0.3128775,0.19071929
94,0.19685039,0.3187634,0.19702832
94,0.20472442,0.32463124,0.20307532
94,0.21259843,0.3305734,0.20900959
94,0.22047244,0.3365292,0.21481691
94,0.22834645,0.34247935,0.22050191
94,0.23622048,0.3485574,0.226066
94,0.24409449,0.35459796,0.23151408
94,0.2519685,0.36085606,0.23699373
94,0.25984251,0.3671802,0.24236709
94,0.26771653,0.37348756,0.24765044
94,0.27559054,0.37980565,0.25296873
94,0.28346458,0.38611513,0.25806904
94,0.2913386,0.39250183,0.26318517
94,0.2992126,0.3988784,0.26824233
94,0.30708662,0.40529728,0.27333128
94,0.31496063,0.4118335,0.27833778
94,0.32283464,0.41817722,0.28324825
94,0.33070865,0.4246109,0.28807923
94,0.33858266,0.43102658,0.29296875
94,0.3464567,0.4373376,0.29772457
94,0.35433072,0.44371822,0.302513
94,0.36220473,0.45019585,0.30726948
94,0.37007874,0.45662776,0.3120606
94,0.37795275,0.4631171,0.31696135
94,0.38582677,0.46956858,0.32183373
94,0.39370078,0.47606632,0.32667676
94,0.4015748,0.4826297,0.33158296
94,0.40944883,0.4890678,0.33643562
94,0.41732284,0.495483,0.34136
94,0.42519686,0.5018755,0.34626597
94,0.43307087,0.508245,0.3511233
94,0.44094488,0.5145982,0.35603595
94,0.4488189,0.5209591,0.36089933
94,0.4566929,0.5273435,0.36574537
94,0.46456692,0.5337971,0.37056935
94,0.47244096,0.5402211,0.37537223
94,0.48031497,0.5466144,0.38015315
94,0.48818898,0.5530751,0.3847679
94,0.496063,0.55965763,0.3894371
94,0.503937,0.5662211,0.39392877
94,0.511811,0.57274556,0.39847124
94,0.51968503,0.5793336,0.40284592
94,0.52755904,0.58598113,0.4071767
94,0.53543305,0.5925596,0.41136897
94,0.54330707,0.59919184,0.4154786
94,0.5511811,0.6057838,0.41966605
94,0.5590551,0.61247766,0.42374772
94,0.56692916,0.61913955,0.42782062
94,0.5748032,0.6258472,0.43185538
94,0.5826772,0.6325098,0.43586284
94,0.5905512,0.63921857,0.4398372
94,0.5984252,0.64587754,0.44378588
94,0.6062992,0.65262556,0.44777453
94,0.61417323,0.65932655,0.4517343
94,0.62204725,0.6660782,0.45570093
94,0.62992126,0.67277664,0.4596592
94,0.63779527,0.6795242,0.46358624
94,0.6456693,0.6862187,0.4675717
94,0.6535433,0.6929346,0.47148842
94,0.6614173,0.69966435,0.4754666
94,0.6692913,0.70634305,0.4794146
94,0.6771653,0.7130752,0.4833351
94,0.68503934,0.71985465,0.48723125
94,0.6929134,0.7265247,0.49124268
94,0.7007874,0.73324734,0.49513882
94,0.70866144,0.7400279,0.49913156
94,0.71653545,0.7467493,0.50309867
94,0.72440946,0.753464,0.50703835
94,0.7322835,0.7601348,0.51095176
94,0.7401575,0.76686645,0.5149845
94,0.7480315,0.773555,0.5189915
94,0.7559055,0.7803013,0.5229731
94,0.7637795,0.7869869,0.52692986
94,0.77165353,0.79366255,0.5308622
94,0.77952754,0.8003919,0.53491217
94,0.78740156,0.8069931,0.53893554
94,0.79527557,0.81372786,0.54296386
94,0.8031496,0.82043535,0.5469507
94,0.8110236,0.8271359,0.5510564
94,0.81889766,0.8337714,0.5551385
94,0.8267717,0.8405098,0.55919904
94,0.8346457,0.8472397,0.56324047
94,0.8425197,0.8539777,0.5674064
94,0.8503937,0.8607324,0.5714742
94,0.8582677,0.86742103,0.5756099
94,0.86614174,0.8741903,0.57967496
94,0.87401575,0.8809438,0.5837905
94,0.88188976,0.8876851,0.58789885
94,0.8897638,0.8943144,0.5920511
94,0.8976378,0.9010341,0.5960957
94,0.9055118,0.9077483,0.6001881
94,0.9133858,0.91445905,0.60427845
94,0.9212598,0.9211661,0.6083666
94,0.92913383,0.9277732,0.61245483
94,0.93700784,0.93448246,0.6164301
94,0.9448819,0.94119555,0.6204932
94,0.9527559,0.94780874,0.624585
94,0.96062994,0.9545219,0.6285516
94,0.96850395,0.96123505,0.63262564
94,0.97637796,0.96795,0.63671845
94,0.984252,0.9746693,0.6406781
94,0.992126,0.9813843,0.6447654
94,1.0,0.988,0.6487143
95,0.0,0.2182,0.949
95,0.007874016,0.22159031,0.93667746
95,0.015748031,0.22527745,0.92436624
95,0.023622047,0.22894005,0.91285694
95,0.031496063,0.2326579,0.9004261
95,0.03937008,0.23636118,0.88784367
95,0.047244094,0.23973101,0.87589663
95,0.05511811,0.24338642,0.8631946
95,0.062992126,0.24683578,0.8507855
95,0.070866145,0.25028154,0.8382996
95,0.07874016,0.25382197,0.82547724
95,0.08661418,0.25741893,0.813388
95,0.09448819,0.26024234,0.8045933
95,0.10236221,0.26370132,0.7924934
95,0.11023622,0.2671043,0.77998155
95,0.11811024,0.2703399,0.7675575
95,0.12598425,0.2733395,0.75511634
95,0.13385826,0.27638,0.7424457
95,0.14173229,0.27916762,0.7294245
95,0.1496063,0.28176185,0.7162401
95,0.15748031,0.28406912,0.70330834
95,0.16535433,0.28595167,0.69048655
95,0.17322835,0.28758603,0.67739874
95,0.18110237,0.28885764,0.6641161
95,0.18897638,0.28985193,0.65080756
95,0.19685039,0.29056707,0.63741815
95,0.20472442,0.2908,0.6240486
95,0.21259843,0.29071626,0.6108464
95,0.22047244,0.29031235,0.5976033
95,0.22834645,0.28971073,0.58429146
95,0.23622048,0.2889229,0.5710251
95,0.24409449,0.28812966,0.5578309
95,0.2519685,0.28734198,0.5445698
95,0.25984251,0.28665945,0.5313784
95,0.26771653,0.286141,0.51811296
95,0.27559054,0.2859,0.5048556
95,0.28346458,0.28602836,0.4915161
95,0.2913386,0.28650862,0.47832522
95,0.2992126,0.28745717,0.46510193
95,0.30708662,0.28887916,0.45200792
95,0.31496063,0.29092282,0.43902367
95,0.32283464,0.2933959,0.4261614
95,0.33070865,0.2964613,0.41363975
95,0.33858266,0.3000508,0.4012919
95,0.3464567,0.3040647,0.38924372
95,0.35433072,0.30866486,0.37767497
95,0.36220473,0.31369767,0.3665759
95,0.37007874,0.31926325,0.35597473
95,0.37795275,0.3253161,0.34604678
95,0.38582677,0.331875,0.33664048
95,0.39370078,0.3389017,0.3281053
95,0.4015748,0.34638533,0.32021526
95,0.40944883,0.35431322,0.31324348
95,0.41732284,0.3625703,0.307178
95,0.42519686,0.371168,0.3019897
95,0.43307087,0.38002154,0.29766467
95,0.44094488,0.3891088,0.29437116
95,0.4488189,0.39831215,0.29203832
95,0.4566929,0.40765494,0.29094863
95,0.46456692,0.4169349,0.29097515
95,0.47244096,0.42609668,0.29208523
95,0.48031497,0.43512535,0.29425904
95,0.48818898,0.444002,0.29731515
95,0.496063,0.4528098,0.30131918
95,0.503937,0.461524,0.30595657
95,0.511811,0.47010127,0.3113392
95,0.51968503,0.47846135,0.3171514
95,0.52755904,0.48661962,0.32337713
95,0.53543305,0.49467582,0.32987475
95,0.54330707,0.5026284,0.33670232
95,0.5511811,0.5105698,0.3434598
95,0.5590551,0.518507,0.350406
95,0.56692916,0.52643955,0.35737956
95,0.5748032,0.5344349,0.36426896
95,0.5826772,0.5424369,0.37105983
95,0.5905512,0.5504587,0.37775737
95,0.5984252,0.55852926,0.38436884
95,0.6062992,0.5666017,0.39080653
95,0.61417323,0.57480365,0.3971642
95,0.62204725,0.58303916,0.4033025
95,0.62992126,0.59121096,0.40936497
95,0.63779527,0.59959656,0.4153547
95,0.6456693,0.6079119,0.42108175
95,0.6535433,0.61634046,0.4266906
95,0.6614173,0.624787,0.43218923
95,0.6692913,0.6333702,0.43762875
95,0.6771653,0.6418687,0.44290414
95,0.68503934,0.6504892,0.44819477
95,0.6929134,0.65912634,0.45329612
95,0.7007874,0.6676936,0.45821044
95,0.70866144,0.67632836,0.46308225
95,0.71653545,0.68490547,0.46793413
95,0.72440946,0.6935838,0.47270486
95,0.7322835,0.7023063,0.477442
95,0.7401575,0.7109737,0.48213974
95,0.7480315,0.7197209,0.48679638
95,0.7559055,0.7284068,0.49141163
95,0.7637795,0.73703897,0.49602607
95,0.77165353,0.74575925,0.50069714
95,0.77952754,0.7544193,0.5053244
95,0.78740156,0.76317203,0.50990915
95,0.79527557,0.77184737,0.5145985
95,0.8031496,0.78064626,0.5193758
95,0.8110236,0.78938395,0.52412015
95,0.81889766,0.798177,0.52898264
95,0.8267717,0.80693096,0.53382355
95,0.8346457,0.81565946,0.5386504
95,0.8425197,0.82437146,0.5434681
95,0.8503937,0.83307105,0.5482789
95,0.8582677,0.8417691,0.5530889
95,0.86614174,0.85036784,0.5580421
95,0.87401575,0.8589511,0.5628578
95,0.88188976,0.86759853,0.56782407
95,0.8897638,0.87624484,0.5727872
95,0.8976378,0.88491637,0.57775635
95,0.9055118,0.8936238,0.5826675
95,0.9133858,0.90234077,0.587709
95,0.9212598,0.9110635,0.59277916
95,0.92913383,0.91972816,0.5977304
95,0.93700784,0.9284312,0.6027081
95,0.9448819,0.9370314,0.60758847
95,0.9527559,0.9455104,0.6123783
95,0.96062994,0.9540312,0.6171943
95,0.96850395,0.96279985,0.6221674
95,0.97637796,0.97141695,0.6271736
95,0.984252,0.9796687,0.6322023
95,0.992126,0.988227,0.63696045
95,1.0,0.997,0.6415714
96,0.0,0.1741,0.033285715
96,0.007874016,0.18045513,0.039424222
96,0.015748031,0.1868596,0.04560678
96,0.023622047,0.19317846,0.05169377
96,0.031496063,0.19949673,0.05756831
96,0.03937008,0.2058482,0.06358417
96,0.047244094,0.21224424,0.069739014
96,0.05511811,0.21840696,0.075809084
96,0.062992126,0.22443779,0.08191649
96,0.070866145,0.23028699,0.08802177
96,0.07874016,0.23621167,0.09456152
96,0.08661418,0.24212909,0.101316884
96,0.09448819,0.24799933,0.10814197
96,0.10236221,0.2539121,0.11487126
96,0.11023622,0.25970623,0.12168525
96,0.11811024,0.26555863,0.128588
96,0.12598425,0.27134794,0.13556875
96,0.13385826,0.2772799,0.14283367
96,0.14173229,0.28320807,0.15049493
96,0.1496063,0.28873703,0.15748148
96,0.15748031,0.29399207,0.16427438
96,0.16535433,0.2997567,0.17157966
96,0.17322835,0.30577683,0.17925261
96,0.18110237,0.31113887,0.18634126
96,0.18897638,0.3164775,0.19239643
96,0.19685039,0.3211931,0.19913302
96,0.20472442,0.32637656,0.20551606
96,0.21259843,0.3322241,0.21268257
96,0.22047244,0.33819255,0.21960959
96,0.22834645,0.34437242,0.22629601
96,0.23622048,0.35074574,0.23247214
96,0.24409449,0.35724542,0.23794703
96,0.2519685,0.36398062,0.24280445
96,0.25984251,0.37077743,0.24708971
96,0.26771653,0.37785694,0.25108406
96,0.27559054,0.3852101,0.2547446
96,0.28346458,0.39237863,0.25845283
96,0.2913386,0.39948046,0.26223385
96,0.2992126,0.40662935,0.2659812
96,0.30708662,0.41386172,0.2699355
96,0.31496063,0.4209941,0.2738453
96,0.32283464,0.42794678,0.2776322
96,0.33070865,0.43489966,0.28152925
96,0.33858266,0.4418674,0.28544682
96,0.3464567,0.44882584,0.28964114
96,0.35433072,0.4558701,0.29412416
96,0.36220473,0.4628596,0.2989978
96,0.37007874,0.46937358,0.30389416
96,0.37795275,0.47559345,0.30912665
96,0.38582677,0.4817776,0.31458226
96,0.39370078,0.48828694,0.32086423
96,0.4015748,0.49463904,0.3274275
96,0.40944883,0.5007836,0.33413407
96,0.41732284,0.5064963,0.34094802
96,0.42519686,0.51191086,0.34801406
96,0.43307087,0.5172228,0.3556011
96,0.44094488,0.5224858,0.36361012
96,0.4488189,0.5273834,0.37176728
96,0.4566929,0.5318956,0.38013417
96,0.46456692,0.53584594,0.3889884
96,0.47244096,0.53922355,0.39856645
96,0.48031497,0.5418702,0.40844357
96,0.48818898,0.54391754,0.41858134
96,0.496063,0.54541713,0.42902842
96,0.503937,0.546409,0.43980443
96,0.511811,0.546886,0.45055827
96,0.51968503,0.5467978,0.46104363
96,0.52755904,0.54629195,0.47152087
96,0.53543305,0.5453086,0.4824731
96,0.54330707,0.54396975,0.49332553
96,0.5511811,0.54221,0.5039431
96,0.5590551,0.54003245,0.51409847
96,0.56692916,0.5373028,0.5240935
96,0.5748032,0.5341748,0.533889
96,0.5826772,0.5306514,0.54347867
96,0.5905512,0.52695113,0.5526958
96,0.5984252,0.5229239,0.561638
96,0.6062992,0.51858586,0.57016855
96,0.61417323,0.5137436,0.5786945
96,0.62204725,0.50861156,0.5868406
96,0.62992126,0.5032743,0.5946081
96,0.63779527,0.49779117,0.6020336
96,0.6456693,0.49225613,0.6092117
96,0.6535433,0.4864665,0.6160376
96,0.6614173,0.48062292,0.62250936
96,0.6692913,0.47466278,0.6287568
96,0.6771653,0.46849006,0.63491154
96,0.68503934,0.4623072,0.640984
96,0.6929134,0.45594063,0.6471221
96,0.7007874,0.44956383,0.6531962
96,0.70866144,0.44326252,0.6592395
96,0.71653545,0.4369501,0.6653192
96,0.72440946,0.43068573,0.6712737
96,0.7322835,0.4244797,0.67701036
96,0.7401575,0.4183338,0.6828343
96,0.7480315,0.41215223,0.68859875
96,0.7559055,0.40592763,0.69472545
96,0.7637795,0.39973405,0.70118684
96,0.77165353,0.39368644,0.70804113
96,0.77952754,0.38777137,0.71514297
96,0.78740156,0.3819832,0.72234243
96,0.79527557,0.37660447,0.7295208
96,0.8031496,0.37127456,0.7366501
96,0.8110236,0.36609203,0.7438589
96,0.81889766,0.3609973,0.75120413
96,0.8267717,0.35577017,0.7592444
96,0.8346457,0.35073763,0.7675069
96,0.8425197,0.34590554,0.7761043
96,0.8503937,0.34124747,0.7847141
96,0.8582677,0.33681315,0.7934745
96,0.86614174,0.33248553,0.8020076
96,0.87401575,0.32817265,0.8107497
96,0.88188976,0.3238608,0.8197983
96,0.8897638,0.3193579,0.82905567
96,0.8976378,0.31500462,0.83821505
96,0.9055118,0.31076974,0.8473475
96,0.9133858,0.3066562,0.85617316
96,0.9212598,0.30267087,0.86494684
96,0.92913383,0.29888377,0.87361014
96,0.93700784,0.29510915,0.8824057
96,0.9448819,0.29136214,0.89152324
96,0.9527559,0.28764158,0.9009149
96,0.96062994,0.2839481,0.9103802
96,0.96850395,0.28028283,0.92009264
96,0.97637796,0.27651852,0.9298632
96,0.984252,0.2726985,0.93970764
96,0.992126,0.2689382,0.9490775
96,1.0,0.2651,0.9581429
97,0.0,0.2144,0.93885714
97,0.007874016,0.21831152,0.9268242
97,0.015748031,0.222287,0.91471
97,0.023622047,0.22626258,0.90253544
97,0.031496063,0.23022553,0.8902364
97,0.03937008,0.23418239,0.87799245
97,0.047244094,0.238178,0.86584413
97,0.05511811,0.24202806,0.8536855
97,0.062992126,0.24591537,0.8416203
97,0.070866145,0.24978335,0.82953864
97,0.07874016,0.25367972,0.81742626
97,0.08661418,0.25754264,0.80530673
97,0.09448819,0.2614891,0.7931065
97,0.10236221,0.26539463,0.7810173
97,0.11023622,0.26926172,0.76873016
97,0.11811024,0.27316344,0.75657576
97,0.12598425,0.2768475,0.74448824
97,0.13385826,0.28037864,0.7322374
97,0.14173229,0.28371277,0.7198531
97,0.1496063,0.28665006,0.70721394
97,0.15748031,0.28907165,0.6942538
97,0.16535433,0.2909645,0.6812873
97,0.17322835,0.29241934,0.66805094
97,0.18110237,0.29325992,0.6549438
97,0.18897638,0.2936,0.64174974
97,0.19685039,0.2934351,0.62838113
97,0.20472442,0.29264346,0.6149874
97,0.21259843,0.2913345,0.6017244
97,0.22047244,0.28980967,0.5885116
97,0.22834645,0.2879821,0.5752751
97,0.23622048,0.28623518,0.5621316
97,0.24409449,0.28461823,0.5490135
97,0.2519685,0.28328297,0.535854
97,0.25984251,0.282249,0.52268875
97,0.26771653,0.281539,0.5094312
97,0.27559054,0.2813,0.49629253
97,0.28346458,0.28156725,0.483032
97,0.2913386,0.28232586,0.46957773
97,0.2992126,0.28356043,0.45626295
97,0.30708662,0.285396,0.44322157
97,0.31496063,0.2878058,0.4302829
97,0.32283464,0.29080698,0.41754156
97,0.33070865,0.29433662,0.4050966
97,0.33858266,0.29840797,0.39320073
97,0.3464567,0.30301934,0.38165304
97,0.35433072,0.3082678,0.37057343
97,0.36220473,0.3139509,0.3600163
97,0.37007874,0.3202166,0.35004604
97,0.37795275,0.32692865,0.34073594
97,0.38582677,0.33416498,0.33214468
97,0.39370078,0.34166235,0.32434055
97,0.4015748,0.34960055,0.31735677
97,0.40944883,0.35789895,0.31121504
97,0.41732284,0.36641675,0.3058997
97,0.42519686,0.3751898,0.30139557
97,0.43307087,0.38411716,0.2978582
97,0.44094488,0.39337954,0.2952695
97,0.4488189,0.40273643,0.29359367
97,0.4566929,0.4120509,0.29279247
97,0.46456692,0.42132935,0.29299495
97,0.47244096,0.43068957,0.29413465
97,0.48031497,0.4399395,0.29626843
97,0.48818898,0.449011,0.2991825
97,0.496063,0.4579572,0.30307147
97,0.503937,0.46662766,0.30786625
97,0.511811,0.4751528,0.31333646
97,0.51968503,0.48343173,0.3193246
97,0.52755904,0.4915935,0.32586786
97,0.53543305,0.49963203,0.33279583
97,0.54330707,0.50752515,0.33988702
97,0.5511811,0.5153625,0.34707043
97,0.5590551,0.5232234,0.3543219
97,0.56692916,0.531049,0.36157048
97,0.5748032,0.53880644,0.36874267
97,0.5826772,0.5466531,0.37576568
97,0.5905512,0.5546358,0.3825924
97,0.5984252,0.56270534,0.38918087
97,0.6062992,0.57089615,0.39552775
97,0.61417323,0.5792916,0.40163687
97,0.62204725,0.5877268,0.40748867
97,0.62992126,0.5962996,0.4130184
97,0.63779527,0.60486645,0.4183394
97,0.6456693,0.6134631,0.42345423
97,0.6535433,0.6221917,0.42837057
97,0.6614173,0.6308725,0.43327728
97,0.6692913,0.6395573,0.43798947
97,0.6771653,0.64824253,0.44265044
97,0.68503934,0.65705127,0.44726712
97,0.6929134,0.66591096,0.4519181
97,0.7007874,0.67470455,0.45651898
97,0.70866144,0.68352914,0.4612248
97,0.71653545,0.69240135,0.46590185
97,0.72440946,0.70112836,0.47069693
97,0.7322835,0.70982033,0.4755343
97,0.7401575,0.7184869,0.4804866
97,0.7480315,0.72713,0.4855676
97,0.7559055,0.73571527,0.49078104
97,0.7637795,0.744265,0.49612722
97,0.77165353,0.75285745,0.5016093
97,0.77952754,0.7614057,0.50712395
97,0.78740156,0.76990443,0.51277214
97,0.79527557,0.7783599,0.5184131
97,0.8031496,0.786806,0.5240479
97,0.8110236,0.7952435,0.52967703
97,0.81889766,0.80367976,0.5354482
97,0.8267717,0.812116,0.54121935
97,0.8346457,0.8205527,0.5469908
97,0.8425197,0.8290374,0.5527685
97,0.8503937,0.8375589,0.5585553
97,0.8582677,0.8460201,0.5643567
97,0.86614174,0.8544509,0.5701764
97,0.87401575,0.8629157,0.5760222
97,0.88188976,0.871366,0.5817481
97,0.8897638,0.87975854,0.587503
97,0.8976378,0.88818586,0.5931389
97,0.9055118,0.8965447,0.59879637
97,0.9133858,0.9049193,0.60444236
97,0.9212598,0.9133028,0.6100673
97,0.92913383,0.92164373,0.61557287
97,0.93700784,0.9300097,0.62122124
97,0.9448819,0.93872887,0.62698656
97,0.9527559,0.94750494,0.6326834
97,0.96062994,0.95563585,0.63804173
97,0.96850395,0.96369857,0.6436418
97,0.97637796,0.971813,0.64921206
97,0.984252,0.9809922,0.65462786
97,0.992126,0.99000144,0.66004854
97,1.0,0.9986,0.66585714
98,0.0,0.2104,0.9482857
98,0.007874016,0.21287529,0.94047225
98,0.015748031,0.21549542,0.93222904
98,0.023622047,0.21810986,0.9239683
98,0.031496063,0.22062556,0.9157841
98,0.03937008,0.22311437,0.90779555
98,0.047244094,0.22534779,0.9001865
98,0.05511811,0.22770895,0.89226013
98,0.062992126,0.23010315,0.88484365
98,0.070866145,0.23254344,0.87775177
98,0.07874016,0.23508292,0.8697753
98,0.08661418,0.2374793,0.862202
98,0.09448819,0.2400092,0.85461986
98,0.10236221,0.24266906,0.8467081
98,0.11023622,0.24544185,0.83852094
98,0.11811024,0.24821094,0.8303973
98,0.12598425,0.25095764,0.8225496
98,0.13385826,0.2535311,0.8147683
98,0.14173229,0.25606653,0.8069528
98,0.1496063,0.25869292,0.79893655
98,0.15748031,0.26134974,0.79072934
98,0.16535433,0.26398882,0.7824605
98,0.17322835,0.26656178,0.77422994
98,0.18110237,0.2689541,0.76650465
98,0.18897638,0.27126387,0.7587871
98,0.19685039,0.27357382,0.75127774
98,0.20472442,0.27579075,0.74355465
98,0.21259843,0.27817315,0.7351847
98,0.22047244,0.2802396,0.72731537
98,0.22834645,0.28210625,0.7197857
98,0.23622048,0.28378755,0.711857
98,0.24409449,0.28525788,0.7034863
98,0.2519685,0.28649893,0.6949369
98,0.25984251,0.28753445,0.68627626
98,0.26771653,0.28844872,0.6777364
98,0.27559054,0.28910208,0.6691044
98,0.28346458,0.2896311,0.66061914
98,0.2913386,0.2899,0.6520111
98,0.2992126,0.2901,0.6432981
98,0.30708662,0.29009247,0.634542
98,0.31496063,0.28992742,0.62580866
98,0.32283464,0.28977147,0.6168787
98,0.33070865,0.28952247,0.60800606
98,0.33858266,0.2892792,0.5991794
98,0.3464567,0.289,0.59047735
98,0.35433072,0.28870592,0.5818662
98,0.36220473,0.28847426,0.5733381
98,0.37007874,0.2882452,0.56479836
98,0.37795275,0.2881,0.55619186
98,0.38582677,0.28789437,0.54741853
98,0.39370078,0.2877,0.53872883
98,0.4015748,0.2875,0.5301352
98,0.40944883,0.2873444,0.52155393
98,0.41732284,0.2872,0.5130654
98,0.42519686,0.28702614,0.5041757
98,0.43307087,0.2869,0.49544838
98,0.44094488,0.2867175,0.48666772
98,0.4488189,0.2865164,0.47803983
98,0.4566929,0.28631753,0.46935785
98,0.46456692,0.2860202,0.46071962
98,0.47244096,0.2857236,0.45210236
98,0.48031497,0.28542784,0.4434065
98,0.48818898,0.28496578,0.43470123
98,0.496063,0.284478,0.4260273
98,0.503937,0.28389212,0.417459
98,0.511811,0.28320816,0.40890813
98,0.51968503,0.28238976,0.40037858
98,0.52755904,0.2815179,0.39178947
98,0.53543305,0.28052804,0.38320032
98,0.54330707,0.27936596,0.37461403
98,0.5511811,0.27810815,0.36606118
98,0.5590551,0.27666998,0.3575627
98,0.56692916,0.27524015,0.34937236
98,0.5748032,0.27356613,0.34126726
98,0.5826772,0.27184108,0.3333718
98,0.5905512,0.2698865,0.32525095
98,0.5984252,0.2677554,0.31719786
98,0.6062992,0.26549214,0.30911666
98,0.61417323,0.26294646,0.3009644
98,0.62204725,0.2603198,0.29305655
98,0.62992126,0.25755543,0.2853012
98,0.63779527,0.2546282,0.277591
98,0.6456693,0.25156587,0.27006158
98,0.6535433,0.24835262,0.26256618
98,0.6614173,0.24505484,0.25524142
98,0.6692913,0.24157229,0.24807401
98,0.6771653,0.23815896,0.24118574
98,0.68503934,0.23454536,0.2344655
98,0.6929134,0.2308843,0.22771592
98,0.7007874,0.22703935,0.22098175
98,0.70866144,0.2230278,0.21440183
98,0.71653545,0.21894068,0.20787425
98,0.72440946,0.21478453,0.20143038
98,0.7322835,0.21050914,0.19510315
98,0.7401575,0.20616893,0.18895562
98,0.7480315,0.2018276,0.18287632
98,0.7559055,0.19737916,0.17695765
98,0.7637795,0.192925,0.1711746
98,0.77165353,0.18836242,0.16552623
98,0.77952754,0.18369475,0.15986635
98,0.78740156,0.17901053,0.15434586
98,0.79527557,0.1742402,0.14900775
98,0.8031496,0.16945699,0.14364322
98,0.8110236,0.16454057,0.1383585
98,0.81889766,0.15958127,0.1331382
98,0.8267717,0.1545757,0.12801202
98,0.8346457,0.14961344,0.12293043
98,0.8425197,0.14453122,0.11792109
98,0.8503937,0.13950759,0.11298403
98,0.8582677,0.13450727,0.108102165
98,0.86614174,0.12949532,0.10325579
98,0.87401575,0.124502845,0.098465055
98,0.88188976,0.119515814,0.09372183
98,0.8897638,0.11442318,0.088954195
98,0.8976378,0.10939047,0.08415135
98,0.9055118,0.104299285,0.07939216
98,0.9133858,0.099198036,0.07465896
98,0.9212598,0.09409547,0.06999568
98,0.92913383,0.08906613,0.06520584
98,0.93700784,0.08378911,0.060417462
98,0.9448819,0.0787043,0.055697825
98,0.9527559,0.0736658,0.050978795
98,0.96062994,0.068681814,0.04641258
98,0.96850395,0.0637369,0.041987527
98,0.97637796,0.05879111,0.03746772
98,0.984252,0.053874005,0.032880004
98,0.992126,0.048800547,0.028238617
98,1.0,0.0436,0.023571428
99,0.0,0.2147,0.9532857
99,0.007874016,0.21721482,0.9454167
99,0.015748031,0.21987423,0.9370206
99,0.023622047,0.22263256,0.9285266
99,0.031496063,0.22538853,0.91996545
99,0.03937008,0.2279223,0.9120685
99,0.047244094,0.23050913,0.9044025
99,0.05511811,0.23308858,0.8967469
99,0.062992126,0.2356,0.88872975
99,0.070866145,0.23710167,0.88456666
99,0.07874016,0.23950316,0.87641954
99,0.08661418,0.24199513,0.86844254
99,0.09448819,0.24454023,0.8603897
99,0.10236221,0.2472383,0.85199696
99,0.11023622,0.24982415,0.8438965
99,0.11811024,0.25221467,0.83595806
99,0.12598425,0.25472784,0.8278713
99,0.13385826,0.25722742,0.8194735
99,0.14173229,0.2597493,0.81103826
99,0.1496063,0.26225922,0.8026457
99,0.15748031,0.26459044,0.79460555
99,0.16535433,0.26707795,0.7866423
99,0.17322835,0.26956043,0.77823436
99,0.18110237,0.27209443,0.7697679
99,0.18897638,0.2746053,0.761268
99,0.19685039,0.27699274,0.7531636
99,0.20472442,0.2791076,0.7456926
99,0.21259843,0.28121063,0.7376839
99,0.22047244,0.2832832,0.7299291
99,0.22834645,0.28518042,0.7226414
99,0.23622048,0.2871451,0.7140662
99,0.24409449,0.2888924,0.7054776
99,0.2519685,0.29042783,0.69692415
99,0.25984251,0.29170248,0.6882716
99,0.26771653,0.292672,0.67976546
99,0.27559054,0.29347742,0.67108315
99,0.28346458,0.29407665,0.6622149
99,0.2913386,0.2945926,0.6531587
99,0.2992126,0.2948912,0.64405817
99,0.30708662,0.29517773,0.63496923
99,0.31496063,0.2953,0.6259191
99,0.32283464,0.2954,0.6168642
99,0.33070865,0.2954,0.6080517
99,0.33858266,0.2953,0.59933364
99,0.3464567,0.2951,0.59072495
99,0.35433072,0.29492202,0.5821062
99,0.36220473,0.29467437,0.5735201
99,0.37007874,0.29443577,0.5649199
99,0.37795275,0.2942074,0.55634344
99,0.38582677,0.29388985,0.5477243
99,0.39370078,0.29358277,0.53905404
99,0.4015748,0.29338554,0.5301376
99,0.40944883,0.29309717,0.5213358
99,0.41732284,0.2928169,0.5122701
99,0.42519686,0.29248706,0.50328726
99,0.43307087,0.2921761,0.4943229
99,0.44094488,0.29181343,0.485318
99,0.4488189,0.2914094,0.47638223
99,0.4566929,0.29089794,0.46739167
99,0.46456692,0.2903911,0.4584835
99,0.47244096,0.28978074,0.44949397
99,0.48031497,0.28912836,0.4406711
99,0.48818898,0.28837132,0.43188676
99,0.496063,0.28747436,0.42306593
99,0.503937,0.2865734,0.4142462
99,0.511811,0.2854832,0.40571314
99,0.51968503,0.2842846,0.3970372
99,0.52755904,0.28298822,0.38850415
99,0.53543305,0.28159615,0.37983516
99,0.54330707,0.28000587,0.37131926
99,0.5511811,0.27832374,0.3628305
99,0.5590551,0.27650118,0.35453644
99,0.56692916,0.27460274,0.34629744
99,0.5748032,0.27253288,0.33816767
99,0.5826772,0.2703676,0.3301198
99,0.5905512,0.268111,0.32212338
99,0.5984252,0.26560047,0.3140145
99,0.6062992,0.26302162,0.30597648
99,0.61417323,0.26025662,0.29787603
99,0.62204725,0.2574011,0.29000312
99,0.62992126,0.25443786,0.2822152
99,0.63779527,0.25139144,0.2745096
99,0.6456693,0.24815652,0.2670149
99,0.6535433,0.24484475,0.259498
99,0.6614173,0.24140276,0.25215745
99,0.6692913,0.23792139,0.24486534
99,0.6771653,0.2341866,0.2377692
99,0.68503934,0.2304252,0.23072058
99,0.6929134,0.22659144,0.22374697
99,0.7007874,0.22265686,0.21710157
99,0.70866144,0.21857005,0.21050684
99,0.71653545,0.21436723,0.20410563
99,0.72440946,0.21007828,0.19782612
99,0.7322835,0.20576577,0.19152252
99,0.7401575,0.20125693,0.18549307
99,0.7480315,0.1966998,0.17947178
99,0.7559055,0.1920792,0.17368224
99,0.7637795,0.18743269,0.16784845
99,0.77165353,0.18269354,0.16220659
99,0.77952754,0.1779391,0.1566161
99,0.78740156,0.17309053,0.15121776
99,0.79527557,0.16828619,0.14579071
99,0.8031496,0.16339125,0.14047986
99,0.8110236,0.15848535,0.13521548
99,0.81889766,0.15352209,0.13012317
99,0.8267717,0.14860608,0.12496379
99,0.8346457,0.14354306,0.119831644
99,0.8425197,0.13845474,0.11464769
99,0.8503937,0.13338172,0.109614
99,0.8582677,0.12821642,0.10450304
99,0.86614174,0.12302446,0.09949701
99,0.87401575,0.11785455,0.0944035
99,0.88188976,0.112532035,0.089459084
99,0.8897638,0.107290156,0.08442442
99,0.8976378,0.1019422,0.07944294
99,0.9055118,0.09657999,0.07445714
99,0.9133858,0.09119489,0.06957633
99,0.9212598,0.08584327,0.064542964
99,0.92913383,0.080462486,0.05968213
99,0.93700784,0.07512586,0.054865293
99,0.9448819,0.06993514,0.05017513
99,0.9527559,0.0648125,0.045730226
99,0.96062994,0.059733655,0.041218966
99,0.96850395,0.054749884,0.03678561
99,0.97637796,0.049738977,0.03247215
99,0.984252,0.044597797,0.028029764
99,0.992126,0.0394192,0.02347657
99,1.0,0.0342,0.019
100,0.0,0.1752,0.035
100,0.007874016,0.18208104,0.04126123
100,0.015748031,0.18907532,0.04756575
100,0.023622047,0.1956919,0.053777754
100,0.031496063,0.20177193,0.05968756
100,0.03937008,0.20777786,0.06572291
100,0.047244094,0.21372834,0.07178037
100,0.05511811,0.21977052,0.07804729
100,0.062992126,0.22580929,0.08441062
100,0.070866145,0.23186459,0.09085491
100,0.07874016,0.23761229,0.097154565
100,0.08661418,0.24323224,0.1036774
100,0.09448819,0.24842727,0.10988311
100,0.10236221,0.2539523,0.11624027
100,0.11023622,0.2591781,0.122746415
100,0.11811024,0.26524436,0.12917186
100,0.12598425,0.27132535,0.13588819
100,0.13385826,0.27738425,0.1429603
100,0.14173229,0.28349498,0.15025915
100,0.1496063,0.28895354,0.15679078
100,0.15748031,0.2945102,0.16335942
100,0.16535433,0.30039677,0.1701389
100,0.17322835,0.3062424,0.17671674
100,0.18110237,0.31158024,0.18297578
100,0.18897638,0.31706518,0.18938988
100,0.19685039,0.3225982,0.19554077
100,0.20472442,0.32867616,0.20186733
100,0.21259843,0.33515954,0.20812611
100,0.22047244,0.3416058,0.21406716
100,0.22834645,0.34792775,0.21976663
100,0.23622048,0.3543208,0.22534001
100,0.24409449,0.36079636,0.2308292
100,0.2519685,0.36730424,0.23618844
100,0.25984251,0.3737634,0.2413043
100,0.26771653,0.38040847,0.24643528
100,0.27559054,0.38699162,0.25169984
100,0.28346458,0.39365336,0.25687993
100,0.2913386,0.4002774,0.2621785
100,0.2992126,0.40681866,0.26734626
100,0.30708662,0.4135094,0.27251154
100,0.31496063,0.4200736,0.27747086
100,0.32283464,0.42672342,0.28218877
100,0.33070865,0.43337196,0.28690583
100,0.33858266,0.44006208,0.29161847
100,0.3464567,0.4468217,0.2963012
100,0.35433072,0.4534051,0.3010264
100,0.36220473,0.45989338,0.30570957
100,0.37007874,0.46627572,0.31048265
100,0.37795275,0.4728781,0.3153415
100,0.38582677,0.47945875,0.32028487
100,0.39370078,0.486026,0.32527757
100,0.4015748,0.4926573,0.33025378
100,0.40944883,0.49931127,0.33516464
100,0.41732284,0.5059653,0.34011805
100,0.42519686,0.5126236,0.3450169
100,0.43307087,0.51929116,0.34985086
100,0.44094488,0.52578145,0.35463837
100,0.4488189,0.5323727,0.35948277
100,0.4566929,0.5389927,0.36441693
100,0.46456692,0.54565203,0.36930585
100,0.47244096,0.5523186,0.37429896
100,0.48031497,0.55916095,0.37925783
100,0.48818898,0.5658755,0.38418317
100,0.496063,0.5726073,0.38893375
100,0.503937,0.57929134,0.39379978
100,0.511811,0.58599466,0.3983533
100,0.51968503,0.5926286,0.4028776
100,0.52755904,0.5992098,0.40737242
100,0.53543305,0.6059206,0.4117501
100,0.54330707,0.6125932,0.41607282
100,0.5511811,0.61934406,0.42021343
100,0.5590551,0.62607837,0.42445832
100,0.56692916,0.6329625,0.42880887
100,0.5748032,0.63987684,0.43306467
100,0.5826772,0.6468484,0.43741736
100,0.5905512,0.6538294,0.44173297
100,0.5984252,0.66069585,0.44601786
100,0.6062992,0.66764647,0.45027333
100,0.61417323,0.6744583,0.45450512
100,0.62204725,0.681333,0.45871407
100,0.62992126,0.68807954,0.46304867
100,0.63779527,0.69490135,0.4672253
100,0.6456693,0.7016957,0.47138512
100,0.6535433,0.7084849,0.4755231
100,0.6614173,0.7153492,0.47963992
100,0.6692913,0.7221763,0.48373476
100,0.6771653,0.7290121,0.4878033
100,0.68503934,0.7358811,0.49196446
100,0.6929134,0.7427096,0.49602973
100,0.7007874,0.74958843,0.5002071
100,0.70866144,0.75641805,0.5043817
100,0.71653545,0.76330334,0.5086163
100,0.72440946,0.7701388,0.51284784
100,0.7322835,0.77702016,0.5170458
100,0.7401575,0.7838485,0.52135384
100,0.7480315,0.79063475,0.5254863
100,0.7559055,0.7974848,0.52959
100,0.7637795,0.80428773,0.5336655
100,0.77165353,0.8111449,0.5377135
100,0.77952754,0.8180519,0.5418828
100,0.78740156,0.8250581,0.5458935
100,0.79527557,0.83203006,0.5500219
100,0.8031496,0.8390003,0.55413437
100,0.8110236,0.84592116,0.5582284
100,0.81889766,0.8529106,0.5623047
100,0.8267717,0.85986793,0.5663629
100,0.8346457,0.86671835,0.5704035
100,0.8425197,0.87351245,0.57440954
100,0.8503937,0.880374,0.57844424
100,0.8582677,0.88722426,0.5825851
100,0.86614174,0.89404774,0.5865787
100,0.87401575,0.90084535,0.5906985
100,0.88188976,0.90771943,0.594804
100,0.8897638,0.9145674,0.5989269
100,0.8976378,0.9214017,0.60310185
100,0.9055118,0.9282804,0.607291
100,0.9133858,0.9351472,0.6113743
100,0.9212598,0.94211656,0.6156568
100,0.92913383,0.94911116,0.61985534
100,0.93700784,0.956153,0.62408155
100,0.9448819,0.96323794,0.62840354
100,0.9527559,0.97066283,0.6328231
100,0.96062994,0.97793573,0.6371035
100,0.96850395,0.98494214,0.64120555
100,0.97637796,0.99171174,0.64519876
100,0.984252,0.9982295,0.64909136
100,0.992126,1.0043968,0.6526779
100,1.0,1.0106,0.6562857
101,0.0,0.2156,0.94285715
101,0.007874016,0.21823525,0.9348993
101,0.015748031,0.22079195,0.9267603
101,0.023622047,0.22321893,0.9189459
101,0.031496063,0.22571488,0.91093624
101,0.03937008,0.22808696,0.9033416
101,0.047244094,0.2304139,0.8960218
101,0.05511811,0.232854,0.88782
101,0.062992126,0.23533194,0.879465
101,0.070866145,0.23773628,0.8712903
101,0.07874016,0.24011548,0.86330736
101,0.08661418,0.24255922,0.8553334
101,0.09448819,0.24509236,0.84728116
101,0.10236221,0.24765101,0.8390139
101,0.11023622,0.25026363,0.8308286
101,0.11811024,0.2527696,0.82263845
101,0.12598425,0.2552548,0.8146563
101,0.13385826,0.25768825,0.80668896
101,0.14173229,0.26011768,0.79871583
101,0.1496063,0.26260662,0.79057914
101,0.15748031,0.26499233,0.7824527
101,0.16535433,0.2674553,0.77449703
101,0.17322835,0.26984382,0.766548
101,0.18110237,0.27232844,0.7584249
101,0.18897638,0.27485308,0.750176
101,0.19685039,0.27746332,0.7416762
101,0.20472442,0.28006208,0.7332783
101,0.21259843,0.2826062,0.7248811
101,0.22047244,0.28488272,0.71707404
101,0.22834645,0.28699732,0.7098667
101,0.23622048,0.28913084,0.70217556
101,0.24409449,0.29156327,0.69387174
101,0.2519685,0.2934847,0.6864942
101,0.25984251,0.29490775,0.6789114
101,0.26771653,0.2959861,0.67046636
101,0.27559054,0.29677752,0.6614784
101,0.28346458,0.2972,0.6524993
101,0.2913386,0.2974171,0.64349043
101,0.2992126,0.2975,0.6344956
101,0.30708662,0.29736707,0.62553316
101,0.31496063,0.29708332,0.61661875
101,0.32283464,0.296612,0.6078628
101,0.33070865,0.2960028,0.59924847
101,0.33858266,0.29520187,0.590737
101,0.3464567,0.29438165,0.58212847
101,0.35433072,0.29349032,0.57363135
101,0.36220473,0.29253066,0.5651199
101,0.37007874,0.29150409,0.5565992
101,0.37795275,0.29060715,0.548068
101,0.38582677,0.2895561,0.5395635
101,0.39370078,0.28860494,0.53095657
101,0.4015748,0.2876581,0.5224057
101,0.40944883,0.28670654,0.513625
101,0.41732284,0.28583696,0.50485104
101,0.42519686,0.28488666,0.49598417
101,0.43307087,0.28400278,0.48709634
101,0.44094488,0.28313947,0.47822356
101,0.4488189,0.28219086,0.46937603
101,0.4566929,0.28135332,0.46047848
101,0.46456692,0.28042504,0.45166102
101,0.47244096,0.27950418,0.44279042
101,0.48031497,0.27858937,0.43404412
101,0.48818898,0.27767944,0.42533734
101,0.496063,0.2767737,0.41674623
101,0.503937,0.2757721,0.4081952
101,0.511811,0.27481723,0.39961377
101,0.51968503,0.27377877,0.39104512
101,0.52755904,0.2726831,0.38244125
101,0.53543305,0.271472,0.37386978
101,0.54330707,0.270218,0.36533
101,0.5511811,0.26889482,0.3567274
101,0.5590551,0.26747683,0.34820816
101,0.56692916,0.26585802,0.3396259
101,0.5748032,0.26420856,0.33121976
101,0.5826772,0.26237172,0.3227872
101,0.5905512,0.26042596,0.3143573
101,0.5984252,0.25837013,0.30618474
101,0.6062992,0.2561218,0.29802394
101,0.61417323,0.25367895,0.28992888
101,0.62204725,0.25120243,0.28200698
101,0.62992126,0.2485411,0.2742603
101,0.63779527,0.24569318,0.26646474
101,0.6456693,0.24276148,0.2589559
101,0.6535433,0.23962651,0.2514917
101,0.6614173,0.23644455,0.24407266
101,0.6692913,0.2331458,0.23685223
101,0.6771653,0.22969513,0.22968723
101,0.68503934,0.22606392,0.22269318
101,0.6929134,0.22235936,0.21579131
101,0.7007874,0.2184873,0.20894966
101,0.70866144,0.21453047,0.20227863
101,0.71653545,0.21043314,0.1956913
101,0.72440946,0.2062834,0.1893064
101,0.7322835,0.20198572,0.1829796
101,0.7401575,0.19759843,0.17678666
101,0.7480315,0.19320923,0.17070258
101,0.7559055,0.18868642,0.1648172
101,0.7637795,0.18404867,0.15900698
101,0.77165353,0.17945358,0.15335308
101,0.77952754,0.17480162,0.14777346
101,0.78740156,0.17003222,0.14233388
101,0.79527557,0.16524869,0.13697474
101,0.8031496,0.1604579,0.13166918
101,0.8110236,0.1555562,0.12641737
101,0.81889766,0.15064423,0.12122309
101,0.8267717,0.14567567,0.11613367
101,0.8346457,0.14075285,0.11114556
101,0.8425197,0.13572241,0.106250994
101,0.8503937,0.13070154,0.10132399
101,0.8582677,0.12560062,0.09647526
101,0.86614174,0.12048428,0.09158794
101,0.87401575,0.11531397,0.08674078
101,0.88188976,0.110098615,0.081933804
101,0.8897638,0.104853325,0.077165365
101,0.8976378,0.09954144,0.07242729
101,0.9055118,0.094304815,0.0676347
101,0.9133858,0.08900107,0.0629001
101,0.9212598,0.083653204,0.058245607
101,0.92913383,0.078373246,0.05357191
101,0.93700784,0.0730576,0.048849374
101,0.9448819,0.06768755,0.044246472
101,0.9527559,0.06241853,0.039655007
101,0.96062994,0.05708854,0.035075888
101,0.96850395,0.051757418,0.030506358
101,0.97637796,0.04653447,0.02600773
101,0.984252,0.04131419,0.021529326
101,0.992126,0.036007307,0.017046781
101,1.0,0.0308,0.012571429
102,0.0,0.1749,0.034142856
102,0.007874016,0.18097833,0.040026985
102,0.015748031,0.18706977,0.04619104
102,0.023622047,0.19329156,0.05232463
102,0.031496063,0.19955419,0.058527805
102,0.03937008,0.20577888,0.06488298
102,0.047244094,0.21197927,0.07121836
102,0.05511811,0.21803272,0.07769686
102,0.062992126,0.2239766,0.0841535
102,0.070866145,0.22980817,0.09060933
102,0.07874016,0.2356007,0.09722936
102,0.08661418,0.24127991,0.10403662
102,0.09448819,0.24700615,0.11104834
102,0.10236221,0.25269684,0.11811707
102,0.11023622,0.25830808,0.12523676
102,0.11811024,0.26391026,0.1323201
102,0.12598425,0.26944813,0.13940826
102,0.13385826,0.27508003,0.14646758
102,0.14173229,0.28067386,0.15343784
102,0.1496063,0.28628913,0.16038758
102,0.15748031,0.2920647,0.16727392
102,0.16535433,0.29802907,0.17428626
102,0.17322835,0.30383176,0.18089116
102,0.18110237,0.3092422,0.18677774
102,0.18897638,0.31467265,0.19249344
102,0.19685039,0.32060114,0.19847746
102,0.20472442,0.32687598,0.20483047
102,0.21259843,0.33301222,0.21072538
102,0.22047244,0.33908725,0.21639101
102,0.22834645,0.34529382,0.22161064
102,0.23622048,0.35161912,0.22660506
102,0.24409449,0.35825884,0.23139918
102,0.2519685,0.36504608,0.23601338
102,0.25984251,0.37206352,0.2405194
102,0.26771653,0.37920868,0.24484843
102,0.27559054,0.38633424,0.24915469
102,0.28346458,0.39347354,0.25338015
102,0.2913386,0.40058297,0.25745896
102,0.2992126,0.40760538,0.26149952
102,0.30708662,0.4144598,0.2654448
102,0.31496063,0.42126665,0.26938775
102,0.32283464,0.42807436,0.27345496
102,0.33070865,0.4349993,0.27765262
102,0.33858266,0.4418442,0.28201646
102,0.3464567,0.4486814,0.28666762
102,0.35433072,0.45543966,0.29155973
102,0.36220473,0.46214637,0.29681337
102,0.37007874,0.46857384,0.30229715
102,0.37795275,0.47481817,0.30809018
102,0.38582677,0.48084214,0.31431666
102,0.39370078,0.48659292,0.32094127
102,0.4015748,0.4922228,0.32796803
102,0.40944883,0.4976094,0.335442
102,0.41732284,0.50280344,0.34320974
102,0.42519686,0.50770754,0.3514314
102,0.43307087,0.51235104,0.35985357
102,0.44094488,0.5167532,0.368614
102,0.4488189,0.5207866,0.37759602
102,0.4566929,0.5244978,0.38676584
102,0.46456692,0.52787226,0.39619666
102,0.47244096,0.5309321,0.40591392
102,0.48031497,0.53358036,0.4157729
102,0.48818898,0.53597856,0.4258793
102,0.496063,0.53787166,0.4361291
102,0.503937,0.5393842,0.44657862
102,0.511811,0.54052085,0.45721158
102,0.51968503,0.54116505,0.4679086
102,0.52755904,0.5413,0.47849235
102,0.53543305,0.5410114,0.4890094
102,0.54330707,0.5402818,0.4994421
102,0.5511811,0.5389211,0.50981915
102,0.5590551,0.53705835,0.5201046
102,0.56692916,0.5346723,0.5302008
102,0.5748032,0.53174055,0.54015326
102,0.5826772,0.52825516,0.54948765
102,0.5905512,0.5243394,0.558487
102,0.5984252,0.52006805,0.5670639
102,0.6062992,0.5154704,0.5753266
102,0.61417323,0.51060295,0.5832094
102,0.62204725,0.5053916,0.5908371
102,0.62992126,0.4998603,0.5981302
102,0.63779527,0.49422762,0.6052542
102,0.6456693,0.4885129,0.61205643
102,0.6535433,0.4826571,0.61861736
102,0.6614173,0.47668365,0.6250175
102,0.6692913,0.47069255,0.6313294
102,0.6771653,0.46464303,0.6375617
102,0.68503934,0.45854276,0.6437132
102,0.6929134,0.45237485,0.6497859
102,0.7007874,0.44627464,0.6559185
102,0.70866144,0.440107,0.66198456
102,0.71653545,0.4340319,0.6680862
102,0.72440946,0.42797938,0.67418796
102,0.7322835,0.42195588,0.68049425
102,0.7401575,0.41600546,0.6868352
102,0.7480315,0.41008073,0.69330746
102,0.7559055,0.40421274,0.70000815
102,0.7637795,0.39841923,0.7067678
102,0.77165353,0.39270392,0.71364945
102,0.77952754,0.3871191,0.72067416
102,0.78740156,0.38166204,0.7278895
102,0.79527557,0.37627158,0.7351835
102,0.8031496,0.37094718,0.7426469
102,0.8110236,0.36569086,0.7502201
102,0.81889766,0.36060417,0.7580413
102,0.8267717,0.35558662,0.765926
102,0.8346457,0.3506394,0.7737946
102,0.8425197,0.34583247,0.7819511
102,0.8503937,0.34114277,0.790211
102,0.8582677,0.3365083,0.7985393
102,0.86614174,0.3319823,0.80704945
102,0.87401575,0.32751048,0.8156688
102,0.88188976,0.32309178,0.824352
102,0.8897638,0.31879002,0.8330214
102,0.8976378,0.3145285,0.8418675
102,0.9055118,0.31034788,0.85070616
102,0.9133858,0.306252,0.8595536
102,0.9212598,0.3022764,0.86843616
102,0.92913383,0.2983621,0.8773737
102,0.93700784,0.29442903,0.88641477
102,0.9448819,0.29055384,0.8954829
102,0.9527559,0.28666663,0.90472627
102,0.96062994,0.28277496,0.91408414
102,0.96850395,0.27891752,0.9235386
102,0.97637796,0.27508205,0.9329597
102,0.984252,0.27126843,0.94235426
102,0.992126,0.26747528,0.95173883
102,1.0,0.2637,0.961
103,0.0,0.2146,0.9497143
103,0.007874016,0.21711288,0.9416452
103,0.015748031,0.21965846,0.9334734
103,0.023622047,0.22213644,0.9254673
103,0.031496063,0.22452953,0.9175374
103,0.03937008,0.22686078,0.9097115
103,0.047244094,0.22924523,0.9018384
103,0.05511811,0.23168589,0.8938311
103,0.062992126,0.23419674,0.8857962
103,0.070866145,0.23670973,0.87771875
103,0.07874016,0.2391557,0.86954975
103,0.08661418,0.24162687,0.861209
103,0.09448819,0.24400394,0.85355735
103,0.10236221,0.24632707,0.84663695
103,0.11023622,0.24874355,0.8385461
103,0.11811024,0.25094038,0.830713
103,0.12598425,0.25338724,0.8226079
103,0.13385826,0.25573236,0.8146702
103,0.14173229,0.2579975,0.80700886
103,0.1496063,0.26047602,0.7991027
103,0.15748031,0.26283082,0.79129654
103,0.16535433,0.26496902,0.78358346
103,0.17322835,0.26712808,0.77559394
103,0.18110237,0.26927722,0.76738334
103,0.18897638,0.27139258,0.7593122
103,0.19685039,0.27336022,0.7512849
103,0.20472442,0.27528694,0.743056
103,0.21259843,0.27711782,0.73452437
103,0.22047244,0.27883416,0.72588384
103,0.22834645,0.2803898,0.7172061
103,0.23622048,0.28181896,0.7087783
103,0.24409449,0.28295815,0.7002757
103,0.2519685,0.28403756,0.6917674
103,0.25984251,0.28492084,0.6830207
103,0.26771653,0.28560638,0.67436457
103,0.27559054,0.28614646,0.66585153
103,0.28346458,0.28659186,0.65729415
103,0.2913386,0.2868,0.648678
103,0.2992126,0.2869,0.639909
103,0.30708662,0.2868,0.631331
103,0.31496063,0.286627,0.623073
103,0.32283464,0.28640234,0.6149042
103,0.33070865,0.2860904,0.60650855
103,0.33858266,0.2856927,0.597976
103,0.3464567,0.28530946,0.5890872
103,0.35433072,0.2849406,0.5803567
103,0.36220473,0.28458518,0.5716191
103,0.37007874,0.28418317,0.56292635
103,0.37795275,0.28380764,0.55448234
103,0.38582677,0.28358188,0.54581964
103,0.39370078,0.28326347,0.5371513
103,0.4015748,0.2829516,0.52847385
103,0.40944883,0.2826456,0.5196538
103,0.41732284,0.28229,0.5109214
103,0.42519686,0.28189802,0.50218475
103,0.43307087,0.28145677,0.49356008
103,0.44094488,0.28103453,0.48482814
103,0.4488189,0.28055945,0.47607684
103,0.4566929,0.27999374,0.46737486
103,0.46456692,0.2795184,0.45857486
103,0.47244096,0.2789514,0.44995052
103,0.48031497,0.27848616,0.44135377
103,0.48818898,0.27792212,0.43277642
103,0.496063,0.277339,0.42421833
103,0.503937,0.2766962,0.41567448
103,0.511811,0.27595463,0.40711778
103,0.51968503,0.27521414,0.39848143
103,0.52755904,0.2742737,0.38987964
103,0.53543305,0.2733105,0.3812969
103,0.54330707,0.2721882,0.3726256
103,0.5511811,0.27096584,0.3640887
103,0.5590551,0.26967937,0.35564765
103,0.56692916,0.26823154,0.34722906
103,0.5748032,0.26674497,0.33897603
103,0.5826772,0.26514655,0.33063903
103,0.5905512,0.26335627,0.32241082
103,0.5984252,0.26147836,0.31415653
103,0.6062992,0.2594832,0.30587015
103,0.61417323,0.25733647,0.29762378
103,0.62204725,0.25504243,0.28965154
103,0.62992126,0.25262162,0.28174776
103,0.63779527,0.25002506,0.27392873
103,0.6456693,0.24731897,0.26619434
103,0.6535433,0.2445076,0.25870526
103,0.6614173,0.24140081,0.25118372
103,0.6692913,0.238268,0.24387741
103,0.6771653,0.2348488,0.23656303
103,0.68503934,0.23139235,0.22946161
103,0.6929134,0.2277224,0.22251888
103,0.7007874,0.22397755,0.21578717
103,0.70866144,0.22008756,0.20923224
103,0.71653545,0.21608794,0.20280428
103,0.72440946,0.21201544,0.1965032
103,0.7322835,0.20780061,0.19042943
103,0.7401575,0.2034831,0.18426158
103,0.7480315,0.19906631,0.17838044
103,0.7559055,0.19458458,0.17259996
103,0.7637795,0.18997577,0.16692007
103,0.77165353,0.1853043,0.1614425
103,0.77952754,0.18050328,0.15601274
103,0.78740156,0.17570226,0.150681
103,0.79527557,0.17082642,0.14553083
103,0.8031496,0.16587973,0.14051399
103,0.8110236,0.16095099,0.1354832
103,0.81889766,0.1559,0.13053572
103,0.8267717,0.15082078,0.12562941
103,0.8346457,0.14572091,0.12077563
103,0.8425197,0.14066072,0.11605964
103,0.8503937,0.13556762,0.11131733
103,0.8582677,0.13044925,0.10668683
103,0.86614174,0.12537703,0.1020152
103,0.87401575,0.120361164,0.09744747
103,0.88188976,0.11519915,0.092838526
103,0.8897638,0.110087104,0.08832777
103,0.8976378,0.10492645,0.08368197
103,0.9055118,0.09971955,0.079131775
103,0.9133858,0.094567284,0.074540265
103,0.9212598,0.08939427,0.06990937
103,0.92913383,0.08426531,0.06537026
103,0.93700784,0.07917929,0.06074218
103,0.9448819,0.07403313,0.056142688
103,0.9527559,0.068970636,0.05146283
103,0.96062994,0.06389509,0.04689345
103,0.96850395,0.058867555,0.042276327
103,0.97637796,0.05380675,0.037771504
103,0.984252,0.048551742,0.033101495
103,0.992126,0.043418005,0.028463678
103,1.0,0.0384,0.024
104,0.0,0.2147,0.95
104,0.007874016,0.21735509,0.941589
104,0.015748031,0.22008349,0.9331959
104,0.023622047,0.22260515,0.9249477
104,0.031496063,0.22500934,0.91682714
104,0.03937008,0.22745462,0.90848464
104,0.047244094,0.22981903,0.90037423
104,0.05511811,0.23244697,0.8924372
104,0.062992126,0.23488383,0.8845441
104,0.070866145,0.23689193,0.87632036
104,0.07874016,0.23921975,0.86848676
104,0.08661418,0.24168205,0.860337
104,0.09448819,0.24403447,0.8521872
104,0.10236221,0.24612673,0.8449236
104,0.11023622,0.24845324,0.8368479
104,0.11811024,0.25118026,0.8284065
104,0.12598425,0.25377432,0.8200734
104,0.13385826,0.25626266,0.81162006
104,0.14173229,0.25878692,0.8031803
104,0.1496063,0.26140782,0.7951947
104,0.15748031,0.2639743,0.78707343
104,0.16535433,0.26630408,0.7789844
104,0.17322835,0.26865053,0.7706411
104,0.18110237,0.27109754,0.76286334
104,0.18897638,0.273384,0.7553314
104,0.19685039,0.27567858,0.7473674
104,0.20472442,0.27792215,0.73918027
104,0.21259843,0.27997777,0.73062307
104,0.22047244,0.28195512,0.7221923
104,0.22834645,0.28368434,0.7139242
104,0.23622048,0.28529796,0.70551026
104,0.24409449,0.28682938,0.69685304
104,0.2519685,0.28822434,0.6878622
104,0.25984251,0.28954023,0.6787411
104,0.26771653,0.29055113,0.66980934
104,0.27559054,0.2913287,0.6610497
104,0.28346458,0.29184973,0.65229183
104,0.2913386,0.29223415,0.6433625
104,0.2992126,0.29241702,0.6344684
104,0.30708662,0.2925,0.6256331
104,0.31496063,0.2924,0.6169239
104,0.32283464,0.29225382,0.6083071
104,0.33070865,0.2919859,0.5995144
104,0.33858266,0.29162303,0.5907024
104,0.3464567,0.29126593,0.5818869
104,0.35433072,0.290915,0.573079
104,0.36220473,0.2904407,0.5642377
104,0.37007874,0.28993198,0.55539405
104,0.37795275,0.28939983,0.5465694
104,0.38582677,0.28884867,0.53787476
104,0.39370078,0.28830945,0.5291353
104,0.4015748,0.28778103,0.52030057
104,0.40944883,0.28726324,0.51147497
104,0.41732284,0.28675482,0.5025367
104,0.42519686,0.28622764,0.49368685
104,0.43307087,0.28566423,0.4847234
104,0.44094488,0.28508043,0.47592086
104,0.4488189,0.2844555,0.46705762
104,0.4566929,0.28373346,0.45828736
104,0.46456692,0.28296915,0.44951499
104,0.47244096,0.2822152,0.44073078
104,0.48031497,0.28138438,0.43202686
104,0.48818898,0.2804593,0.4232404
104,0.496063,0.27951792,0.41446862
104,0.503937,0.27852184,0.4055248
104,0.511811,0.2773809,0.39661744
104,0.51968503,0.27622852,0.38787308
104,0.52755904,0.27497834,0.37900668
104,0.53543305,0.27355406,0.37041515
104,0.54330707,0.2720762,0.36187884
104,0.5511811,0.27048627,0.3532037
104,0.5590551,0.26867828,0.34476405
104,0.56692916,0.26676252,0.33626795
104,0.5748032,0.2647419,0.32789382
104,0.5826772,0.26260906,0.31965896
104,0.5905512,0.26031354,0.31156865
104,0.5984252,0.25785628,0.30355963
104,0.6062992,0.2553521,0.29572034
104,0.61417323,0.25260925,0.28788358
104,0.62204725,0.24968933,0.2799203
104,0.62992126,0.24668986,0.27212948
104,0.63779527,0.24350241,0.26451275
104,0.6456693,0.24023291,0.2569355
104,0.6535433,0.23684184,0.2496368
104,0.6614173,0.233362,0.24222836
104,0.6692913,0.2297835,0.23511086
104,0.6771653,0.22603565,0.22784464
104,0.68503934,0.22224464,0.22070932
104,0.6929134,0.21831478,0.21356821
104,0.7007874,0.21420291,0.20664753
104,0.70866144,0.21013963,0.19993083
104,0.71653545,0.20609209,0.19356012
104,0.72440946,0.2018757,0.18727726
104,0.7322835,0.19760442,0.18129203
104,0.7401575,0.19320582,0.17534347
104,0.7480315,0.1886846,0.16962452
104,0.7559055,0.18399578,0.16378069
104,0.7637795,0.17921573,0.15810797
104,0.77165353,0.1742175,0.15247087
104,0.77952754,0.16925505,0.14701697
104,0.78740156,0.16423346,0.14160728
104,0.79527557,0.15929244,0.13632101
104,0.8031496,0.15428655,0.13121513
104,0.8110236,0.14931382,0.12614238
104,0.81889766,0.1442697,0.12109828
104,0.8267717,0.13918473,0.116080694
104,0.8346457,0.13405952,0.11108809
104,0.8425197,0.12892446,0.10611854
104,0.8503937,0.123722605,0.10131925
104,0.8582677,0.11841673,0.09654767
104,0.86614174,0.113138996,0.091805644
104,0.87401575,0.10779139,0.08714857
104,0.88188976,0.10248053,0.08252965
104,0.8897638,0.09717078,0.077999406
104,0.8976378,0.091894336,0.07344327
104,0.9055118,0.08663222,0.06884747
104,0.9133858,0.0813283,0.06421095
104,0.9212598,0.076016255,0.05943036
104,0.92913383,0.070654735,0.054790024
104,0.93700784,0.06532009,0.049998835
104,0.9448819,0.059996225,0.045195475
104,0.9527559,0.054605924,0.04044656
104,0.96062994,0.04938799,0.03570285
104,0.96850395,0.04411679,0.031055665
104,0.97637796,0.038937677,0.026464455
104,0.984252,0.033746038,0.021900987
104,0.992126,0.028634932,0.01725538
104,1.0,0.0235,0.012714285
105,0.0,0.1737,0.030285714
105,0.007874016,0.1798261,0.036481656
105,0.015748031,0.18591146,0.042619426
105,0.023622047,0.19197825,0.04873065
105,0.031496063,0.19801246,0.054941926
105,0.03937008,0.20399621,0.061229836
105,0.047244094,0.20998096,0.06762711
105,0.05511811,0.21595271,0.07408758
105,0.062992126,0.22184646,0.080692634
105,0.070866145,0.22773209,0.08747907
105,0.07874016,0.23360188,0.09433987
105,0.08661418,0.23932554,0.101147115
105,0.09448819,0.24490625,0.1080509
105,0.10236221,0.25044566,0.115065254
105,0.11023622,0.25589895,0.12215578
105,0.11811024,0.2613391,0.12926455
105,0.12598425,0.2668795,0.13639928
105,0.13385826,0.2724834,0.14370723
105,0.14173229,0.27806994,0.15087564
105,0.1496063,0.2835088,0.15786971
105,0.15748031,0.28885475,0.1649561
105,0.16535433,0.29419404,0.1722209
105,0.17322835,0.29951674,0.17973818
105,0.18110237,0.30470785,0.1874398
105,0.18897638,0.30985847,0.19512047
105,0.19685039,0.31496954,0.20270926
105,0.20472442,0.32017934,0.21021348
105,0.21259843,0.32567686,0.21741018
105,0.22047244,0.33137658,0.22431493
105,0.22834645,0.33733183,0.23074926
105,0.23622048,0.3434141,0.23687059
105,0.24409449,0.34972563,0.24259341
105,0.2519685,0.35607743,0.24795209
105,0.25984251,0.36257377,0.25304142
105,0.26771653,0.36921564,0.25787607
105,0.27559054,0.37590036,0.26258847
105,0.28346458,0.38264158,0.26713338
105,0.2913386,0.38947117,0.27156913
105,0.2992126,0.39625615,0.27585334
105,0.30708662,0.40316138,0.28012517
105,0.31496063,0.41006142,0.28434938
105,0.32283464,0.4169385,0.28856486
105,0.33070865,0.42380604,0.2928253
105,0.33858266,0.43066135,0.29696086
105,0.3464567,0.4373473,0.3011718
105,0.35433072,0.44412994,0.3054673
105,0.36220473,0.4509258,0.3098525
105,0.37007874,0.45784414,0.31432736
105,0.37795275,0.4647264,0.3189392
105,0.38582677,0.47166893,0.32354924
105,0.39370078,0.47851458,0.32823887
105,0.4015748,0.48540103,0.33285788
105,0.40944883,0.4922307,0.33759338
105,0.41732284,0.4989313,0.34220707
105,0.42519686,0.50561506,0.346848
105,0.43307087,0.51222855,0.35151118
105,0.44094488,0.5187716,0.35605356
105,0.4488189,0.52540886,0.3607206
105,0.4566929,0.53198385,0.3653904
105,0.46456692,0.53856003,0.3700429
105,0.47244096,0.5452007,0.37476245
105,0.48031497,0.5518118,0.37939727
105,0.48818898,0.5584964,0.38406888
105,0.496063,0.5652121,0.3887351
105,0.503937,0.57194924,0.39346844
105,0.511811,0.578627,0.39816213
105,0.51968503,0.58540815,0.40280062
105,0.52755904,0.59208983,0.40738022
105,0.53543305,0.5987266,0.41190013
105,0.54330707,0.60545594,0.4163612
105,0.5511811,0.61213106,0.4207644
105,0.5590551,0.61887157,0.4252507
105,0.56692916,0.6255876,0.42953503
105,0.5748032,0.6324571,0.43390265
105,0.5826772,0.63925266,0.4382325
105,0.5905512,0.64615494,0.44257468
105,0.5984252,0.65300256,0.446811
105,0.6062992,0.65988886,0.45108816
105,0.61417323,0.6667918,0.45520684
105,0.62204725,0.6737145,0.45939663
105,0.62992126,0.6805678,0.46348834
105,0.63779527,0.68748635,0.46768555
105,0.6456693,0.69440526,0.47184548
105,0.6535433,0.7012872,0.4759727
105,0.6614173,0.7082165,0.48006886
105,0.6692913,0.71509147,0.4841329
105,0.6771653,0.7219928,0.48816732
105,0.68503934,0.7288013,0.49231502
105,0.6929134,0.735716,0.49635014
105,0.7007874,0.7425646,0.50037974
105,0.70866144,0.74941784,0.50458163
105,0.71653545,0.7563157,0.508609
105,0.72440946,0.76315725,0.5126783
105,0.7322835,0.7700128,0.5168141
105,0.7401575,0.77685124,0.5209109
105,0.7480315,0.7837241,0.5249684
105,0.7559055,0.7905327,0.5290303
105,0.7637795,0.79732376,0.5331755
105,0.77165353,0.80421996,0.5372803
105,0.77952754,0.8111209,0.541346
105,0.78740156,0.8180018,0.54551625
105,0.79527557,0.8249057,0.54965043
105,0.8031496,0.831788,0.55375034
105,0.8110236,0.8387842,0.5579624
105,0.81889766,0.84566003,0.5621345
105,0.8267717,0.85257876,0.5662891
105,0.8346457,0.8595475,0.5704272
105,0.8425197,0.8664854,0.57466453
105,0.8503937,0.8734016,0.5787561
105,0.8582677,0.88038105,0.5829768
105,0.86614174,0.8872602,0.58703685
105,0.87401575,0.89419,0.59121835
105,0.88188976,0.90106326,0.59524006
105,0.8897638,0.9079851,0.59939903
105,0.8976378,0.9149351,0.60355663
105,0.9055118,0.92176646,0.6075713
105,0.9133858,0.9284608,0.61158824
105,0.9212598,0.9353497,0.6158145
105,0.92913383,0.9424558,0.6203185
105,0.93700784,0.9495425,0.6248683
105,0.9448819,0.9564503,0.62929606
105,0.9527559,0.9632966,0.6334877
105,0.96062994,0.97004884,0.637683
105,0.96850395,0.9768903,0.6418599
105,0.97637796,0.983646,0.6459178
105,0.984252,0.99040234,0.6498333
105,0.992126,0.9971808,0.6537618
105,1.0,1.004,0.65757143
106,0.0,0.2152,0.9497143
106,0.007874016,0.21853802,0.9385071
106,0.015748031,0.22204453,0.9271331
106,0.023622047,0.22582965,0.91459876
106,0.031496063,0.22963859,0.90221393
106,0.03937008,0.2333002,0.8899041
106,0.047244094,0.23688838,0.87775576
106,0.05511811,0.24052161,0.86556566
106,0.062992126,0.24403086,0.85377675
106,0.070866145,0.24752864,0.8418598
106,0.07874016,0.25118607,0.8297972
106,0.08661418,0.2549289,0.81711465
106,0.09448819,0.25859782,0.8044363
106,0.10236221,0.2621998,0.7916539
106,0.11023622,0.2654765,0.77924365
106,0.11811024,0.26852107,0.7669097
106,0.12598425,0.27134585,0.7543749
106,0.13385826,0.27402186,0.74174774
106,0.14173229,0.27635103,0.7289934
106,0.1496063,0.27850595,0.7160769
106,0.15748031,0.28048334,0.7029167
106,0.16535433,0.2821395,0.68966264
106,0.17322835,0.28356466,0.6765132
106,0.18110237,0.2844924,0.66340506
106,0.18897638,0.2852084,0.65043354
106,0.19685039,0.2857,0.63729626
106,0.20472442,0.2859,0.6240096
106,0.21259843,0.2859,0.61072737
106,0.22047244,0.28586164,0.5973663
106,0.22834645,0.2857,0.5840633
106,0.23622048,0.2855,0.57082045
106,0.24409449,0.2853,0.55772054
106,0.2519685,0.28513145,0.5444624
106,0.25984251,0.2851,0.53119993
106,0.26771653,0.285285,0.51789993
106,0.27559054,0.2856938,0.5046322
106,0.28346458,0.28650764,0.49144584
106,0.2913386,0.2875484,0.4781844
106,0.2992126,0.28899458,0.46486634
106,0.30708662,0.29074794,0.45187014
106,0.31496063,0.29292178,0.43917677
106,0.32283464,0.2955544,0.42661464
106,0.33070865,0.29865214,0.41428664
106,0.33858266,0.30232581,0.4020768
106,0.3464567,0.30647856,0.3901725
106,0.35433072,0.31132388,0.37856755
106,0.36220473,0.316568,0.3675648
106,0.37007874,0.3222968,0.35733175
106,0.37795275,0.32848924,0.34776673
106,0.38582677,0.33520502,0.33890444
106,0.39370078,0.34243262,0.3304797
106,0.4015748,0.35006696,0.322841
106,0.40944883,0.35799602,0.31592378
106,0.41732284,0.36629543,0.30989784
106,0.42519686,0.37491068,0.30470866
106,0.43307087,0.3836381,0.30071965
106,0.44094488,0.3925493,0.29772878
106,0.4488189,0.4015875,0.29573035
106,0.4566929,0.41075614,0.29458803
106,0.46456692,0.42001387,0.29442856
106,0.47244096,0.42920393,0.2948917
106,0.48031497,0.43840113,0.2961158
106,0.48818898,0.44759467,0.29807654
106,0.496063,0.4567799,0.30079216
106,0.503937,0.4657427,0.3040816
106,0.511811,0.4745404,0.30813763
106,0.51968503,0.4831688,0.31279725
106,0.52755904,0.49157995,0.31823805
106,0.53543305,0.49976882,0.32414675
106,0.54330707,0.5078296,0.3306364
106,0.5511811,0.5157654,0.3372575
106,0.5590551,0.52368367,0.3443121
106,0.56692916,0.5316382,0.3514763
106,0.5748032,0.5395215,0.35873383
106,0.5826772,0.54731244,0.36599264
106,0.5905512,0.5551206,0.3731486
106,0.5984252,0.5629498,0.3801751
106,0.6062992,0.5708072,0.3871165
106,0.61417323,0.5786511,0.39380524
106,0.62204725,0.5867027,0.40043065
106,0.62992126,0.59484655,0.40670317
106,0.63779527,0.60309017,0.4127584
106,0.6456693,0.6114253,0.41844735
106,0.6535433,0.6197692,0.4240127
106,0.6614173,0.6281956,0.42943692
106,0.6692913,0.6366648,0.43462846
106,0.6771653,0.6451376,0.43981892
106,0.68503934,0.6537201,0.44493064
106,0.6929134,0.6622608,0.44996697
106,0.7007874,0.6707999,0.45507383
106,0.70866144,0.67942554,0.4601136
106,0.71653545,0.6880184,0.46533042
106,0.72440946,0.6966505,0.47067413
106,0.7322835,0.705201,0.47596732
106,0.7401575,0.71379924,0.48121613
106,0.7480315,0.7223946,0.48656794
106,0.7559055,0.7308484,0.49173945
106,0.7637795,0.73930264,0.49702
106,0.77165353,0.74780124,0.5022722
106,0.77952754,0.7563075,0.5074979
106,0.78740156,0.7647402,0.51279557
106,0.79527557,0.77327317,0.5180636
106,0.8031496,0.78178364,0.52330226
106,0.8110236,0.7903491,0.5286557
106,0.81889766,0.7988705,0.5338387
106,0.8267717,0.8073637,0.5391382
106,0.8346457,0.8158934,0.54441553
106,0.8425197,0.824447,0.54981637
106,0.8503937,0.8329917,0.55520016
106,0.8582677,0.8414527,0.5605687
106,0.86614174,0.8499185,0.56596005
106,0.87401575,0.85841423,0.571389
106,0.88188976,0.8668653,0.57674515
106,0.8897638,0.8754177,0.5820788
106,0.8976378,0.88387084,0.5874876
106,0.9055118,0.89241016,0.59285897
106,0.9133858,0.90085655,0.59816927
106,0.9212598,0.9093491,0.6033825
106,0.92913383,0.9178485,0.6086225
106,0.93700784,0.92633414,0.6137653
106,0.9448819,0.9349069,0.6189003
106,0.9527559,0.94337195,0.6240306
106,0.96062994,0.95195246,0.6291253
106,0.96850395,0.96058196,0.63413626
106,0.97637796,0.96926045,0.63925403
106,0.984252,0.97785056,0.64436585
106,0.992126,0.98643017,0.6493287
106,1.0,0.995,0.6542857
107,0.0,0.2149,0.9545714
107,0.007874016,0.21891019,0.9424495
107,0.015748031,0.22296824,0.93051934
107,0.023622047,0.22702557,0.9178018
107,0.031496063,0.23086014,0.9050795
107,0.03937008,0.23461403,0.89283764
107,0.047244094,0.23841295,0.8804413
107,0.05511811,0.242144,0.86822057
107,0.062992126,0.24613723,0.85535806
107,0.070866145,0.24987034,0.8431504
107,0.07874016,0.25358164,0.83131486
107,0.08661418,0.25713715,0.8194727
107,0.09448819,0.2607531,0.80710196
107,0.10236221,0.2646094,0.794116
107,0.11023622,0.26852384,0.7811292
107,0.11811024,0.27226147,0.76828045
107,0.12598425,0.27567863,0.7554998
107,0.13385826,0.27882603,0.7436752
107,0.14173229,0.28189376,0.7318838
107,0.1496063,0.28484577,0.7189205
107,0.15748031,0.2874765,0.70523506
107,0.16535433,0.28965124,0.6915452
107,0.17322835,0.2913678,0.67835414
107,0.18110237,0.2928845,0.6651476
107,0.18897638,0.29391354,0.65166366
107,0.19685039,0.2945,0.63832915
107,0.20472442,0.29455203,0.624778
107,0.21259843,0.2943219,0.6111171
107,0.22047244,0.29380044,0.59744275
107,0.22834645,0.2928635,0.5838684
107,0.23622048,0.29174674,0.57039124
107,0.24409449,0.29056454,0.5569637
107,0.2519685,0.2895731,0.543377
107,0.25984251,0.28879416,0.52965707
107,0.26771653,0.2882044,0.51601446
107,0.27559054,0.2876337,0.5024345
107,0.28346458,0.2874,0.48885894
107,0.2913386,0.28745082,0.47540027
107,0.2992126,0.28796563,0.46201795
107,0.30708662,0.289044,0.44859836
107,0.31496063,0.29058155,0.4347084
107,0.32283464,0.2925649,0.42134345
107,0.33070865,0.29500946,0.40836373
107,0.33858266,0.29807234,0.3956406
107,0.3464567,0.30187133,0.38296565
107,0.35433072,0.3062888,0.3706708
107,0.36220473,0.31127447,0.3592731
107,0.37007874,0.31675047,0.34866107
107,0.37795275,0.32283756,0.33854675
107,0.38582677,0.3296667,0.32874334
107,0.39370078,0.33688948,0.31953633
107,0.4015748,0.34455058,0.3111573
107,0.40944883,0.35254848,0.30389762
107,0.41732284,0.36070898,0.29764423
107,0.42519686,0.36918905,0.29250255
107,0.43307087,0.37834594,0.28806078
107,0.44094488,0.38774145,0.2845834
107,0.4488189,0.39699557,0.2822254
107,0.4566929,0.40618914,0.2807085
107,0.46456692,0.41558316,0.28014284
107,0.47244096,0.42522505,0.28073603
107,0.48031497,0.4346894,0.28251094
107,0.48818898,0.44387376,0.2855217
107,0.496063,0.4529594,0.2891235
107,0.503937,0.4620999,0.29328567
107,0.511811,0.47125146,0.2977388
107,0.51968503,0.47995,0.30256072
107,0.52755904,0.48825416,0.30806673
107,0.53543305,0.4966317,0.31421778
107,0.54330707,0.5048842,0.3207293
107,0.5511811,0.5130408,0.32774925
107,0.5590551,0.5210247,0.3351914
107,0.56692916,0.5287976,0.34312534
107,0.5748032,0.5363285,0.35105258
107,0.5826772,0.5439168,0.35886857
107,0.5905512,0.5514725,0.36674747
107,0.5984252,0.55922425,0.37473387
107,0.6062992,0.56689054,0.38270444
107,0.61417323,0.5747361,0.3906739
107,0.62204725,0.582706,0.3984031
107,0.62992126,0.5906212,0.40587068
107,0.63779527,0.5986299,0.41295332
107,0.6456693,0.60675585,0.41982037
107,0.6535433,0.6150687,0.42655206
107,0.6614173,0.62361926,0.43294233
107,0.6692913,0.6320643,0.43855888
107,0.6771653,0.64053935,0.44342503
107,0.68503934,0.64900684,0.44805485
107,0.6929134,0.65792847,0.45277205
107,0.7007874,0.6672528,0.45760384
107,0.70866144,0.67675203,0.46260482
107,0.71653545,0.68615985,0.46756944
107,0.72440946,0.6950925,0.47224844
107,0.7322835,0.70367926,0.4770134
107,0.7401575,0.7120173,0.48160154
107,0.7480315,0.7205995,0.48634255
107,0.7559055,0.729311,0.49131483
107,0.7637795,0.73825735,0.49640498
107,0.77165353,0.7473057,0.50144947
107,0.77952754,0.75613743,0.50638336
107,0.78740156,0.7649278,0.5113363
107,0.79527557,0.77371687,0.5162043
107,0.8031496,0.7824684,0.52110803
107,0.8110236,0.7911661,0.5261663
107,0.81889766,0.8000193,0.5313537
107,0.8267717,0.80892456,0.5366363
107,0.8346457,0.81787395,0.54194325
107,0.8425197,0.8267465,0.54720384
107,0.8503937,0.8355104,0.55235904
107,0.8582677,0.8441517,0.55748665
107,0.86614174,0.8530853,0.5625916
107,0.87401575,0.8619872,0.5676784
107,0.88188976,0.8709323,0.57261586
107,0.8897638,0.879823,0.5776354
107,0.8976378,0.88844514,0.5825055
107,0.9055118,0.89705586,0.58748907
107,0.9133858,0.90573496,0.59257245
107,0.9212598,0.9143525,0.5977254
107,0.92913383,0.92330194,0.6031559
107,0.93700784,0.9321866,0.60873014
107,0.9448819,0.94107544,0.6142701
107,0.9527559,0.9499577,0.6197668
107,0.96062994,0.95892876,0.62525636
107,0.96850395,0.9676814,0.63071513
107,0.97637796,0.9763705,0.6358391
107,0.984252,0.98508406,0.64097315
107,0.992126,0.99357826,0.64604604
107,1.0,1.0021,0.651
108,0.0,0.2178,0.94442856
108,0.007874016,0.22021355,0.93654484
108,0.015748031,0.22269809,0.9284879
108,0.023622047,0.22517402,0.9205187
108,0.031496063,0.22772937,0.91234714
108,0.03937008,0.23027068,0.90426755
108,0.047244094,0.23278788,0.89628446
108,0.05511811,0.23520005,0.888408
108,0.062992126,0.23764062,0.88058996
108,0.070866145,0.2401178,0.8727786
108,0.07874016,0.24263768,0.86483616
108,0.08661418,0.2452047,0.85673976
108,0.09448819,0.24775979,0.848715
108,0.10236221,0.25029573,0.84072644
108,0.11023622,0.25281194,0.8327221
108,0.11811024,0.25535572,0.8247191
108,0.12598425,0.25783744,0.81674665
108,0.13385826,0.2603723,0.80875206
108,0.14173229,0.2628431,0.80076647
108,0.1496063,0.2652985,0.79271907
108,0.15748031,0.26764685,0.7846898
108,0.16535433,0.27005276,0.77670646
108,0.17322835,0.27217427,0.7690857
108,0.18110237,0.2742122,0.7618048
108,0.18897638,0.27652356,0.75410074
108,0.19685039,0.2791166,0.74593675
108,0.20472442,0.281584,0.7383315
108,0.21259843,0.28381392,0.73089933
108,0.22047244,0.2858129,0.7233825
108,0.22834645,0.2876148,0.71530354
108,0.23622048,0.2892144,0.7068088
108,0.24409449,0.2906633,0.6981609
108,0.2519685,0.29182824,0.6893913
108,0.25984251,0.29282215,0.6805825
108,0.26771653,0.29370064,0.67184913
108,0.27559054,0.2942919,0.66310394
108,0.28346458,0.2947805,0.6545016
108,0.2913386,0.2951,0.6458428
108,0.2992126,0.295223,0.6371998
108,0.30708662,0.2953,0.62847936
108,0.31496063,0.29526275,0.61965036
108,0.32283464,0.2951,0.61093074
108,0.33070865,0.2948711,0.60213315
108,0.33858266,0.29458258,0.59345216
108,0.3464567,0.29429674,0.5846653
108,0.35433072,0.29391828,0.57611996
108,0.36220473,0.2934835,0.56745476
108,0.37007874,0.29303694,0.5588662
108,0.37795275,0.29259622,0.55022347
108,0.38582677,0.29206106,0.54143184
108,0.39370078,0.29153085,0.5327211
108,0.4015748,0.29100528,0.52408665
108,0.40944883,0.29048383,0.5152945
108,0.41732284,0.28996617,0.50658715
108,0.42519686,0.2894523,0.49789685
108,0.43307087,0.28894192,0.48928985
108,0.44094488,0.28843424,0.48058695
108,0.4488189,0.2879291,0.47192723
108,0.4566929,0.28742623,0.46330708
108,0.46456692,0.28692526,0.45471874
108,0.47244096,0.2864256,0.44601
108,0.48031497,0.2859271,0.43726963
108,0.48818898,0.28534403,0.4285241
108,0.496063,0.28469828,0.41983756
108,0.503937,0.2839528,0.411175
108,0.511811,0.28317744,0.4024771
108,0.51968503,0.2822636,0.39386988
108,0.52755904,0.28116515,0.38536114
108,0.53543305,0.28002295,0.37684312
108,0.54330707,0.2786565,0.36846572
108,0.5511811,0.27716383,0.36007902
108,0.5590551,0.27546933,0.35171306
108,0.56692916,0.27370134,0.34351653
108,0.5748032,0.27173212,0.33516768
108,0.5826772,0.26966095,0.3270541
108,0.5905512,0.26740918,0.31887478
108,0.5984252,0.265086,0.31079683
108,0.6062992,0.262584,0.30289257
108,0.61417323,0.2600102,0.29513174
108,0.62204725,0.25735542,0.28733298
108,0.62992126,0.25452667,0.27967384
108,0.63779527,0.25162017,0.27215758
108,0.6456693,0.24861367,0.2646413
108,0.6535433,0.24540736,0.25716037
108,0.6614173,0.2422297,0.24986748
108,0.6692913,0.23885588,0.24258342
108,0.6771653,0.23543613,0.23545301
108,0.68503934,0.23187213,0.22836433
108,0.6929134,0.22821188,0.22145961
108,0.7007874,0.22455774,0.21456224
108,0.70866144,0.22074911,0.20781268
108,0.71653545,0.21680467,0.20107043
108,0.72440946,0.21283677,0.19448201
108,0.7322835,0.20877685,0.18806992
108,0.7401575,0.20466942,0.18172684
108,0.7480315,0.2004896,0.17554729
108,0.7559055,0.1962778,0.16947004
108,0.7637795,0.19199336,0.16355453
108,0.77165353,0.18753582,0.15767531
108,0.77952754,0.18310547,0.15183277
108,0.78740156,0.17856956,0.14617017
108,0.79527557,0.17392427,0.14055088
108,0.8031496,0.16921438,0.13510214
108,0.8110236,0.16442074,0.12962121
108,0.81889766,0.15955484,0.12432499
108,0.8267717,0.15472478,0.11906778
108,0.8346457,0.1497312,0.113993146
108,0.8425197,0.14483473,0.10895816
108,0.8503937,0.13982366,0.10391024
108,0.8582677,0.13487454,0.09898169
108,0.86614174,0.12979484,0.09408588
108,0.87401575,0.124819085,0.08922275
108,0.88188976,0.11978836,0.084466696
108,0.8897638,0.114724465,0.07973613
108,0.8976378,0.109644786,0.07496856
108,0.9055118,0.1044983,0.070230626
108,0.9133858,0.099481545,0.065506235
108,0.9212598,0.094294526,0.06080431
108,0.92913383,0.08920039,0.055983216
108,0.93700784,0.08405219,0.051327717
108,0.9448819,0.07887488,0.046547506
108,0.9527559,0.07371108,0.04178156
108,0.96062994,0.06851407,0.037030008
108,0.96850395,0.06333185,0.032434836
108,0.97637796,0.05816182,0.02770795
108,0.984252,0.053000018,0.022988588
108,0.992126,0.047941048,0.01827719
108,1.0,0.0428,0.013714286
109,0.0,0.1927,0.044428572
109,0.007874016,0.19861647,0.050384153
109,0.015748031,0.20453647,0.056380432
109,0.023622047,0.21045776,0.062459074
109,0.031496063,0.21631758,0.06851614
109,0.03937008,0.22219907,0.07460337
109,0.047244094,0.2280687,0.08074926
109,0.05511811,0.23388416,0.08692938
109,0.062992126,0.23961891,0.093213
109,0.070866145,0.2453681,0.09944097
109,0.07874016,0.25098938,0.10584449
109,0.08661418,0.25664374,0.112313986
109,0.09448819,0.26224163,0.11883526
109,0.10236221,0.2677792,0.12540382
109,0.11023622,0.2732557,0.13216157
109,0.11811024,0.27876502,0.13895836
109,0.12598425,0.28412378,0.14578412
109,0.13385826,0.2893907,0.15262431
109,0.14173229,0.29476434,0.15961602
109,0.1496063,0.30003798,0.16660778
109,0.15748031,0.30531162,0.17374234
109,0.16535433,0.3105019,0.18085988
109,0.17322835,0.3157076,0.18794492
109,0.18110237,0.32100293,0.19486131
109,0.18897638,0.3262445,0.2016552
109,0.19685039,0.33171454,0.20838961
109,0.20472442,0.33732322,0.21488266
109,0.21259843,0.34314218,0.22113428
109,0.22047244,0.34907648,0.22716355
109,0.22834645,0.35517007,0.2329113
109,0.23622048,0.36132336,0.23847044
109,0.24409449,0.3676365,0.243717
109,0.2519685,0.37405038,0.24863295
109,0.25984251,0.38042894,0.25337783
109,0.26771653,0.38688394,0.2578655
109,0.27559054,0.3934591,0.2621173
109,0.28346458,0.4000257,0.26617447
109,0.2913386,0.4066216,0.27019015
109,0.2992126,0.41313607,0.27423683
109,0.30708662,0.41975188,0.27830923
109,0.31496063,0.42636022,0.282543
109,0.32283464,0.43291387,0.2869001
109,0.33070865,0.4393988,0.29138565
109,0.33858266,0.44588915,0.29615146
109,0.3464567,0.45240828,0.30086342
109,0.35433072,0.45886418,0.30581322
109,0.36220473,0.4653051,0.3107818
109,0.37007874,0.4716118,0.3157316
109,0.37795275,0.47791532,0.32067674
109,0.38582677,0.4841798,0.32557127
109,0.39370078,0.49050763,0.33057785
109,0.4015748,0.49675304,0.33569288
109,0.40944883,0.50303465,0.34075767
109,0.41732284,0.5093516,0.34591398
109,0.42519686,0.5156071,0.35102156
109,0.43307087,0.5218601,0.35608283
109,0.44094488,0.5281466,0.36123914
109,0.4488189,0.53446907,0.3663602
109,0.4566929,0.5407421,0.37153858
109,0.46456692,0.5470611,0.37661737
109,0.47244096,0.55342627,0.38161376
109,0.48031497,0.55970645,0.38651934
109,0.48818898,0.5661084,0.39136314
109,0.496063,0.5725631,0.39611652
109,0.503937,0.578998,0.40069252
109,0.511811,0.5855283,0.4051682
109,0.51968503,0.59210134,0.40936816
109,0.52755904,0.5987779,0.4133946
109,0.53543305,0.60549134,0.41739103
109,0.54330707,0.61218256,0.42108184
109,0.5511811,0.61892444,0.42486984
109,0.5590551,0.6257251,0.42834786
109,0.56692916,0.63257223,0.4319466
109,0.5748032,0.6393787,0.43537855
109,0.5826772,0.64615095,0.43893215
109,0.5905512,0.6529731,0.4423266
109,0.5984252,0.6597541,0.44597435
109,0.6062992,0.6664915,0.44946784
109,0.61417323,0.6732877,0.45308086
109,0.62204725,0.68004084,0.45677435
109,0.62992126,0.6867555,0.46047202
109,0.63779527,0.6934776,0.46429154
109,0.6456693,0.70019627,0.4680873
109,0.6535433,0.7069649,0.47199905
109,0.6614173,0.71358407,0.47587147
109,0.6692913,0.7202537,0.47984147
109,0.6771653,0.72686964,0.48384324
109,0.68503934,0.7334396,0.48785928
109,0.6929134,0.74006456,0.4919887
109,0.7007874,0.74674565,0.49623227
109,0.70866144,0.75342184,0.5004537
109,0.71653545,0.76010174,0.50478977
109,0.72440946,0.766747,0.5090608
109,0.7322835,0.77336323,0.5133119
109,0.7401575,0.77996427,0.5176955
109,0.7480315,0.78655416,0.52199405
109,0.7559055,0.7931374,0.5264178
109,0.7637795,0.7997239,0.53081644
109,0.77165353,0.8063152,0.53519326
109,0.77952754,0.8128131,0.5395625
109,0.78740156,0.8193467,0.54396194
109,0.79527557,0.8259344,0.54830164
109,0.8031496,0.83246255,0.55275357
109,0.8110236,0.83900625,0.55717
109,0.81889766,0.8455699,0.5615468
109,0.8267717,0.8521485,0.56603175
109,0.8346457,0.8586792,0.5703852
109,0.8425197,0.8652246,0.5748033
109,0.8503937,0.8717907,0.57926774
109,0.8582677,0.87827235,0.5836231
109,0.86614174,0.8847738,0.5880543
109,0.87401575,0.8912904,0.59246397
109,0.88188976,0.89782715,0.596744
109,0.8897638,0.9043755,0.6011744
109,0.8976378,0.91092825,0.60546494
109,0.9055118,0.91748655,0.6099019
109,0.9133858,0.92395973,0.61419606
109,0.9212598,0.93050957,0.6184944
109,0.92913383,0.9370762,0.6227939
109,0.93700784,0.94364876,0.6270935
109,0.9448819,0.95031065,0.6313939
109,0.9527559,0.95698607,0.63555634
109,0.96062994,0.9635686,0.63986635
109,0.96850395,0.9701524,0.64403296
109,0.97637796,0.97682637,0.64819586
109,0.984252,0.98341,0.6523637
109,0.992126,0.9900012,0.6565365
109,1.0,0.9965,0.66071427
110,0.0,0.1692,0.031857144
110,0.007874016,0.175476,0.038139682
110,0.015748031,0.18172328,0.044167798
110,0.023622047,0.18809295,0.050385308
110,0.031496063,0.19423209,0.056461323
110,0.03937008,0.20026335,0.062467277
110,0.047244094,0.206475,0.06865306
110,0.05511811,0.21266653,0.074822985
110,0.062992126,0.21879931,0.080942065
110,0.070866145,0.22470674,0.08703627
110,0.07874016,0.23088236,0.093442015
110,0.08661418,0.23700434,0.09961179
110,0.09448819,0.24297664,0.10602537
110,0.10236221,0.2486402,0.112200275
110,0.11023622,0.25429443,0.11799202
110,0.11811024,0.25995052,0.124333836
110,0.12598425,0.2658938,0.13086994
110,0.13385826,0.27223542,0.13780126
110,0.14173229,0.27863628,0.14489168
110,0.1496063,0.2845209,0.15153116
110,0.15748031,0.29055125,0.1582692
110,0.16535433,0.2964377,0.16494416
110,0.17322835,0.30232298,0.17153367
110,0.18110237,0.30826125,0.17822576
110,0.18897638,0.31427222,0.18502541
110,0.19685039,0.3202106,0.19118994
110,0.20472442,0.32664618,0.1975458
110,0.21259843,0.331564,0.20283143
110,0.22047244,0.33726788,0.20784901
110,0.22834645,0.3431896,0.21451788
110,0.23622048,0.34963349,0.22068585
110,0.24409449,0.35633934,0.2263813
110,0.2519685,0.3626678,0.23163985
110,0.25984251,0.36926493,0.23711589
110,0.26771653,0.37609303,0.24249503
110,0.27559054,0.38298467,0.24756047
110,0.28346458,0.38984057,0.25225562
110,0.2913386,0.39681026,0.25679305
110,0.2992126,0.40370545,0.26121816
110,0.30708662,0.41056728,0.26563305
110,0.31496063,0.41731635,0.26988757
110,0.32283464,0.42412624,0.2742041
110,0.33070865,0.43094382,0.27856734
110,0.33858266,0.4377766,0.2828224
110,0.3464567,0.44465753,0.2872687
110,0.35433072,0.45149258,0.2919182
110,0.36220473,0.45825735,0.2966124
110,0.37007874,0.46480337,0.30135956
110,0.37795275,0.4713527,0.3064963
110,0.38582677,0.47801524,0.3117966
110,0.39370078,0.4844939,0.31726873
110,0.4015748,0.49093163,0.3228459
110,0.40944883,0.4970595,0.32830083
110,0.41732284,0.5031148,0.3337018
110,0.42519686,0.50935656,0.3392733
110,0.43307087,0.5157753,0.34494802
110,0.44094488,0.5221235,0.35064143
110,0.4488189,0.5283315,0.3562681
110,0.4566929,0.5345176,0.36193854
110,0.46456692,0.5408695,0.3675167
110,0.47244096,0.5474594,0.3730031
110,0.48031497,0.55425876,0.37825623
110,0.48818898,0.5611305,0.3832642
110,0.496063,0.5677747,0.38786533
110,0.503937,0.5743758,0.39251313
110,0.511811,0.58100617,0.39714727
110,0.51968503,0.58777106,0.40176502
110,0.52755904,0.5946214,0.40644148
110,0.53543305,0.6015069,0.41078612
110,0.54330707,0.6083654,0.4150969
110,0.5511811,0.6151965,0.41937634
110,0.5590551,0.62211055,0.42359966
110,0.56692916,0.6290679,0.42792937
110,0.5748032,0.6360606,0.4322175
110,0.5826772,0.6430217,0.4365847
110,0.5905512,0.6497385,0.440739
110,0.5984252,0.65631086,0.44482124
110,0.6062992,0.66292983,0.44897744
110,0.61417323,0.6696865,0.45307
110,0.62204725,0.676782,0.45737392
110,0.62992126,0.68380594,0.46165588
110,0.63779527,0.6909136,0.46586522
110,0.6456693,0.698016,0.47000992
110,0.6535433,0.7049268,0.47424024
110,0.6614173,0.7117775,0.47829038
110,0.6692913,0.7186821,0.48245475
110,0.6771653,0.7256318,0.48670533
110,0.68503934,0.73247457,0.49087772
110,0.6929134,0.7394521,0.49514407
110,0.7007874,0.74641097,0.4993994
110,0.70866144,0.7533022,0.50364417
110,0.71653545,0.7602767,0.50773615
110,0.72440946,0.767136,0.5119619
110,0.7322835,0.77398264,0.5160373
110,0.7401575,0.780917,0.52010536
110,0.7480315,0.7877875,0.52416426
110,0.7559055,0.79465944,0.5282054
110,0.7637795,0.80157804,0.53224754
110,0.77165353,0.8083871,0.5363641
110,0.77952754,0.81523556,0.5404395
110,0.78740156,0.822137,0.5444918
110,0.79527557,0.82909805,0.54862744
110,0.8031496,0.836025,0.55267143
110,0.8110236,0.8430904,0.5568409
110,0.81889766,0.85012454,0.5610478
110,0.8267717,0.85712487,0.5651359
110,0.8346457,0.864083,0.5691985
110,0.8425197,0.8709944,0.57309
110,0.8503937,0.87775654,0.57708603
110,0.8582677,0.8845681,0.58092576
110,0.86614174,0.8913326,0.58487135
110,0.87401575,0.89815646,0.5887924
110,0.88188976,0.9051838,0.5929747
110,0.8897638,0.91218287,0.5971332
110,0.8976378,0.9191888,0.601407
110,0.9055118,0.926254,0.6056657
110,0.9133858,0.93327206,0.6099625
110,0.9212598,0.9402487,0.61423725
110,0.92913383,0.9471138,0.61849827
110,0.93700784,0.95396435,0.6227537
110,0.9448819,0.96082187,0.6270134
110,0.9527559,0.9676965,0.6312835
110,0.96062994,0.9746816,0.6354897
110,0.96850395,0.9816731,0.63969785
110,0.97637796,0.98862267,0.6437698
110,0.984252,0.9955764,0.647701
110,0.992126,1.0023355,0.65163445
110,1.0,1.0092,0.6555714
111,0.0,0.2122,0.9554286
111,0.007874016,0.21480154,0.9474945
111,0.015748031,0.21735384,0.9395605
111,0.023622047,0.21990478,0.9316632
111,0.031496063,0.22241722,0.92367
111,0.03937008,0.22493283,0.9156685
111,0.047244094,0.22736028,0.9077348
111,0.05511811,0.22978579,0.89983135
111,0.062992126,0.23209766,0.8919369
111,0.070866145,0.2344771,0.8839389
111,0.07874016,0.23681293,0.8759538
111,0.08661418,0.2391952,0.8680172
111,0.09448819,0.24164878,0.859961
111,0.10236221,0.24402627,0.85200316
111,0.11023622,0.24642129,0.8441616
111,0.11811024,0.24883364,0.8362561
111,0.12598425,0.25135928,0.82825917
111,0.13385826,0.25382388,0.82023245
111,0.14173229,0.2562977,0.8121738
111,0.1496063,0.25884557,0.8041164
111,0.15748031,0.26125392,0.79620117
111,0.16535433,0.2637077,0.7880714
111,0.17322835,0.26612204,0.77997416
111,0.18110237,0.2684653,0.7719102
111,0.18897638,0.27073863,0.7639335
111,0.19685039,0.27293968,0.75582993
111,0.20472442,0.2750393,0.7476888
111,0.21259843,0.27711627,0.7394113
111,0.22047244,0.27907205,0.73107064
111,0.22834645,0.28080887,0.7226737
111,0.23622048,0.28246292,0.7142118
111,0.24409449,0.28400803,0.7057727
111,0.2519685,0.28525722,0.6972035
111,0.25984251,0.28632587,0.6886954
111,0.26771653,0.28729096,0.68010986
111,0.27559054,0.28799197,0.67145455
111,0.28346458,0.288593,0.6628843
111,0.2913386,0.28903607,0.6542155
111,0.2992126,0.28937483,0.645647
111,0.30708662,0.28950897,0.63691205
111,0.31496063,0.2896,0.6282469
111,0.32283464,0.2896,0.61943126
111,0.33070865,0.2895,0.61073804
111,0.33858266,0.2893,0.60202104
111,0.3464567,0.2889889,0.5932538
111,0.35433072,0.2886805,0.5844428
111,0.36220473,0.28837526,0.5757213
111,0.37007874,0.28797263,0.5669325
111,0.37795275,0.28754532,0.5582189
111,0.38582677,0.2870751,0.5495385
111,0.39370078,0.2866595,0.5408501
111,0.4015748,0.28617328,0.5321707
111,0.40944883,0.28569114,0.5234386
111,0.41732284,0.28520635,0.51476216
111,0.42519686,0.28463808,0.50614274
111,0.43307087,0.2840673,0.49743807
111,0.44094488,0.28350034,0.48871988
111,0.4488189,0.28293744,0.4800171
111,0.4566929,0.28227815,0.4713709
111,0.46456692,0.28163406,0.4627692
111,0.47244096,0.2809709,0.4541143
111,0.48031497,0.28022286,0.44544685
111,0.48818898,0.27946723,0.4367996
111,0.496063,0.27865478,0.42814526
111,0.503937,0.27774698,0.4194669
111,0.511811,0.27682412,0.41080534
111,0.51968503,0.2757557,0.40217176
111,0.52755904,0.2746901,0.39349362
111,0.53543305,0.27350828,0.38485202
111,0.54330707,0.2721824,0.37625575
111,0.5511811,0.2708591,0.36770254
111,0.5590551,0.26933864,0.35931113
111,0.56692916,0.26776984,0.3509054
111,0.5748032,0.26612905,0.3426406
111,0.5826772,0.26429167,0.33439112
111,0.5905512,0.26229617,0.32616353
111,0.5984252,0.26020697,0.317956
111,0.6062992,0.2580234,0.30989137
111,0.61417323,0.25560358,0.30175853
111,0.62204725,0.25317404,0.29377928
111,0.62992126,0.25053808,0.28590906
111,0.63779527,0.2477147,0.27806604
111,0.6456693,0.24482897,0.27039385
111,0.6535433,0.24187094,0.26289165
111,0.6614173,0.23872435,0.25541803
111,0.6692913,0.23542549,0.24812604
111,0.6771653,0.23200816,0.24085338
111,0.68503934,0.22851108,0.23385933
111,0.6929134,0.22493683,0.22691189
111,0.7007874,0.2211623,0.22006512
111,0.70866144,0.21733247,0.21344793
111,0.71653545,0.21345478,0.20689419
111,0.72440946,0.20949358,0.20040992
111,0.7322835,0.20537391,0.19399197
111,0.7401575,0.20115219,0.18767966
111,0.7480315,0.19686063,0.18151519
111,0.7559055,0.19243541,0.1754552
111,0.7637795,0.18800879,0.16946714
111,0.77165353,0.18342306,0.16359966
111,0.77952754,0.17883848,0.15778524
111,0.78740156,0.17421144,0.15217727
111,0.79527557,0.16949512,0.14663066
111,0.8031496,0.16480133,0.14114441
111,0.8110236,0.15995881,0.13571809
111,0.81889766,0.15514408,0.13037573
111,0.8267717,0.15029335,0.12517889
111,0.8346457,0.1454322,0.11996843
111,0.8425197,0.14048102,0.11487192
111,0.8503937,0.13558528,0.10987628
111,0.8582677,0.13061504,0.10483822
111,0.86614174,0.12563446,0.09994977
111,0.87401575,0.12058898,0.09508474
111,0.88188976,0.115524836,0.090181075
111,0.8897638,0.11041137,0.0854394
111,0.8976378,0.1052577,0.08061421
111,0.9055118,0.100150764,0.07583233
111,0.9133858,0.09493391,0.071012035
111,0.9212598,0.08974634,0.06626277
111,0.92913383,0.08461653,0.061596747
111,0.93700784,0.07943329,0.056886666
111,0.9448819,0.074202836,0.05220733
111,0.9527559,0.06904808,0.047547463
111,0.96062994,0.0638399,0.042951636
111,0.96850395,0.058747627,0.038297966
111,0.97637796,0.053505637,0.033690814
111,0.984252,0.04813058,0.028966868
111,0.992126,0.042728093,0.024078652
111,1.0,0.0373,0.019285714
112,0.0,0.1751,0.027
112,0.007874016,0.18133986,0.03288701
112,0.015748031,0.18763216,0.038822718
112,0.023622047,0.19409552,0.044967268
112,0.031496063,0.20045352,0.051169124
112,0.03937008,0.20675859,0.057350505
112,0.047244094,0.2129353,0.063639596
112,0.05511811,0.21898876,0.069946654
112,0.062992126,0.2249434,0.07635395
112,0.070866145,0.23080257,0.08297437
112,0.07874016,0.23666678,0.08971443
112,0.08661418,0.24236223,0.09645761
112,0.09448819,0.24797955,0.10330496
112,0.10236221,0.25344783,0.11015301
112,0.11023622,0.25883535,0.1168465
112,0.11811024,0.2643768,0.12364518
112,0.12598425,0.27006575,0.13080414
112,0.13385826,0.27581155,0.13772912
112,0.14173229,0.28157035,0.14470473
112,0.1496063,0.28719193,0.15157706
112,0.15748031,0.29271117,0.15838894
112,0.16535433,0.29822674,0.16532391
112,0.17322835,0.30370933,0.17235094
112,0.18110237,0.3091036,0.17929085
112,0.18897638,0.31446883,0.18609834
112,0.19685039,0.3202129,0.1930138
112,0.20472442,0.32581207,0.19934481
112,0.21259843,0.33144978,0.20539263
112,0.22047244,0.33752152,0.2116819
112,0.22834645,0.34376505,0.21777624
112,0.23622048,0.35022643,0.22344081
112,0.24409449,0.35666746,0.22878458
112,0.2519685,0.3632619,0.23375556
112,0.25984251,0.3700724,0.23844562
112,0.26771653,0.3771489,0.24290557
112,0.27559054,0.38427195,0.24719925
112,0.28346458,0.39122492,0.2511562
112,0.2913386,0.39804736,0.25495395
112,0.2992126,0.404963,0.25860518
112,0.30708662,0.41188675,0.2624036
112,0.31496063,0.41880345,0.2664218
112,0.32283464,0.4257191,0.27053872
112,0.33070865,0.43253958,0.27495685
112,0.33858266,0.43937963,0.27969974
112,0.3464567,0.44608948,0.28446817
112,0.35433072,0.45267808,0.28941187
112,0.36220473,0.45911404,0.2945345
112,0.37007874,0.46550733,0.29978222
112,0.37795275,0.47173798,0.30526957
112,0.38582677,0.47783926,0.31101567
112,0.39370078,0.48382044,0.3172335
112,0.4015748,0.4896911,0.32396728
112,0.40944883,0.4953047,0.3311051
112,0.41732284,0.50060946,0.33865753
112,0.42519686,0.50562876,0.34646785
112,0.43307087,0.5103747,0.3547333
112,0.44094488,0.5147238,0.36340806
112,0.4488189,0.51887274,0.37245196
112,0.4566929,0.52262896,0.38201004
112,0.46456692,0.5259843,0.39166942
112,0.47244096,0.5288614,0.4014721
112,0.48031497,0.53137606,0.4114906
112,0.48818898,0.53335816,0.42176092
112,0.496063,0.53497964,0.43217802
112,0.503937,0.53610253,0.44260013
112,0.511811,0.536788,0.453171
112,0.51968503,0.53708595,0.46357587
112,0.52755904,0.53690535,0.47403577
112,0.53543305,0.53638774,0.48469073
112,0.54330707,0.5354886,0.49531424
112,0.5511811,0.5341932,0.5058069
112,0.5590551,0.53247195,0.51617354
112,0.56692916,0.5303601,0.5263995
112,0.5748032,0.52781254,0.536406
112,0.5826772,0.52492267,0.546208
112,0.5905512,0.52159184,0.5557113
112,0.5984252,0.51794374,0.56480056
112,0.6062992,0.51399016,0.5736119
112,0.61417323,0.5096631,0.5819588
112,0.62204725,0.50479954,0.59022295
112,0.62992126,0.49963802,0.59789395
112,0.63779527,0.4941096,0.6052462
112,0.6456693,0.48843414,0.6120181
112,0.6535433,0.48246902,0.6183049
112,0.6614173,0.4764376,0.62453234
112,0.6692913,0.4702232,0.6304065
112,0.6771653,0.4639931,0.63619703
112,0.68503934,0.4577999,0.6418832
112,0.6929134,0.4516854,0.64758533
112,0.7007874,0.44545597,0.65328
112,0.70866144,0.43918848,0.6589633
112,0.71653545,0.43283796,0.6647798
112,0.72440946,0.4265908,0.6706207
112,0.7322835,0.42033967,0.6765452
112,0.7401575,0.41423017,0.6824825
112,0.7480315,0.40816548,0.688525
112,0.7559055,0.4022488,0.69480735
112,0.7637795,0.39647722,0.7012501
112,0.77165353,0.39063963,0.7080127
112,0.77952754,0.38503397,0.71501964
112,0.78740156,0.37944815,0.72221696
112,0.79527557,0.37407187,0.7297545
112,0.8031496,0.36887276,0.7374075
112,0.8110236,0.3637958,0.7452926
112,0.81889766,0.35898572,0.7533767
112,0.8267717,0.35428238,0.76164633
112,0.8346457,0.34976923,0.7701575
112,0.8425197,0.3454266,0.7787438
112,0.8503937,0.3412372,0.7875081
112,0.8582677,0.33709866,0.7962886
112,0.86614174,0.33311102,0.8051907
112,0.87401575,0.32907018,0.8140794
112,0.88188976,0.32516754,0.82325315
112,0.8897638,0.32121667,0.8323889
112,0.8976378,0.31734973,0.8415721
112,0.9055118,0.31359714,0.8507997
112,0.9133858,0.30987754,0.8599415
112,0.9212598,0.30618104,0.8691545
112,0.92913383,0.30254224,0.8783838
112,0.93700784,0.2989338,0.8875226
112,0.9448819,0.29532924,0.8966615
112,0.9527559,0.29170325,0.9058724
112,0.96062994,0.28811762,0.91512054
112,0.96850395,0.28442624,0.9244832
112,0.97637796,0.2807014,0.93396366
112,0.984252,0.27690586,0.94345766
112,0.992126,0.27313897,0.95297843
112,1.0,0.2694,0.9622857
113,0.0,0.2109,0.954
113,0.007874016,0.214883,0.9414475
113,0.015748031,0.2190685,0.92832774
113,0.023622047,0.2232033,0.9153566
113,0.031496063,0.22710669,0.9026904
113,0.03937008,0.2309476,0.8901747
113,0.047244094,0.23466459,0.8774744
113,0.05511811,0.23837343,0.86507595
113,0.062992126,0.2422968,0.8521532
113,0.070866145,0.24624616,0.8390879
113,0.07874016,0.2487928,0.8307555
113,0.08661418,0.25275058,0.817879
113,0.09448819,0.25670627,0.80540174
113,0.10236221,0.26059532,0.792731
113,0.11023622,0.2645179,0.779806
113,0.11811024,0.26821238,0.7672468
113,0.12598425,0.27197835,0.75441706
113,0.13385826,0.27576178,0.7415924
113,0.14173229,0.27941242,0.7289468
113,0.1496063,0.28277427,0.7167739
113,0.15748031,0.28583735,0.70426846
113,0.16535433,0.28861353,0.69100386
113,0.17322835,0.29079714,0.6777347
113,0.18110237,0.29229796,0.6643789
113,0.18897638,0.29323283,0.65096396
113,0.19685039,0.2935,0.637215
113,0.20472442,0.29316646,0.6230892
113,0.21259843,0.29247093,0.608912
113,0.22047244,0.29152116,0.59514445
113,0.22834645,0.29017264,0.58179104
113,0.23622048,0.28871813,0.5683759
113,0.24409449,0.2870856,0.5548765
113,0.2519685,0.2854904,0.54135084
113,0.25984251,0.28399566,0.52796286
113,0.26771653,0.28260598,0.51457226
113,0.27559054,0.2814267,0.5010859
113,0.28346458,0.28057468,0.48765653
113,0.2913386,0.2798715,0.47394073
113,0.2992126,0.2796,0.4602604
113,0.30708662,0.2798,0.44658613
113,0.31496063,0.28058198,0.43288755
113,0.32283464,0.28194895,0.41927493
113,0.33070865,0.2840612,0.40588534
113,0.33858266,0.28679496,0.39271244
113,0.3464567,0.29030678,0.37980086
113,0.35433072,0.294442,0.36748984
113,0.36220473,0.29911005,0.35571983
113,0.37007874,0.30451417,0.34462175
113,0.37795275,0.3105047,0.33406967
113,0.38582677,0.31717816,0.32425347
113,0.39370078,0.32440224,0.3153238
113,0.4015748,0.33216172,0.30724844
113,0.40944883,0.34029347,0.29998797
113,0.41732284,0.3488324,0.29368412
113,0.42519686,0.35760948,0.28828013
113,0.43307087,0.3665039,0.28376004
113,0.44094488,0.37568113,0.28002188
113,0.4488189,0.38496244,0.2773017
113,0.4566929,0.39447832,0.27546942
113,0.46456692,0.40403286,0.2747143
113,0.47244096,0.41360527,0.27505302
113,0.48031497,0.4230966,0.2764203
113,0.48818898,0.43241447,0.2788701
113,0.496063,0.44166714,0.28250396
113,0.503937,0.45074224,0.28705984
113,0.511811,0.4594444,0.29264724
113,0.51968503,0.46778306,0.29885972
113,0.52755904,0.47599316,0.3055099
113,0.53543305,0.48425,0.3125754
113,0.54330707,0.49237278,0.3199741
113,0.5511811,0.5003512,0.32742968
113,0.5590551,0.50830007,0.33503973
113,0.56692916,0.5161572,0.34269825
113,0.5748032,0.5240522,0.35045066
113,0.5826772,0.5319266,0.35834178
113,0.5905512,0.53973335,0.36597243
113,0.5984252,0.5476899,0.3736192
113,0.6062992,0.5556452,0.38100627
113,0.61417323,0.56374246,0.38803467
113,0.62204725,0.57208765,0.3947826
113,0.62992126,0.5805696,0.40128794
113,0.63779527,0.58918095,0.40742058
113,0.6456693,0.5978855,0.41336277
113,0.6535433,0.60664535,0.41890794
113,0.6614173,0.61555207,0.42423338
113,0.6692913,0.62446254,0.4293786
113,0.6771653,0.6334254,0.43432164
113,0.68503934,0.642358,0.4390584
113,0.6929134,0.6514578,0.44363543
113,0.7007874,0.6605263,0.4481998
113,0.70866144,0.6694846,0.45268437
113,0.71653545,0.67840666,0.45714614
113,0.72440946,0.6873886,0.46180555
113,0.7322835,0.69632107,0.46643898
113,0.7401575,0.7052357,0.47103962
113,0.7480315,0.7141634,0.47574016
113,0.7559055,0.7229991,0.4805819
113,0.7637795,0.73190206,0.48538205
113,0.77165353,0.74086994,0.4902698
113,0.77952754,0.7498253,0.49527928
113,0.78740156,0.75872105,0.5002261
113,0.79527557,0.76757646,0.50539494
113,0.8031496,0.7764251,0.51048476
113,0.8110236,0.7852744,0.5156986
113,0.81889766,0.7941349,0.52085316
113,0.8267717,0.80290467,0.52611625
113,0.8346457,0.81178164,0.5314513
113,0.8425197,0.8205757,0.5368761
113,0.8503937,0.8293893,0.54239213
113,0.8582677,0.8381322,0.547858
113,0.86614174,0.8468828,0.55327505
113,0.87401575,0.8556558,0.5587869
113,0.88188976,0.864355,0.5642531
113,0.8897638,0.8730883,0.56976366
113,0.8976378,0.8818409,0.5753496
113,0.9055118,0.8906128,0.580874
113,0.9133858,0.89942807,0.5864461
113,0.9212598,0.9081906,0.5920964
113,0.92913383,0.9170063,0.5976379
113,0.93700784,0.92577845,0.6032633
113,0.9448819,0.93451744,0.60872597
113,0.9527559,0.9433332,0.6143154
113,0.96062994,0.95207894,0.61989635
113,0.96850395,0.9608384,0.6253496
113,0.97637796,0.9696876,0.63089293
113,0.984252,0.9784705,0.63645476
113,0.992126,0.9872386,0.64191425
113,1.0,0.9959,0.6474286
114,0.0,0.9902,0.7221429
114,0.007874016,0.98178947,0.71642035
114,0.015748031,0.97351617,0.71072584
114,0.023622047,0.96523035,0.70508593
114,0.031496063,0.9569654,0.6994039
114,0.03937008,0.9485588,0.69385195
114,0.047244094,0.9401055,0.6881355
114,0.05511811,0.93170065,0.682531
114,0.062992126,0.9232275,0.6770168
114,0.070866145,0.9147616,0.67147255
114,0.07874016,0.9063557,0.6660257
114,0.08661418,0.8978473,0.6606616
114,0.09448819,0.88923705,0.6551675
114,0.10236221,0.8806999,0.6499387
114,0.11023622,0.87222636,0.6446896
114,0.11811024,0.8637027,0.63960344
114,0.12598425,0.8551209,0.6346025
114,0.13385826,0.84649014,0.62971944
114,0.14173229,0.837827,0.62481993
114,0.1496063,0.82924104,0.6201944
114,0.15748031,0.8205269,0.6156974
114,0.16535433,0.8117764,0.61118186
114,0.17322835,0.80298626,0.60678893
114,0.18110237,0.7941993,0.6023623
114,0.18897638,0.78539485,0.5980527
114,0.19685039,0.7767085,0.5938938
114,0.20472442,0.76792896,0.5897057
114,0.21259843,0.7591732,0.5856476
114,0.22047244,0.75035733,0.5817377
114,0.22834645,0.74145854,0.5779831
114,0.23622048,0.7324622,0.5742295
114,0.24409449,0.7234252,0.570745
114,0.2519685,0.71436834,0.5674841
114,0.25984251,0.7053421,0.5645743
114,0.26771653,0.69620126,0.5619673
114,0.27559054,0.68699604,0.5596365
114,0.28346458,0.67788357,0.5575199
114,0.2913386,0.6686847,0.5557253
114,0.2992126,0.65935,0.55396104
114,0.30708662,0.65000165,0.55227166
114,0.31496063,0.6406697,0.5507982
114,0.32283464,0.63152957,0.549507
114,0.33070865,0.6221787,0.5484924
114,0.33858266,0.6139987,0.54814285
114,0.3464567,0.6054786,0.5482857
114,0.35433072,0.596322,0.5503937
114,0.36220473,0.5870004,0.5536232
114,0.37007874,0.57791656,0.5575202
114,0.37795275,0.569005,0.5621181
114,0.38582677,0.56051075,0.5671907
114,0.39370078,0.55212265,0.572841
114,0.4015748,0.5436942,0.57900417
114,0.40944883,0.53531355,0.58539706
114,0.41732284,0.5272003,0.5921018
114,0.42519686,0.5192975,0.5989472
114,0.43307087,0.51146156,0.60566014
114,0.44094488,0.50357646,0.6124886
114,0.4488189,0.49568966,0.6190074
114,0.4566929,0.4876211,0.62528867
114,0.46456692,0.47927722,0.63121736
114,0.47244096,0.4706719,0.6365533
114,0.48031497,0.46198663,0.64125717
114,0.48818898,0.45310262,0.64538544
114,0.496063,0.4440616,0.64868516
114,0.503937,0.43504524,0.65117973
114,0.511811,0.42590216,0.65288854
114,0.51968503,0.41659972,0.6536826
114,0.52755904,0.40722063,0.6535714
114,0.53543305,0.39796817,0.65240765
114,0.54330707,0.38876012,0.6504572
114,0.5511811,0.37986067,0.6473901
114,0.5590551,0.37105253,0.6433374
114,0.56692916,0.36241248,0.6382762
114,0.5748032,0.3540035,0.6321814
114,0.5826772,0.3460691,0.6252087
114,0.5905512,0.3386015,0.6174097
114,0.5984252,0.331595,0.6087846
114,0.6062992,0.32516766,0.5993999
114,0.61417323,0.3192213,0.5892967
114,0.62204725,0.31394663,0.57861155
114,0.62992126,0.30926386,0.5672246
114,0.63779527,0.30510712,0.55544895
114,0.6456693,0.30160186,0.5431975
114,0.6535433,0.2985621,0.5305699
114,0.6614173,0.29602605,0.5178333
114,0.6692913,0.29387084,0.5049301
114,0.6771653,0.29209095,0.49187917
114,0.68503934,0.2904788,0.47897112
114,0.6929134,0.2889655,0.465847
114,0.7007874,0.2876311,0.4526632
114,0.70866144,0.28634435,0.43932423
114,0.71653545,0.28514564,0.42612574
114,0.72440946,0.28392956,0.41290936
114,0.7322835,0.28269258,0.3999152
114,0.7401575,0.28133193,0.38679355
114,0.7480315,0.27984712,0.37379065
114,0.7559055,0.27805707,0.360809
114,0.7637795,0.27600962,0.3479212
114,0.77165353,0.27350911,0.33511698
114,0.77952754,0.27060497,0.32267702
114,0.78740156,0.26718295,0.31036526
114,0.79527557,0.2633765,0.2982844
114,0.8031496,0.2592384,0.28656343
114,0.8110236,0.25472495,0.27497944
114,0.81889766,0.2497784,0.2636454
114,0.8267717,0.24458696,0.25254217
114,0.8346457,0.2392516,0.24172634
114,0.8425197,0.23373273,0.23117144
114,0.8503937,0.22809955,0.22064206
114,0.8582677,0.22222023,0.21017899
114,0.86614174,0.21638699,0.19971079
114,0.87401575,0.210633,0.1895504
114,0.88188976,0.20480639,0.17917499
114,0.8897638,0.19898856,0.16898131
114,0.8976378,0.19308376,0.15883394
114,0.9055118,0.18688247,0.14882374
114,0.9133858,0.18049276,0.1388468
114,0.9212598,0.17397204,0.1291029
114,0.92913383,0.16769923,0.1197132
114,0.93700784,0.16135116,0.11078737
114,0.9448819,0.15523994,0.1019142
114,0.9527559,0.14901116,0.09273023
114,0.96062994,0.1421188,0.082741134
114,0.96850395,0.13519795,0.073425636
114,0.97637796,0.1281947,0.064687386
114,0.984252,0.12085359,0.056106433
114,0.992126,0.11365352,0.047254194
114,1.0,0.1073,0.038714286
115,0.0,0.1837,0.031285714
115,0.007874016,0.18978047,0.0370505
115,0.015748031,0.19593613,0.042735063
115,0.023622047,0.20206499,0.04860535
115,0.031496063,0.20816025,0.054485958
115,0.03937008,0.21417336,0.060450826
115,0.047244094,0.22021188,0.066584155
115,0.05511811,0.22607966,0.072728194
115,0.062992126,0.2318886,0.079038635
115,0.070866145,0.23759405,0.08549955
115,0.07874016,0.24326308,0.09205128
115,0.08661418,0.24885103,0.098697536
115,0.09448819,0.25446928,0.105466574
115,0.10236221,0.2600085,0.112400666
115,0.11023622,0.26549947,0.11927204
115,0.11811024,0.27091688,0.12621057
115,0.12598425,0.27625275,0.13320564
115,0.13385826,0.28160486,0.14024387
115,0.14173229,0.2869663,0.14727728
115,0.1496063,0.2924316,0.15444614
115,0.15748031,0.29779437,0.16156337
115,0.16535433,0.30315232,0.1686462
115,0.17322835,0.30860716,0.17555812
115,0.18110237,0.31406507,0.18229754
115,0.18897638,0.31959918,0.18888484
115,0.19685039,0.32528087,0.19533664
115,0.20472442,0.33120158,0.20161118
115,0.21259843,0.33726493,0.20776019
115,0.22047244,0.34343255,0.21363513
115,0.22834645,0.34958857,0.21924399
115,0.23622048,0.3558073,0.22476034
115,0.24409449,0.36213732,0.23019925
115,0.2519685,0.36860654,0.23541895
115,0.25984251,0.3750632,0.2407068
115,0.26771653,0.38140237,0.24564455
115,0.27559054,0.38773066,0.2506419
115,0.28346458,0.3941208,0.25558066
115,0.2913386,0.4005735,0.26045635
115,0.2992126,0.40710053,0.26541537
115,0.30708662,0.41352132,0.27029487
115,0.31496063,0.42003152,0.27509394
115,0.32283464,0.42644334,0.27995953
115,0.33070865,0.43284875,0.28474912
115,0.33858266,0.43933833,0.28958756
115,0.3464567,0.4458521,0.29451707
115,0.35433072,0.4524432,0.29938802
115,0.36220473,0.45899352,0.30435252
115,0.37007874,0.46566257,0.30929276
115,0.37795275,0.47230902,0.3142808
115,0.38582677,0.478808,0.31924427
115,0.39370078,0.48529822,0.3241416
115,0.4015748,0.49189016,0.32913584
115,0.40944883,0.498405,0.33412826
115,0.41732284,0.5050286,0.33902046
115,0.42519686,0.5115467,0.34398797
115,0.43307087,0.51796436,0.3488492
115,0.44094488,0.52440906,0.35379928
115,0.4488189,0.53080034,0.3586338
115,0.4566929,0.5372226,0.3634951
115,0.46456692,0.543676,0.36837965
115,0.47244096,0.550104,0.37313297
115,0.48031497,0.55658805,0.3779915
115,0.48818898,0.56307197,0.3826405
115,0.496063,0.5695468,0.3872494
115,0.503937,0.5760041,0.39187235
115,0.511811,0.58271664,0.3964871
115,0.51968503,0.58938247,0.40095076
115,0.52755904,0.5961387,0.40526345
115,0.53543305,0.6028278,0.40954036
115,0.54330707,0.60959893,0.41371366
115,0.5511811,0.6162589,0.41785404
115,0.5590551,0.62302953,0.4219104
115,0.56692916,0.62985796,0.4259474
115,0.5748032,0.6366964,0.4298431
115,0.5826772,0.64349294,0.43388167
115,0.5905512,0.650366,0.43792024
115,0.5984252,0.6569669,0.44181177
115,0.6062992,0.6636574,0.4457003
115,0.61417323,0.6703838,0.44972846
115,0.62204725,0.6771512,0.45375666
115,0.62992126,0.68391854,0.45778486
115,0.63779527,0.6906804,0.4619526
115,0.6456693,0.6975193,0.46606025
115,0.6535433,0.70424104,0.4702506
115,0.6614173,0.7109489,0.47438625
115,0.6692913,0.71764576,0.47851533
115,0.6771653,0.72433454,0.48276073
115,0.68503934,0.73111635,0.4869026
115,0.6929134,0.7378008,0.49116713
115,0.7007874,0.7444933,0.49546587
115,0.70866144,0.75130075,0.49971476
115,0.71653545,0.7580299,0.50412077
115,0.72440946,0.7648012,0.508465
115,0.7322835,0.771625,0.51287943
115,0.7401575,0.77838033,0.51724744
115,0.7480315,0.7851573,0.5216319
115,0.7559055,0.79189986,0.5259739
115,0.7637795,0.7985579,0.53023237
115,0.77165353,0.80520195,0.53455913
115,0.77952754,0.8117791,0.5388225
115,0.78740156,0.8184791,0.54316944
115,0.79527557,0.8251538,0.54752034
115,0.8031496,0.8319093,0.5518774
115,0.8110236,0.8386212,0.55619216
115,0.81889766,0.84533584,0.5606182
115,0.8267717,0.85204107,0.56499434
115,0.8346457,0.8587236,0.56944543
115,0.8425197,0.8654431,0.57388794
115,0.8503937,0.8719993,0.5782852
115,0.8582677,0.87854546,0.5828182
115,0.86614174,0.8850608,0.5872596
115,0.87401575,0.89158374,0.59170264
115,0.88188976,0.8981632,0.596188
115,0.8897638,0.9048335,0.6007552
115,0.8976378,0.91150135,0.6052207
115,0.9055118,0.91810983,0.60955346
115,0.9133858,0.92454225,0.6137275
115,0.9212598,0.93103147,0.6180074
115,0.92913383,0.93749064,0.62234336
115,0.93700784,0.9441709,0.62688744
115,0.9448819,0.9508313,0.6316218
115,0.9527559,0.9573557,0.63623554
115,0.96062994,0.9639533,0.6407524
115,0.96850395,0.9705786,0.6450561
115,0.97637796,0.97694767,0.64880216
115,0.984252,0.9837646,0.65265083
115,0.992126,0.9903613,0.6572449
115,1.0,0.9977,0.6621429
116,0.0,0.2223,0.08571429
116,0.007874016,0.22778617,0.09169892
116,0.015748031,0.23324418,0.097652264
116,0.023622047,0.23860049,0.10351478
116,0.031496063,0.24387155,0.1093811
116,0.03937008,0.24927509,0.11551438
116,0.047244094,0.25465167,0.12180191
116,0.05511811,0.2600792,0.12806197
116,0.062992126,0.26552948,0.13449506
116,0.070866145,0.2709868,0.14098303
116,0.07874016,0.27660108,0.14737266
116,0.08661418,0.2819107,0.1534408
116,0.09448819,0.28722817,0.15934649
116,0.10236221,0.29252726,0.16514154
116,0.11023622,0.29791343,0.17091344
116,0.11811024,0.30329406,0.17657977
116,0.12598425,0.30879083,0.18232815
116,0.13385826,0.31454843,0.18814138
116,0.14173229,0.32020214,0.19391131
116,0.1496063,0.3258701,0.19935247
116,0.15748031,0.33148944,0.20475996
116,0.16535433,0.33712626,0.2101439
116,0.17322835,0.34290072,0.21536328
116,0.18110237,0.34881958,0.2205486
116,0.18897638,0.35477284,0.22560528
116,0.19685039,0.36074525,0.23049594
116,0.20472442,0.36681294,0.23529495
116,0.21259843,0.3727583,0.23999366
116,0.22047244,0.3788808,0.24475697
116,0.22834645,0.38489455,0.24928182
116,0.23622048,0.3909627,0.25395453
116,0.24409449,0.39708552,0.25844884
116,0.2519685,0.4032215,0.26297855
116,0.25984251,0.40929928,0.26754835
116,0.26771653,0.41542754,0.27216253
116,0.27559054,0.4215605,0.27668607
116,0.28346458,0.42757568,0.28125232
116,0.2913386,0.43366483,0.285772
116,0.2992126,0.43983832,0.29045594
116,0.30708662,0.445934,0.29518232
116,0.31496063,0.45204243,0.2998772
116,0.32283464,0.45816588,0.30464873
116,0.33070865,0.46420994,0.3093584
116,0.33858266,0.4702766,0.31415057
116,0.3464567,0.4762744,0.31888914
116,0.35433072,0.48220783,0.32372013
116,0.36220473,0.48824278,0.32845068
116,0.37007874,0.49421737,0.3332749
116,0.37795275,0.50022763,0.33804715
116,0.38582677,0.5063067,0.3427671
116,0.39370078,0.5123343,0.34757414
116,0.4015748,0.5183885,0.35222855
116,0.40944883,0.5243738,0.35687855
116,0.41732284,0.530412,0.3614096
116,0.42519686,0.5365038,0.36597425
116,0.43307087,0.5426333,0.37052378
116,0.44094488,0.5487749,0.37503037
116,0.4488189,0.5549651,0.3794998
116,0.4566929,0.5612027,0.38393307
116,0.46456692,0.5674888,0.3883309
116,0.47244096,0.57378787,0.39270115
116,0.48031497,0.58002245,0.39690265
116,0.48818898,0.586323,0.40122443
116,0.496063,0.592592,0.40534204
116,0.503937,0.5989342,0.40937984
116,0.511811,0.6051542,0.41340056
116,0.51968503,0.6114537,0.41733903
116,0.52755904,0.6177534,0.42126802
116,0.53543305,0.6240432,0.42518812
116,0.54330707,0.6304215,0.4289585
116,0.5511811,0.63679236,0.43283254
116,0.5590551,0.64325726,0.4366299
116,0.56692916,0.6496364,0.44039223
116,0.5748032,0.656087,0.44415486
116,0.5826772,0.6625581,0.44792104
116,0.5905512,0.6690143,0.45169386
116,0.5984252,0.67543775,0.4554755
116,0.6062992,0.6818525,0.4592675
116,0.61417323,0.6882531,0.46307334
116,0.62204725,0.6945943,0.46689448
116,0.62992126,0.700962,0.47073182
116,0.63779527,0.7072587,0.47458696
116,0.6456693,0.7135468,0.4784583
116,0.6535433,0.71983266,0.48234653
116,0.6614173,0.726107,0.48639205
116,0.6692913,0.73230386,0.49030846
116,0.6771653,0.73857003,0.4943778
116,0.68503934,0.74476975,0.49842364
116,0.6929134,0.7510805,0.5024099
116,0.7007874,0.7572994,0.5064917
116,0.70866144,0.7635227,0.51058584
116,0.71653545,0.7698503,0.51468277
116,0.72440946,0.77608055,0.5188226
116,0.7322835,0.7823704,0.5229651
116,0.7401575,0.7886396,0.52697754
116,0.7480315,0.7948838,0.53110147
116,0.7559055,0.8011831,0.5351639
116,0.7637795,0.8073955,0.5392511
116,0.77165353,0.81360894,0.543332
116,0.77952754,0.81987906,0.5473994
116,0.78740156,0.8261108,0.5514102
116,0.79527557,0.8322855,0.5553559
116,0.8031496,0.8385292,0.55941737
116,0.8110236,0.8448025,0.5634673
116,0.81889766,0.85104537,0.56749946
116,0.8267717,0.85731286,0.57151365
116,0.8346457,0.8636689,0.575622
116,0.8425197,0.8699974,0.57962394
116,0.8503937,0.8762957,0.5837214
116,0.8582677,0.88258284,0.587657
116,0.86614174,0.88890374,0.59171665
116,0.87401575,0.8952076,0.59575367
116,0.88188976,0.901476,0.5997679
116,0.8897638,0.90771097,0.6037607
116,0.8976378,0.91402656,0.6078311
116,0.9055118,0.9202272,0.61185485
116,0.9133858,0.9264971,0.61593395
116,0.9212598,0.9327247,0.6198736
116,0.92913383,0.9390399,0.6240837
116,0.93700784,0.9454512,0.62817943
116,0.9448819,0.9518365,0.6324569
116,0.9527559,0.9580392,0.63650787
116,0.96062994,0.9642319,0.6404096
116,0.96850395,0.97080255,0.6445373
116,0.97637796,0.97753245,0.64848024
116,0.984252,0.9839529,0.6523639
116,0.992126,0.99002016,0.65624934
116,1.0,0.996,0.66
117,0.0,0.9916,0.7292857
117,0.007874016,0.98545945,0.72511387
117,0.015748031,0.97930884,0.7209408
117,0.023622047,0.97305864,0.71675617
117,0.031496063,0.9669858,0.71241844
117,0.03937008,0.96088994,0.7082071
117,0.047244094,0.95476824,0.7038345
117,0.05511811,0.9486704,0.69943684
117,0.062992126,0.9425902,0.69500804
117,0.070866145,0.93646026,0.6905487
117,0.07874016,0.93039405,0.68632865
117,0.08661418,0.9242994,0.68192816
117,0.09448819,0.9181633,0.67761666
117,0.10236221,0.9120065,0.6733861
117,0.11023622,0.9058213,0.66910875
117,0.11811024,0.89960325,0.66505647
117,0.12598425,0.8934758,0.66092116
117,0.13385826,0.88723075,0.65690845
117,0.14173229,0.88096654,0.6528332
117,0.1496063,0.8746621,0.64878327
117,0.15748031,0.86852604,0.64487576
117,0.16535433,0.86244196,0.6411277
117,0.17322835,0.85628414,0.63750046
117,0.18110237,0.8498552,0.6338251
117,0.18897638,0.843507,0.63029075
117,0.19685039,0.8371182,0.6270087
117,0.20472442,0.8306999,0.62371427
117,0.21259843,0.82426065,0.62054336
117,0.22047244,0.8178602,0.61734295
117,0.22834645,0.8113724,0.614152
117,0.23622048,0.80500793,0.6110514
117,0.24409449,0.7986738,0.6079893
117,0.2519685,0.7921555,0.6047483
117,0.25984251,0.78571296,0.60159713
117,0.26771653,0.7793037,0.59840965
117,0.27559054,0.7729163,0.5951699
117,0.28346458,0.7664603,0.5920323
117,0.2913386,0.75996655,0.5889285
117,0.2992126,0.7534076,0.5857884
117,0.30708662,0.7468492,0.58288056
117,0.31496063,0.7403185,0.5800423
117,0.32283464,0.7337856,0.5773494
117,0.33070865,0.727153,0.5746261
117,0.33858266,0.7205266,0.5720452
117,0.3464567,0.71393746,0.5693622
117,0.35433072,0.70767677,0.5669089
117,0.36220473,0.7013766,0.5645211
117,0.37007874,0.6946874,0.5619955
117,0.37795275,0.68811065,0.55979705
117,0.38582677,0.68169975,0.55793643
117,0.39370078,0.6752847,0.5561259
117,0.4015748,0.668738,0.554349
117,0.40944883,0.66191864,0.55264854
117,0.41732284,0.6550491,0.551057
117,0.42519686,0.6481907,0.5496233
117,0.43307087,0.6413084,0.5485372
117,0.44094488,0.63445026,0.54753363
117,0.4488189,0.6274888,0.546957
117,0.4566929,0.62057066,0.5467143
117,0.46456692,0.61375046,0.5467341
117,0.47244096,0.6069641,0.5472803
117,0.48031497,0.60020715,0.5482052
117,0.48818898,0.59368455,0.54959893
117,0.496063,0.58711284,0.55128264
117,0.503937,0.5806713,0.553492
117,0.511811,0.5742354,0.5561848
117,0.51968503,0.5678621,0.55916893
117,0.52755904,0.5614994,0.562686
117,0.53543305,0.5551912,0.5664135
117,0.54330707,0.54891807,0.5706
117,0.5511811,0.5428258,0.57493305
117,0.5590551,0.5367792,0.5793928
117,0.56692916,0.53082114,0.58411336
117,0.5748032,0.5248445,0.58895165
117,0.5826772,0.5189103,0.59384197
117,0.5905512,0.51305175,0.59877807
117,0.5984252,0.507201,0.6038087
117,0.6062992,0.5013424,0.6087742
117,0.61417323,0.49556443,0.6138305
117,0.62204725,0.4897369,0.6188242
117,0.62992126,0.48387423,0.6238792
117,0.63779527,0.47803366,0.62885684
117,0.6456693,0.47217757,0.63385487
117,0.6535433,0.46629643,0.6388823
117,0.6614173,0.46038842,0.6439882
117,0.6692913,0.45451286,0.6491796
117,0.6771653,0.4487089,0.65432054
117,0.68503934,0.44285473,0.6595169
117,0.6929134,0.4370411,0.664889
117,0.7007874,0.43126103,0.67037046
117,0.70866144,0.42551813,0.6758502
117,0.71653545,0.41987205,0.6814884
117,0.72440946,0.41428465,0.68714875
117,0.7322835,0.40868542,0.693049
117,0.7401575,0.403293,0.69894177
117,0.7480315,0.39797556,0.7050693
117,0.7559055,0.39270592,0.71125
117,0.7637795,0.38763228,0.7175668
117,0.77165353,0.38258618,0.7240189
117,0.77952754,0.37766033,0.7306132
117,0.78740156,0.37294668,0.7373619
117,0.79527557,0.36817917,0.7442129
117,0.8031496,0.36361235,0.7512275
117,0.8110236,0.35907194,0.75830346
117,0.81889766,0.35466567,0.76553625
117,0.8267717,0.3502982,0.77286017
117,0.8346457,0.34602317,0.78033316
117,0.8425197,0.34184235,0.7877998
117,0.8503937,0.33775428,0.7954629
117,0.8582677,0.33371544,0.8032563
117,0.86614174,0.329771,0.8110096
117,0.87401575,0.32587045,0.8189379
117,0.88188976,0.32201043,0.8270196
117,0.8897638,0.3181885,0.8351671
117,0.8976378,0.3143897,0.8433585
117,0.9055118,0.31062227,0.8516221
117,0.9133858,0.30688283,0.86003923
117,0.9212598,0.30316794,0.868347
117,0.92913383,0.29957557,0.8768147
117,0.93700784,0.29591322,0.8852356
117,0.9448819,0.29234546,0.8937181
117,0.9527559,0.288801,0.9021833
117,0.96062994,0.2852673,0.9106223
117,0.96850395,0.281742,0.91904384
117,0.97637796,0.27832457,0.9274778
117,0.984252,0.2748617,0.9358995
117,0.992126,0.2714051,0.9443094
117,1.0,0.268,0.95271426
118,0.0,0.1831,0.036857143
118,0.007874016,0.18921158,0.042769693
118,0.015748031,0.19539058,0.048610084
118,0.023622047,0.20141809,0.05449342
118,0.031496063,0.20721379,0.06029884
118,0.03937008,0.21310057,0.06635124
118,0.047244094,0.21890019,0.072519675
118,0.05511811,0.22470003,0.07893511
118,0.062992126,0.23025975,0.085439704
118,0.070866145,0.23576516,0.091874465
118,0.07874016,0.24112773,0.09856423
118,0.08661418,0.24653792,0.10548276
118,0.09448819,0.2519005,0.11242927
118,0.10236221,0.25727794,0.119539894
118,0.11023622,0.26255777,0.12655175
118,0.11811024,0.267767,0.13366719
118,0.12598425,0.27287307,0.14065109
118,0.13385826,0.27811807,0.14774013
118,0.14173229,0.2833009,0.15500127
118,0.1496063,0.288321,0.16188711
118,0.15748031,0.29332328,0.16874753
118,0.16535433,0.29856008,0.17559534
118,0.17322835,0.3039646,0.18251057
118,0.18110237,0.30945387,0.18915303
118,0.18897638,0.31500033,0.19549017
118,0.19685039,0.320637,0.20161968
118,0.20472442,0.3265006,0.20752162
118,0.21259843,0.33253682,0.21331787
118,0.22047244,0.33870694,0.21887094
118,0.22834645,0.3450329,0.22434549
118,0.23622048,0.35141727,0.2294835
118,0.24409449,0.35784385,0.23445989
118,0.2519685,0.36419326,0.23928091
118,0.25984251,0.37067074,0.24384958
118,0.26771653,0.37722293,0.24846908
118,0.27559054,0.38381633,0.2528738
118,0.28346458,0.39055228,0.25736162
118,0.2913386,0.3972096,0.26179796
118,0.2992126,0.40395856,0.26628017
118,0.30708662,0.41055316,0.27072787
118,0.31496063,0.417102,0.27514425
118,0.32283464,0.42365286,0.27977303
118,0.33070865,0.43008602,0.28438798
118,0.33858266,0.43650857,0.2891376
118,0.3464567,0.44292307,0.2940238
118,0.35433072,0.44932926,0.29892915
118,0.36220473,0.45562539,0.30403307
118,0.37007874,0.46186936,0.3091286
118,0.37795275,0.46808344,0.31435525
118,0.38582677,0.47427702,0.31966183
118,0.39370078,0.480457,0.3249475
118,0.4015748,0.48660183,0.33035877
118,0.40944883,0.49269754,0.3356884
118,0.41732284,0.49887148,0.34111738
118,0.42519686,0.5050194,0.34646377
118,0.43307087,0.51114887,0.3519276
118,0.44094488,0.5173935,0.35727483
118,0.4488189,0.5236124,0.36263916
118,0.4566929,0.52980596,0.36789083
118,0.46456692,0.5360754,0.37309462
118,0.47244096,0.5424208,0.37818924
118,0.48031497,0.54884475,0.38321292
118,0.48818898,0.5552168,0.38803488
118,0.496063,0.561653,0.3928236
118,0.503937,0.5681303,0.39740708
118,0.511811,0.5745698,0.4018311
118,0.51968503,0.5811383,0.4061681
118,0.52755904,0.587692,0.41050288
118,0.53543305,0.5943728,0.4146244
118,0.54330707,0.6009262,0.41869918
118,0.5511811,0.60764474,0.42266098
118,0.5590551,0.61429155,0.42643404
118,0.56692916,0.6209676,0.4303237
118,0.5748032,0.62758666,0.43403843
118,0.5826772,0.63424397,0.43771857
118,0.5905512,0.6409392,0.44136113
118,0.5984252,0.64758736,0.4449636
118,0.6062992,0.6542227,0.448613
118,0.61417323,0.6609458,0.45231187
118,0.62204725,0.6676918,0.4561096
118,0.62992126,0.67440784,0.45986137
118,0.63779527,0.6812335,0.46363103
118,0.6456693,0.6879807,0.46752536
118,0.6535433,0.6947561,0.47139415
118,0.6614173,0.70156264,0.47528633
118,0.6692913,0.7082881,0.47928333
118,0.6771653,0.71497566,0.48324606
118,0.68503934,0.72171044,0.4873137
118,0.6929134,0.7284001,0.49136806
118,0.7007874,0.7350518,0.49539936
118,0.70866144,0.74177253,0.49941194
118,0.71653545,0.74846625,0.5035516
118,0.72440946,0.7551358,0.5078167
118,0.7322835,0.76178575,0.5119258
118,0.7401575,0.76851344,0.5161682
118,0.7480315,0.77522784,0.5203999
118,0.7559055,0.7818302,0.52462405
118,0.7637795,0.7884346,0.52884066
118,0.77165353,0.7950948,0.53304714
118,0.77952754,0.8016502,0.53724176
118,0.78740156,0.80818254,0.5414218
118,0.79527557,0.81469524,0.5456859
118,0.8031496,0.8211874,0.549887
118,0.8110236,0.82770133,0.55402684
118,0.81889766,0.8341977,0.5582926
118,0.8267717,0.84061396,0.56245476
118,0.8346457,0.84723234,0.5667749
118,0.8425197,0.85388404,0.57101816
118,0.8503937,0.8605041,0.5753414
118,0.8582677,0.867097,0.5797857
118,0.86614174,0.87376404,0.58407855
118,0.87401575,0.88040465,0.5884522
118,0.88188976,0.887076,0.5927467
118,0.8897638,0.89364743,0.59712535
118,0.8976378,0.9002931,0.6014877
118,0.9055118,0.9069175,0.6057102
118,0.9133858,0.9136205,0.61003196
118,0.9212598,0.9201184,0.61421806
118,0.92913383,0.9267015,0.6185406
118,0.93700784,0.93327445,0.6227139
118,0.9448819,0.9398397,0.6268824
118,0.9527559,0.9465002,0.6310477
118,0.96062994,0.95305806,0.63521147
118,0.96850395,0.95978457,0.6395156
118,0.97637796,0.96646583,0.6436767
118,0.984252,0.973117,0.6478362
118,0.992126,0.97978145,0.6519924
118,1.0,0.9864,0.65614283
119,0.0,0.1713,0.029
119,0.007874016,0.1776681,0.03431551
119,0.015748031,0.18404919,0.039785024
119,0.023622047,0.19029692,0.04523516
119,0.031496063,0.19635756,0.050825868
119,0.03937008,0.20237921,0.05657921
119,0.047244094,0.20843053,0.062630534
119,0.05511811,0.21453509,0.06875438
119,0.062992126,0.22049612,0.075010404
119,0.070866145,0.22632284,0.081348404
119,0.07874016,0.23203981,0.08785118
119,0.08661418,0.23771885,0.094502546
119,0.09448819,0.24341449,0.10127668
119,0.10236221,0.24894886,0.10800516
119,0.11023622,0.25439194,0.11482071
119,0.11811024,0.259723,0.121614285
119,0.12598425,0.2650186,0.12859803
119,0.13385826,0.2702532,0.13579032
119,0.14173229,0.2755721,0.14284337
119,0.1496063,0.2809534,0.15012325
119,0.15748031,0.28640136,0.15740167
119,0.16535433,0.29207635,0.16461329
119,0.17322835,0.29771158,0.17151448
119,0.18110237,0.30351716,0.17837314
119,0.18897638,0.30931765,0.18500248
119,0.19685039,0.31511787,0.19140606
119,0.20472442,0.3210507,0.1975872
119,0.21259843,0.32713988,0.20367056
119,0.22047244,0.33332646,0.20957457
119,0.22834645,0.3396523,0.21535912
119,0.23622048,0.3460261,0.22100948
119,0.24409449,0.35250002,0.22640817
119,0.2519685,0.35893112,0.23159471
119,0.25984251,0.36530545,0.23643947
119,0.26771653,0.37162298,0.24107684
119,0.27559054,0.37797308,0.24568237
119,0.28346458,0.38436824,0.25026304
119,0.2913386,0.39096195,0.25490138
119,0.2992126,0.39756066,0.25961664
119,0.30708662,0.40422255,0.26451612
119,0.31496063,0.410783,0.26932272
119,0.32283464,0.4173537,0.27410108
119,0.33070865,0.4238502,0.27897444
119,0.33858266,0.43039724,0.28376937
119,0.3464567,0.4368571,0.28878528
119,0.35433072,0.44344613,0.29375118
119,0.36220473,0.44997147,0.2987486
119,0.37007874,0.45665526,0.30398756
119,0.37795275,0.46322754,0.3091381
119,0.38582677,0.4697475,0.31434426
119,0.39370078,0.47621712,0.3194637
119,0.4015748,0.48253378,0.32456082
119,0.40944883,0.48889694,0.3297229
119,0.41732284,0.49511048,0.33486578
119,0.42519686,0.5013695,0.34002432
119,0.43307087,0.5076519,0.34513643
119,0.44094488,0.51392835,0.35021976
119,0.4488189,0.52028716,0.3554181
119,0.4566929,0.52665865,0.36058572
119,0.46456692,0.5331522,0.3657773
119,0.47244096,0.53959924,0.37093043
119,0.48031497,0.5461591,0.37602192
119,0.48818898,0.55264723,0.38105693
119,0.496063,0.5592576,0.3860379
119,0.503937,0.56583405,0.39082593
119,0.511811,0.57239705,0.3955693
119,0.51968503,0.57908475,0.40022194
119,0.52755904,0.5858248,0.40473536
119,0.53543305,0.5926147,0.4091342
119,0.54330707,0.5993155,0.41328213
119,0.5511811,0.6061022,0.41739526
119,0.5590551,0.61283314,0.42136928
119,0.56692916,0.61968243,0.4253762
119,0.5748032,0.6263242,0.42913482
119,0.5826772,0.63306546,0.43297273
119,0.5905512,0.63984907,0.43678114
119,0.5984252,0.646702,0.44065827
119,0.6062992,0.6535593,0.4445409
119,0.61417323,0.6603891,0.44839078
119,0.62204725,0.6673617,0.45235172
119,0.62992126,0.67421377,0.45628157
119,0.63779527,0.68113786,0.460213
119,0.6456693,0.6879463,0.4640577
119,0.6535433,0.6948703,0.46801332
119,0.6614173,0.7017304,0.47204834
119,0.6692913,0.7085838,0.47597903
119,0.6771653,0.7154142,0.47999674
119,0.68503934,0.7222459,0.48399204
119,0.6929134,0.7290381,0.48796278
119,0.7007874,0.7358896,0.49202386
119,0.70866144,0.7427042,0.4960627
119,0.71653545,0.74951416,0.50008154
119,0.72440946,0.7563349,0.50407904
119,0.7322835,0.7631199,0.50816625
119,0.7401575,0.769873,0.51222867
119,0.7480315,0.776695,0.51627165
119,0.7559055,0.7834804,0.52030313
119,0.7637795,0.7902477,0.5244436
119,0.77165353,0.7970226,0.528578
119,0.77952754,0.8039128,0.5327006
119,0.78740156,0.81068075,0.53680974
119,0.79527557,0.81753445,0.5409721
119,0.8031496,0.82438534,0.5451446
119,0.8110236,0.831276,0.5493403
119,0.81889766,0.8381533,0.5534427
119,0.8267717,0.8450029,0.55765176
119,0.8346457,0.8517693,0.56171006
119,0.8425197,0.8585562,0.56582904
119,0.8503937,0.8653282,0.56994355
119,0.8582677,0.8720531,0.5739751
119,0.86614174,0.8787767,0.5780636
119,0.87401575,0.88548434,0.58215123
119,0.88188976,0.89214855,0.5861507
119,0.8897638,0.89888275,0.59028244
119,0.8976378,0.90549964,0.5942681
119,0.9055118,0.9122641,0.59837043
119,0.9133858,0.9190077,0.6025149
119,0.9212598,0.92574173,0.6065613
119,0.92913383,0.93254566,0.6107218
119,0.93700784,0.93936056,0.61502624
119,0.9448819,0.9462276,0.61918014
119,0.9527559,0.9531402,0.62346923
119,0.96062994,0.9599584,0.6277492
119,0.96850395,0.96685916,0.63196427
119,0.97637796,0.9737425,0.63616633
119,0.984252,0.98052675,0.6403837
119,0.992126,0.98732036,0.6446247
119,1.0,0.9941,0.6488571
120,0.0,0.2094,0.95914286
120,0.007874016,0.20971018,0.95809925
120,0.015748031,0.21004738,0.95689845
120,0.023622047,0.21044517,0.9555207
120,0.031496063,0.21088164,0.95422155
120,0.03937008,0.21133956,0.95283043
120,0.047244094,0.21173307,0.95133406
120,0.05511811,0.21218899,0.95003146
120,0.062992126,0.2125,0.9488775
120,0.070866145,0.2128,0.9481429
120,0.07874016,0.2126,0.948
120,0.08661418,0.2127,0.9482857
120,0.09448819,0.21298887,0.9473016
120,0.10236221,0.21330488,0.9462718
120,0.11023622,0.21368714,0.94517964
120,0.11811024,0.21400033,0.9439986
120,0.12598425,0.21436901,0.9428471
120,0.13385826,0.21471772,0.9416763
120,0.14173229,0.21505317,0.94056237
120,0.1496063,0.21545473,0.93927217
120,0.15748031,0.21582861,0.9380407
120,0.16535433,0.21618076,0.936783
120,0.17322835,0.21657117,0.9355925
120,0.18110237,0.21694906,0.9343118
120,0.18897638,0.21733822,0.9331219
120,0.19685039,0.21773311,0.93185806
120,0.20472442,0.21807654,0.93063843
120,0.21259843,0.21849178,0.9293131
120,0.22047244,0.21886241,0.92811644
120,0.22834645,0.21918519,0.9268113
120,0.23622048,0.21956787,0.92566323
120,0.24409449,0.21994133,0.92443365
120,0.2519685,0.22030553,0.9231694
120,0.25984251,0.22071587,0.92188895
120,0.26771653,0.22111134,0.9207241
120,0.27559054,0.22145423,0.9195811
120,0.28346458,0.22179087,0.9183205
120,0.2913386,0.2221283,0.91720486
120,0.2992126,0.22254586,0.9159681
120,0.30708662,0.22286531,0.9147823
120,0.31496063,0.22320707,0.9136941
120,0.32283464,0.22359101,0.9124671
120,0.33070865,0.22393014,0.9111996
120,0.33858266,0.22433363,0.91004676
120,0.3464567,0.2246992,0.90886056
120,0.35433072,0.2250267,0.9075928
120,0.36220473,0.22541703,0.9063381
120,0.37007874,0.22580342,0.9050962
120,0.37795275,0.22618611,0.90386605
120,0.38582677,0.22656581,0.90264565
120,0.39370078,0.22694299,0.9014179
120,0.4015748,0.22732149,0.9000876
120,0.40944883,0.22778551,0.89889437
120,0.41732284,0.22815722,0.89758134
120,0.42519686,0.22852434,0.8962702
120,0.43307087,0.22888981,0.89506847
120,0.44094488,0.22925365,0.8938084
120,0.4488189,0.22967027,0.8925135
120,0.4566929,0.23007774,0.89122236
120,0.46456692,0.23043822,0.88993496
120,0.47244096,0.23082225,0.8886507
120,0.48031497,0.23125696,0.88738835
120,0.48818898,0.23161612,0.8862281
120,0.496063,0.23197529,0.8849454
120,0.503937,0.23241806,0.8836627
120,0.511811,0.23279361,0.88237995
120,0.51968503,0.2331532,0.8811862
120,0.52755904,0.23351328,0.87995255
120,0.53543305,0.23387389,0.8787268
120,0.54330707,0.23426907,0.87756526
120,0.5511811,0.23469768,0.8763654
120,0.5590551,0.23506117,0.8750891
120,0.56692916,0.23542574,0.8739172
120,0.5748032,0.23579143,0.8727418
120,0.5826772,0.23615831,0.8715626
120,0.5905512,0.23652631,0.87037975
120,0.5984252,0.23689541,0.8691933
120,0.6062992,0.2372661,0.8680018
120,0.61417323,0.23763852,0.8668048
120,0.62204725,0.23801233,0.86560327
120,0.62992126,0.23838732,0.8644648
120,0.63779527,0.23876378,0.8633307
120,0.6456693,0.23914206,0.86211485
120,0.6535433,0.23949148,0.8608937
120,0.6614173,0.23980312,0.85966855
120,0.6692913,0.24018553,0.8584394
120,0.6771653,0.2405692,0.85723084
120,0.68503934,0.24095416,0.85611165
120,0.6929134,0.24134043,0.8548701
120,0.7007874,0.241728,0.8536343
120,0.70866144,0.24211687,0.8525172
120,0.71653545,0.2425071,0.8512629
120,0.72440946,0.24289797,0.8500065
120,0.7322835,0.24328956,0.84888697
120,0.7401575,0.2436825,0.8476277
120,0.7480315,0.2439826,0.84649485
120,0.7559055,0.2443725,0.84523124
120,0.7637795,0.24476962,0.8439548
120,0.77165353,0.24516815,0.84280527
120,0.77952754,0.24556811,0.8415311
120,0.78740156,0.24596953,0.84037274
120,0.79527557,0.24627931,0.83922166
120,0.8031496,0.24667677,0.8379318
120,0.8110236,0.24708265,0.83676386
120,0.81889766,0.24748932,0.835602
120,0.8267717,0.24779755,0.8342962
120,0.8346457,0.2482057,0.83312654
120,0.8425197,0.24861218,0.83195364
120,0.8503937,0.24892828,0.83077633
120,0.8582677,0.24933085,0.82959676
120,0.86614174,0.24965477,0.8284149
120,0.87401575,0.25006923,0.8272308
120,0.88188976,0.2504635,0.8260439
120,0.8897638,0.25080147,0.82485294
120,0.8976378,0.2511892,0.82366025
120,0.9055118,0.2515366,0.8224668
120,0.9133858,0.25191635,0.821271
120,0.9212598,0.25227448,0.8200729
120,0.92913383,0.252646,0.81887233
120,0.93700784,0.2530157,0.8176694
120,0.9448819,0.25337818,0.81646407
120,0.9527559,0.2537598,0.8153505
120,0.96062994,0.25411153,0.8141942
120,0.96850395,0.25450483,0.8129862
120,0.97637796,0.25484636,0.81177574
120,0.984252,0.25525233,0.8105648
120,0.992126,0.25567615,0.8093538
120,1.0,0.256,0.80814284
121,0.0,0.2176,0.9574286
121,0.007874016,0.22111161,0.94434565
121,0.015748031,0.22473761,0.9326068
121,0.023622047,0.2282,0.9201627
121,0.031496063,0.23135188,0.9088464
121,0.03937008,0.2349044,0.8961303
121,0.047244094,0.23846768,0.88353634
121,0.05511811,0.24174531,0.87109154
121,0.062992126,0.24543811,0.8579795
121,0.070866145,0.24885488,0.8458432
121,0.07874016,0.25222299,0.83347297
121,0.08661418,0.2555258,0.82080996
121,0.09448819,0.2591701,0.8084533
121,0.10236221,0.26317683,0.7960662
121,0.11023622,0.26726702,0.78395134
121,0.11811024,0.2705289,0.7718898
121,0.12598425,0.2740654,0.7591794
121,0.13385826,0.2780008,0.7462823
121,0.14173229,0.28096572,0.7360667
121,0.1496063,0.28504118,0.7227955
121,0.15748031,0.28810784,0.7100925
121,0.16535433,0.2900461,0.69734645
121,0.17322835,0.2915644,0.68465143
121,0.18110237,0.29277155,0.67138535
121,0.18897638,0.2935127,0.65776384
121,0.19685039,0.2936,0.64388025
121,0.20472442,0.29301107,0.63037986
121,0.21259843,0.29215628,0.61755425
121,0.22047244,0.2912206,0.6044416
121,0.22834645,0.2901056,0.59092116
121,0.23622048,0.28870994,0.5775042
121,0.24409449,0.2872498,0.5640937
121,0.2519685,0.2859711,0.55095536
121,0.25984251,0.28495425,0.5375256
121,0.26771653,0.28417236,0.5240823
121,0.27559054,0.2835912,0.510942
121,0.28346458,0.2832,0.49770558
121,0.2913386,0.28326488,0.48437425
121,0.2992126,0.28397834,0.47090566
121,0.30708662,0.28542626,0.4575268
121,0.31496063,0.28755152,0.44482163
121,0.32283464,0.2902438,0.4323093
121,0.33070865,0.29362434,0.419812
121,0.33858266,0.2975823,0.40730268
121,0.3464567,0.30188066,0.39519814
121,0.35433072,0.30661806,0.38371888
121,0.36220473,0.31170973,0.37263766
121,0.37007874,0.3172538,0.3620321
121,0.37795275,0.32335737,0.35195884
121,0.38582677,0.33002135,0.3422552
121,0.39370078,0.33715847,0.33319968
121,0.4015748,0.34453738,0.32525012
121,0.40944883,0.3522123,0.31830373
121,0.41732284,0.36020595,0.31221002
121,0.42519686,0.36878815,0.3068305
121,0.43307087,0.37768778,0.30229875
121,0.44094488,0.38679928,0.29871455
121,0.4488189,0.39587983,0.29626018
121,0.4566929,0.40523806,0.29480442
121,0.46456692,0.4146906,0.29442856
121,0.47244096,0.424243,0.2951419
121,0.48031497,0.43367454,0.29673457
121,0.48818898,0.44306445,0.2993327
121,0.496063,0.45195696,0.30268735
121,0.503937,0.46058387,0.30681857
121,0.511811,0.4690389,0.31148955
121,0.51968503,0.47732413,0.3169458
121,0.52755904,0.48560968,0.32315084
121,0.53543305,0.49388957,0.33010337
121,0.54330707,0.50202453,0.337353
121,0.5511811,0.5098763,0.3447454
121,0.5590551,0.51771754,0.3521525
121,0.56692916,0.5255774,0.3596922
121,0.5748032,0.53343797,0.36723256
121,0.5826772,0.5411128,0.37456876
121,0.5905512,0.54862666,0.38161805
121,0.5984252,0.5562057,0.38841826
121,0.6062992,0.5642031,0.39504334
121,0.61417323,0.5726025,0.40135896
121,0.62204725,0.5812034,0.40718225
121,0.62992126,0.58998007,0.4126191
121,0.63779527,0.5987153,0.41778502
121,0.6456693,0.60745907,0.42267036
121,0.6535433,0.61606216,0.42737836
121,0.6614173,0.62471884,0.43203932
121,0.6692913,0.6333357,0.43645838
121,0.6771653,0.642048,0.44078475
121,0.68503934,0.6510339,0.4452066
121,0.6929134,0.660235,0.44945663
121,0.7007874,0.66949046,0.45391202
121,0.70866144,0.67834836,0.45818546
121,0.71653545,0.6870236,0.46249923
121,0.72440946,0.6955268,0.46695244
121,0.7322835,0.7039507,0.47163048
121,0.7401575,0.7122838,0.47641915
121,0.7480315,0.7212407,0.4814518
121,0.7559055,0.7301045,0.486574
121,0.7637795,0.7390698,0.49163988
121,0.77165353,0.7479355,0.49679172
121,0.77952754,0.75680614,0.501999
121,0.78740156,0.76540065,0.5069432
121,0.79527557,0.77396053,0.51197743
121,0.8031496,0.7826121,0.5169122
121,0.8110236,0.7912976,0.52192944
121,0.81889766,0.80016965,0.5270969
121,0.8267717,0.80898225,0.5321653
121,0.8346457,0.8178997,0.53735465
121,0.8425197,0.8265423,0.5423099
121,0.8503937,0.8350048,0.5473772
121,0.8582677,0.84342724,0.5522969
121,0.86614174,0.85187304,0.55725473
121,0.87401575,0.8603765,0.56229496
121,0.88188976,0.8689752,0.56747514
121,0.8897638,0.877657,0.5727877
121,0.8976378,0.8864139,0.57808477
121,0.9055118,0.89520115,0.5833647
121,0.9133858,0.9039542,0.5885738
121,0.9212598,0.9126878,0.5937214
121,0.92913383,0.9213889,0.59873116
121,0.93700784,0.9301116,0.6036101
121,0.9448819,0.9388847,0.60850555
121,0.9527559,0.94758147,0.613418
121,0.96062994,0.95620346,0.618202
121,0.96850395,0.964845,0.6229971
121,0.97637796,0.9735067,0.6278038
121,0.984252,0.98216814,0.63273644
121,0.992126,0.99088967,0.6375941
121,1.0,0.9996,0.6424286
122,0.0,0.2161,0.9482857
122,0.007874016,0.21862477,0.9402061
122,0.015748031,0.22114025,0.93214196
122,0.023622047,0.22363935,0.92401636
122,0.031496063,0.2261116,0.9159668
122,0.03937008,0.22863631,0.90794176
122,0.047244094,0.23117784,0.89977765
122,0.05511811,0.23368374,0.891475
122,0.062992126,0.2362562,0.88330907
122,0.070866145,0.23878562,0.87509215
122,0.07874016,0.24127367,0.86687976
122,0.08661418,0.24375315,0.8588101
122,0.09448819,0.24618858,0.85066444
122,0.10236221,0.24871571,0.8423837
122,0.11023622,0.25119022,0.8341778
122,0.11811024,0.25366777,0.8260921
122,0.12598425,0.2561688,0.8179082
122,0.13385826,0.2586794,0.80977315
122,0.14173229,0.26123446,0.8014483
122,0.1496063,0.26379204,0.79302275
122,0.15748031,0.266273,0.78472966
122,0.16535433,0.2686553,0.7764772
122,0.17322835,0.27093577,0.7682446
122,0.18110237,0.27308023,0.7598846
122,0.18897638,0.27507684,0.7515278
122,0.19685039,0.27711368,0.74302256
122,0.20472442,0.27901724,0.7346158
122,0.21259843,0.28096157,0.72616464
122,0.22047244,0.2828551,0.7181283
122,0.22834645,0.2844552,0.71
122,0.23622048,0.28624815,0.70207936
122,0.24409449,0.2876724,0.6939754
122,0.2519685,0.2890512,0.68570733
122,0.25984251,0.29039112,0.67677766
122,0.26771653,0.29154053,0.6679382
122,0.27559054,0.29257253,0.65889794
122,0.28346458,0.29332453,0.6498976
122,0.2913386,0.29395792,0.6409844
122,0.2992126,0.2942,0.6322672
122,0.30708662,0.2943,0.6234192
122,0.31496063,0.2942,0.6144494
122,0.32283464,0.2939589,0.60543025
122,0.33070865,0.29359654,0.5963396
122,0.33858266,0.29324317,0.58725274
122,0.3464567,0.29269662,0.5781992
122,0.35433072,0.29225582,0.5692291
122,0.36220473,0.29173905,0.5603593
122,0.37007874,0.29127395,0.5515035
122,0.37795275,0.2908157,0.5427132
122,0.38582677,0.29033205,0.5338703
122,0.39370078,0.2899099,0.5251257
122,0.4015748,0.28939182,0.51620615
122,0.40944883,0.28895617,0.5074051
122,0.41732284,0.2884691,0.49868843
122,0.42519686,0.2879643,0.48983777
122,0.43307087,0.28746393,0.48091823
122,0.44094488,0.28693563,0.47203457
122,0.4488189,0.28635156,0.4630959
122,0.4566929,0.2857753,0.4541833
122,0.46456692,0.2852066,0.44538912
122,0.47244096,0.28446725,0.43656152
122,0.48031497,0.28373334,0.42768255
122,0.48818898,0.28290787,0.4188481
122,0.496063,0.28199056,0.41003954
122,0.503937,0.2810086,0.40117782
122,0.511811,0.27990007,0.39240047
122,0.51968503,0.27867675,0.38370442
122,0.52755904,0.277366,0.37499556
122,0.53543305,0.275967,0.36637372
122,0.54330707,0.2744962,0.35769254
122,0.5511811,0.27282697,0.3492341
122,0.5590551,0.27105764,0.34071088
122,0.56692916,0.2691624,0.3322674
122,0.5748032,0.26708567,0.3237549
122,0.5826772,0.26497075,0.31545994
122,0.5905512,0.26269248,0.3070885
122,0.5984252,0.2602702,0.2989264
122,0.6062992,0.25770304,0.2906848
122,0.61417323,0.25497735,0.2826437
122,0.62204725,0.25219253,0.27471742
122,0.62992126,0.24923217,0.26683956
122,0.63779527,0.2461812,0.25914976
122,0.6456693,0.24292423,0.25150582
122,0.6535433,0.23958562,0.24400853
122,0.6614173,0.23615721,0.23662642
122,0.6692913,0.23258981,0.22928356
122,0.6771653,0.22887573,0.22210637
122,0.68503934,0.22509561,0.21495567
122,0.6929134,0.22114019,0.20797494
122,0.7007874,0.21717294,0.20107393
122,0.70866144,0.21301658,0.19431336
122,0.71653545,0.20888062,0.18770017
122,0.72440946,0.20461145,0.18117982
122,0.7322835,0.20024668,0.17492382
122,0.7401575,0.19579774,0.16865408
122,0.7480315,0.19136432,0.1626373
122,0.7559055,0.18674698,0.15664937
122,0.7637795,0.1821361,0.15086055
122,0.77165353,0.17741476,0.14525102
122,0.77952754,0.17265005,0.1396202
122,0.78740156,0.16782667,0.13416104
122,0.79527557,0.16296436,0.1288133
122,0.8031496,0.15802671,0.123556785
122,0.8110236,0.1530307,0.11835843
122,0.81889766,0.14808342,0.11321817
122,0.8267717,0.14298582,0.108260706
122,0.8346457,0.13785838,0.10325233
122,0.8425197,0.1326744,0.09827855
122,0.8503937,0.12735778,0.0934836
122,0.8582677,0.12208605,0.088609636
122,0.86614174,0.116768874,0.083776236
122,0.87401575,0.11130807,0.07897227
122,0.88188976,0.10596909,0.07409406
122,0.8897638,0.100511216,0.0693794
122,0.8976378,0.09516449,0.06469265
122,0.9055118,0.08973843,0.059943516
122,0.9133858,0.08442532,0.05526751
122,0.9212598,0.0790157,0.050594427
122,0.92913383,0.073696434,0.04591327
122,0.93700784,0.06835126,0.041230753
122,0.9448819,0.06283443,0.036400937
122,0.9527559,0.057365004,0.031569954
122,0.96062994,0.05200968,0.02673272
122,0.96850395,0.046734426,0.022032788
122,0.97637796,0.04150858,0.017226832
122,0.984252,0.036457628,0.012636248
122,0.992126,0.031433553,0.008036836
122,1.0,0.0265,0.0034285714
123,0.0,0.2115,0.95771426
123,0.007874016,0.21388288,0.94990605
123,0.015748031,0.21631189,0.9418861
123,0.023622047,0.21876027,0.9339491
123,0.031496063,0.22101091,0.9265007
123,0.03937008,0.22335804,0.91887414
123,0.047244094,0.22584066,0.91100734
123,0.05511811,0.2281898,0.90318656
123,0.062992126,0.23039629,0.895799
123,0.070866145,0.23249172,0.88847584
123,0.07874016,0.23463333,0.88071436
123,0.08661418,0.2369078,0.87325233
123,0.09448819,0.23933254,0.8657177
123,0.10236221,0.24162503,0.8578927
123,0.11023622,0.2438766,0.8502097
123,0.11811024,0.2459,0.8427143
123,0.12598425,0.24797942,0.8363445
123,0.13385826,0.25031307,0.8289627
123,0.14173229,0.25266406,0.8212627
123,0.1496063,0.25501922,0.8135811
123,0.15748031,0.25732428,0.8059848
123,0.16535433,0.25952482,0.7984363
123,0.17322835,0.2617707,0.79075766
123,0.18110237,0.2641019,0.78292274
123,0.18897638,0.26636696,0.7750625
123,0.19685039,0.2686113,0.76710516
123,0.20472442,0.27085555,0.7593016
123,0.21259843,0.27292174,0.75156516
123,0.22047244,0.27502367,0.74371934
123,0.22834645,0.27707744,0.7358955
123,0.23622048,0.2790968,0.7278939
123,0.24409449,0.28099418,0.7198093
123,0.2519685,0.28287503,0.7116487
123,0.25984251,0.28463787,0.70337665
123,0.26771653,0.28623915,0.69529796
123,0.27559054,0.28764853,0.6872053
123,0.28346458,0.28886163,0.679233
123,0.2913386,0.28996053,0.6710815
123,0.2992126,0.29085487,0.6628892
123,0.30708662,0.2915691,0.65466064
123,0.31496063,0.29211786,0.6462804
123,0.32283464,0.29245168,0.63803077
123,0.33070865,0.2926,0.62965894
123,0.33858266,0.29248035,0.62135214
123,0.3464567,0.29214516,0.6129536
123,0.35433072,0.2917086,0.60463727
123,0.36220473,0.29103854,0.59620994
123,0.37007874,0.29035255,0.587781
123,0.37795275,0.28955713,0.5793367
123,0.38582677,0.28875098,0.5710111
123,0.39370078,0.28803197,0.56265116
123,0.4015748,0.2872992,0.55456203
123,0.40944883,0.2866536,0.54632694
123,0.41732284,0.28609607,0.5381722
123,0.42519686,0.2855641,0.53008795
123,0.43307087,0.2850513,0.52190673
123,0.44094488,0.2845682,0.5135164
123,0.4488189,0.28399068,0.50522864
123,0.4566929,0.2834948,0.49694434
123,0.46456692,0.28291345,0.4887156
123,0.47244096,0.28241992,0.48071277
123,0.48031497,0.2818384,0.47268
123,0.48818898,0.28126308,0.46449435
123,0.496063,0.28068945,0.45616505
123,0.503937,0.2800682,0.44782814
123,0.511811,0.27946112,0.4393848
123,0.51968503,0.2788659,0.43099028
123,0.52755904,0.27818072,0.42262286
123,0.53543305,0.2775032,0.41425288
123,0.54330707,0.27673233,0.40584406
123,0.5511811,0.2759666,0.3977135
123,0.5590551,0.27515763,0.38949406
123,0.56692916,0.2742702,0.38128254
123,0.5748032,0.2733859,0.37302214
123,0.5826772,0.2723037,0.364649
123,0.5905512,0.27116463,0.35642806
123,0.5984252,0.26995927,0.348217
123,0.6062992,0.26855388,0.34000573
123,0.61417323,0.26710802,0.33192474
123,0.62204725,0.26547098,0.32397333
123,0.62992126,0.2636347,0.3159976
123,0.63779527,0.26175988,0.30818048
123,0.6456693,0.25962508,0.30049008
123,0.6535433,0.25740463,0.29277024
123,0.6614173,0.2549768,0.28516918
123,0.6692913,0.25239035,0.27761704
123,0.6771653,0.24962473,0.2701739
123,0.68503934,0.24679883,0.26294962
123,0.6929134,0.24375431,0.2558436
123,0.7007874,0.2405839,0.24882494
123,0.70866144,0.23719063,0.24194744
123,0.71653545,0.23377752,0.23514396
123,0.72440946,0.23018089,0.22850737
123,0.7322835,0.2265592,0.22209226
123,0.7401575,0.22289836,0.21571149
123,0.7480315,0.21910323,0.2094206
123,0.7559055,0.21512857,0.20322636
123,0.7637795,0.21112405,0.1971772
123,0.77165353,0.20709026,0.19112894
123,0.77952754,0.20286222,0.18533148
123,0.78740156,0.19864255,0.17954877
123,0.79527557,0.19433229,0.17392504
123,0.8031496,0.19001621,0.16856691
123,0.8110236,0.18561192,0.16320467
123,0.81889766,0.18121254,0.15799113
123,0.8267717,0.17671189,0.15281396
123,0.8346457,0.17207499,0.14774449
123,0.8425197,0.1674334,0.14263499
123,0.8503937,0.16272633,0.13769926
123,0.8582677,0.15802218,0.13279116
123,0.86614174,0.15326917,0.12790358
123,0.87401575,0.14856201,0.12306815
123,0.88188976,0.14375785,0.11834475
123,0.8897638,0.13900174,0.113664865
123,0.8976378,0.13419777,0.108967334
123,0.9055118,0.12926552,0.104348116
123,0.9133858,0.12441575,0.09968166
123,0.9212598,0.1195068,0.0950541
123,0.92913383,0.11453564,0.09046251
123,0.93700784,0.10959816,0.08590301
123,0.9448819,0.10468361,0.08141452
123,0.9527559,0.09979159,0.07693564
123,0.96062994,0.09491796,0.0724933
123,0.96850395,0.08994801,0.068020724
123,0.97637796,0.084973544,0.06367281
123,0.984252,0.0800065,0.059202235
123,0.992126,0.0750278,0.054740764
123,1.0,0.07,0.050285716
124,0.0,0.9851,0.73085713
124,0.007874016,0.976465,0.72562665
124,0.015748031,0.9675539,0.7201814
124,0.023622047,0.958751,0.71460783
124,0.031496063,0.9501978,0.7091732
124,0.03937008,0.94137865,0.70346266
124,0.047244094,0.932303,0.6975195
124,0.05511811,0.9235638,0.692117
124,0.062992126,0.9154098,0.6870784
124,0.070866145,0.90735894,0.68189925
124,0.07874016,0.8991233,0.67658806
124,0.08661418,0.8902797,0.67069775
124,0.09448819,0.8813355,0.6646682
124,0.10236221,0.8728388,0.6590991
124,0.11023622,0.8641726,0.65330005
124,0.11811024,0.85562146,0.6476803
124,0.12598425,0.8469188,0.64188796
124,0.13385826,0.8382657,0.6361804
124,0.14173229,0.82961214,0.6304382
124,0.1496063,0.8209377,0.6250215
124,0.15748031,0.81233877,0.61965954
124,0.16535433,0.8036478,0.61454165
124,0.17322835,0.7948103,0.6094339
124,0.18110237,0.78605807,0.60435486
124,0.18897638,0.7772556,0.59945506
124,0.19685039,0.76849264,0.5947584
124,0.20472442,0.75963145,0.59027755
124,0.21259843,0.75061744,0.58598673
124,0.22047244,0.74135005,0.5818476
124,0.22834645,0.73204124,0.5779352
124,0.23622048,0.722675,0.5741905
124,0.24409449,0.7135709,0.57082784
124,0.2519685,0.7044537,0.5676695
124,0.25984251,0.6953048,0.5649301
124,0.26771653,0.6861653,0.5623669
124,0.27559054,0.67689925,0.56014264
124,0.28346458,0.66741425,0.5581275
124,0.2913386,0.657862,0.55658185
124,0.2992126,0.64842963,0.5554647
124,0.30708662,0.6389178,0.55485713
124,0.31496063,0.6293345,0.555
124,0.32283464,0.6200706,0.5556663
124,0.33070865,0.61065435,0.55718416
124,0.33858266,0.60133386,0.5593729
124,0.3464567,0.59216225,0.56227636
124,0.35433072,0.5831983,0.5657627
124,0.36220473,0.57426846,0.5699937
124,0.37007874,0.56522506,0.57495236
124,0.37795275,0.5562922,0.5805461
124,0.38582677,0.54747254,0.5865196
124,0.39370078,0.53903854,0.5926868
124,0.4015748,0.5306694,0.59902185
124,0.40944883,0.5221627,0.60540634
124,0.41732284,0.5138193,0.61155766
124,0.42519686,0.5053537,0.61747384
124,0.43307087,0.4968057,0.62315583
124,0.44094488,0.48807454,0.62857175
124,0.4488189,0.47933367,0.6334813
124,0.4566929,0.47050726,0.63799655
124,0.46456692,0.46137825,0.64214516
124,0.47244096,0.4521972,0.64571506
124,0.48031497,0.4428556,0.6486127
124,0.48818898,0.4335259,0.65084445
124,0.496063,0.42412543,0.65227437
124,0.503937,0.41461703,0.653
124,0.511811,0.40512064,0.65269434
124,0.51968503,0.39566067,0.651423
124,0.52755904,0.3861343,0.649316
124,0.53543305,0.37704998,0.6460992
124,0.54330707,0.36818862,0.64193016
124,0.5511811,0.35962576,0.636782
124,0.5590551,0.3513333,0.6304734
124,0.56692916,0.34323832,0.62310266
124,0.5748032,0.33567616,0.61472285
124,0.5826772,0.32873005,0.6054715
124,0.5905512,0.3223378,0.59563315
124,0.5984252,0.3164608,0.5852064
124,0.6062992,0.311174,0.57423
124,0.61417323,0.30625707,0.5624406
124,0.62204725,0.30183145,0.5502903
124,0.62992126,0.29792538,0.5378764
124,0.63779527,0.29442424,0.5251802
124,0.6456693,0.29125348,0.51219594
124,0.6535433,0.2885188,0.499094
124,0.6614173,0.28603986,0.48593628
124,0.6692913,0.28390345,0.4728129
124,0.6771653,0.2819124,0.4596688
124,0.68503934,0.28011698,0.44646087
124,0.6929134,0.27841517,0.43297628
124,0.7007874,0.27678013,0.41955388
124,0.70866144,0.27519107,0.4060727
124,0.71653545,0.27356514,0.39270285
124,0.72440946,0.27193,0.37940356
124,0.7322835,0.2701764,0.36614415
124,0.7401575,0.2681714,0.35291407
124,0.7480315,0.26604325,0.33967578
124,0.7559055,0.26364288,0.32634705
124,0.7637795,0.2609916,0.31324568
124,0.77165353,0.25798517,0.3002663
124,0.77952754,0.25456923,0.28764203
124,0.78740156,0.25080678,0.27525273
124,0.79527557,0.24656995,0.26330462
124,0.8031496,0.2419598,0.251771
124,0.8110236,0.23694514,0.24052529
124,0.81889766,0.23153926,0.22951806
124,0.8267717,0.22560425,0.21876898
124,0.8346457,0.2194583,0.20838289
124,0.8425197,0.21304254,0.19848934
124,0.8503937,0.20643419,0.18892291
124,0.8582677,0.19946004,0.17970617
124,0.86614174,0.19231811,0.17093672
124,0.87401575,0.18496336,0.16244385
124,0.88188976,0.17739439,0.15430789
124,0.8897638,0.1698371,0.14642037
124,0.8976378,0.16214414,0.13872586
124,0.9055118,0.154394,0.13124655
124,0.9133858,0.1465982,0.123872146
124,0.9212598,0.13856897,0.11630378
124,0.92913383,0.13056287,0.10892139
124,0.93700784,0.12256937,0.10142349
124,0.9448819,0.11464289,0.093951695
124,0.9527559,0.10665709,0.08643158
124,0.96062994,0.09871029,0.07905242
124,0.96850395,0.09091267,0.07152605
124,0.97637796,0.08315272,0.06400259
124,0.984252,0.07523567,0.05630171
124,0.992126,0.0671595,0.048365787
124,1.0,0.0591,0.04042857
125,0.0,0.2074,0.9605714
125,0.007874016,0.2099031,0.9525637
125,0.015748031,0.21235178,0.9450179
125,0.023622047,0.21479902,0.93733704
125,0.031496063,0.21723378,0.92957
125,0.03937008,0.21985084,0.9215866
125,0.047244094,0.22242278,0.9134982
125,0.05511811,0.22489934,0.905431
125,0.062992126,0.22751215,0.89745665
125,0.070866145,0.23002574,0.88964075
125,0.07874016,0.23251651,0.88180995
125,0.08661418,0.23507854,0.8739185
125,0.09448819,0.23761787,0.865949
125,0.10236221,0.24014203,0.8579536
125,0.11023622,0.24267122,0.8501028
125,0.11811024,0.24515572,0.84215814
125,0.12598425,0.24765217,0.8343137
125,0.13385826,0.25016552,0.826266
125,0.14173229,0.25269786,0.8182919
125,0.1496063,0.2551477,0.8104896
125,0.15748031,0.257717,0.8026239
125,0.16535433,0.26021746,0.79480726
125,0.17322835,0.26285234,0.7868675
125,0.18110237,0.2654467,0.7787618
125,0.18897638,0.26802203,0.77078635
125,0.19685039,0.27040705,0.7629059
125,0.20472442,0.27274066,0.7548838
125,0.21259843,0.27500585,0.74674237
125,0.22047244,0.27714843,0.7385436
125,0.22834645,0.27909848,0.73015594
125,0.23622048,0.28095424,0.7221308
125,0.24409449,0.28272453,0.71389484
125,0.2519685,0.28451273,0.7059636
125,0.25984251,0.2863,0.6984319
125,0.26771653,0.2867,0.6927074
125,0.27559054,0.28785533,0.6850334
125,0.28346458,0.2889476,0.6762994
125,0.2913386,0.2897,0.66763335
125,0.2992126,0.2901,0.65891916
125,0.30708662,0.2902,0.6503484
125,0.31496063,0.29015297,0.6416224
125,0.32283464,0.28988394,0.63282174
125,0.33070865,0.2895433,0.6240707
125,0.33858266,0.28922576,0.6154094
125,0.3464567,0.2887276,0.6067345
125,0.35433072,0.28829154,0.5981892
125,0.36220473,0.28785637,0.58950144
125,0.37007874,0.2873456,0.5808392
125,0.37795275,0.28687808,0.5721506
125,0.38582677,0.28638622,0.56339425
125,0.39370078,0.28591675,0.5547404
125,0.4015748,0.28549638,0.5460913
125,0.40944883,0.28498703,0.53736246
125,0.41732284,0.2845823,0.52877945
125,0.42519686,0.28416657,0.52021277
125,0.43307087,0.28377903,0.51154256
125,0.44094488,0.28330052,0.50286484
125,0.4488189,0.28293052,0.4941722
125,0.4566929,0.28253368,0.48534408
125,0.46456692,0.28205514,0.47659037
125,0.47244096,0.28155816,0.46777096
125,0.48031497,0.28111044,0.45902845
125,0.48818898,0.28056616,0.45032513
125,0.496063,0.27998632,0.44166607
125,0.503937,0.27937663,0.4330408
125,0.511811,0.27867004,0.42444813
125,0.51968503,0.2779657,0.41587865
125,0.52755904,0.2771637,0.40733412
125,0.53543305,0.2762654,0.398828
125,0.54330707,0.2753284,0.39036605
125,0.5511811,0.27417615,0.38181272
125,0.5590551,0.27306274,0.37345153
125,0.56692916,0.2717625,0.36509645
125,0.5748032,0.2703833,0.35659903
125,0.5826772,0.26883858,0.34813982
125,0.5905512,0.26710123,0.33957738
125,0.5984252,0.2653164,0.3311994
125,0.6062992,0.2633312,0.3230031
125,0.61417323,0.26125076,0.3147963
125,0.62204725,0.25908974,0.30675778
125,0.62992126,0.25677586,0.2988956
125,0.63779527,0.25428453,0.29106566
125,0.6456693,0.25174367,0.28326762
125,0.6535433,0.24902774,0.2756507
125,0.6614173,0.24617526,0.26800957
125,0.6692913,0.24324805,0.26054868
125,0.6771653,0.24010213,0.25308207
125,0.68503934,0.23679355,0.24577188
125,0.6929134,0.23344828,0.2384606
125,0.7007874,0.22997303,0.23142482
125,0.70866144,0.22634234,0.2244275
125,0.71653545,0.22261474,0.21759774
125,0.72440946,0.21874997,0.2108949
125,0.7322835,0.21485564,0.20426293
125,0.7401575,0.21084927,0.19788772
125,0.7480315,0.2067759,0.19156493
125,0.7559055,0.20256828,0.18529065
125,0.7637795,0.19833559,0.1791937
125,0.77165353,0.19392893,0.1731964
125,0.77952754,0.18951978,0.16725005
125,0.78740156,0.18505841,0.16149727
125,0.79527557,0.1804327,0.15579058
125,0.8031496,0.17577212,0.15024014
125,0.8110236,0.17102554,0.14479253
125,0.81889766,0.1662928,0.13938947
125,0.8267717,0.16149677,0.1341751
125,0.8346457,0.15663801,0.12900501
125,0.8425197,0.15171501,0.12387323
125,0.8503937,0.14680803,0.1188078
125,0.8582677,0.14177915,0.11390152
125,0.86614174,0.13682641,0.10900415
125,0.87401575,0.13177998,0.104066275
125,0.88188976,0.12674055,0.099285126
125,0.8897638,0.121670194,0.09454908
125,0.8976378,0.11664684,0.08986535
125,0.9055118,0.11166935,0.08535049
125,0.9133858,0.10654622,0.08073999
125,0.9212598,0.101464085,0.07616875
125,0.92913383,0.096322626,0.071545355
125,0.93700784,0.09117045,0.066989675
125,0.9448819,0.08587387,0.06232166
125,0.9527559,0.08064472,0.057618726
125,0.96062994,0.07533911,0.053034674
125,0.96850395,0.07005978,0.048353493
125,0.97637796,0.06470882,0.043785714
125,0.984252,0.05944116,0.03920671
125,0.992126,0.054180246,0.03459332
125,1.0,0.0489,0.03
126,0.0,0.1791,0.03442857
126,0.007874016,0.18495259,0.04040366
126,0.015748031,0.19091913,0.04639255
126,0.023622047,0.19691217,0.052550502
126,0.031496063,0.20285119,0.058726586
126,0.03937008,0.2088554,0.06492902
126,0.047244094,0.21465768,0.07109752
126,0.05511811,0.22049582,0.07742409
126,0.062992126,0.22614883,0.08373089
126,0.070866145,0.23170602,0.09014931
126,0.07874016,0.23730035,0.09663677
126,0.08661418,0.24275222,0.10304186
126,0.09448819,0.2483184,0.10968385
126,0.10236221,0.25397617,0.116371624
126,0.11023622,0.25961146,0.12313028
126,0.11811024,0.26511133,0.12972642
126,0.12598425,0.2706597,0.13627824
126,0.13385826,0.27615118,0.14287044
126,0.14173229,0.281607,0.1495156
126,0.1496063,0.28705218,0.15618116
126,0.15748031,0.29261535,0.16296361
126,0.16535433,0.29817304,0.16987148
126,0.17322835,0.30387357,0.1766274
126,0.18110237,0.30965126,0.18332568
126,0.18897638,0.31543222,0.18994749
126,0.19685039,0.32123435,0.19617684
126,0.20472442,0.3270851,0.20196329
126,0.21259843,0.33311442,0.20766483
126,0.22047244,0.33943817,0.21311048
126,0.22834645,0.34594518,0.21831799
126,0.23622048,0.35254046,0.22329041
126,0.24409449,0.35913682,0.22792539
126,0.2519685,0.36581016,0.23211318
126,0.25984251,0.37245482,0.23612134
126,0.26771653,0.37921873,0.23978212
126,0.27559054,0.38613576,0.24315989
126,0.28346458,0.39317954,0.24627596
126,0.2913386,0.40012765,0.24911332
126,0.2992126,0.40672582,0.25161475
126,0.30708662,0.4135135,0.25431275
126,0.31496063,0.42037216,0.25744122
126,0.32283464,0.4267412,0.26088068
126,0.33070865,0.4335749,0.26452038
126,0.33858266,0.44036132,0.2683295
126,0.3464567,0.44700873,0.27233887
126,0.35433072,0.45359063,0.27662748
126,0.36220473,0.46028718,0.28120515
126,0.37007874,0.46687853,0.2859471
126,0.37795275,0.4733556,0.29096195
126,0.38582677,0.4797873,0.2961034
126,0.39370078,0.486068,0.301344
126,0.4015748,0.49218464,0.3066418
126,0.40944883,0.4981729,0.31203392
126,0.41732284,0.5040681,0.31776807
126,0.42519686,0.509987,0.3236488
126,0.43307087,0.51598155,0.3297341
126,0.44094488,0.5217441,0.3360115
126,0.4488189,0.52757955,0.34219238
126,0.4566929,0.5333144,0.34844398
126,0.46456692,0.5391658,0.35464194
126,0.47244096,0.5450663,0.36068824
126,0.48031497,0.5509128,0.36671734
126,0.48818898,0.55689216,0.37256423
126,0.496063,0.5629459,0.37837705
126,0.503937,0.56901795,0.3840171
126,0.511811,0.57512516,0.38946664
126,0.51968503,0.5813257,0.3947947
126,0.52755904,0.5875301,0.39994964
126,0.53543305,0.5938915,0.4049615
126,0.54330707,0.60030335,0.40998748
126,0.5511811,0.6067515,0.41475108
126,0.5590551,0.613316,0.4195534
126,0.56692916,0.6198819,0.42412996
126,0.5748032,0.6265962,0.42864016
126,0.5826772,0.63327235,0.43309683
126,0.5905512,0.6399672,0.4374289
126,0.5984252,0.64670974,0.44163862
126,0.6062992,0.6533049,0.44567645
126,0.61417323,0.65995866,0.44968897
126,0.62204725,0.6665816,0.45367756
126,0.62992126,0.6732666,0.45749998
126,0.63779527,0.6800068,0.46140614
126,0.6456693,0.68679094,0.46516412
126,0.6535433,0.6935137,0.4689301
126,0.6614173,0.70027316,0.47262067
126,0.6692913,0.70699203,0.47641793
126,0.6771653,0.71373177,0.4800349
126,0.68503934,0.7205856,0.483903
126,0.6929134,0.72737414,0.48759326
126,0.7007874,0.73419815,0.49135605
126,0.70866144,0.7409599,0.4950952
126,0.71653545,0.74769485,0.49888876
126,0.72440946,0.7545005,0.5026074
126,0.7322835,0.76118475,0.50640255
126,0.7401575,0.7679712,0.5102693
126,0.7480315,0.7747144,0.51412255
126,0.7559055,0.78140104,0.51794344
126,0.7637795,0.78812844,0.52181786
126,0.77165353,0.7948976,0.52566135
126,0.77952754,0.80159926,0.5296149
126,0.78740156,0.8083204,0.5335343
126,0.79527557,0.8150913,0.53756636
126,0.8031496,0.82181424,0.54156905
126,0.8110236,0.8285067,0.54554886
126,0.81889766,0.8353037,0.5495048
126,0.8267717,0.84206766,0.5534415
126,0.8346457,0.84880185,0.5575037
126,0.8425197,0.85560817,0.56140685
126,0.8503937,0.86234754,0.56529707
126,0.8582677,0.8690555,0.56931686
126,0.86614174,0.8757928,0.5730381
126,0.87401575,0.88251567,0.57689273
126,0.88188976,0.8892637,0.58073986
126,0.8897638,0.89600027,0.58457667
126,0.8976378,0.90271795,0.58826005
126,0.9055118,0.9095124,0.5920733
126,0.9133858,0.9162721,0.595867
126,0.9212598,0.9229942,0.5996396
126,0.92913383,0.9296761,0.603516
126,0.93700784,0.9363242,0.60726357
126,0.9448819,0.94294745,0.61112356
126,0.9527559,0.94965136,0.6151141
126,0.96062994,0.9565748,0.6191957
126,0.96850395,0.96338123,0.62341166
126,0.97637796,0.9701732,0.62761325
126,0.984252,0.977037,0.6317558
126,0.992126,0.9837132,0.6355999
126,1.0,0.9904,0.63942856
127,0.0,0.188,0.032714285
127,0.007874016,0.19383565,0.038608946
127,0.015748031,0.19968508,0.044656508
127,0.023622047,0.20564918,0.05087132
127,0.031496063,0.21156697,0.05700032
127,0.03937008,0.21752353,0.06328067
127,0.047244094,0.2235177,0.0696502
127,0.05511811,0.22936901,0.076108426
127,0.062992126,0.23526268,0.08254583
127,0.070866145,0.24098542,0.08898381
127,0.07874016,0.24649619,0.09554915
127,0.08661418,0.25196838,0.10214183
127,0.09448819,0.2573299,0.10892275
127,0.10236221,0.2626301,0.11560117
127,0.11023622,0.26779434,0.12258435
127,0.11811024,0.27296585,0.12956694
127,0.12598425,0.27807385,0.1365919
127,0.13385826,0.28333506,0.14390722
127,0.14173229,0.28856745,0.15123923
127,0.1496063,0.2937534,0.15855391
127,0.15748031,0.29886854,0.1655629
127,0.16535433,0.30398867,0.1724356
127,0.17322835,0.3091923,0.1791437
127,0.18110237,0.31454226,0.18564947
127,0.18897638,0.32010642,0.19217876
127,0.19685039,0.32585993,0.19831991
127,0.20472442,0.33184767,0.20431466
127,0.21259843,0.33791432,0.21003191
127,0.22047244,0.34405252,0.21547025
127,0.22834645,0.3502627,0.22070055
127,0.23622048,0.35654643,0.22568153
127,0.24409449,0.36288464,0.23055923
127,0.2519685,0.36928764,0.23519371
127,0.25984251,0.3757365,0.23985907
127,0.26771653,0.38228488,0.24432305
127,0.27559054,0.38890284,0.24875684
127,0.28346458,0.39545673,0.25310177
127,0.2913386,0.40204486,0.2574447
127,0.2992126,0.40861428,0.26171058
127,0.30708662,0.41523752,0.26605436
127,0.31496063,0.42179906,0.27047768
127,0.32283464,0.42826957,0.27488604
127,0.33070865,0.43476668,0.27933332
127,0.33858266,0.4413532,0.2841094
127,0.3464567,0.44779682,0.28882992
127,0.35433072,0.45425823,0.29369298
127,0.36220473,0.4606532,0.29856178
127,0.37007874,0.4669491,0.30363917
127,0.37795275,0.47316757,0.30872297
127,0.38582677,0.4794209,0.3139341
127,0.39370078,0.48560473,0.3190873
127,0.4015748,0.49182063,0.324197
127,0.40944883,0.4980238,0.32950476
127,0.41732284,0.50414723,0.33478335
127,0.42519686,0.510396,0.3400537
127,0.43307087,0.5165703,0.34526125
127,0.44094488,0.52281034,0.35060248
127,0.4488189,0.5290579,0.355885
127,0.4566929,0.5352934,0.36110553
127,0.46456692,0.5416051,0.36635086
127,0.47244096,0.5479434,0.37152523
127,0.48031497,0.5542259,0.37659186
127,0.48818898,0.5606542,0.38172007
127,0.496063,0.5670397,0.38667327
127,0.503937,0.57345784,0.39159447
127,0.511811,0.5799835,0.39648265
127,0.51968503,0.58648014,0.40121192
127,0.52755904,0.5929789,0.40577063
127,0.53543305,0.59943223,0.410231
127,0.54330707,0.606029,0.4145809
127,0.5511811,0.6125539,0.41891214
127,0.5590551,0.6191268,0.42307594
127,0.56692916,0.62578183,0.42706284
127,0.5748032,0.63243634,0.43103004
127,0.5826772,0.6391417,0.43491518
127,0.5905512,0.645813,0.43876645
127,0.5984252,0.6525496,0.44253325
127,0.6062992,0.65924835,0.44631162
127,0.61417323,0.66600686,0.45002154
127,0.62204725,0.67272586,0.45384088
127,0.62992126,0.6795031,0.45751688
127,0.63779527,0.6862447,0.46130896
127,0.6456693,0.6929458,0.46493918
127,0.6535433,0.69970447,0.46869534
127,0.6614173,0.70642954,0.47255397
127,0.6692913,0.71310633,0.47639844
127,0.6771653,0.71984464,0.48022795
127,0.68503934,0.7265423,0.48416775
127,0.6929134,0.7332966,0.48808375
127,0.7007874,0.7400105,0.49197742
127,0.70866144,0.74668026,0.49584585
127,0.71653545,0.7533319,0.4998339
127,0.72440946,0.75999874,0.5037993
127,0.7322835,0.76664823,0.50782543
127,0.7401575,0.7733574,0.5118719
127,0.7480315,0.7799616,0.51584375
127,0.7559055,0.7865754,0.5198901
127,0.7637795,0.79325104,0.52386373
127,0.77165353,0.79988664,0.5279439
127,0.77952754,0.80658555,0.53188425
127,0.78740156,0.81324935,0.53601545
127,0.79527557,0.8199168,0.5400181
127,0.8031496,0.8265945,0.5441433
127,0.8110236,0.83334106,0.54810965
127,0.81889766,0.84003705,0.55219525
127,0.8267717,0.8467524,0.5562679
127,0.8346457,0.8534588,0.5604715
127,0.8425197,0.8601906,0.56452066
127,0.8503937,0.86690384,0.5685587
127,0.8582677,0.87360585,0.5726804
127,0.86614174,0.88033515,0.57675683
127,0.87401575,0.8870736,0.5807736
127,0.88188976,0.89374185,0.58478457
127,0.8897638,0.9004004,0.5888837
127,0.8976378,0.9070497,0.59293216
127,0.9055118,0.9136899,0.5969263
127,0.9133858,0.9203205,0.6009146
127,0.9212598,0.92694175,0.60475445
127,0.92913383,0.9335565,0.60873324
127,0.93700784,0.94016695,0.61270946
127,0.9448819,0.9467752,0.61680746
127,0.9527559,0.9534396,0.6207998
127,0.96062994,0.9601151,0.6249136
127,0.96850395,0.9668875,0.6290361
127,0.97637796,0.973574,0.6331347
127,0.984252,0.9803129,0.6373157
127,0.992126,0.9869617,0.6415183
127,1.0,0.9937,0.6455714
128,0.0,0.9852,0.728
128,0.007874016,0.97621113,0.722966
128,0.015748031,0.96734434,0.7179161
128,0.023622047,0.9583928,0.71264863
128,0.031496063,0.9495191,0.7071954
128,0.03937008,0.9405805,0.70172274
128,0.047244094,0.9321128,0.6963956
128,0.05511811,0.92352587,0.69106746
128,0.062992126,0.91467744,0.6857558
128,0.070866145,0.905864,0.68043655
128,0.07874016,0.89712834,0.67510194
128,0.08661418,0.8883252,0.6695618
128,0.09448819,0.8793764,0.6639185
128,0.10236221,0.8704107,0.6582378
128,0.11023622,0.86148196,0.6525705
128,0.11811024,0.8526903,0.64699304
128,0.12598425,0.8439968,0.64148146
128,0.13385826,0.8352903,0.6360553
128,0.14173229,0.82643276,0.6305882
128,0.1496063,0.8176562,0.62509567
128,0.15748031,0.8087705,0.61971664
128,0.16535433,0.8000006,0.61446977
128,0.17322835,0.79119515,0.6093686
128,0.18110237,0.78238297,0.60430455
128,0.18897638,0.7735081,0.59943265
128,0.19685039,0.7645412,0.594591
128,0.20472442,0.7553024,0.58973795
128,0.21259843,0.7459822,0.5851123
128,0.22047244,0.73658884,0.5805185
128,0.22834645,0.7273088,0.5763375
128,0.23622048,0.71801955,0.572349
128,0.24409449,0.7088714,0.5687687
128,0.2519685,0.6996851,0.5654391
128,0.25984251,0.690408,0.56241447
128,0.26771653,0.6810875,0.5597589
128,0.27559054,0.67158335,0.5574894
128,0.28346458,0.66195816,0.55566
128,0.2913386,0.65245926,0.55426335
128,0.2992126,0.6430277,0.5534286
128,0.30708662,0.63358897,0.5532857
128,0.31496063,0.62413764,0.55370337
128,0.32283464,0.61473674,0.55499446
128,0.33070865,0.605212,0.55681175
128,0.33858266,0.59566396,0.5593817
128,0.3464567,0.586211,0.56256694
128,0.35433072,0.5767936,0.56634957
128,0.36220473,0.56743455,0.5706026
128,0.37007874,0.5581803,0.5755827
128,0.37795275,0.54920423,0.58088434
128,0.38582677,0.54067826,0.5866584
128,0.39370078,0.5322002,0.5927617
128,0.4015748,0.5237181,0.5992078
128,0.40944883,0.5152522,0.6057205
128,0.41732284,0.50672585,0.6122746
128,0.42519686,0.49809477,0.61850375
128,0.43307087,0.4893811,0.6242501
128,0.44094488,0.48057494,0.629506
128,0.4488189,0.4715766,0.63424927
128,0.4566929,0.46249366,0.6384549
128,0.46456692,0.45322943,0.6419589
128,0.47244096,0.4437815,0.64488536
128,0.48031497,0.43425956,0.64706993
128,0.48818898,0.42476818,0.6483517
128,0.496063,0.41520688,0.6488571
128,0.503937,0.40556633,0.6484259
128,0.511811,0.39597628,0.64703804
128,0.51968503,0.3865116,0.6445669
128,0.52755904,0.37719935,0.6411515
128,0.53543305,0.36827415,0.6365933
128,0.54330707,0.35955724,0.63117695
128,0.5511811,0.35117695,0.62458026
128,0.5590551,0.343122,0.61702096
128,0.56692916,0.33558354,0.6083757
128,0.5748032,0.32858118,0.5989731
128,0.5826772,0.32212782,0.5888298
128,0.5905512,0.3162765,0.577953
128,0.5984252,0.3110032,0.5665315
128,0.6062992,0.30631062,0.5546018
128,0.61417323,0.3021971,0.54211295
128,0.62204725,0.298663,0.52939785
128,0.62992126,0.29569057,0.51641417
128,0.63779527,0.2930864,0.5033302
128,0.6456693,0.29085395,0.48998973
128,0.6535433,0.28890207,0.47654977
128,0.6614173,0.28715485,0.46306774
128,0.6692913,0.285548,0.4494343
128,0.6771653,0.2840535,0.43576986
128,0.68503934,0.28256798,0.42218658
128,0.6929134,0.28098962,0.40866795
128,0.7007874,0.27931637,0.39519563
128,0.70866144,0.2774928,0.3816629
128,0.71653545,0.27542764,0.36811617
128,0.72440946,0.2731235,0.35461327
128,0.7322835,0.27053863,0.34155568
128,0.7401575,0.26769483,0.3286922
128,0.7480315,0.26444858,0.31594345
128,0.7559055,0.26082677,0.3030983
128,0.7637795,0.25675824,0.29059497
128,0.77165353,0.25233352,0.27828622
128,0.77952754,0.24760693,0.26623112
128,0.78740156,0.24259694,0.254593
128,0.79527557,0.2373948,0.24333917
128,0.8031496,0.23185167,0.23214602
128,0.8110236,0.22595343,0.22108296
128,0.81889766,0.21982,0.21026592
128,0.8267717,0.21334021,0.19969267
128,0.8346457,0.20667876,0.18951678
128,0.8425197,0.19990811,0.17986873
128,0.8503937,0.1929768,0.17060424
128,0.8582677,0.18569496,0.16174945
128,0.86614174,0.1781858,0.15311846
128,0.87401575,0.17058349,0.14475697
128,0.88188976,0.1629361,0.13648951
128,0.8897638,0.15513955,0.1282083
128,0.8976378,0.1473998,0.12008772
128,0.9055118,0.13980064,0.11204459
128,0.9133858,0.13205864,0.1041459
128,0.9212598,0.12431973,0.09629424
128,0.92913383,0.11632274,0.088527985
128,0.93700784,0.108286604,0.08094427
128,0.9448819,0.1002045,0.07341055
128,0.9527559,0.09213969,0.06594698
128,0.96062994,0.08397665,0.05853991
128,0.96850395,0.075915664,0.051189594
128,0.97637796,0.06795835,0.043611735
128,0.984252,0.059941687,0.03613494
128,0.992126,0.05202766,0.028639702
128,1.0,0.044,0.021
129,0.0,0.9936,0.72985715
129,0.007874016,0.98436683,0.7242675
129,0.015748031,0.9751646,0.7187278
129,0.023622047,0.96616495,0.7133363
129,0.031496063,0.95706207,0.707656
129,0.03937008,0.94794667,0.7020043
129,0.047244094,0.9388271,0.6963584
129,0.05511811,0.9299275,0.6907924
129,0.062992126,0.9211248,0.68558323
129,0.070866145,0.91199404,0.6800672
129,0.07874016,0.90365756,0.6745786
129,0.08661418,0.8947345,0.6686675
129,0.09448819,0.88568145,0.6633245
129,0.10236221,0.8765226,0.6579171
129,0.11023622,0.8679731,0.6517846
129,0.11811024,0.85896784,0.6462228
129,0.12598425,0.8498308,0.6408077
129,0.13385826,0.84088546,0.6352039
129,0.14173229,0.83179533,0.6297532
129,0.1496063,0.8227131,0.6242529
129,0.15748031,0.8137076,0.61912555
129,0.16535433,0.8045885,0.6140746
129,0.17322835,0.7953636,0.6092022
129,0.18110237,0.7861406,0.6045039
129,0.18897638,0.7767512,0.59991115
129,0.19685039,0.7679066,0.5955571
129,0.20472442,0.7589333,0.59107614
129,0.21259843,0.7497112,0.5865253
129,0.22047244,0.74051994,0.58219045
129,0.22834645,0.730982,0.57776636
129,0.23622048,0.7211459,0.5733076
129,0.24409449,0.71150875,0.56894237
129,0.2519685,0.7022386,0.56499535
129,0.25984251,0.69323176,0.56132334
129,0.26771653,0.6839984,0.5581067
129,0.27559054,0.6742801,0.5552639
129,0.28346458,0.6643489,0.55307114
129,0.2913386,0.65433806,0.5515299
129,0.2992126,0.6445169,0.55061245
129,0.30708662,0.63486224,0.5504633
129,0.31496063,0.62515277,0.5511069
129,0.32283464,0.61540264,0.5525232
129,0.33070865,0.6057605,0.5548427
129,0.33858266,0.596145,0.55784285
129,0.3464567,0.5867693,0.5617524
129,0.35433072,0.5774657,0.5664206
129,0.36220473,0.5684023,0.571948
129,0.37007874,0.5594629,0.5781625
129,0.37795275,0.55080885,0.58474207
129,0.38582677,0.5423059,0.5918161
129,0.39370078,0.53392726,0.5989766
129,0.4015748,0.5257153,0.60604405
129,0.40944883,0.517543,0.6130866
129,0.41732284,0.50913566,0.62004566
129,0.42519686,0.50051254,0.62686336
129,0.43307087,0.49184752,0.6333232
129,0.44094488,0.4830071,0.6394087
129,0.4488189,0.47399962,0.64508593
129,0.4566929,0.4648679,0.65033036
129,0.46456692,0.4555491,0.6550504
129,0.47244096,0.44604966,0.6589899
129,0.48031497,0.43642023,0.66203374
129,0.48818898,0.42673907,0.6640573
129,0.496063,0.41698462,0.665
129,0.503937,0.4071171,0.6648907
129,0.511811,0.3972384,0.66364133
129,0.51968503,0.38752538,0.6614287
129,0.52755904,0.37811047,0.65822875
129,0.53543305,0.3689917,0.6540101
129,0.54330707,0.36007088,0.64862204
129,0.5511811,0.35139102,0.6419072
129,0.5590551,0.3431727,0.63411254
129,0.56692916,0.335516,0.6252807
129,0.5748032,0.32836914,0.61552733
129,0.5826772,0.3219109,0.6049383
129,0.5905512,0.31603575,0.59361315
129,0.5984252,0.31091282,0.5817216
129,0.6062992,0.3063045,0.56944144
129,0.61417323,0.302334,0.5566929
129,0.62204725,0.29881153,0.5436208
129,0.62992126,0.29577675,0.5303837
129,0.63779527,0.29313844,0.5170493
129,0.6456693,0.29084432,0.5035929
129,0.6535433,0.28877068,0.4899299
129,0.6614173,0.2870063,0.47604948
129,0.6692913,0.28538114,0.46206617
129,0.6771653,0.2837561,0.4480838
129,0.68503934,0.28212714,0.43408018
129,0.6929134,0.28039193,0.42029372
129,0.7007874,0.2784884,0.40670177
129,0.70866144,0.27640736,0.3933298
129,0.71653545,0.274096,0.3799315
129,0.72440946,0.2714954,0.36654845
129,0.7322835,0.2686156,0.35321286
129,0.7401575,0.26559892,0.3397815
129,0.7480315,0.26224822,0.3264224
129,0.7559055,0.25870776,0.3131019
129,0.7637795,0.25502533,0.2999456
129,0.77165353,0.25111726,0.28724802
129,0.77952754,0.24697247,0.27471742
129,0.78740156,0.24259874,0.26246426
129,0.79527557,0.23780869,0.25049686
129,0.8031496,0.23271659,0.23861091
129,0.8110236,0.2271159,0.22693503
129,0.81889766,0.22112644,0.2154669
129,0.8267717,0.21483803,0.20417948
129,0.8346457,0.20847814,0.19339344
129,0.8425197,0.20201479,0.18292424
129,0.8503937,0.19539405,0.17272313
129,0.8582677,0.18861175,0.16287392
129,0.86614174,0.18163382,0.15330313
129,0.87401575,0.17433052,0.14409728
129,0.88188976,0.16669142,0.13513333
129,0.8897638,0.15884472,0.12659596
129,0.8976378,0.15080397,0.118377104
129,0.9055118,0.1425355,0.11047564
129,0.9133858,0.13419451,0.10303489
129,0.9212598,0.12580809,0.09592337
129,0.92913383,0.117319986,0.089080945
129,0.93700784,0.10877802,0.08234764
129,0.9448819,0.10030188,0.07539831
129,0.9527559,0.09179615,0.06819845
129,0.96062994,0.083419435,0.060875107
129,0.96850395,0.07507111,0.053544726
129,0.97637796,0.06665735,0.046069063
129,0.984252,0.058445334,0.03890032
129,0.992126,0.050257623,0.03187666
129,1.0,0.0419,0.024857143
130,0.0,0.9949,0.7337143
130,0.007874016,0.9864933,0.72847176
130,0.015748031,0.9784884,0.72343034
130,0.023622047,0.9703252,0.7182925
130,0.031496063,0.96178436,0.7128059
130,0.03937008,0.953041,0.7071932
130,0.047244094,0.9442942,0.70155996
130,0.05511811,0.93553627,0.6960019
130,0.062992126,0.92693424,0.6903816
130,0.070866145,0.91843545,0.6849299
130,0.07874016,0.90989506,0.67949325
130,0.08661418,0.901244,0.6741065
130,0.09448819,0.89246666,0.6684935
130,0.10236221,0.8836527,0.6630472
130,0.11023622,0.8749803,0.65764433
130,0.11811024,0.8664152,0.65237904
130,0.12598425,0.85782504,0.647099
130,0.13385826,0.84918594,0.6417905
130,0.14173229,0.8404959,0.636595
130,0.1496063,0.83178025,0.6313757
130,0.15748031,0.8231116,0.62612957
130,0.16535433,0.8144991,0.62104714
130,0.17322835,0.8058438,0.616051
130,0.18110237,0.79714584,0.6110893
130,0.18897638,0.78841496,0.60617244
130,0.19685039,0.77965856,0.601372
130,0.20472442,0.77088326,0.59659636
130,0.21259843,0.76208895,0.59195316
130,0.22047244,0.75326854,0.587366
130,0.22834645,0.7443439,0.583007
130,0.23622048,0.73542714,0.578632
130,0.24409449,0.72650045,0.57452404
130,0.2519685,0.71753997,0.57060814
130,0.25984251,0.7085532,0.56694007
130,0.26771653,0.6995413,0.5635514
130,0.27559054,0.69047546,0.56038326
130,0.28346458,0.68126446,0.5576366
130,0.2913386,0.672022,0.5553106
130,0.2992126,0.6627888,0.5533622
130,0.30708662,0.653565,0.552002
130,0.31496063,0.6443077,0.5511823
130,0.32283464,0.63498294,0.5508571
130,0.33070865,0.6255214,0.55129683
130,0.33858266,0.6161279,0.5523444
130,0.3464567,0.60670537,0.55398655
130,0.35433072,0.5973588,0.55626124
130,0.36220473,0.5882111,0.55920345
130,0.37007874,0.5793807,0.56278676
130,0.37795275,0.57059747,0.56704026
130,0.38582677,0.56173074,0.57179374
130,0.39370078,0.5529765,0.57724905
130,0.4015748,0.54429126,0.58295894
130,0.40944883,0.53589565,0.58888084
130,0.41732284,0.5276076,0.5949399
130,0.42519686,0.519317,0.6011581
130,0.43307087,0.5109425,0.6074104
130,0.44094488,0.502545,0.6135514
130,0.4488189,0.49401897,0.619519
130,0.4566929,0.48553225,0.62498766
130,0.46456692,0.4768119,0.6300343
130,0.47244096,0.46791658,0.6346018
130,0.48031497,0.45878568,0.6387403
130,0.48818898,0.44954056,0.6422076
130,0.496063,0.44025412,0.64498895
130,0.503937,0.43083614,0.6469494
130,0.511811,0.4215623,0.6479502
130,0.51968503,0.41222692,0.6480498
130,0.52755904,0.40293548,0.64716434
130,0.53543305,0.3936016,0.6453449
130,0.54330707,0.3842974,0.6425704
130,0.5511811,0.3754852,0.63893855
130,0.5590551,0.3670531,0.6344126
130,0.56692916,0.3584016,0.6288343
130,0.5748032,0.3502035,0.6223744
130,0.5826772,0.3424254,0.6151671
130,0.5905512,0.33492932,0.60721
130,0.5984252,0.32795018,0.598652
130,0.6062992,0.32139394,0.58933705
130,0.61417323,0.3151211,0.57931966
130,0.62204725,0.3094242,0.5688195
130,0.62992126,0.30427083,0.5576379
130,0.63779527,0.2998221,0.5458123
130,0.6456693,0.29599404,0.533546
130,0.6535433,0.29286107,0.520976
130,0.6614173,0.2902938,0.508007
130,0.6692913,0.28826264,0.4948462
130,0.6771653,0.2867632,0.48163185
130,0.68503934,0.28550673,0.46835282
130,0.6929134,0.2845701,0.45498663
130,0.7007874,0.2836286,0.44171524
130,0.70866144,0.28276944,0.42852968
130,0.71653545,0.28170538,0.41512895
130,0.72440946,0.28056172,0.40170524
130,0.7322835,0.2791535,0.3883821
130,0.7401575,0.27763724,0.37514096
130,0.7480315,0.27576065,0.3621821
130,0.7559055,0.27369785,0.34913063
130,0.7637795,0.2712576,0.3360435
130,0.77165353,0.26850653,0.3231155
130,0.77952754,0.2655462,0.31048366
130,0.78740156,0.26222822,0.29802933
130,0.79527557,0.25854146,0.28564814
130,0.8031496,0.25457722,0.2735104
130,0.8110236,0.25018483,0.26163054
130,0.81889766,0.24544342,0.25013414
130,0.8267717,0.24044545,0.23891772
130,0.8346457,0.23501992,0.22793233
130,0.8425197,0.22923805,0.21709515
130,0.8503937,0.2232335,0.20674632
130,0.8582677,0.21687376,0.19684035
130,0.86614174,0.21031222,0.1873238
130,0.87401575,0.20350482,0.1782712
130,0.88188976,0.1964357,0.16953352
130,0.8897638,0.18910636,0.16111939
130,0.8976378,0.1815359,0.15311827
130,0.9055118,0.17391597,0.14549139
130,0.9133858,0.16617483,0.13810252
130,0.9212598,0.15826839,0.13095392
130,0.92913383,0.15027481,0.12390608
130,0.93700784,0.14228114,0.116958946
130,0.9448819,0.13421865,0.109963074
130,0.9527559,0.12607983,0.10305868
130,0.96062994,0.118138164,0.09624215
130,0.96850395,0.11009838,0.08936379
130,0.97637796,0.10213828,0.082346305
130,0.984252,0.09403726,0.07508486
130,0.992126,0.08603831,0.06801757
130,1.0,0.0779,0.060714286
131,0.0,0.2171,0.9515714
131,0.007874016,0.21953952,0.94376147
131,0.015748031,0.22208555,0.9359311
131,0.023622047,0.22454247,0.92806655
131,0.031496063,0.22711585,0.92015016
131,0.03937008,0.22954881,0.9123082
131,0.047244094,0.23203875,0.9045068
131,0.05511811,0.23440647,0.8966958
131,0.062992126,0.23682283,0.8887919
131,0.070866145,0.23926339,0.88084507
131,0.07874016,0.24167262,0.87281203
131,0.08661418,0.24405144,0.8649591
131,0.09448819,0.24641204,0.85731846
131,0.10236221,0.24878049,0.8493841
131,0.11023622,0.25118914,0.84128493
131,0.11811024,0.253669,0.8331986
131,0.12598425,0.25601804,0.8250655
131,0.13385826,0.25818112,0.81728166
131,0.14173229,0.26016632,0.8096917
131,0.1496063,0.26240042,0.8015696
131,0.15748031,0.26452017,0.79459965
131,0.16535433,0.26695096,0.78674656
131,0.17322835,0.2692053,0.7791277
131,0.18110237,0.27131456,0.7714753
131,0.18897638,0.2733185,0.76363504
131,0.19685039,0.27528226,0.75534904
131,0.20472442,0.27715027,0.74707025
131,0.21259843,0.278853,0.7386971
131,0.22047244,0.28044492,0.7303885
131,0.22834645,0.28194708,0.7219789
131,0.23622048,0.28331083,0.71377987
131,0.24409449,0.2845081,0.7053706
131,0.2519685,0.2855739,0.696994
131,0.25984251,0.28667596,0.6884327
131,0.26771653,0.287559,0.6798082
131,0.27559054,0.28844276,0.6711647
131,0.28346458,0.2891298,0.6626171
131,0.2913386,0.28980288,0.6539631
131,0.2992126,0.29036388,0.64546454
131,0.30708662,0.29080716,0.63695854
131,0.31496063,0.29112786,0.6284261
131,0.32283464,0.29144475,0.6198644
131,0.33070865,0.29165834,0.6111905
131,0.33858266,0.2918,0.60245836
131,0.3464567,0.2918,0.59379923
131,0.35433072,0.2918,0.58516634
131,0.36220473,0.29171145,0.5764698
131,0.37007874,0.2916,0.5679077
131,0.37795275,0.2914,0.5592106
131,0.38582677,0.29109788,0.5506538
131,0.39370078,0.29069296,0.5420948
131,0.4015748,0.29028806,0.5336586
131,0.40944883,0.2898665,0.5251168
131,0.41732284,0.28927898,0.5166849
131,0.42519686,0.28875107,0.5081929
131,0.43307087,0.2880471,0.49971086
131,0.44094488,0.2873468,0.49127802
131,0.4488189,0.28662574,0.48286426
131,0.4566929,0.28583783,0.4743784
131,0.46456692,0.28495634,0.46586996
131,0.47244096,0.2840748,0.45738262
131,0.48031497,0.28311157,0.44882458
131,0.48818898,0.282063,0.4403296
131,0.496063,0.28101507,0.43182188
131,0.503937,0.2799698,0.42327347
131,0.511811,0.27878374,0.41484526
131,0.51968503,0.27755657,0.40628234
131,0.52755904,0.27624485,0.39789182
131,0.53543305,0.27490556,0.38960314
131,0.54330707,0.27348003,0.3813145
131,0.5511811,0.27205452,0.37302583
131,0.5590551,0.27047408,0.36479893
131,0.56692916,0.26886323,0.3565868
131,0.5748032,0.2671526,0.34844103
131,0.5826772,0.26533234,0.34029523
131,0.5905512,0.2633366,0.33214942
131,0.5984252,0.2613409,0.32400364
131,0.6062992,0.25924644,0.31586304
131,0.61417323,0.25700444,0.30787298
131,0.62204725,0.25469288,0.30002502
131,0.62992126,0.25222743,0.29219383
131,0.63779527,0.24966073,0.284453
131,0.6456693,0.2470001,0.27670026
131,0.6535433,0.24423747,0.26918206
131,0.6614173,0.24136452,0.26156086
131,0.6692913,0.23833105,0.25409856
131,0.6771653,0.23524973,0.24666171
131,0.68503934,0.23202235,0.23937856
131,0.6929134,0.22864713,0.232156
131,0.7007874,0.22530672,0.22518025
131,0.70866144,0.22176985,0.21818067
131,0.71653545,0.21821572,0.21141088
131,0.72440946,0.21453409,0.20474125
131,0.7322835,0.2107392,0.19804263
131,0.7401575,0.20682469,0.19159016
131,0.7480315,0.20279378,0.18511063
131,0.7559055,0.19874604,0.17888907
131,0.7637795,0.19458354,0.17266697
131,0.77165353,0.19037841,0.1665734
131,0.77952754,0.1860674,0.160569
131,0.78740156,0.18163349,0.15467708
131,0.79527557,0.17712532,0.14904088
131,0.8031496,0.17260323,0.14338185
131,0.8110236,0.16803147,0.13795024
131,0.81889766,0.16339704,0.1325474
131,0.8267717,0.15865861,0.12728046
131,0.8346457,0.15390019,0.12215259
131,0.8425197,0.14908907,0.1171589
131,0.8503937,0.14426582,0.11216419
131,0.8582677,0.13931802,0.107312344
131,0.86614174,0.13433112,0.10245914
131,0.87401575,0.12933664,0.09774134
131,0.88188976,0.12423972,0.093021154
131,0.8897638,0.119129606,0.08836572
131,0.8976378,0.11399751,0.08378349
131,0.9055118,0.10883595,0.07917496
131,0.9133858,0.10373381,0.07456288
131,0.9212598,0.098583154,0.07005789
131,0.92913383,0.093378544,0.0656524
131,0.93700784,0.088310346,0.061195813
131,0.9448819,0.08313982,0.056834135
131,0.9527559,0.07809568,0.052424874
131,0.96062994,0.073002905,0.04797392
131,0.96850395,0.06787858,0.04363878
131,0.97637796,0.062827505,0.03928072
131,0.984252,0.05775608,0.03490865
131,0.992126,0.052580837,0.030526431
131,1.0,0.0474,0.026
132,0.0,0.2144,0.06714286
132,0.007874016,0.21985134,0.0733444
132,0.015748031,0.22531766,0.079705894
132,0.023622047,0.23081201,0.08609944
132,0.031496063,0.23634438,0.09253644
132,0.03937008,0.24181996,0.09887933
132,0.047244094,0.24718562,0.105190374
132,0.05511811,0.25262493,0.111666575
132,0.062992126,0.25804535,0.11820912
132,0.070866145,0.26345366,0.12464692
132,0.07874016,0.26887065,0.13106264
132,0.08661418,0.2742352,0.1374904
132,0.09448819,0.2797636,0.14397544
132,0.10236221,0.28534493,0.15044099
132,0.11023622,0.29093447,0.1569298
132,0.11811024,0.296335,0.16323979
132,0.12598425,0.3016317,0.16958536
132,0.13385826,0.30692235,0.17599697
132,0.14173229,0.31252643,0.18246631
132,0.1496063,0.3177279,0.18792273
132,0.15748031,0.32308123,0.19352141
132,0.16535433,0.3286862,0.199844
132,0.17322835,0.33398512,0.20541643
132,0.18110237,0.3394898,0.21092841
132,0.18897638,0.34538826,0.2161467
132,0.19685039,0.35156247,0.22122389
132,0.20472442,0.35788277,0.22625123
132,0.21259843,0.36426374,0.23109284
132,0.22047244,0.37072945,0.23580675
132,0.22834645,0.37725946,0.2403282
132,0.23622048,0.3836866,0.24470471
132,0.24409449,0.39004448,0.24896269
132,0.2519685,0.39633283,0.2531145
132,0.25984251,0.40266606,0.25716206
132,0.26771653,0.40894207,0.26124677
132,0.27559054,0.41522366,0.26549545
132,0.28346458,0.42140523,0.26973286
132,0.2913386,0.4275764,0.27419743
132,0.2992126,0.4337502,0.2788466
132,0.30708662,0.43984124,0.28375876
132,0.31496063,0.4460163,0.28882965
132,0.32283464,0.4520127,0.29415357
132,0.33070865,0.45812014,0.29956374
132,0.33858266,0.4640793,0.30498117
132,0.3464567,0.4700239,0.3105875
132,0.35433072,0.47599918,0.3161545
132,0.36220473,0.48197165,0.32166746
132,0.37007874,0.48793048,0.3271522
132,0.37795275,0.49387023,0.33263832
132,0.38582677,0.49982688,0.33807322
132,0.39370078,0.5058214,0.34329385
132,0.4015748,0.51177037,0.34851745
132,0.40944883,0.5178442,0.3535639
132,0.41732284,0.5239049,0.358559
132,0.42519686,0.53006244,0.3635099
132,0.43307087,0.5363331,0.36842325
132,0.44094488,0.54261243,0.37316257
132,0.4488189,0.5489675,0.37797678
132,0.4566929,0.5554053,0.3825908
132,0.46456692,0.5618359,0.3871685
132,0.47244096,0.5683791,0.39167136
132,0.48031497,0.5748421,0.3960171
132,0.48818898,0.5813558,0.40023088
132,0.496063,0.5878309,0.40432504
132,0.503937,0.5942379,0.40839055
132,0.511811,0.6006241,0.41233274
132,0.51968503,0.60704774,0.41615167
132,0.52755904,0.6134572,0.419828
132,0.53543305,0.62000257,0.42357275
132,0.54330707,0.6264815,0.42719367
132,0.5511811,0.6329877,0.43087125
132,0.5590551,0.6395508,0.43447402
132,0.56692916,0.6461405,0.43805334
132,0.5748032,0.6526825,0.44149527
132,0.5826772,0.6592333,0.445085
132,0.5905512,0.6657928,0.44866982
132,0.5984252,0.67235935,0.45221394
132,0.6062992,0.6790318,0.45588008
132,0.61417323,0.68558866,0.45948547
132,0.62204725,0.6921309,0.46323493
132,0.62992126,0.6986732,0.4669844
132,0.63779527,0.70521545,0.47073385
132,0.6456693,0.7116538,0.47448108
132,0.6535433,0.71810293,0.47822616
132,0.6614173,0.7246176,0.4820429
132,0.6692913,0.731041,0.48584926
132,0.6771653,0.7375537,0.48972437
132,0.68503934,0.74395525,0.493593
132,0.6929134,0.75044435,0.49745572
132,0.7007874,0.75695604,0.5014498
132,0.70866144,0.76344967,0.50539774
132,0.71653545,0.76992035,0.50927776
132,0.72440946,0.7764284,0.5132879
132,0.7322835,0.78289527,0.5172828
132,0.7401575,0.78929543,0.5212625
132,0.7480315,0.7957674,0.525225
132,0.7559055,0.80213934,0.52916783
132,0.7637795,0.80851597,0.5330914
132,0.77165353,0.81498957,0.5371365
132,0.77952754,0.82132405,0.54123026
132,0.78740156,0.8277183,0.54526216
132,0.79527557,0.83417016,0.54940945
132,0.8031496,0.8404994,0.5535267
132,0.8110236,0.84692544,0.5576741
132,0.81889766,0.8533256,0.5619043
132,0.8267717,0.8597957,0.5661019
132,0.8346457,0.8661628,0.5704133
132,0.8425197,0.87259185,0.57455647
132,0.8503937,0.87897843,0.5788142
132,0.8582677,0.88541776,0.5831833
132,0.86614174,0.8917505,0.5873782
132,0.87401575,0.89815116,0.59153885
132,0.88188976,0.90449554,0.59566534
132,0.8897638,0.9108602,0.5997715
132,0.8976378,0.91721165,0.60386926
132,0.9055118,0.9236247,0.6079619
132,0.9133858,0.93016434,0.61204916
132,0.9212598,0.93679357,0.6162412
132,0.92913383,0.94356865,0.6203429
132,0.93700784,0.9503833,0.6245216
132,0.9448819,0.95698655,0.6284666
132,0.9527559,0.9632444,0.632342
132,0.96062994,0.96949434,0.63623136
132,0.96850395,0.9756354,0.64038855
132,0.97637796,0.9818759,0.6445594
132,0.984252,0.98821807,0.6486006
132,0.992126,0.99479026,0.6526457
132,1.0,1.0015,0.65657145
133,0.0,0.2178,0.9427143
133,0.007874016,0.2215258,0.93092626
133,0.015748031,0.22529535,0.9190631
133,0.023622047,0.22916988,0.90705955
133,0.031496063,0.23292896,0.8950939
133,0.03937008,0.23663028,0.88347775
133,0.047244094,0.2404342,0.8717037
133,0.05511811,0.24431111,0.8593968
133,0.062992126,0.24819233,0.84699553
133,0.070866145,0.2520567,0.834925
133,0.07874016,0.25556052,0.82334024
133,0.08661418,0.25908387,0.81189173
133,0.09448819,0.26255623,0.8014108
133,0.10236221,0.26562992,0.79087186
133,0.11023622,0.26912227,0.7790443
133,0.11811024,0.27312016,0.765485
133,0.12598425,0.2770548,0.7519992
133,0.13385826,0.28027195,0.74005926
133,0.14173229,0.2833128,0.7279513
133,0.1496063,0.2862,0.7149475
133,0.15748031,0.2879777,0.70687354
133,0.16535433,0.28996247,0.6945985
133,0.17322835,0.29187313,0.68178546
133,0.18110237,0.29355243,0.66872406
133,0.18897638,0.29471666,0.6556548
133,0.19685039,0.29556453,0.64274156
133,0.20472442,0.296,0.63001317
133,0.21259843,0.296,0.61703825
133,0.22047244,0.2958,0.60394067
133,0.22834645,0.29529795,0.5905039
133,0.23622048,0.2948025,0.57722825
133,0.24409449,0.29423496,0.56391
133,0.2519685,0.29374033,0.5508111
133,0.25984251,0.2932689,0.5378891
133,0.26771653,0.29300183,0.52506256
133,0.27559054,0.2929,0.51220745
133,0.28346458,0.29292408,0.4991063
133,0.2913386,0.29328474,0.4859951
133,0.2992126,0.29393536,0.47281724
133,0.30708662,0.29492387,0.45964414
133,0.31496063,0.29637194,0.4465719
133,0.32283464,0.29829213,0.43390208
133,0.33070865,0.30069143,0.42147064
133,0.33858266,0.3035528,0.4094438
133,0.3464567,0.30702794,0.3975122
133,0.35433072,0.31104186,0.3859668
133,0.36220473,0.31560674,0.37469947
133,0.37007874,0.32067123,0.3638721
133,0.37795275,0.32624793,0.35363212
133,0.38582677,0.33224842,0.34384617
133,0.39370078,0.33878192,0.33481422
133,0.4015748,0.34565765,0.32647562
133,0.40944883,0.35297483,0.3188592
133,0.41732284,0.36058074,0.3121287
133,0.42519686,0.36854753,0.306248
133,0.43307087,0.37681103,0.30130693
133,0.44094488,0.38535666,0.29715973
133,0.4488189,0.3942221,0.29395387
133,0.4566929,0.4031918,0.2918152
133,0.46456692,0.41225058,0.2905186
133,0.47244096,0.42122453,0.2903245
133,0.48031497,0.4302087,0.29103836
133,0.48818898,0.43900877,0.29269162
133,0.496063,0.44793072,0.2952164
133,0.503937,0.45678043,0.29865608
133,0.511811,0.46545082,0.30305642
133,0.51968503,0.47384235,0.30831596
133,0.52755904,0.48192477,0.31414267
133,0.53543305,0.48973858,0.32050088
133,0.54330707,0.49739176,0.3272104
133,0.5511811,0.5048885,0.33432236
133,0.5590551,0.5124318,0.34155414
133,0.56692916,0.51986426,0.34908205
133,0.5748032,0.52744454,0.35656285
133,0.5826772,0.5349591,0.36397964
133,0.5905512,0.54239637,0.37132114
133,0.5984252,0.5498391,0.37825632
133,0.6062992,0.55731577,0.38505718
133,0.61417323,0.5648333,0.39159414
133,0.62204725,0.57248443,0.397987
133,0.62992126,0.5801892,0.40407965
133,0.63779527,0.58810127,0.41013312
133,0.6456693,0.5962019,0.41590762
133,0.6535433,0.6044413,0.42139098
133,0.6614173,0.6128394,0.4267339
133,0.6692913,0.6212771,0.43180194
133,0.6771653,0.6297607,0.43675396
133,0.68503934,0.6382108,0.4416
133,0.6929134,0.6467793,0.44630888
133,0.7007874,0.6553336,0.45089537
133,0.70866144,0.66387534,0.45549914
133,0.71653545,0.67245287,0.46017498
133,0.72440946,0.68097997,0.46466348
133,0.7322835,0.6893954,0.46925142
133,0.7401575,0.69769216,0.47377342
133,0.7480315,0.70609236,0.47837424
133,0.7559055,0.71449834,0.4829836
133,0.7637795,0.72298074,0.48765457
133,0.77165353,0.73142916,0.49255136
133,0.77952754,0.7400127,0.49742457
133,0.78740156,0.74862653,0.50229025
133,0.79527557,0.7571661,0.5073049
133,0.8031496,0.7657058,0.51228905
133,0.8110236,0.7742497,0.5173141
133,0.81889766,0.782751,0.5224417
133,0.8267717,0.7911182,0.52743965
133,0.8346457,0.7995638,0.53242445
133,0.8425197,0.8079719,0.53754294
133,0.8503937,0.81631404,0.54265493
133,0.8582677,0.8246325,0.5477662
133,0.86614174,0.8328973,0.5528774
133,0.87401575,0.8412064,0.5579893
133,0.88188976,0.8495963,0.5632119
133,0.8897638,0.8579317,0.5683692
133,0.8976378,0.8662759,0.5736345
133,0.9055118,0.8746274,0.5787873
133,0.9133858,0.8829965,0.58406746
133,0.9212598,0.8913917,0.5893758
133,0.92913383,0.8997145,0.5945585
133,0.93700784,0.90806955,0.59976125
133,0.9448819,0.91646224,0.6049875
133,0.9527559,0.92488354,0.6102315
133,0.96062994,0.9332169,0.61548823
133,0.96850395,0.94146365,0.62057966
133,0.97637796,0.9496889,0.6256959
133,0.984252,0.95786387,0.6306842
133,0.992126,0.96596694,0.63569003
133,1.0,0.9741,0.6407143
134,0.0,0.9914,0.7297143
134,0.007874016,0.98248124,0.7244672
134,0.015748031,0.97375655,0.7189689
134,0.023622047,0.9648879,0.7129085
134,0.031496063,0.95616025,0.7067573
134,0.03937008,0.9473294,0.70065355
134,0.047244094,0.9385441,0.6947017
134,0.05511811,0.9297586,0.6886847
134,0.062992126,0.9209861,0.6827044
134,0.070866145,0.912212,0.6764379
134,0.07874016,0.90350467,0.67028934
134,0.08661418,0.89478695,0.66413355
134,0.09448819,0.8860049,0.6579321
134,0.10236221,0.8772629,0.6518307
134,0.11023622,0.86852515,0.64594245
134,0.11811024,0.85975575,0.64001477
134,0.12598425,0.85094726,0.63417435
134,0.13385826,0.8421498,0.6284017
134,0.14173229,0.8330874,0.62268853
134,0.1496063,0.8239757,0.6171366
134,0.15748031,0.81483006,0.6117125
134,0.16535433,0.80570644,0.60654104
134,0.17322835,0.796659,0.60154235
134,0.18110237,0.78756654,0.5968571
134,0.18897638,0.77834475,0.5924932
134,0.19685039,0.76918525,0.58818346
134,0.20472442,0.7598688,0.58404315
134,0.21259843,0.7505038,0.58004117
134,0.22047244,0.7410983,0.57624537
134,0.22834645,0.73175997,0.5726722
134,0.23622048,0.7223325,0.5694402
134,0.24409449,0.7129627,0.56641793
134,0.2519685,0.7035649,0.56361854
134,0.25984251,0.6940549,0.561185
134,0.26771653,0.6844293,0.55896866
134,0.27559054,0.67462146,0.55703956
134,0.28346458,0.6646753,0.55549705
134,0.2913386,0.65475786,0.5544593
134,0.2992126,0.64479095,0.5539995
134,0.30708662,0.6348193,0.5540167
134,0.31496063,0.6250123,0.5548238
134,0.32283464,0.61540383,0.55647135
134,0.33070865,0.60589814,0.558895
134,0.33858266,0.5964976,0.5620787
134,0.3464567,0.587279,0.56602114
134,0.35433072,0.57813203,0.5704119
134,0.36220473,0.56893736,0.5753334
134,0.37007874,0.5597597,0.5805757
134,0.37795275,0.55069447,0.58615357
134,0.38582677,0.54178727,0.59175104
134,0.39370078,0.53293765,0.5973758
134,0.4015748,0.5241241,0.6031845
134,0.40944883,0.51524466,0.60889274
134,0.41732284,0.5063254,0.6146265
134,0.42519686,0.49748504,0.62009424
134,0.43307087,0.48842505,0.62549996
134,0.44094488,0.4793476,0.63063395
134,0.4488189,0.47023395,0.635433
134,0.4566929,0.46100697,0.6398113
134,0.46456692,0.451608,0.6436906
134,0.47244096,0.4420772,0.6470062
134,0.48031497,0.43251973,0.6495266
134,0.48818898,0.42282847,0.6511798
134,0.496063,0.41309533,0.65210235
134,0.503937,0.40331557,0.6521429
134,0.511811,0.39356723,0.6512949
134,0.51968503,0.38380092,0.6495716
134,0.52755904,0.37412515,0.64668757
134,0.53543305,0.36465254,0.6428959
134,0.54330707,0.3556577,0.6380556
134,0.5511811,0.34715018,0.63222784
134,0.5590551,0.33899653,0.6253833
134,0.56692916,0.33121958,0.61733526
134,0.5748032,0.32381982,0.6081597
134,0.5826772,0.3170725,0.5977979
134,0.5905512,0.3109801,0.586805
134,0.5984252,0.3056135,0.5752061
134,0.6062992,0.3009049,0.56297046
134,0.61417323,0.29679087,0.55039597
134,0.62204725,0.2932766,0.537345
134,0.62992126,0.29035154,0.5242578
134,0.63779527,0.28786698,0.51085895
134,0.6456693,0.28578308,0.49715286
134,0.6535433,0.28404734,0.4833175
134,0.6614173,0.2825933,0.46945068
134,0.6692913,0.2813056,0.45549008
134,0.6771653,0.28011793,0.44152957
134,0.68503934,0.2789842,0.4276687
134,0.6929134,0.277828,0.41372192
134,0.7007874,0.27652302,0.39990783
134,0.70866144,0.27505016,0.38632277
134,0.71653545,0.2734003,0.3727166
134,0.72440946,0.27151737,0.3592805
134,0.7322835,0.26928073,0.3459036
134,0.7401575,0.26680493,0.33259732
134,0.7480315,0.26383367,0.31925318
134,0.7559055,0.2604567,0.3060799
134,0.7637795,0.25674182,0.2931029
134,0.77165353,0.2526759,0.28060994
134,0.77952754,0.24813955,0.26838458
134,0.78740156,0.24323933,0.25638747
134,0.79527557,0.23788677,0.24471639
134,0.8031496,0.23222527,0.23358084
134,0.8110236,0.22621588,0.22271577
134,0.81889766,0.2197881,0.2123462
134,0.8267717,0.21305524,0.20231615
134,0.8346457,0.20604505,0.19261828
134,0.8425197,0.19890083,0.18328673
134,0.8503937,0.19163696,0.17421444
134,0.8582677,0.18417895,0.16554658
134,0.86614174,0.17664658,0.15694553
134,0.87401575,0.16885132,0.14839856
134,0.88188976,0.16100009,0.14003307
134,0.8897638,0.15309313,0.13182907
134,0.8976378,0.14498058,0.123709604
134,0.9055118,0.13685454,0.11564749
134,0.9133858,0.1286707,0.107684396
134,0.9212598,0.12045265,0.099674895
134,0.92913383,0.11222813,0.09183421
134,0.93700784,0.10406044,0.08404672
134,0.9448819,0.095837265,0.07630089
134,0.9527559,0.08774844,0.068730064
134,0.96062994,0.07968799,0.061042946
134,0.96850395,0.0716387,0.053509135
134,0.97637796,0.063496634,0.04574053
134,0.984252,0.055309832,0.038027942
134,0.992126,0.047097377,0.030221436
134,1.0,0.0388,0.022428572
135,0.0,0.212,0.95428574
135,0.007874016,0.21455583,0.9465348
135,0.015748031,0.21721812,0.9386203
135,0.023622047,0.21984507,0.93065554
135,0.031496063,0.22250302,0.92259747
135,0.03937008,0.22516218,0.9148001
135,0.047244094,0.22779156,0.9068813
135,0.05511811,0.23040138,0.89913887
135,0.062992126,0.23309125,0.8913107
135,0.070866145,0.2357013,0.8834719
135,0.07874016,0.23833056,0.875627
135,0.08661418,0.24091054,0.86772674
135,0.09448819,0.24346295,0.8598854
135,0.10236221,0.24595971,0.85203904
135,0.11023622,0.24846259,0.8441723
135,0.11811024,0.25100225,0.83627933
135,0.12598425,0.25351968,0.8283154
135,0.13385826,0.25607172,0.8203324
135,0.14173229,0.25862336,0.81249356
135,0.1496063,0.26117194,0.80452216
135,0.15748031,0.26370537,0.79674405
135,0.16535433,0.26622215,0.7887356
135,0.17322835,0.26873618,0.78073657
135,0.18110237,0.2712715,0.7726664
135,0.18897638,0.27367377,0.764516
135,0.19685039,0.27594692,0.7564797
135,0.20472442,0.27808505,0.7483355
135,0.21259843,0.28001875,0.740192
135,0.22047244,0.28177235,0.731769
135,0.22834645,0.28337166,0.72340715
135,0.23622048,0.28475064,0.7149945
135,0.24409449,0.28603774,0.7066765
135,0.2519685,0.2871403,0.6979403
135,0.25984251,0.28815708,0.689368
135,0.26771653,0.2889993,0.6808621
135,0.27559054,0.2896,0.6721021
135,0.28346458,0.2901,0.66348696
135,0.2913386,0.2903,0.6549074
135,0.2992126,0.2904,0.6462438
135,0.30708662,0.2902,0.6375222
135,0.31496063,0.2899,0.62872344
135,0.32283464,0.2894,0.6199792
135,0.33070865,0.28888217,0.6114184
135,0.33858266,0.2881984,0.6027006
135,0.3464567,0.28731257,0.59396493
135,0.35433072,0.2864,0.58523
135,0.36220473,0.28542247,0.576764
135,0.37007874,0.2842613,0.56800926
135,0.37795275,0.28296632,0.5591413
135,0.38582677,0.2818,0.55077374
135,0.39370078,0.2792,0.54450125
135,0.4015748,0.27709177,0.53683364
135,0.40944883,0.2751863,0.52822703
135,0.41732284,0.27347618,0.51945233
135,0.42519686,0.27200592,0.51090777
135,0.43307087,0.27083492,0.50253177
135,0.44094488,0.2698606,0.49389154
135,0.4488189,0.2691,0.48505518
135,0.4566929,0.2686,0.47629464
135,0.46456692,0.26815158,0.46758947
135,0.47244096,0.2678899,0.4590273
135,0.48031497,0.2676239,0.45027313
135,0.48818898,0.2675,0.44143555
135,0.496063,0.2673,0.43256435
135,0.503937,0.2672,0.42381454
135,0.511811,0.26694807,0.4152692
135,0.51968503,0.2667,0.4067958
135,0.52755904,0.2664,0.3983254
135,0.53543305,0.2661,0.38959855
135,0.54330707,0.2657,0.38082862
135,0.5511811,0.26529494,0.37222776
135,0.5590551,0.26474592,0.36352468
135,0.56692916,0.26402238,0.35485914
135,0.5748032,0.26304778,0.34630725
135,0.5826772,0.261798,0.33777288
135,0.5905512,0.26039726,0.3294109
135,0.5984252,0.25882748,0.32111773
135,0.6062992,0.25710082,0.31278867
135,0.61417323,0.25517777,0.30434918
135,0.62204725,0.2530955,0.29607168
135,0.62992126,0.25091732,0.2880259
135,0.63779527,0.24852967,0.27994192
135,0.6456693,0.24597773,0.2719586
135,0.6535433,0.24335022,0.26402435
135,0.6614173,0.24043229,0.25631496
135,0.6692913,0.23733053,0.24878699
135,0.6771653,0.23408268,0.24143405
135,0.68503934,0.23059602,0.23440005
135,0.6929134,0.2270335,0.22741531
135,0.7007874,0.22321709,0.22061674
135,0.70866144,0.21932355,0.21393491
135,0.71653545,0.21536583,0.20740937
135,0.72440946,0.21116625,0.20080893
135,0.7322835,0.20697005,0.1943858
135,0.7401575,0.2028121,0.18816015
135,0.7480315,0.19860712,0.18215303
135,0.7559055,0.1942917,0.17626075
135,0.7637795,0.19004233,0.17055441
135,0.77165353,0.18559247,0.16493925
135,0.77952754,0.18110044,0.1594291
135,0.78740156,0.1764083,0.15386702
135,0.79527557,0.17154121,0.14840794
135,0.8031496,0.1665291,0.14310409
135,0.8110236,0.16159439,0.1379937
135,0.81889766,0.15664233,0.13294548
135,0.8267717,0.15167372,0.12802258
135,0.8346457,0.14669915,0.12317781
135,0.8425197,0.14164014,0.11832282
135,0.8503937,0.13662796,0.11345676
135,0.8582677,0.13158368,0.108731784
135,0.86614174,0.12650305,0.10390767
135,0.87401575,0.12152851,0.09935655
135,0.88188976,0.11656497,0.0946389
135,0.8897638,0.111494385,0.0899805
135,0.8976378,0.10633111,0.08515676
135,0.9055118,0.10115676,0.08033977
135,0.9133858,0.095977336,0.07549741
135,0.9212598,0.090664454,0.07056278
135,0.92913383,0.08545294,0.065707706
135,0.93700784,0.08016029,0.06077667
135,0.9448819,0.074926384,0.055900358
135,0.9527559,0.06973297,0.05106178
135,0.96062994,0.06448055,0.046250492
135,0.96850395,0.059328638,0.041461464
135,0.97637796,0.054207258,0.03668999
135,0.984252,0.049098823,0.03193058
135,0.992126,0.043998126,0.027178379
135,1.0,0.0389,0.022571428
136,0.0,0.9947,0.7222857
136,0.007874016,0.98577774,0.7168975
136,0.015748031,0.9772181,0.7117001
136,0.023622047,0.9687593,0.7065161
136,0.031496063,0.9599527,0.70097107
136,0.03937008,0.9510691,0.69544774
136,0.047244094,0.94185096,0.68965685
136,0.05511811,0.93264717,0.6838048
136,0.062992126,0.92351425,0.6780336
136,0.070866145,0.9144888,0.67235476
136,0.07874016,0.9057441,0.66683114
136,0.08661418,0.89694464,0.6611748
136,0.09448819,0.88809234,0.6555747
136,0.10236221,0.87910557,0.64987725
136,0.11023622,0.8702245,0.64435256
136,0.11811024,0.8613452,0.6388875
136,0.12598425,0.8524511,0.6335931
136,0.13385826,0.843457,0.62830245
136,0.14173229,0.8343627,0.62300307
136,0.1496063,0.82539594,0.6178311
136,0.15748031,0.81624085,0.61263746
136,0.16535433,0.8072956,0.60767627
136,0.17322835,0.7981827,0.60259634
136,0.18110237,0.78900045,0.5975801
136,0.18897638,0.77973205,0.5927315
136,0.19685039,0.7704114,0.58805305
136,0.20472442,0.76122135,0.58370477
136,0.21259843,0.75205445,0.5798181
136,0.22047244,0.74257207,0.57606465
136,0.22834645,0.7329891,0.5725675
136,0.23622048,0.72324497,0.56933635
136,0.24409449,0.7140085,0.5663959
136,0.2519685,0.70552605,0.5639511
136,0.25984251,0.69626004,0.5617492
136,0.26771653,0.6863506,0.55962354
136,0.27559054,0.676632,0.55778337
136,0.28346458,0.66685236,0.5560847
136,0.2913386,0.65730244,0.55471426
136,0.2992126,0.6478407,0.55385715
136,0.30708662,0.6383793,0.5535714
136,0.31496063,0.6286972,0.553786
136,0.32283464,0.61900556,0.5546066
136,0.33070865,0.60914016,0.55611426
136,0.33858266,0.59941447,0.5582908
136,0.3464567,0.5898812,0.5613282
136,0.35433072,0.58047575,0.56531477
136,0.36220473,0.5712472,0.5702301
136,0.37007874,0.56235933,0.57577544
136,0.37795275,0.55377877,0.5818427
136,0.38582677,0.5451582,0.5884604
136,0.39370078,0.5366415,0.5951644
136,0.4015748,0.52852,0.6016357
136,0.40944883,0.5197207,0.60844654
136,0.41732284,0.5109003,0.6152051
136,0.42519686,0.50200146,0.62209964
136,0.43307087,0.4932532,0.62803084
136,0.44094488,0.48513573,0.632808
136,0.4488189,0.4759727,0.63847893
136,0.4566929,0.46643645,0.6430099
136,0.46456692,0.45703325,0.6464174
136,0.47244096,0.44771162,0.6492022
136,0.48031497,0.4380255,0.6517432
136,0.48818898,0.42841133,0.6533551
136,0.496063,0.4186743,0.65411836
136,0.503937,0.40897438,0.6538547
136,0.511811,0.39928198,0.6526156
136,0.51968503,0.38957056,0.65022016
136,0.52755904,0.38045457,0.6467774
136,0.53543305,0.37151662,0.6424377
136,0.54330707,0.3626548,0.63693726
136,0.5511811,0.3538754,0.6304756
136,0.5590551,0.34551236,0.62325263
136,0.56692916,0.33775377,0.6153076
136,0.5748032,0.33049175,0.60655963
136,0.5826772,0.32375014,0.5967431
136,0.5905512,0.31771803,0.58617634
136,0.5984252,0.31218946,0.57454884
136,0.6062992,0.30722547,0.56238216
136,0.61417323,0.3027393,0.54968375
136,0.62204725,0.29886055,0.53684276
136,0.62992126,0.2953477,0.52364534
136,0.63779527,0.29238838,0.5105436
136,0.6456693,0.289883,0.4972477
136,0.6535433,0.2876196,0.48376882
136,0.6614173,0.28570735,0.47015473
136,0.6692913,0.28386426,0.456425
136,0.6771653,0.28227082,0.44271693
136,0.68503934,0.28063414,0.42903823
136,0.6929134,0.27905536,0.41559106
136,0.7007874,0.2772828,0.40219417
136,0.70866144,0.2754357,0.38878813
136,0.71653545,0.27335694,0.37522316
136,0.72440946,0.27094126,0.36158365
136,0.7322835,0.2683087,0.34818754
136,0.7401575,0.2654168,0.3350918
136,0.7480315,0.2621879,0.32237664
136,0.7559055,0.25870115,0.3095394
136,0.7637795,0.25475073,0.29687732
136,0.77165353,0.25047484,0.2843031
136,0.77952754,0.24590035,0.27202952
136,0.78740156,0.2410431,0.2598466
136,0.79527557,0.23586561,0.24785489
136,0.8031496,0.2304152,0.23617542
136,0.8110236,0.22473995,0.22486931
136,0.81889766,0.21887736,0.2137824
136,0.8267717,0.21267754,0.20320593
136,0.8346457,0.20633736,0.19295217
136,0.8425197,0.19972816,0.18304023
136,0.8503937,0.19300295,0.1735838
136,0.8582677,0.18602785,0.16435283
136,0.86614174,0.17875108,0.15551257
136,0.87401575,0.17131276,0.14678602
136,0.88188976,0.16364749,0.13817415
136,0.8897638,0.15576911,0.12977758
136,0.8976378,0.14778495,0.12163721
136,0.9055118,0.13977502,0.11362949
136,0.9133858,0.13155526,0.10569878
136,0.9212598,0.12325969,0.09799172
136,0.92913383,0.11491047,0.090306714
136,0.93700784,0.10655167,0.08290143
136,0.9448819,0.09861071,0.07600918
136,0.9527559,0.09052621,0.06912194
136,0.96062994,0.08243789,0.06201133
136,0.96850395,0.07443435,0.05497525
136,0.97637796,0.066170916,0.0475462
136,0.984252,0.057573196,0.039887562
136,0.992126,0.048880056,0.032034338
136,1.0,0.0402,0.024142858
137,0.0,0.2009,0.05214286
137,0.007874016,0.20682238,0.05765884
137,0.015748031,0.21209617,0.06392447
137,0.023622047,0.21830563,0.06961914
137,0.031496063,0.22346273,0.07530601
137,0.03937008,0.22913899,0.08176997
137,0.047244094,0.23418194,0.088953115
137,0.05511811,0.23952822,0.0954425
137,0.062992126,0.24508947,0.102372184
137,0.070866145,0.25026655,0.10901415
137,0.07874016,0.2554438,0.11591975
137,0.08661418,0.260987,0.12332079
137,0.09448819,0.26632583,0.13066989
137,0.10236221,0.27162936,0.13783033
137,0.11023622,0.27669513,0.14450802
137,0.11811024,0.28174052,0.15125515
137,0.12598425,0.28678647,0.1578136
137,0.13385826,0.29191285,0.1646011
137,0.14173229,0.2972339,0.17118323
137,0.1496063,0.30271125,0.17801361
137,0.15748031,0.30839977,0.18474695
137,0.16535433,0.31411636,0.19139339
137,0.17322835,0.319799,0.19799878
137,0.18110237,0.32549107,0.20442975
137,0.18897638,0.33113363,0.21063037
137,0.19685039,0.33685005,0.2163352
137,0.20472442,0.3427403,0.22206183
137,0.21259843,0.34881485,0.22744161
137,0.22047244,0.35509288,0.23249492
137,0.22834645,0.36161143,0.23741747
137,0.23622048,0.3678295,0.24247697
137,0.24409449,0.37368953,0.24720189
137,0.2519685,0.3800399,0.25087905
137,0.25984251,0.386764,0.25481468
137,0.26771653,0.3935731,0.25924602
137,0.27559054,0.4001795,0.26337335
137,0.28346458,0.40660557,0.26731282
137,0.2913386,0.41297683,0.27141201
137,0.2992126,0.4194309,0.2758033
137,0.30708662,0.42589375,0.28037256
137,0.31496063,0.43223506,0.28525862
137,0.32283464,0.43855757,0.28937575
137,0.33070865,0.44492024,0.2937171
137,0.33858266,0.4512078,0.2989495
137,0.3464567,0.4572235,0.30337393
137,0.35433072,0.46324685,0.30796206
137,0.36220473,0.4693254,0.31291917
137,0.37007874,0.4756368,0.31870878
137,0.37795275,0.48177853,0.32396752
137,0.38582677,0.48785222,0.32868016
137,0.39370078,0.49411157,0.33391127
137,0.4015748,0.50030035,0.33904424
137,0.40944883,0.50634795,0.3446848
137,0.41732284,0.51223415,0.3503487
137,0.42519686,0.5181533,0.3557443
137,0.43307087,0.52440464,0.36122826
137,0.44094488,0.5307512,0.36677596
137,0.4488189,0.53694737,0.37210238
137,0.4566929,0.5427904,0.37732422
137,0.46456692,0.54871815,0.3824555
137,0.47244096,0.55507034,0.38766623
137,0.48031497,0.5613231,0.39280897
137,0.48818898,0.5678416,0.39760342
137,0.496063,0.5741209,0.40215775
137,0.503937,0.5802255,0.40630394
137,0.511811,0.586543,0.41030937
137,0.51968503,0.593153,0.413976
137,0.52755904,0.5997645,0.41784474
137,0.53543305,0.60621,0.42154
137,0.54330707,0.6133434,0.42550737
137,0.5511811,0.61938363,0.42849165
137,0.5590551,0.62588584,0.43186742
137,0.56692916,0.6324405,0.43509263
137,0.5748032,0.6395329,0.43841583
137,0.5826772,0.6468602,0.44202864
137,0.5905512,0.6537427,0.44563937
137,0.5984252,0.6601521,0.44873908
137,0.6062992,0.66663706,0.45195934
137,0.61417323,0.67352045,0.4551659
137,0.62204725,0.6802348,0.45765775
137,0.62992126,0.68698776,0.46082157
137,0.63779527,0.69350386,0.4648308
137,0.6456693,0.7001667,0.46831748
137,0.6535433,0.7070449,0.4715785
137,0.6614173,0.7142192,0.4749306
137,0.6692913,0.7208887,0.47796816
137,0.6771653,0.7272922,0.48106724
137,0.68503934,0.7341147,0.48463288
137,0.6929134,0.7408299,0.48800862
137,0.7007874,0.7472707,0.49120903
137,0.70866144,0.7540373,0.49479276
137,0.71653545,0.76096135,0.4986922
137,0.72440946,0.767778,0.50226295
137,0.7322835,0.77456886,0.5056769
137,0.7401575,0.7812833,0.50891143
137,0.7480315,0.78793615,0.51224315
137,0.7559055,0.7946079,0.5159168
137,0.7637795,0.80124843,0.5197875
137,0.77165353,0.8078743,0.523935
137,0.77952754,0.8144826,0.52807194
137,0.78740156,0.8211766,0.53220016
137,0.79527557,0.8278569,0.536173
137,0.8031496,0.83458406,0.5399281
137,0.8110236,0.8412054,0.54383844
137,0.81889766,0.84774387,0.5479704
137,0.8267717,0.85421604,0.55211866
137,0.8346457,0.8606868,0.55612314
137,0.8425197,0.86724406,0.5600131
137,0.8503937,0.8737074,0.56424665
137,0.8582677,0.8801407,0.56825185
137,0.86614174,0.88644254,0.57190627
137,0.87401575,0.8929329,0.57567006
137,0.88188976,0.8996916,0.5801371
137,0.8897638,0.90630704,0.5845046
137,0.8976378,0.9123917,0.5881381
137,0.9055118,0.91859305,0.5919638
137,0.9133858,0.9253582,0.5961957
137,0.9212598,0.93217963,0.6005997
137,0.92913383,0.93898255,0.60488725
137,0.93700784,0.9456731,0.609106
137,0.9448819,0.9523083,0.61332417
137,0.9527559,0.95886916,0.6175181
137,0.96062994,0.9652824,0.62184596
137,0.96850395,0.97178054,0.62616956
137,0.97637796,0.97817177,0.63003236
137,0.984252,0.9844895,0.63391125
137,0.992126,0.9909351,0.63802314
137,1.0,0.9974,0.6422857
138,0.0,0.9951,0.7242857
138,0.007874016,0.9858227,0.7181706
138,0.015748031,0.9767517,0.7124881
138,0.023622047,0.9679982,0.7069785
138,0.031496063,0.95917827,0.70160925
138,0.03937008,0.9500413,0.6958969
138,0.047244094,0.94046485,0.6899275
138,0.05511811,0.9317697,0.6846684
138,0.062992126,0.92284256,0.6791131
138,0.070866145,0.91368526,0.6732833
138,0.07874016,0.90476745,0.66751903
138,0.08661418,0.8959915,0.6617883
138,0.09448819,0.8871986,0.6565548
138,0.10236221,0.8778798,0.6514631
138,0.11023622,0.86829937,0.6456186
138,0.11811024,0.85936457,0.6401226
138,0.12598425,0.8506527,0.63500154
138,0.13385826,0.8415557,0.629773
138,0.14173229,0.8328912,0.62465215
138,0.1496063,0.82330805,0.61938906
138,0.15748031,0.8146947,0.6145795
138,0.16535433,0.80538404,0.6096066
138,0.17322835,0.79624635,0.6046518
138,0.18110237,0.78721434,0.5996276
138,0.18897638,0.7780067,0.5944794
138,0.19685039,0.7687815,0.5898007
138,0.20472442,0.7595017,0.5858579
138,0.21259843,0.74988276,0.5813417
138,0.22047244,0.74078405,0.57681197
138,0.22834645,0.73126906,0.57284385
138,0.23622048,0.7220663,0.56932837
138,0.24409449,0.7126229,0.5656669
138,0.2519685,0.7030545,0.5623298
138,0.25984251,0.69472593,0.5602665
138,0.26771653,0.68484604,0.5583006
138,0.27559054,0.67413956,0.55713207
138,0.28346458,0.6636183,0.55557317
138,0.2913386,0.6535643,0.555
138,0.2992126,0.64364374,0.554655
138,0.30708662,0.6340859,0.5550181
138,0.31496063,0.62505114,0.5552857
138,0.32283464,0.61611795,0.55574036
138,0.33070865,0.60673124,0.5579054
138,0.33858266,0.596207,0.5603448
138,0.3464567,0.586491,0.56386185
138,0.35433072,0.577657,0.56768715
138,0.36220473,0.56816506,0.5720263
138,0.37007874,0.5588325,0.57708216
138,0.37795275,0.5501832,0.58241767
138,0.38582677,0.5415083,0.58845156
138,0.39370078,0.53222626,0.59481394
138,0.4015748,0.5230202,0.6008981
138,0.40944883,0.51411796,0.6068833
138,0.41732284,0.50530183,0.61242753
138,0.42519686,0.49617788,0.61744815
138,0.43307087,0.48735633,0.62216234
138,0.44094488,0.47771478,0.6268917
138,0.4488189,0.46794516,0.6312298
138,0.4566929,0.4588691,0.6346374
138,0.46456692,0.4497228,0.63723797
138,0.47244096,0.43978974,0.6396929
138,0.48031497,0.43001732,0.64159375
138,0.48818898,0.4204101,0.64272934
138,0.496063,0.41028947,0.6427661
138,0.503937,0.40029472,0.6413773
138,0.511811,0.39092034,0.63927406
138,0.51968503,0.38154802,0.6364531
138,0.52755904,0.37216553,0.632428
138,0.53543305,0.36322814,0.6270201
138,0.54330707,0.35424143,0.6202078
138,0.5511811,0.34578246,0.6129833
138,0.5590551,0.33818695,0.6056996
138,0.56692916,0.33064932,0.59694296
138,0.5748032,0.3233623,0.5869461
138,0.5826772,0.31670025,0.5762202
138,0.5905512,0.31064713,0.5648833
138,0.5984252,0.30540222,0.5533911
138,0.6062992,0.3006668,0.5414766
138,0.61417323,0.29644328,0.52907544
138,0.62204725,0.2930284,0.51608765
138,0.62992126,0.29043406,0.5025187
138,0.63779527,0.2883323,0.48808885
138,0.6456693,0.28616038,0.47395092
138,0.6535433,0.2837202,0.4607382
138,0.6614173,0.28157526,0.44851074
138,0.6692913,0.27940547,0.43436638
138,0.6771653,0.27739123,0.4203448
138,0.68503934,0.27523142,0.40676892
138,0.6929134,0.2729009,0.3931716
138,0.7007874,0.27020398,0.37964082
138,0.70866144,0.26729843,0.36636028
138,0.71653545,0.26421005,0.35354128
138,0.72440946,0.26099315,0.33997062
138,0.7322835,0.25769627,0.32626978
138,0.7401575,0.25418425,0.31291074
138,0.7480315,0.2505279,0.3004019
138,0.7559055,0.24628861,0.2880416
138,0.7637795,0.24152185,0.275855
138,0.77165353,0.23631915,0.26375726
138,0.77952754,0.23109476,0.25196594
138,0.78740156,0.22589235,0.24076931
138,0.79527557,0.2200741,0.22967465
138,0.8031496,0.21372898,0.2183998
138,0.8110236,0.20722347,0.20732671
138,0.81889766,0.20091695,0.19671872
138,0.8267717,0.1946649,0.186807
138,0.8346457,0.18792498,0.17731969
138,0.8425197,0.18025833,0.16796158
138,0.8503937,0.1727883,0.15901156
138,0.8582677,0.16521566,0.15019032
138,0.86614174,0.15738775,0.14155312
138,0.87401575,0.14925228,0.13333742
138,0.88188976,0.14099851,0.12546957
138,0.8897638,0.13277544,0.11791662
138,0.8976378,0.124698326,0.110465474
138,0.9055118,0.11681811,0.10296197
138,0.9133858,0.10853572,0.09500946
138,0.9212598,0.100307405,0.08691181
138,0.92913383,0.09217544,0.07894047
138,0.93700784,0.08398786,0.0711464
138,0.9448819,0.07568666,0.06348079
138,0.9527559,0.067267895,0.05580246
138,0.96062994,0.058926668,0.047844008
138,0.96850395,0.0506755,0.03966059
138,0.97637796,0.04255067,0.031513408
138,0.984252,0.03448919,0.023786541
138,0.992126,0.026411325,0.016693497
138,1.0,0.0183,0.009857143
139,0.0,0.9935,0.7351429
139,0.007874016,0.9845721,0.72962296
139,0.015748031,0.9758215,0.7241008
139,0.023622047,0.9669743,0.7185592
139,0.031496063,0.95770687,0.7129726
139,0.03937008,0.94854903,0.7072049
139,0.047244094,0.9396639,0.7016235
139,0.05511811,0.93097633,0.696108
139,0.062992126,0.9221056,0.69041276
139,0.070866145,0.91325593,0.68466693
139,0.07874016,0.90434206,0.67884207
139,0.08661418,0.895476,0.6732098
139,0.09448819,0.8865772,0.6674962
139,0.10236221,0.8777145,0.6617436
139,0.11023622,0.86881983,0.6559713
139,0.11811024,0.8599541,0.6502984
139,0.12598425,0.8510115,0.64457846
139,0.13385826,0.8421437,0.63898593
139,0.14173229,0.8332492,0.6332954
139,0.1496063,0.82436323,0.6273856
139,0.15748031,0.81551415,0.62143725
139,0.16535433,0.8070562,0.61595273
139,0.17322835,0.7983214,0.6103435
139,0.18110237,0.7891428,0.60485303
139,0.18897638,0.7799849,0.5996199
139,0.19685039,0.77094424,0.59473723
139,0.20472442,0.7617195,0.5899617
139,0.21259843,0.752293,0.58533
139,0.22047244,0.7428223,0.5807249
139,0.22834645,0.7334358,0.5764601
139,0.23622048,0.72434074,0.5724834
139,0.24409449,0.7151142,0.5687848
139,0.2519685,0.70577675,0.5654065
139,0.25984251,0.6962145,0.56231296
139,0.26771653,0.68673253,0.5596744
139,0.27559054,0.6772478,0.5574061
139,0.28346458,0.66744477,0.5556066
139,0.2913386,0.6577936,0.5541932
139,0.2992126,0.64817536,0.5533881
139,0.30708662,0.63847226,0.5532857
139,0.31496063,0.6287375,0.5539576
139,0.32283464,0.6189318,0.55537283
139,0.33070865,0.60931814,0.55761576
139,0.33858266,0.5998062,0.5606702
139,0.3464567,0.59054667,0.5645107
139,0.35433072,0.58152795,0.56929445
139,0.36220473,0.5724411,0.57489455
139,0.37007874,0.5634099,0.5811597
139,0.37795275,0.55472374,0.58799046
139,0.38582677,0.5464501,0.59475625
139,0.39370078,0.538163,0.601863
139,0.4015748,0.529866,0.6088941
139,0.40944883,0.5214446,0.6158217
139,0.41732284,0.512953,0.6224714
139,0.42519686,0.50431025,0.62887275
139,0.43307087,0.4955708,0.6347188
139,0.44094488,0.48668727,0.6400682
139,0.4488189,0.47758794,0.6447847
139,0.4566929,0.46821672,0.6488859
139,0.46456692,0.45870972,0.65224713
139,0.47244096,0.44904205,0.6548075
139,0.48031497,0.43926144,0.65679204
139,0.48818898,0.42934373,0.65780836
139,0.496063,0.41938028,0.6581253
139,0.503937,0.40944505,0.6574555
139,0.511811,0.39969486,0.6559934
139,0.51968503,0.39032364,0.65367967
139,0.52755904,0.381102,0.6505151
139,0.53543305,0.37196353,0.64636046
139,0.54330707,0.3631074,0.6413587
139,0.5511811,0.3542126,0.635105
139,0.5590551,0.34578523,0.6280741
139,0.56692916,0.33773613,0.61993974
139,0.5748032,0.3301909,0.6110019
139,0.5826772,0.32332724,0.6011483
139,0.5905512,0.31702602,0.5905355
139,0.5984252,0.31130293,0.57922053
139,0.6062992,0.306207,0.5674457
139,0.61417323,0.30156922,0.55511326
139,0.62204725,0.29751825,0.5424512
139,0.62992126,0.29392502,0.52944297
139,0.63779527,0.29082546,0.51617664
139,0.6456693,0.28819826,0.50284725
139,0.6535433,0.28599742,0.4893162
139,0.6614173,0.28412297,0.4756586
139,0.6692913,0.282507,0.46200365
139,0.6771653,0.281107,0.4482179
139,0.68503934,0.2797187,0.43455738
139,0.6929134,0.27844322,0.4207489
139,0.7007874,0.2770247,0.4070687
139,0.70866144,0.2754592,0.39350745
139,0.71653545,0.273728,0.37980202
139,0.72440946,0.27169147,0.36600724
139,0.7322835,0.26935428,0.3521673
139,0.7401575,0.2666244,0.33869138
139,0.7480315,0.26360598,0.32531226
139,0.7559055,0.26030397,0.31230125
139,0.7637795,0.25662488,0.29951057
139,0.77165353,0.25276008,0.28690577
139,0.77952754,0.24842784,0.27449596
139,0.78740156,0.24381763,0.26227778
139,0.79527557,0.23884128,0.2502316
139,0.8031496,0.23350586,0.23851256
139,0.8110236,0.2278606,0.22709262
139,0.81889766,0.22195016,0.21614313
139,0.8267717,0.21571645,0.20553426
139,0.8346457,0.20926587,0.19518304
139,0.8425197,0.20261262,0.18530373
139,0.8503937,0.19577499,0.1755357
139,0.8582677,0.18876651,0.16624156
139,0.86614174,0.18150486,0.15710141
139,0.87401575,0.17410776,0.1482183
139,0.88188976,0.16648938,0.13957417
139,0.8897638,0.15875232,0.13104779
139,0.8976378,0.15090741,0.12278205
139,0.9055118,0.14295694,0.11465414
139,0.9133858,0.1348028,0.10666934
139,0.9212598,0.12665394,0.09876566
139,0.92913383,0.11840533,0.091063745
139,0.93700784,0.11013174,0.083408825
139,0.9448819,0.10179408,0.075700805
139,0.9527559,0.0935227,0.06819745
139,0.96062994,0.085201904,0.060731817
139,0.96850395,0.07689549,0.053374175
139,0.97637796,0.068968326,0.04615559
139,0.984252,0.06080053,0.03885366
139,0.992126,0.05227771,0.031277504
139,1.0,0.0437,0.023428572
140,0.0,0.1723,0.033142857
140,0.007874016,0.17865267,0.038473718
140,0.015748031,0.18483901,0.04380961
140,0.023622047,0.19127499,0.049561676
140,0.031496063,0.19776374,0.055632133
140,0.03937008,0.2043174,0.061873727
140,0.047244094,0.21066469,0.06815685
140,0.05511811,0.2168216,0.07439906
140,0.062992126,0.22295491,0.08076659
140,0.070866145,0.22899805,0.08724473
140,0.07874016,0.2349075,0.09372231
140,0.08661418,0.24087146,0.10038223
140,0.09448819,0.24677457,0.10730464
140,0.10236221,0.25263238,0.114157595
140,0.11023622,0.2583385,0.12133156
140,0.11811024,0.26412135,0.12876353
140,0.12598425,0.26994923,0.1364454
140,0.13385826,0.27574822,0.14415355
140,0.14173229,0.28141358,0.15164603
140,0.1496063,0.28712067,0.15886943
140,0.15748031,0.29290926,0.16628158
140,0.16535433,0.29878965,0.17357634
140,0.17322835,0.304461,0.18065858
140,0.18110237,0.31009734,0.18771124
140,0.18897638,0.31552252,0.19417505
140,0.19685039,0.32113346,0.20022236
140,0.20472442,0.32660452,0.20614931
140,0.21259843,0.33234683,0.21296053
140,0.22047244,0.3383052,0.21943353
140,0.22834645,0.3446538,0.2256593
140,0.23622048,0.3512861,0.2315582
140,0.24409449,0.3579311,0.23703492
140,0.2519685,0.36456573,0.24197552
140,0.25984251,0.37135458,0.2468247
140,0.26771653,0.37836528,0.2515649
140,0.27559054,0.38542533,0.25610107
140,0.28346458,0.3925048,0.26060623
140,0.2913386,0.39958927,0.26483446
140,0.2992126,0.40665728,0.26910964
140,0.30708662,0.41376835,0.2733248
140,0.31496063,0.42098486,0.2776485
140,0.32283464,0.42817125,0.28200296
140,0.33070865,0.43525136,0.28640077
140,0.33858266,0.44217324,0.2909368
140,0.3464567,0.44898465,0.29548904
140,0.35433072,0.45569044,0.30020747
140,0.36220473,0.46243274,0.30518472
140,0.37007874,0.46910185,0.31047767
140,0.37795275,0.47568834,0.3159388
140,0.38582677,0.48212436,0.3217956
140,0.39370078,0.4884214,0.32788008
140,0.4015748,0.49448043,0.33447102
140,0.40944883,0.5002049,0.34143513
140,0.41732284,0.5057611,0.34880155
140,0.42519686,0.51097274,0.3566803
140,0.43307087,0.5158262,0.36490712
140,0.44094488,0.5204238,0.37362096
140,0.4488189,0.5246383,0.38256505
140,0.4566929,0.52848744,0.3919677
140,0.46456692,0.53197145,0.401517
140,0.47244096,0.53500485,0.41148818
140,0.48031497,0.53760314,0.4215143
140,0.48818898,0.5396577,0.43191773
140,0.496063,0.5412084,0.44251266
140,0.503937,0.54224944,0.45334837
140,0.511811,0.542678,0.46430847
140,0.51968503,0.54267067,0.475351
140,0.52755904,0.54214156,0.48634735
140,0.53543305,0.5411851,0.49718845
140,0.54330707,0.5397861,0.5077827
140,0.5511811,0.53791803,0.5184379
140,0.5590551,0.5356031,0.5288648
140,0.56692916,0.53285,0.53924984
140,0.5748032,0.5297373,0.5493042
140,0.5826772,0.5261695,0.5588784
140,0.5905512,0.52237284,0.56803733
140,0.5984252,0.518226,0.5769028
140,0.6062992,0.5137442,0.5852968
140,0.61417323,0.508992,0.5933318
140,0.62204725,0.5037506,0.6013562
140,0.62992126,0.49821752,0.60910153
140,0.63779527,0.49240717,0.6165809
140,0.6456693,0.48642448,0.6235609
140,0.6535433,0.48037606,0.63005775
140,0.6614173,0.47414467,0.63609314
140,0.6692913,0.46775794,0.64194643
140,0.6771653,0.46120098,0.64746135
140,0.68503934,0.45446905,0.6527881
140,0.6929134,0.44777578,0.6579931
140,0.7007874,0.4411322,0.66323614
140,0.70866144,0.43455923,0.66850144
140,0.71653545,0.42813843,0.6738585
140,0.72440946,0.42177337,0.6792559
140,0.7322835,0.41554585,0.68504834
140,0.7401575,0.40919253,0.6911234
140,0.7480315,0.4030451,0.69734454
140,0.7559055,0.39702144,0.70380545
140,0.7637795,0.3911262,0.7105053
140,0.77165353,0.38535672,0.7175362
140,0.77952754,0.37970838,0.72486377
140,0.78740156,0.37419492,0.73229295
140,0.79527557,0.3688942,0.7399612
140,0.8031496,0.3637954,0.74770266
140,0.8110236,0.3587297,0.7555777
140,0.81889766,0.35387057,0.7637017
140,0.8267717,0.3490471,0.7720588
140,0.8346457,0.34433737,0.7806353
140,0.8425197,0.3396312,0.78942084
140,0.8503937,0.33502072,0.7982807
140,0.8582677,0.33049867,0.8071991
140,0.86614174,0.3260527,0.81631565
140,0.87401575,0.32177448,0.8253404
140,0.88188976,0.31755775,0.8343762
140,0.8897638,0.31339604,0.8434371
140,0.8976378,0.30929017,0.85249513
140,0.9055118,0.30523562,0.8615455
140,0.9133858,0.30123004,0.8707517
140,0.9212598,0.29727253,0.8799388
140,0.92913383,0.29328406,0.88901806
140,0.93700784,0.28937417,0.8983107
140,0.9448819,0.2853565,0.9077873
140,0.9527559,0.28134972,0.91716874
140,0.96062994,0.27742457,0.9267825
140,0.96850395,0.27341938,0.93634933
140,0.97637796,0.26943654,0.94601184
140,0.984252,0.26547676,0.9555569
140,0.992126,0.26163355,0.96474457
140,1.0,0.2578,0.974
141,0.0,0.2116,0.95428574
141,0.007874016,0.21420246,0.9464198
141,0.015748031,0.21675774,0.93853724
141,0.023622047,0.21917662,0.93072635
141,0.031496063,0.22163856,0.9228898
141,0.03937008,0.2242287,0.9148241
141,0.047244094,0.22681816,0.90668577
141,0.05511811,0.22941346,0.8985577
141,0.062992126,0.23193182,0.8905766
141,0.070866145,0.23453431,0.8824734
141,0.07874016,0.23721763,0.8743681
141,0.08661418,0.23980638,0.86629057
141,0.09448819,0.24238166,0.85819525
141,0.10236221,0.24490789,0.85023016
141,0.11023622,0.24743836,0.84214324
141,0.11811024,0.24992028,0.83400863
141,0.12598425,0.25250316,0.8258474
141,0.13385826,0.25510564,0.8177682
141,0.14173229,0.257731,0.8095992
141,0.1496063,0.26020014,0.801571
141,0.15748031,0.26246753,0.7935685
141,0.16535433,0.26482853,0.7854736
141,0.17322835,0.26728258,0.77747834
141,0.18110237,0.26976377,0.769667
141,0.18897638,0.27229205,0.76182723
141,0.19685039,0.27466732,0.7537786
141,0.20472442,0.27678022,0.745702
141,0.21259843,0.27871692,0.737418
141,0.22047244,0.28061384,0.72914016
141,0.22834645,0.2823845,0.7208687
141,0.23622048,0.28401062,0.7126371
141,0.24409449,0.28544632,0.70414877
141,0.2519685,0.28668073,0.69545096
141,0.25984251,0.28767237,0.68680835
141,0.26771653,0.28855035,0.67810225
141,0.27559054,0.28926295,0.6693865
141,0.28346458,0.28985572,0.66052157
141,0.2913386,0.29043117,0.6516531
141,0.2992126,0.29079127,0.64270836
141,0.30708662,0.2911,0.633692
141,0.31496063,0.29128557,0.6249021
141,0.32283464,0.2913,0.6161181
141,0.33070865,0.2913,0.6073231
141,0.33858266,0.2912,0.59844553
141,0.3464567,0.29099464,0.5895233
141,0.35433072,0.29074723,0.5806114
141,0.36220473,0.29040325,0.57148916
141,0.37007874,0.2901156,0.5624327
141,0.37795275,0.28973052,0.55342376
141,0.38582677,0.28934705,0.54448295
141,0.39370078,0.288865,0.53573227
141,0.4015748,0.2883834,0.5269773
141,0.40944883,0.2879017,0.5182448
141,0.41732284,0.2874194,0.5094894
141,0.42519686,0.2868045,0.5007202
141,0.43307087,0.28617874,0.4919375
141,0.44094488,0.28555188,0.48314154
141,0.4488189,0.28482473,0.47448483
141,0.4566929,0.28409737,0.46568286
141,0.46456692,0.28332564,0.4569525
141,0.47244096,0.28254113,0.44820386
141,0.48031497,0.281684,0.43953586
141,0.48818898,0.28081256,0.43071923
141,0.496063,0.27993923,0.42202896
141,0.503937,0.27896386,0.4133201
141,0.511811,0.27798203,0.4044431
141,0.51968503,0.27690527,0.39569002
141,0.52755904,0.27572894,0.38692096
141,0.53543305,0.27459854,0.37827536
141,0.54330707,0.2733646,0.36972868
141,0.5511811,0.27202523,0.36123022
141,0.5590551,0.27059624,0.35269284
141,0.56692916,0.2689937,0.34410694
141,0.5748032,0.2672956,0.33546826
141,0.5826772,0.26542157,0.32697874
141,0.5905512,0.26344487,0.3186129
141,0.5984252,0.26129836,0.31035045
141,0.6062992,0.2590372,0.30220926
141,0.61417323,0.2566163,0.29424736
141,0.62204725,0.25403473,0.28627652
141,0.62992126,0.2512651,0.2784503
141,0.63779527,0.24837385,0.2706334
141,0.6456693,0.24534865,0.26292536
141,0.6535433,0.24215102,0.25531197
141,0.6614173,0.23879184,0.2476634
141,0.6692913,0.23529851,0.2402936
141,0.6771653,0.23179553,0.23324391
141,0.68503934,0.22818333,0.22637543
141,0.6929134,0.2244622,0.21965463
141,0.7007874,0.22063673,0.2129246
141,0.70866144,0.21666312,0.20632124
141,0.71653545,0.21248552,0.19971941
141,0.72440946,0.20820479,0.1931497
141,0.7322835,0.20398265,0.1868576
141,0.7401575,0.19958498,0.18069284
141,0.7480315,0.19508786,0.17460655
141,0.7559055,0.1905511,0.16874509
141,0.7637795,0.18587156,0.16289471
141,0.77165353,0.18108171,0.15719251
141,0.77952754,0.17629533,0.15149443
141,0.78740156,0.17136303,0.14608613
141,0.79527557,0.16641411,0.14084193
141,0.8031496,0.16135931,0.13563693
141,0.8110236,0.15630068,0.13054954
141,0.81889766,0.15123275,0.12559591
141,0.8267717,0.14606981,0.120745555
141,0.8346457,0.14095555,0.11586216
141,0.8425197,0.13574395,0.11108055
141,0.8503937,0.13061894,0.10621401
141,0.8582677,0.12538256,0.101563215
141,0.86614174,0.12013612,0.09677695
141,0.87401575,0.11488236,0.09212827
141,0.88188976,0.10971903,0.08761115
141,0.8897638,0.10444826,0.0829458
141,0.8976378,0.09924151,0.07840701
141,0.9055118,0.09394953,0.07370634
141,0.9133858,0.088718,0.06898616
141,0.9212598,0.083367735,0.06424908
141,0.92913383,0.07810277,0.05949874
141,0.93700784,0.072913885,0.054726813
141,0.9448819,0.067762814,0.05005982
141,0.9527559,0.062506326,0.04544132
141,0.96062994,0.057177532,0.04073913
141,0.96850395,0.051849507,0.035951912
141,0.97637796,0.04664507,0.03117427
141,0.984252,0.041536067,0.026613172
141,0.992126,0.036480173,0.022042163
141,1.0,0.0315,0.017571429
142,0.0,0.1777,0.030285714
142,0.007874016,0.18404765,0.036211897
142,0.015748031,0.19031654,0.04211494
142,0.023622047,0.19647072,0.04848919
142,0.031496063,0.20229547,0.054638
142,0.03937008,0.20839977,0.060333118
142,0.047244094,0.21439381,0.0664703
142,0.05511811,0.21990143,0.072251536
142,0.062992126,0.22617586,0.0786527
142,0.070866145,0.2322551,0.08522158
142,0.07874016,0.238039,0.09143343
142,0.08661418,0.24354891,0.097909555
142,0.09448819,0.2491315,0.10460743
142,0.10236221,0.25483453,0.11085157
142,0.11023622,0.2607435,0.11748185
142,0.11811024,0.2667951,0.12503046
142,0.12598425,0.27222043,0.13188632
142,0.13385826,0.27764013,0.13857974
142,0.14173229,0.28369227,0.14556314
142,0.1496063,0.28954926,0.15237679
142,0.15748031,0.29520947,0.1595589
142,0.16535433,0.30035168,0.16571587
142,0.17322835,0.30640122,0.17295384
142,0.18110237,0.31173944,0.17961368
142,0.18897638,0.31729373,0.18622142
142,0.19685039,0.3227644,0.1925593
142,0.20472442,0.32845947,0.19855048
142,0.21259843,0.3345344,0.20503688
142,0.22047244,0.34040567,0.21091017
142,0.22834645,0.34657001,0.21688183
142,0.23622048,0.35284507,0.22291698
142,0.24409449,0.35886985,0.2287808
142,0.2519685,0.3651612,0.23442744
142,0.25984251,0.37162185,0.23993622
142,0.26771653,0.37801877,0.2449744
142,0.27559054,0.38450745,0.24992947
142,0.28346458,0.39090735,0.25487226
142,0.2913386,0.39736813,0.25978687
142,0.2992126,0.40379193,0.26477996
142,0.30708662,0.41045943,0.26987255
142,0.31496063,0.41715503,0.27510715
142,0.32283464,0.42391148,0.2802402
142,0.33070865,0.43052515,0.2854174
142,0.33858266,0.4371725,0.29041544
142,0.3464567,0.4438015,0.29539964
142,0.35433072,0.4504369,0.30037835
142,0.36220473,0.45693943,0.3052535
142,0.37007874,0.46348262,0.31014493
142,0.37795275,0.46995595,0.31520313
142,0.38582677,0.47645316,0.32013744
142,0.39370078,0.4827645,0.3252258
142,0.4015748,0.4890811,0.3304612
142,0.40944883,0.4955028,0.33568498
142,0.41732284,0.5019153,0.34085461
142,0.42519686,0.5084157,0.3461553
142,0.43307087,0.51489466,0.35136083
142,0.44094488,0.5213575,0.35655352
142,0.4488189,0.5277714,0.36173788
142,0.4566929,0.5342694,0.3669281
142,0.46456692,0.54079694,0.37197515
142,0.47244096,0.5472982,0.37698373
142,0.48031497,0.5538826,0.38164985
142,0.48818898,0.5604491,0.38616106
142,0.496063,0.5670976,0.39067703
142,0.503937,0.57381505,0.3952444
142,0.511811,0.5806167,0.3998835
142,0.51968503,0.5873978,0.4045474
142,0.52755904,0.5939669,0.40904778
142,0.53543305,0.60054666,0.41320422
142,0.54330707,0.6070918,0.417183
142,0.5511811,0.61402035,0.42144018
142,0.5590551,0.62094265,0.42553866
142,0.56692916,0.62777835,0.42959598
142,0.5748032,0.63444173,0.4336697
142,0.5826772,0.64109117,0.4376586
142,0.5905512,0.6478605,0.44157743
142,0.5984252,0.65468234,0.44547898
142,0.6062992,0.6615967,0.44936556
142,0.61417323,0.6685846,0.45325175
142,0.62204725,0.6754871,0.4571978
142,0.62992126,0.6823067,0.46112177
142,0.63779527,0.68914086,0.46499142
142,0.6456693,0.6960533,0.46907935
142,0.6535433,0.70281893,0.47312978
142,0.6614173,0.70965886,0.47727314
142,0.6692913,0.71643364,0.48136526
142,0.6771653,0.72322583,0.48540825
142,0.68503934,0.73004526,0.48955077
142,0.6929134,0.7368948,0.4935113
142,0.7007874,0.7437653,0.4974373
142,0.70866144,0.75072545,0.5014755
142,0.71653545,0.75766826,0.50536543
142,0.72440946,0.76467884,0.50945973
142,0.7322835,0.7715595,0.513536
142,0.7401575,0.7784028,0.51774466
142,0.7480315,0.7851852,0.5220699
142,0.7559055,0.7919594,0.5262831
142,0.7637795,0.7987176,0.5304682
142,0.77165353,0.8053546,0.53464
142,0.77952754,0.81207025,0.53879845
142,0.78740156,0.8187799,0.542801
142,0.79527557,0.82551044,0.54678655
142,0.8031496,0.8323179,0.55090094
142,0.8110236,0.8391967,0.5549981
142,0.81889766,0.8460428,0.55921817
142,0.8267717,0.85287356,0.56344354
142,0.8346457,0.8597388,0.56784976
142,0.8425197,0.86649543,0.57223874
142,0.8503937,0.8732233,0.5766088
142,0.8582677,0.87992793,0.5811063
142,0.86614174,0.8866067,0.58559155
142,0.87401575,0.8932264,0.59012926
142,0.88188976,0.8998416,0.59467256
142,0.8897638,0.9065023,0.5990015
142,0.8976378,0.9132727,0.60347307
142,0.9055118,0.9201971,0.6078077
142,0.9133858,0.92712563,0.6121433
142,0.9212598,0.9339542,0.61647886
142,0.92913383,0.9407683,0.62081426
142,0.93700784,0.94740456,0.6250503
142,0.9448819,0.9540112,0.6293371
142,0.9527559,0.9605979,0.6335756
142,0.96062994,0.9673252,0.637889
142,0.96850395,0.9740959,0.6422514
142,0.97637796,0.9808773,0.6465688
142,0.984252,0.98776084,0.65084815
142,0.992126,0.9945376,0.6550715
142,1.0,1.0013,0.6592857
143,0.0,0.2849,0.5987143
143,0.007874016,0.28252095,0.5889369
143,0.015748031,0.28026858,0.57931346
143,0.023622047,0.27840945,0.5694432
143,0.031496063,0.2767457,0.5593958
143,0.03937008,0.27535424,0.54915345
143,0.047244094,0.27418965,0.53872424
143,0.05511811,0.27337918,0.528322
143,0.062992126,0.2728713,0.5179757
143,0.070866145,0.2726,0.507528
143,0.07874016,0.2727,0.4970602
143,0.08661418,0.27311316,0.48650005
143,0.09448819,0.27379283,0.4758167
143,0.10236221,0.27474922,0.46543953
143,0.11023622,0.27599204,0.45512545
143,0.11811024,0.27748615,0.44493625
143,0.12598425,0.27931166,0.4347906
143,0.13385826,0.28156063,0.42490172
143,0.14173229,0.28420317,0.41513205
143,0.1496063,0.28723216,0.40555558
143,0.15748031,0.29062578,0.3962157
143,0.16535433,0.29433203,0.38704205
143,0.17322835,0.29829416,0.3782268
143,0.18110237,0.3026095,0.36961854
143,0.18897638,0.3071733,0.3613116
143,0.19685039,0.31208515,0.3534417
143,0.20472442,0.31719503,0.3460071
143,0.21259843,0.32262397,0.33902863
143,0.22047244,0.3282497,0.33251622
143,0.22834645,0.3342208,0.32639322
143,0.23622048,0.34054187,0.32073852
143,0.24409449,0.34702507,0.315566
143,0.2519685,0.35372812,0.31088075
143,0.25984251,0.3605488,0.3068578
143,0.26771653,0.36749095,0.30333766
143,0.27559054,0.37455952,0.3003403
143,0.28346458,0.38166118,0.29802418
143,0.2913386,0.38889143,0.29636532
143,0.2992126,0.39621326,0.2952576
143,0.30708662,0.40354824,0.29485714
143,0.31496063,0.41104707,0.29501
143,0.32283464,0.41849828,0.29573447
143,0.33070865,0.42581728,0.2969015
143,0.33858266,0.4329332,0.29866663
143,0.3464567,0.43989447,0.30075732
143,0.35433072,0.44678232,0.30347323
143,0.36220473,0.4537305,0.3066852
143,0.37007874,0.460742,0.31055158
143,0.37795275,0.46760428,0.3146567
143,0.38582677,0.4743439,0.31931707
143,0.39370078,0.48088822,0.32416755
143,0.4015748,0.48726073,0.32924432
143,0.40944883,0.49348286,0.33459184
143,0.41732284,0.4995964,0.34013933
143,0.42519686,0.505685,0.345887
143,0.43307087,0.5117507,0.3518436
143,0.44094488,0.51796496,0.35785854
143,0.4488189,0.52402407,0.363642
143,0.4566929,0.53012276,0.3693074
143,0.46456692,0.53625625,0.37484822
143,0.47244096,0.5424331,0.38012478
143,0.48031497,0.5486925,0.38539577
143,0.48818898,0.5550014,0.3905724
143,0.496063,0.561328,0.39544857
143,0.503937,0.5678914,0.40011188
143,0.511811,0.5745214,0.40441045
143,0.51968503,0.58127904,0.40861535
143,0.52755904,0.58797234,0.41258562
143,0.53543305,0.5947372,0.41653085
143,0.54330707,0.6014588,0.42035425
143,0.5511811,0.6081535,0.42414486
143,0.5590551,0.61509323,0.42786708
143,0.56692916,0.622156,0.43136
143,0.5748032,0.6292234,0.43475738
143,0.5826772,0.6363515,0.43809485
143,0.5905512,0.6433577,0.4413769
143,0.5984252,0.65024644,0.44458207
143,0.6062992,0.65720284,0.4479455
143,0.61417323,0.6642184,0.4514315
143,0.62204725,0.6712133,0.45505008
143,0.62992126,0.67828894,0.45879507
143,0.63779527,0.68532956,0.46239358
143,0.6456693,0.69221514,0.46595785
143,0.6535433,0.6989438,0.4694938
143,0.6614173,0.7055095,0.4729985
143,0.6692913,0.71213615,0.47658604
143,0.6771653,0.71883065,0.48015928
143,0.68503934,0.72570586,0.48398528
143,0.6929134,0.732649,0.48797086
143,0.7007874,0.7396463,0.49196935
143,0.70866144,0.74653906,0.4960417
143,0.71653545,0.7534255,0.50002176
143,0.72440946,0.760112,0.50389254
143,0.7322835,0.7667117,0.5078067
143,0.7401575,0.77339053,0.51167613
143,0.7480315,0.780199,0.51564777
143,0.7559055,0.78700346,0.5195364
143,0.7637795,0.7939169,0.523359
143,0.77165353,0.80074525,0.527275
143,0.77952754,0.8076081,0.53114235
143,0.78740156,0.81447184,0.5350474
143,0.79527557,0.8213348,0.53887844
143,0.8031496,0.8281164,0.54289067
143,0.8110236,0.83485126,0.5468273
143,0.81889766,0.8416644,0.5509543
143,0.8267717,0.84836733,0.5549464
143,0.8346457,0.85510033,0.5590335
143,0.8425197,0.8618707,0.56322473
143,0.8503937,0.8685802,0.5673782
143,0.8582677,0.87537074,0.5715479
143,0.86614174,0.88209593,0.5758084
143,0.87401575,0.8888706,0.58003634
143,0.88188976,0.89569014,0.5842487
143,0.8897638,0.90247905,0.5885441
143,0.8976378,0.90923035,0.5927944
143,0.9055118,0.9159263,0.5969271
143,0.9133858,0.9226728,0.60100085
143,0.9212598,0.92937225,0.6051134
143,0.92913383,0.9360323,0.6092077
143,0.93700784,0.94275975,0.6132534
143,0.9448819,0.94943106,0.6173305
143,0.9527559,0.95621705,0.6215861
143,0.96062994,0.9630683,0.62580776
143,0.96850395,0.9699203,0.63018924
143,0.97637796,0.9767599,0.6345584
143,0.984252,0.9835649,0.63891226
143,0.992126,0.99034476,0.64324987
143,1.0,0.9971,0.64757144
144,0.0,0.2819,0.45785713
144,0.007874016,0.28161043,0.45427683
144,0.015748031,0.2813203,0.4505467
144,0.023622047,0.2811297,0.44681033
144,0.031496063,0.2808382,0.44306257
144,0.03937008,0.28054553,0.43933854
144,0.047244094,0.28032595,0.43566695
144,0.05511811,0.280057,0.4318757
144,0.062992126,0.27976072,0.4280665
144,0.070866145,0.27946284,0.4242366
144,0.07874016,0.27916476,0.42050064
144,0.08661418,0.27886885,0.41674227
144,0.09448819,0.27857217,0.4130192
144,0.10236221,0.2782743,0.40938386
144,0.11023622,0.27797508,0.40562585
144,0.11811024,0.27767462,0.4019775
144,0.12598425,0.27737278,0.39831224
144,0.13385826,0.27706963,0.39463127
144,0.14173229,0.2767647,0.39092827
144,0.1496063,0.27645823,0.38720706
144,0.15748031,0.2760753,0.38346675
144,0.16535433,0.27574036,0.37988967
144,0.17322835,0.275429,0.37633172
144,0.18110237,0.27507427,0.37261346
144,0.18897638,0.27470195,0.36902228
144,0.19685039,0.27438608,0.36541224
144,0.20472442,0.273969,0.3616458
144,0.21259843,0.27357563,0.3580049
144,0.22047244,0.27319595,0.35435015
144,0.22834645,0.27280983,0.35081962
144,0.23622048,0.272332,0.3471486
144,0.24409449,0.2718489,0.34346777
144,0.2519685,0.2713658,0.33989853
144,0.25984251,0.27088258,0.33630404
144,0.26771653,0.27029866,0.33270463
144,0.27559054,0.26975247,0.32915694
144,0.28346458,0.26912928,0.32563773
144,0.2913386,0.2684723,0.3220449
144,0.2992126,0.26780948,0.31848282
144,0.30708662,0.26715025,0.3149154
144,0.31496063,0.26633796,0.31130555
144,0.32283464,0.2655245,0.3076765
144,0.33070865,0.2647109,0.30404988
144,0.33858266,0.26389733,0.30047345
144,0.3464567,0.2629837,0.2969302
144,0.35433072,0.26217014,0.29356623
144,0.36220473,0.2612066,0.29009494
144,0.37007874,0.26022816,0.2867434
144,0.37795275,0.2592483,0.28324386
144,0.38582677,0.2582665,0.27988034
144,0.39370078,0.25718164,0.2765103
144,0.4015748,0.25612703,0.27312353
144,0.40944883,0.25500482,0.26977795
144,0.41732284,0.25381556,0.2663274
144,0.42519686,0.25265107,0.263003
144,0.43307087,0.25145596,0.25981846
144,0.44094488,0.25021988,0.25648537
144,0.4488189,0.24894981,0.25328517
144,0.4566929,0.24764594,0.25007915
144,0.46456692,0.24630405,0.24686654
144,0.47244096,0.24495809,0.24374199
144,0.48031497,0.24350944,0.24061121
144,0.48818898,0.2421519,0.23761503
144,0.496063,0.24070114,0.23446694
144,0.503937,0.23923753,0.23144428
144,0.511811,0.23774844,0.22840156
144,0.51968503,0.23619181,0.22531773
144,0.52755904,0.23461951,0.2223229
144,0.53543305,0.23303004,0.21915245
144,0.54330707,0.23142135,0.2160883
144,0.5511811,0.22969273,0.21298729
144,0.5590551,0.2280413,0.20998344
144,0.56692916,0.22626448,0.20703322
144,0.5748032,0.22455925,0.20419869
144,0.5826772,0.22282493,0.20138878
144,0.5905512,0.22110625,0.19879575
144,0.5984252,0.21935296,0.1962185
144,0.6062992,0.2175104,0.19366401
144,0.61417323,0.2156881,0.1912687
144,0.62204725,0.21378821,0.18881042
144,0.62992126,0.21179886,0.18656997
144,0.63779527,0.20985366,0.18419397
144,0.6456693,0.2077558,0.18196677
144,0.6535433,0.20560187,0.17971607
144,0.6614173,0.20343111,0.17760476
144,0.6692913,0.2012076,0.1754358
144,0.6771653,0.19905898,0.17342776
144,0.68503934,0.1968657,0.17136222
144,0.6929134,0.19473737,0.16937265
144,0.7007874,0.19261946,0.16744445
144,0.70866144,0.19050157,0.16528732
144,0.71653545,0.18836732,0.16317742
144,0.72440946,0.18616392,0.16102847
144,0.7322835,0.18402012,0.15878107
144,0.7401575,0.18191989,0.15659416
144,0.7480315,0.17985983,0.15438554
144,0.7559055,0.17784424,0.15229739
144,0.7637795,0.1756904,0.15009685
144,0.77165353,0.17353795,0.14803615
144,0.77952754,0.1712541,0.1458829
144,0.78740156,0.1693221,0.14414285
144,0.79527557,0.16914782,0.14378259
144,0.8031496,0.1673725,0.14198035
144,0.8110236,0.16524914,0.13999918
144,0.81889766,0.16290148,0.13792962
144,0.8267717,0.16074711,0.13590762
144,0.8346457,0.15863231,0.13385627
144,0.8425197,0.15655297,0.13197483
144,0.8503937,0.15446357,0.12993284
144,0.8582677,0.15234587,0.12798558
144,0.86614174,0.15023412,0.12585798
144,0.87401575,0.147891,0.12367053
144,0.88188976,0.1456695,0.121544205
144,0.8897638,0.14344293,0.11950262
144,0.8976378,0.14116453,0.11749002
144,0.9055118,0.13893516,0.115472354
144,0.9133858,0.13667086,0.11344843
144,0.9212598,0.13446401,0.11144192
144,0.92913383,0.13230516,0.10948111
144,0.93700784,0.13018978,0.10756267
144,0.9448819,0.12799467,0.10565182
144,0.9527559,0.12582633,0.10362633
144,0.96062994,0.123625025,0.10162015
144,0.96850395,0.121381775,0.09948992
144,0.97637796,0.11905491,0.097374596
144,0.984252,0.11674537,0.095275015
144,0.992126,0.11445801,0.093195595
144,1.0,0.1122,0.091
145,0.0,0.2161,0.94714284
145,0.007874016,0.21781875,0.94163394
145,0.015748031,0.21953432,0.93592536
145,0.023622047,0.22135189,0.92994034
145,0.031496063,0.22323518,0.9240298
145,0.03937008,0.22503753,0.9180356
145,0.047244094,0.22678553,0.9122387
145,0.05511811,0.2285009,0.90671104
145,0.062992126,0.23005639,0.90155315
145,0.070866145,0.23167983,0.89640033
145,0.07874016,0.23337501,0.8908214
145,0.08661418,0.23508939,0.88523704
145,0.09448819,0.23678765,0.87991005
145,0.10236221,0.23876475,0.87415105
145,0.11023622,0.2406349,0.8683288
145,0.11811024,0.24170287,0.8627102
145,0.12598425,0.24333254,0.85809636
145,0.13385826,0.24502504,0.85235703
145,0.14173229,0.24667037,0.846963
145,0.1496063,0.24822679,0.84163773
145,0.15748031,0.24988487,0.8359552
145,0.16535433,0.2516547,0.8299866
145,0.17322835,0.25345019,0.82378495
145,0.18110237,0.25525627,0.81760484
145,0.18897638,0.25696138,0.811767
145,0.19685039,0.25856414,0.8062148
145,0.20472442,0.26015157,0.80080354
145,0.21259843,0.26182038,0.79497
145,0.22047244,0.26361683,0.788773
145,0.22834645,0.26532435,0.7825211
145,0.23622048,0.2669488,0.7767526
145,0.24409449,0.2682,0.7722857
145,0.2519685,0.2689849,0.7686576
145,0.25984251,0.2707344,0.76209146
145,0.26771653,0.272219,0.75617707
145,0.27559054,0.27359715,0.75058156
145,0.28346458,0.27499315,0.74445796
145,0.2913386,0.27637434,0.7383774
145,0.2992126,0.2778076,0.7323301
145,0.30708662,0.2792282,0.72691935
145,0.31496063,0.28069106,0.72159696
145,0.32283464,0.28208643,0.7160484
145,0.33070865,0.28355825,0.710179
145,0.33858266,0.28489912,0.7044323
145,0.3464567,0.28611642,0.698775
145,0.35433072,0.2871624,0.6930903
145,0.36220473,0.28813726,0.68726045
145,0.37007874,0.2890681,0.68127656
145,0.37795275,0.28993142,0.6752041
145,0.38582677,0.29064012,0.6690419
145,0.39370078,0.29125196,0.6630409
145,0.4015748,0.2918327,0.6568628
145,0.40944883,0.292331,0.6507834
145,0.41732284,0.29270154,0.64468575
145,0.42519686,0.2930254,0.63863504
145,0.43307087,0.29333848,0.6325714
145,0.44094488,0.29354233,0.6265216
145,0.4488189,0.2937,0.62033254
145,0.4566929,0.2938,0.6141622
145,0.46456692,0.2938,0.60797143
145,0.47244096,0.2938,0.60178155
145,0.48031497,0.2937449,0.595455
145,0.48818898,0.29367733,0.58919615
145,0.496063,0.29351342,0.58304006
145,0.503937,0.2934,0.57684904
145,0.511811,0.29319444,0.5707304
145,0.51968503,0.293,0.56465644
145,0.52755904,0.29278523,0.55864143
145,0.53543305,0.29253355,0.5525293
145,0.54330707,0.29218352,0.5464565
145,0.5511811,0.2918698,0.54032594
145,0.5590551,0.29157594,0.5341364
145,0.56692916,0.2911861,0.5280453
145,0.5748032,0.29079995,0.5219986
145,0.5826772,0.29041722,0.515793
145,0.5905512,0.29003808,0.5097753
145,0.5984252,0.28966182,0.5036793
145,0.6062992,0.2891884,0.49756515
145,0.61417323,0.28880882,0.4915128
145,0.62204725,0.28834906,0.4853452
145,0.62992126,0.28788236,0.4792605
145,0.63779527,0.2874169,0.4730865
145,0.6456693,0.2869527,0.4669634
145,0.6535433,0.2863891,0.46085992
145,0.6614173,0.28592533,0.45475435
145,0.6692913,0.28534,0.44848588
145,0.6771653,0.28473905,0.4423348
145,0.68503934,0.28413516,0.4361586
145,0.6929134,0.28352714,0.4300551
145,0.7007874,0.28281447,0.42383838
145,0.70866144,0.28209633,0.41782746
145,0.71653545,0.28137144,0.41189805
145,0.72440946,0.28054008,0.4058958
145,0.7322835,0.27966893,0.3999653
145,0.7401575,0.27877513,0.3940276
145,0.7480315,0.27780366,0.38812312
145,0.7559055,0.2768581,0.38218915
145,0.7637795,0.27573574,0.37620422
145,0.77165353,0.27460602,0.37031326
145,0.77952754,0.2734069,0.36451724
145,0.78740156,0.27219704,0.35867214
145,0.79527557,0.27087533,0.35277292
145,0.8031496,0.26954162,0.34689268
145,0.8110236,0.26809624,0.34112674
145,0.81889766,0.26664624,0.33530802
145,0.8267717,0.26510257,0.3296752
145,0.8346457,0.26354438,0.32400513
145,0.8425197,0.26197132,0.31842825
145,0.8503937,0.26028362,0.3128025
145,0.8582677,0.2585816,0.3072526
145,0.86614174,0.25676522,0.30165422
145,0.87401575,0.25493407,0.29615313
145,0.88188976,0.25303861,0.29061264
145,0.8897638,0.2510867,0.28516886
145,0.8976378,0.24912058,0.27968726
145,0.9055118,0.24704027,0.27431095
145,0.9133858,0.24504551,0.2689482
145,0.9212598,0.24290249,0.2636482
145,0.92913383,0.24073394,0.25849128
145,0.93700784,0.23853211,0.25339863
145,0.9448819,0.23630048,0.24835819
145,0.9527559,0.23401658,0.24339269
145,0.96062994,0.2316394,0.23844156
145,0.96850395,0.22906822,0.23336047
145,0.97637796,0.22648133,0.22829777
145,0.984252,0.22373556,0.22311534
145,0.992126,0.22110672,0.2182657
145,1.0,0.2185,0.21357143
146,0.0,0.9944,0.7325714
146,0.007874016,0.9856107,0.72739357
146,0.015748031,0.97665983,0.7220979
146,0.023622047,0.96770674,0.7167829
146,0.031496063,0.958652,0.71154207
146,0.03937008,0.9497052,0.7063264
146,0.047244094,0.94093883,0.70114857
146,0.05511811,0.9321676,0.69601375
146,0.062992126,0.92344934,0.69088846
146,0.070866145,0.9145812,0.68575937
146,0.07874016,0.90578175,0.6805019
146,0.08661418,0.89705133,0.6752487
146,0.09448819,0.88824546,0.6699927
146,0.10236221,0.879458,0.66462034
146,0.11023622,0.8707067,0.6592902
146,0.11811024,0.8619411,0.65393776
146,0.12598425,0.8530476,0.6486822
146,0.13385826,0.84424454,0.6434091
146,0.14173229,0.83545357,0.638332
146,0.1496063,0.82662,0.63317853
146,0.15748031,0.8178781,0.62802476
146,0.16535433,0.8091146,0.62289256
146,0.17322835,0.8003713,0.6177995
146,0.18110237,0.7915966,0.6127695
146,0.18897638,0.78262377,0.6079564
146,0.19685039,0.7737324,0.60330427
146,0.20472442,0.7647727,0.59866524
146,0.21259843,0.7558691,0.59375817
146,0.22047244,0.7470011,0.5888896
146,0.22834645,0.7381162,0.5842325
146,0.23622048,0.72907406,0.57979715
146,0.24409449,0.719854,0.5757232
146,0.2519685,0.71061134,0.57181495
146,0.25984251,0.70169157,0.5679613
146,0.26771653,0.6930006,0.5644765
146,0.27559054,0.6838586,0.56128794
146,0.28346458,0.674126,0.55841094
146,0.2913386,0.66429716,0.55604696
146,0.2992126,0.65491074,0.5541962
146,0.30708662,0.64543915,0.55282325
146,0.31496063,0.6355619,0.5518571
146,0.32283464,0.62580687,0.55142856
146,0.33070865,0.61624235,0.5517143
146,0.33858266,0.60706383,0.55228573
146,0.3464567,0.5988311,0.554
146,0.35433072,0.5895193,0.55673075
146,0.36220473,0.580515,0.56051666
146,0.37007874,0.5716356,0.5655743
146,0.37795275,0.5627269,0.57155216
146,0.38582677,0.5540788,0.57794374
146,0.39370078,0.5458516,0.5840483
146,0.4015748,0.53754395,0.5903972
146,0.40944883,0.5287729,0.596973
146,0.41732284,0.519972,0.60359144
146,0.42519686,0.51120704,0.60986197
146,0.43307087,0.50272024,0.6158722
146,0.44094488,0.49426606,0.6214988
146,0.4488189,0.48566416,0.62684065
146,0.4566929,0.47687954,0.6316288
146,0.46456692,0.4678983,0.6357865
146,0.47244096,0.45872045,0.6392788
146,0.48031497,0.44928482,0.6420036
146,0.48818898,0.43975717,0.64402264
146,0.496063,0.43018568,0.64524716
146,0.503937,0.42054942,0.6455714
146,0.511811,0.41105443,0.645162
146,0.51968503,0.40150204,0.6438875
146,0.52755904,0.39208922,0.6416315
146,0.53543305,0.38295007,0.6386707
146,0.54330707,0.37390473,0.6346213
146,0.5511811,0.36515495,0.6295587
146,0.5590551,0.356613,0.6233754
146,0.56692916,0.34840864,0.6163021
146,0.5748032,0.34055328,0.60839826
146,0.5826772,0.3332731,0.5994594
146,0.5905512,0.32647684,0.5898115
146,0.5984252,0.32030407,0.5794839
146,0.6062992,0.3147415,0.5684461
146,0.61417323,0.30985537,0.556836
146,0.62204725,0.3054803,0.544766
146,0.62992126,0.3016405,0.5323875
146,0.63779527,0.29832366,0.51968837
146,0.6456693,0.2954173,0.50680494
146,0.6535433,0.29282895,0.4936447
146,0.6614173,0.2905746,0.480269
146,0.6692913,0.28849223,0.46701035
146,0.6771653,0.28662112,0.4535945
146,0.68503934,0.28480327,0.44019294
146,0.6929134,0.2829441,0.42680413
146,0.7007874,0.2810793,0.4135085
146,0.70866144,0.27906743,0.40015733
146,0.71653545,0.27685475,0.38687125
146,0.72440946,0.2745398,0.37364653
146,0.7322835,0.27195245,0.36053187
146,0.7401575,0.26928988,0.34756473
146,0.7480315,0.26636407,0.334913
146,0.7559055,0.26325512,0.32229644
146,0.7637795,0.25984833,0.30966035
146,0.77165353,0.25617617,0.29686114
146,0.77952754,0.2522084,0.284221
146,0.78740156,0.24795508,0.27187166
146,0.79527557,0.24342145,0.25964996
146,0.8031496,0.23857537,0.24772069
146,0.8110236,0.23354384,0.23642495
146,0.81889766,0.22823513,0.22534028
146,0.8267717,0.22252798,0.2144551
146,0.8346457,0.21651715,0.20386192
146,0.8425197,0.21025652,0.19342753
146,0.8503937,0.20377007,0.18329334
146,0.8582677,0.19702163,0.17360234
146,0.86614174,0.19015723,0.16415624
146,0.87401575,0.1830096,0.15485595
146,0.88188976,0.17572254,0.146048
146,0.8897638,0.16826396,0.13751216
146,0.8976378,0.16075508,0.129366
146,0.9055118,0.15310891,0.12147469
146,0.9133858,0.14531404,0.11372824
146,0.9212598,0.13755383,0.106159076
146,0.92913383,0.12967062,0.09863868
146,0.93700784,0.121683285,0.091317415
146,0.9448819,0.11361767,0.08390759
146,0.9527559,0.105514705,0.07655059
146,0.96062994,0.09746566,0.06910003
146,0.96850395,0.08936052,0.061832473
146,0.97637796,0.081185296,0.05444941
146,0.984252,0.07313842,0.047092274
146,0.992126,0.06501173,0.039753582
146,1.0,0.0569,0.032571428
147,0.0,0.1787,0.033142857
147,0.007874016,0.18474145,0.038761668
147,0.015748031,0.1908859,0.04459757
147,0.023622047,0.1970089,0.05048033
147,0.031496063,0.20305555,0.056284122
147,0.03937008,0.20907217,0.062191308
147,0.047244094,0.21509549,0.06824517
147,0.05511811,0.22081757,0.074075565
147,0.062992126,0.22630791,0.079914175
147,0.070866145,0.2319473,0.08585407
147,0.07874016,0.23773089,0.09203531
147,0.08661418,0.24325836,0.09795242
147,0.09448819,0.24884844,0.10406919
147,0.10236221,0.25416288,0.10996466
147,0.11023622,0.25988084,0.11650715
147,0.11811024,0.26542735,0.12308776
147,0.12598425,0.27099887,0.1296593
147,0.13385826,0.27643424,0.13616504
147,0.14173229,0.2818524,0.14287606
147,0.1496063,0.28719243,0.14933422
147,0.15748031,0.29259148,0.15575628
147,0.16535433,0.29801005,0.1622977
147,0.17322835,0.30354765,0.16879961
147,0.18110237,0.3094409,0.17552552
147,0.18897638,0.31541252,0.18221313
147,0.19685039,0.32150304,0.18878913
147,0.20472442,0.327384,0.19479999
147,0.21259843,0.33321434,0.20058508
147,0.22047244,0.3391131,0.20601122
147,0.22834645,0.34514168,0.21126428
147,0.23622048,0.3512699,0.21637419
147,0.24409449,0.35755196,0.2213096
147,0.2519685,0.3637914,0.22606012
147,0.25984251,0.37021413,0.23072438
147,0.26771653,0.37650436,0.23514597
147,0.27559054,0.38279048,0.23959865
147,0.28346458,0.38903913,0.24394228
147,0.2913386,0.39550662,0.24843329
147,0.2992126,0.40201244,0.25306106
147,0.30708662,0.40852877,0.25766343
147,0.31496063,0.41494352,0.26238823
147,0.32283464,0.4213858,0.26698986
147,0.33070865,0.42771798,0.27168012
147,0.33858266,0.43409047,0.27638063
147,0.3464567,0.44043365,0.28119075
147,0.35433072,0.44669297,0.28592354
147,0.36220473,0.45305333,0.2907746
147,0.37007874,0.4593595,0.29556584
147,0.37795275,0.46572354,0.3003716
147,0.38582677,0.4720623,0.30534223
147,0.39370078,0.478402,0.3103805
147,0.4015748,0.48474905,0.31534395
147,0.40944883,0.49098253,0.32034257
147,0.41732284,0.4973226,0.3253998
147,0.42519686,0.50348955,0.3305389
147,0.43307087,0.5097339,0.33568624
147,0.44094488,0.5160263,0.3407982
147,0.4488189,0.52226114,0.34599528
147,0.4566929,0.52844435,0.35129517
147,0.46456692,0.5346765,0.35640845
147,0.47244096,0.5409459,0.36162573
147,0.48031497,0.54712903,0.36666128
147,0.48818898,0.5533668,0.3718023
147,0.496063,0.55966413,0.37676713
147,0.503937,0.5659195,0.3816974
147,0.511811,0.5722131,0.38663408
147,0.51968503,0.5785298,0.39145592
147,0.52755904,0.584908,0.3962493
147,0.53543305,0.59132653,0.4008761
147,0.54330707,0.59776795,0.4054771
147,0.5511811,0.6042033,0.40990868
147,0.5590551,0.61074066,0.41431475
147,0.56692916,0.6172575,0.41857374
147,0.5748032,0.6238768,0.42260584
147,0.5826772,0.6304571,0.4266129
147,0.5905512,0.6370495,0.430514
147,0.5984252,0.643664,0.43429372
147,0.6062992,0.65033007,0.437911
147,0.61417323,0.6569542,0.44160813
147,0.62204725,0.6636232,0.4451316
147,0.62992126,0.6702686,0.44862297
147,0.63779527,0.67702305,0.45208275
147,0.6456693,0.6837131,0.45551088
147,0.6535433,0.69040716,0.45890817
147,0.6614173,0.6971804,0.46237943
147,0.6692913,0.7039731,0.46576068
147,0.6771653,0.71083724,0.46918684
147,0.68503934,0.7177325,0.4727356
147,0.6929134,0.7246027,0.4761809
147,0.7007874,0.7315282,0.4796803
147,0.70866144,0.7384113,0.48318967
147,0.71653545,0.7451608,0.48672777
147,0.72440946,0.7519811,0.49030015
147,0.7322835,0.75872046,0.49376327
147,0.7401575,0.765453,0.4973587
147,0.7480315,0.7721166,0.50100946
147,0.7559055,0.7788323,0.5046731
147,0.7637795,0.7855118,0.508394
147,0.77165353,0.79225177,0.51214385
147,0.77952754,0.798888,0.5159932
147,0.78740156,0.8056224,0.5198414
147,0.79527557,0.81225395,0.5236872
147,0.8031496,0.81898284,0.52753305
147,0.8110236,0.82561165,0.53149694
147,0.81889766,0.8322608,0.5353635
147,0.8267717,0.8388939,0.5393493
147,0.8346457,0.8455313,0.5433377
147,0.8425197,0.85217,0.54740125
147,0.8503937,0.8587575,0.5513821
147,0.8582677,0.8653567,0.5553635
147,0.86614174,0.8719029,0.55948925
147,0.87401575,0.8784746,0.56347424
147,0.88188976,0.8851021,0.56760216
147,0.8897638,0.8916517,0.5717301
147,0.8976378,0.8982012,0.57585794
147,0.9055118,0.9047509,0.57998586
147,0.9133858,0.9113005,0.5841138
147,0.9212598,0.91785,0.58824164
147,0.92913383,0.92439604,0.59236723
147,0.93700784,0.93093973,0.59649146
147,0.9448819,0.9375803,0.60075647
147,0.9527559,0.9441182,0.604877
147,0.96062994,0.95065546,0.6090541
147,0.96850395,0.9571884,0.6132574
147,0.97637796,0.96382016,0.6175169
147,0.984252,0.97034746,0.6216538
147,0.992126,0.9768818,0.6258868
147,1.0,0.9835,0.63014287
148,0.0,0.2065,0.95442855
148,0.007874016,0.20847242,0.9476699
148,0.015748031,0.21063747,0.9405537
148,0.023622047,0.21273886,0.93340486
148,0.031496063,0.21481682,0.9263249
148,0.03937008,0.21680531,0.9190776
148,0.047244094,0.21885991,0.9119717
148,0.05511811,0.22096631,0.90483457
148,0.062992126,0.22312596,0.8974073
148,0.070866145,0.22538044,0.889913
148,0.07874016,0.22757871,0.8825046
148,0.08661418,0.22984022,0.875092
148,0.09448819,0.23199807,0.8679354
148,0.10236221,0.23424077,0.86074066
148,0.11023622,0.23654184,0.8534971
148,0.11811024,0.23879747,0.84647244
148,0.12598425,0.24111943,0.8394929
148,0.13385826,0.24338305,0.83247703
148,0.14173229,0.24565665,0.8255524
148,0.1496063,0.24800187,0.818244
148,0.15748031,0.25014126,0.81106687
148,0.16535433,0.25225064,0.80403346
148,0.17322835,0.2543623,0.7969649
148,0.18110237,0.2565697,0.78989387
148,0.18897638,0.2587273,0.78279984
148,0.19685039,0.2608592,0.77607113
148,0.20472442,0.26297414,0.76920295
148,0.21259843,0.26513314,0.7622546
148,0.22047244,0.26721755,0.7549891
148,0.22834645,0.26939926,0.7475739
148,0.23622048,0.2713865,0.74005145
148,0.24409449,0.27339554,0.7325408
148,0.2519685,0.2753318,0.7249975
148,0.25984251,0.2771042,0.7176367
148,0.26771653,0.27884138,0.7103133
148,0.27559054,0.2804794,0.7028452
148,0.28346458,0.28213492,0.6953062
148,0.2913386,0.2836024,0.6875871
148,0.2992126,0.28494263,0.67985356
148,0.30708662,0.28609306,0.6720627
148,0.31496063,0.28714696,0.66433704
148,0.32283464,0.28793058,0.6565134
148,0.33070865,0.28849483,0.64871305
148,0.33858266,0.2889291,0.6408828
148,0.3464567,0.2892,0.63297874
148,0.35433072,0.2893,0.62507236
148,0.36220473,0.2893,0.61715466
148,0.37007874,0.2892429,0.6094496
148,0.37795275,0.2891,0.6016095
148,0.38582677,0.28897417,0.59372735
148,0.39370078,0.2887,0.58590585
148,0.4015748,0.28849626,0.57789844
148,0.40944883,0.28810486,0.5699231
148,0.41732284,0.28770947,0.5619791
148,0.42519686,0.28730538,0.5540693
148,0.43307087,0.28679034,0.5463045
148,0.44094488,0.2862618,0.538536
148,0.4488189,0.28561753,0.530713
148,0.4566929,0.28495556,0.5229207
148,0.46456692,0.28427362,0.51512694
148,0.47244096,0.28366965,0.5072245
148,0.48031497,0.283045,0.49944994
148,0.48818898,0.2825005,0.4918673
148,0.496063,0.28191948,0.48438984
148,0.503937,0.2813617,0.47690266
148,0.511811,0.28083545,0.46928066
148,0.51968503,0.28016895,0.4614973
148,0.52755904,0.27945662,0.45356622
148,0.53543305,0.27873346,0.44559643
148,0.54330707,0.27789736,0.43768963
148,0.5511811,0.27704173,0.4298875
148,0.5590551,0.27605978,0.42222667
148,0.56692916,0.2751415,0.41449854
148,0.5748032,0.2740782,0.4066859
148,0.5826772,0.2730629,0.3989943
148,0.5905512,0.27204165,0.39130938
148,0.5984252,0.2710182,0.3835326
148,0.6062992,0.27001628,0.37575763
148,0.61417323,0.268785,0.36799288
148,0.62204725,0.2675138,0.36052722
148,0.62992126,0.2661762,0.3530408
148,0.63779527,0.265,0.34584072
148,0.6456693,0.26359558,0.33870167
148,0.6535433,0.26221448,0.33165413
148,0.6614173,0.2613038,0.32445586
148,0.6692913,0.25993767,0.3168757
148,0.6771653,0.25832543,0.3093826
148,0.68503934,0.25660548,0.30216628
148,0.6929134,0.2547868,0.29474655
148,0.7007874,0.25287503,0.28722334
148,0.70866144,0.25094402,0.27957952
148,0.71653545,0.24897936,0.2722662
148,0.72440946,0.24691984,0.26495373
148,0.7322835,0.2448206,0.2578733
148,0.7401575,0.24255332,0.2508444
148,0.7480315,0.24020393,0.24386837
148,0.7559055,0.23765473,0.2370135
148,0.7637795,0.2349389,0.23019348
148,0.77165353,0.23204398,0.22348566
148,0.77952754,0.2289866,0.21683036
148,0.78740156,0.22578463,0.21034667
148,0.79527557,0.2224611,0.20387226
148,0.8031496,0.21909529,0.1975273
148,0.8110236,0.2157085,0.19144274
148,0.81889766,0.21228543,0.18533112
148,0.8267717,0.20885624,0.1794162
148,0.8346457,0.20537543,0.1735639
148,0.8425197,0.20175964,0.16776864
148,0.8503937,0.19813766,0.16208825
148,0.8582677,0.1943667,0.15666671
148,0.86614174,0.19045915,0.15121314
148,0.87401575,0.18647173,0.14592895
148,0.88188976,0.18237568,0.14077607
148,0.8897638,0.17807429,0.13577892
148,0.8976378,0.1736755,0.13081633
148,0.9055118,0.16927268,0.1260389
148,0.9133858,0.16481812,0.12130512
148,0.9212598,0.16032054,0.11669197
148,0.92913383,0.15581171,0.1121064
148,0.93700784,0.15119652,0.10771097
148,0.9448819,0.14662205,0.10321147
148,0.9527559,0.14208049,0.09888618
148,0.96062994,0.13742414,0.09453001
148,0.96850395,0.1328055,0.090147845
148,0.97637796,0.12810554,0.085784614
148,0.984252,0.123423874,0.08147625
148,0.992126,0.11875556,0.07723232
148,1.0,0.1141,0.073
149,0.0,0.1686,0.033714287
149,0.007874016,0.17489964,0.039845794
149,0.015748031,0.18128353,0.046203494
149,0.023622047,0.18762372,0.05235583
149,0.031496063,0.19392648,0.05873581
149,0.03937008,0.19997382,0.064900525
149,0.047244094,0.20597677,0.0711618
149,0.05511811,0.21176152,0.07721977
149,0.062992126,0.21746293,0.08324536
149,0.070866145,0.2231693,0.08935642
149,0.07874016,0.22896877,0.09559185
149,0.08661418,0.23497424,0.102094404
149,0.09448819,0.24094217,0.108616605
149,0.10236221,0.24683039,0.1151076
149,0.11023622,0.25238246,0.1211489
149,0.11811024,0.2578182,0.1270552
149,0.12598425,0.2633452,0.13304843
149,0.13385826,0.26895735,0.13912147
149,0.14173229,0.2747202,0.14539842
149,0.1496063,0.2803909,0.15172157
149,0.15748031,0.28618333,0.15834315
149,0.16535433,0.2919471,0.16481361
149,0.17322835,0.29772794,0.17128263
149,0.18110237,0.3035372,0.17765935
149,0.18897638,0.3092051,0.18400514
149,0.19685039,0.314869,0.19006221
149,0.20472442,0.3204629,0.1960674
149,0.21259843,0.32619482,0.2020427
149,0.22047244,0.33210486,0.20783181
149,0.22834645,0.33824182,0.21377455
149,0.23622048,0.34441027,0.21959527
149,0.24409449,0.35063875,0.22528598
149,0.2519685,0.35681793,0.2308594
149,0.25984251,0.36307484,0.23632942
149,0.26771653,0.36934575,0.24170744
149,0.27559054,0.37561905,0.24714597
149,0.28346458,0.38192365,0.25239944
149,0.2913386,0.38818392,0.2576392
149,0.2992126,0.39444453,0.2628027
149,0.30708662,0.40075067,0.26787558
149,0.31496063,0.4069936,0.27301204
149,0.32283464,0.41332102,0.27806515
149,0.33070865,0.41969195,0.28318784
149,0.33858266,0.42610344,0.28823704
149,0.3464567,0.43255246,0.29335904
149,0.35433072,0.43895072,0.29842362
149,0.36220473,0.44548005,0.30345607
149,0.37007874,0.45196152,0.3086236
149,0.37795275,0.45856202,0.3136087
149,0.38582677,0.46507874,0.31869742
149,0.39370078,0.47155118,0.32361203
149,0.4015748,0.47799435,0.32850078
149,0.40944883,0.4844355,0.3333639
149,0.41732284,0.49088162,0.33820763
149,0.42519686,0.49734643,0.34303316
149,0.43307087,0.50381976,0.34779984
149,0.44094488,0.5102767,0.35250255
149,0.4488189,0.5168049,0.35715112
149,0.4566929,0.5232445,0.36187306
149,0.46456692,0.5298043,0.3665033
149,0.47244096,0.5363375,0.37111452
149,0.48031497,0.5428929,0.3756355
149,0.48818898,0.5495169,0.38027766
149,0.496063,0.5560635,0.3847566
149,0.503937,0.56267655,0.38921535
149,0.511811,0.5693054,0.39351287
149,0.51968503,0.57592833,0.39792368
149,0.52755904,0.5825643,0.40226892
149,0.53543305,0.5892529,0.40655947
149,0.54330707,0.595916,0.4107799
149,0.5511811,0.60256076,0.41499478
149,0.5590551,0.60926056,0.4191681
149,0.56692916,0.6160445,0.4233375
149,0.5748032,0.62270176,0.42743424
149,0.5826772,0.62943125,0.43154866
149,0.5905512,0.6360989,0.43564668
149,0.5984252,0.6428044,0.43969408
149,0.6062992,0.64953476,0.44377175
149,0.61417323,0.6562589,0.44769043
149,0.62204725,0.66295063,0.45172808
149,0.62992126,0.6696298,0.45574966
149,0.63779527,0.6763674,0.45975083
149,0.6456693,0.68314433,0.46373308
149,0.6535433,0.68984854,0.46778923
149,0.6614173,0.69659156,0.47178274
149,0.6692913,0.703408,0.47585332
149,0.6771653,0.71014154,0.4799068
149,0.68503934,0.71690637,0.48394492
149,0.6929134,0.72364986,0.4879705
149,0.7007874,0.7304243,0.49198443
149,0.70866144,0.73717844,0.49605784
149,0.71653545,0.74396783,0.5001239
149,0.72440946,0.7507448,0.50425327
149,0.7322835,0.7574622,0.5083001
149,0.7401575,0.7641621,0.51241314
149,0.7480315,0.77090544,0.5165202
149,0.7559055,0.77754265,0.52070576
149,0.7637795,0.7842739,0.5248659
149,0.77165353,0.79096144,0.52905023
149,0.77952754,0.7976245,0.5332003
149,0.78740156,0.804352,0.53744036
149,0.79527557,0.81098294,0.54168254
149,0.8031496,0.81771386,0.5459247
149,0.8110236,0.82441705,0.5501669
149,0.81889766,0.8310758,0.5544091
149,0.8267717,0.83778334,0.5586515
149,0.8346457,0.844443,0.56289685
149,0.8425197,0.85108215,0.5671442
149,0.8503937,0.8577256,0.5713943
149,0.8582677,0.8644571,0.5757903
149,0.86614174,0.87111247,0.5800471
149,0.87401575,0.87777114,0.58416307
149,0.88188976,0.8844357,0.5884258
149,0.8897638,0.8910166,0.5926911
149,0.8976378,0.8976862,0.5969577
149,0.9055118,0.9043495,0.6012269
149,0.9133858,0.9110241,0.6054821
149,0.9212598,0.91769874,0.60962254
149,0.92913383,0.9243734,0.61389184
149,0.93700784,0.93095547,0.6181503
149,0.9448819,0.9376294,0.62228745
149,0.9527559,0.94430315,0.62655663
149,0.96062994,0.9510672,0.63068
149,0.96850395,0.9577359,0.6349454
149,0.97637796,0.96440774,0.6390679
149,0.984252,0.97107536,0.6433332
149,0.992126,0.9778384,0.6474528
149,1.0,0.9845,0.65171427
150,0.0,0.9846,0.7278572
150,0.007874016,0.9783508,0.72392017
150,0.015748031,0.97213906,0.7199832
150,0.023622047,0.96585387,0.71604306
150,0.031496063,0.95958596,0.7119551
150,0.03937008,0.95330995,0.7080006
150,0.047244094,0.94703275,0.70391476
150,0.05511811,0.9406909,0.699913
150,0.062992126,0.9344295,0.69592077
150,0.070866145,0.9281502,0.6919162
150,0.07874016,0.92194116,0.6879013
150,0.08661418,0.9157074,0.68396735
150,0.09448819,0.90950173,0.68001413
150,0.10236221,0.9032796,0.67603874
150,0.11023622,0.8970227,0.6718978
150,0.11811024,0.89072853,0.6678749
150,0.12598425,0.8844937,0.66396993
150,0.13385826,0.87822336,0.6598983
150,0.14173229,0.87191314,0.6558778
150,0.1496063,0.86565965,0.651879
150,0.15748031,0.8593886,0.6479446
150,0.16535433,0.85312355,0.6440364
150,0.17322835,0.84690374,0.64012474
150,0.18110237,0.8406209,0.6361352
150,0.18897638,0.83436745,0.63224536
150,0.19685039,0.8280364,0.6284509
150,0.20472442,0.82165575,0.6246001
150,0.21259843,0.81523734,0.6207642
150,0.22047244,0.80890226,0.61694413
150,0.22834645,0.8024371,0.61318773
150,0.23622048,0.79608244,0.60940295
150,0.24409449,0.78976166,0.6058041
150,0.2519685,0.7834088,0.6022489
150,0.25984251,0.7770856,0.59874904
150,0.26771653,0.7707675,0.5953754
150,0.27559054,0.76447684,0.592059
150,0.28346458,0.75814205,0.5887688
150,0.2913386,0.7517767,0.58548754
150,0.2992126,0.745375,0.582369
150,0.30708662,0.73878634,0.57908875
150,0.31496063,0.732287,0.5760414
150,0.32283464,0.72575146,0.57294464
150,0.33070865,0.71923673,0.57006514
150,0.33858266,0.71260047,0.56719065
150,0.3464567,0.70600027,0.5645103
150,0.35433072,0.69943124,0.5619177
150,0.36220473,0.6928604,0.5596353
150,0.37007874,0.68617773,0.55747086
150,0.37795275,0.6794587,0.555514
150,0.38582677,0.6727585,0.5537996
150,0.39370078,0.66613364,0.55230165
150,0.4015748,0.6592159,0.5508852
150,0.40944883,0.6523285,0.54971796
150,0.41732284,0.6455834,0.5489405
150,0.42519686,0.63884443,0.54840386
150,0.43307087,0.6320898,0.54814285
150,0.44094488,0.62528604,0.54814285
150,0.4488189,0.6183088,0.5484286
150,0.4566929,0.6114842,0.5490385
150,0.46456692,0.60465926,0.54985714
150,0.47244096,0.59782463,0.5510562
150,0.48031497,0.59093773,0.5526487
150,0.48818898,0.5842441,0.5545914
150,0.496063,0.5777552,0.55714285
150,0.503937,0.5722821,0.5591428
150,0.511811,0.56554836,0.56194377
150,0.51968503,0.55885565,0.5652592
150,0.52755904,0.5525037,0.56921166
150,0.53543305,0.54653484,0.5736246
150,0.54330707,0.5406779,0.57832414
150,0.5511811,0.5346729,0.58337075
150,0.5590551,0.52877927,0.5884471
150,0.56692916,0.52300215,0.5935338
150,0.5748032,0.517106,0.5987562
150,0.5826772,0.51135397,0.6039537
150,0.5905512,0.5056477,0.60910195
150,0.5984252,0.49983433,0.6142657
150,0.6062992,0.4939988,0.61948675
150,0.61417323,0.48818251,0.6248081
150,0.62204725,0.48229805,0.6300148
150,0.62992126,0.4765309,0.6352576
150,0.63779527,0.47077227,0.64040184
150,0.6456693,0.46499646,0.6455982
150,0.6535433,0.45924994,0.6508393
150,0.6614173,0.45352077,0.6561231
150,0.6692913,0.44770914,0.661277
150,0.6771653,0.44197932,0.6666006
150,0.68503934,0.43624726,0.67181563
150,0.6929134,0.43053332,0.6772125
150,0.7007874,0.42483512,0.6826246
150,0.70866144,0.41915783,0.68799776
150,0.71653545,0.4135639,0.6935434
150,0.72440946,0.4079987,0.6991236
150,0.7322835,0.40244687,0.7048093
150,0.7401575,0.39690214,0.7107529
150,0.7480315,0.39145413,0.71678615
150,0.7559055,0.38609758,0.7229415
150,0.7637795,0.38082153,0.7291369
150,0.77165353,0.37571678,0.73560023
150,0.77952754,0.37067246,0.74213856
150,0.78740156,0.36569387,0.7488755
150,0.79527557,0.36087754,0.7558155
150,0.8031496,0.35612068,0.76284504
150,0.8110236,0.35155737,0.7702241
150,0.81889766,0.3470338,0.777545
150,0.8267717,0.34263703,0.78523564
150,0.8346457,0.33835393,0.7929037
150,0.8425197,0.33413342,0.8008887
150,0.8503937,0.33010584,0.808858
150,0.8582677,0.326224,0.81681144
150,0.86614174,0.32239366,0.8247534
150,0.87401575,0.31874102,0.8328445
150,0.88188976,0.31508842,0.8411295
150,0.8897638,0.31152022,0.8495652
150,0.8976378,0.3079795,0.8579933
150,0.9055118,0.30449715,0.86642116
150,0.9133858,0.30108568,0.8749919
150,0.9212598,0.2976708,0.8835036
150,0.92913383,0.29424956,0.8920154
150,0.93700784,0.2908584,0.90049326
150,0.9448819,0.28748152,0.90898776
150,0.9527559,0.2841345,0.9175019
150,0.96062994,0.28078282,0.92588454
150,0.96850395,0.27734703,0.93441284
150,0.97637796,0.2739725,0.94280964
150,0.984252,0.270615,0.9512186
150,0.992126,0.2672575,0.95974606
150,1.0,0.2638,0.96828574
151,0.0,0.2137,0.9491429
151,0.007874016,0.21734045,0.9368175
151,0.015748031,0.22111963,0.92411566
151,0.023622047,0.22477552,0.9118017
151,0.031496063,0.22804634,0.90088964
151,0.03937008,0.23168224,0.8889248
151,0.047244094,0.23550877,0.87625444
151,0.05511811,0.23932147,0.86362994
151,0.062992126,0.24308762,0.8514675
151,0.070866145,0.24683991,0.8394632
151,0.07874016,0.25084615,0.8269047
151,0.08661418,0.2548466,0.8143412
151,0.09448819,0.25885257,0.8021055
151,0.10236221,0.2627653,0.7900904
151,0.11023622,0.2666243,0.77803785
151,0.11811024,0.27054185,0.76588047
151,0.12598425,0.27450752,0.75347316
151,0.13385826,0.27830386,0.74145186
151,0.14173229,0.28166404,0.7299727
151,0.1496063,0.28476876,0.71811604
151,0.15748031,0.28765517,0.70527947
151,0.16535433,0.2902052,0.6921901
151,0.17322835,0.29234514,0.67898476
151,0.18110237,0.29393727,0.6657339
151,0.18897638,0.29505026,0.6526371
151,0.19685039,0.2957,0.63929796
151,0.20472442,0.2959,0.6257613
151,0.21259843,0.2956368,0.61217946
151,0.22047244,0.2951826,0.5985768
151,0.22834645,0.29443032,0.58530754
151,0.23622048,0.2934541,0.5721569
151,0.24409449,0.29244316,0.5589218
151,0.2519685,0.29133,0.5456287
151,0.25984251,0.29031783,0.5323593
151,0.26771653,0.2895535,0.51915616
151,0.27559054,0.2891,0.50569296
151,0.28346458,0.2890553,0.49237123
151,0.2913386,0.28940967,0.47905084
151,0.2992126,0.29022855,0.46572497
151,0.30708662,0.29153976,0.4525174
151,0.31496063,0.2933301,0.4393898
151,0.32283464,0.29577374,0.4264915
151,0.33070865,0.29867163,0.41384402
151,0.33858266,0.30219075,0.4015181
151,0.3464567,0.30625802,0.38943386
151,0.35433072,0.3108973,0.37782818
151,0.36220473,0.31608057,0.36663607
151,0.37007874,0.3217448,0.35617694
151,0.37795275,0.3279655,0.34633502
151,0.38582677,0.33465016,0.3371843
151,0.39370078,0.34183526,0.3288003
151,0.4015748,0.34948137,0.321262
151,0.40944883,0.3575644,0.3143319
151,0.41732284,0.36595362,0.3083357
151,0.42519686,0.37451303,0.3032609
151,0.43307087,0.3833864,0.2990802
151,0.44094488,0.39252084,0.2960098
151,0.4488189,0.40179035,0.2939092
151,0.4566929,0.41109422,0.293
151,0.46456692,0.42037553,0.29314286
151,0.47244096,0.42968765,0.2943155
151,0.48031497,0.43891627,0.29659247
151,0.48818898,0.44786027,0.29979843
151,0.496063,0.45668304,0.30399144
151,0.503937,0.46540767,0.30900452
151,0.511811,0.47382998,0.31466722
151,0.51968503,0.48214495,0.3208071
151,0.52755904,0.49028236,0.32739496
151,0.53543305,0.49825367,0.33412522
151,0.54330707,0.50626516,0.34110224
151,0.5511811,0.51417774,0.3481578
151,0.5590551,0.5220999,0.35536128
151,0.56692916,0.5300317,0.36251178
151,0.5748032,0.5379319,0.3694406
151,0.5826772,0.54595214,0.37631124
151,0.5905512,0.5540231,0.38303992
151,0.5984252,0.5622222,0.38956553
151,0.6062992,0.57044333,0.39588973
151,0.61417323,0.57870764,0.4018626
151,0.62204725,0.58707744,0.40776962
151,0.62992126,0.5955352,0.41347295
151,0.63779527,0.6040522,0.41897428
151,0.6456693,0.61268365,0.4242757
151,0.6535433,0.6213327,0.42935792
151,0.6614173,0.6300041,0.4342489
151,0.6692913,0.63869333,0.43897012
151,0.6771653,0.6474163,0.4436292
151,0.68503934,0.65624535,0.44825858
151,0.6929134,0.66499174,0.452697
151,0.7007874,0.67371535,0.45723122
151,0.70866144,0.6825119,0.46164924
151,0.71653545,0.69135183,0.46616754
151,0.72440946,0.7002249,0.47058475
151,0.7322835,0.7091388,0.47521722
151,0.7401575,0.7180177,0.47968805
151,0.7480315,0.72687984,0.48429278
151,0.7559055,0.7357363,0.4890373
151,0.7637795,0.74440354,0.49364474
151,0.77165353,0.7530901,0.4984054
151,0.77952754,0.7618098,0.50317943
151,0.78740156,0.77047807,0.50796914
151,0.79527557,0.77916557,0.5129124
151,0.8031496,0.7878642,0.51800483
151,0.8110236,0.79647255,0.52295977
151,0.81889766,0.80509037,0.52806294
151,0.8267717,0.81371945,0.5332233
151,0.8346457,0.8223633,0.5384329
151,0.8425197,0.8309385,0.54356146
151,0.8503937,0.83961207,0.54884523
151,0.8582677,0.84822875,0.5541465
151,0.86614174,0.85685617,0.5594679
151,0.87401575,0.86537975,0.56481475
151,0.88188976,0.8739321,0.57004476
151,0.8897638,0.8825415,0.5754463
151,0.8976378,0.8910123,0.58083916
151,0.9055118,0.8996533,0.58630735
151,0.9133858,0.9082182,0.59174585
151,0.9212598,0.9168372,0.5971861
151,0.92913383,0.9253778,0.6027007
151,0.93700784,0.9339913,0.60816586
151,0.9448819,0.9426477,0.6136021
151,0.9527559,0.9512015,0.61902237
151,0.96062994,0.9596775,0.6244284
151,0.96850395,0.96807003,0.62967145
151,0.97637796,0.9764296,0.6348918
151,0.984252,0.9849269,0.64022344
151,0.992126,0.9933927,0.64545566
151,1.0,1.002,0.65085715
152,0.0,0.1746,0.028714286
152,0.007874016,0.18074055,0.034610044
152,0.015748031,0.1868575,0.040483344
152,0.023622047,0.1929579,0.046483703
152,0.031496063,0.19914992,0.052476123
152,0.03937008,0.2054089,0.058606647
152,0.047244094,0.21154703,0.06456835
152,0.05511811,0.2175221,0.0706401
152,0.062992126,0.2234544,0.07697267
152,0.070866145,0.22944611,0.08362534
152,0.07874016,0.23531297,0.09027659
152,0.08661418,0.24103537,0.09696341
152,0.09448819,0.24679594,0.103462785
152,0.10236221,0.25248095,0.11001669
152,0.11023622,0.25818226,0.116795145
152,0.11811024,0.26377288,0.12394388
152,0.12598425,0.26926643,0.13103147
152,0.13385826,0.27456287,0.1380898
152,0.14173229,0.27986786,0.14538267
152,0.1496063,0.2854327,0.15290384
152,0.15748031,0.29100972,0.16039968
152,0.16535433,0.29648304,0.16751608
152,0.17322835,0.30181795,0.17440975
152,0.18110237,0.30726364,0.18095845
152,0.18897638,0.3128938,0.18769816
152,0.19685039,0.3186806,0.19452505
152,0.20472442,0.3246126,0.20114821
152,0.21259843,0.3305994,0.20772122
152,0.22047244,0.3367941,0.21397309
152,0.22834645,0.34305245,0.21984433
152,0.23622048,0.34941658,0.22552851
152,0.24409449,0.3558909,0.23097216
152,0.2519685,0.36246988,0.23604992
152,0.25984251,0.36905187,0.24102744
152,0.26771653,0.37572712,0.2456707
152,0.27559054,0.38231805,0.250385
152,0.28346458,0.38900262,0.2551922
152,0.2913386,0.39574483,0.26003203
152,0.2992126,0.40253192,0.26487994
152,0.30708662,0.40928686,0.26969385
152,0.31496063,0.41607198,0.27448
152,0.32283464,0.42284864,0.27924904
152,0.33070865,0.42961675,0.28401196
152,0.33858266,0.43631542,0.2887763
152,0.3464567,0.4430622,0.29354945
152,0.35433072,0.44966727,0.2984766
152,0.36220473,0.4562213,0.30341962
152,0.37007874,0.46278128,0.30844453
152,0.37795275,0.46925646,0.3134893
152,0.38582677,0.4758487,0.31848654
152,0.39370078,0.48236012,0.32360137
152,0.4015748,0.48878744,0.328729
152,0.40944883,0.49532664,0.33392048
152,0.41732284,0.5018776,0.33915585
152,0.42519686,0.5084139,0.3444598
152,0.43307087,0.51492006,0.34964034
152,0.44094488,0.52144957,0.3549834
152,0.4488189,0.52790684,0.36034992
152,0.4566929,0.53449905,0.3656031
152,0.46456692,0.540994,0.37087712
152,0.47244096,0.5474494,0.37602225
152,0.48031497,0.55389607,0.38108787
152,0.48818898,0.5603008,0.38604146
152,0.496063,0.566753,0.3908984
152,0.503937,0.5735289,0.39577127
152,0.511811,0.580284,0.40052226
152,0.51968503,0.5872544,0.40514898
152,0.52755904,0.59408766,0.40964136
152,0.53543305,0.6007741,0.41391826
152,0.54330707,0.6074648,0.41819793
152,0.5511811,0.6141754,0.42234764
152,0.5590551,0.62099797,0.42658323
152,0.56692916,0.6278749,0.43074375
152,0.5748032,0.63469267,0.4347537
152,0.5826772,0.6415987,0.43875703
152,0.5905512,0.6485039,0.44268566
152,0.5984252,0.65551597,0.44662383
152,0.6062992,0.66258854,0.45049384
152,0.61417323,0.66976595,0.4545089
152,0.62204725,0.67669284,0.4583811
152,0.62992126,0.6835637,0.46210867
152,0.63779527,0.6903413,0.46583673
152,0.6456693,0.697177,0.46971384
152,0.6535433,0.7040302,0.47368336
152,0.6614173,0.7110038,0.47778472
152,0.6692913,0.7179841,0.48192176
152,0.6771653,0.7248643,0.48611447
152,0.68503934,0.7317767,0.4904524
152,0.6929134,0.73864913,0.49469206
152,0.7007874,0.7454706,0.499019
152,0.70866144,0.75223196,0.50339735
152,0.71653545,0.75899535,0.5076463
152,0.72440946,0.76579136,0.51190823
152,0.7322835,0.7727068,0.51603645
152,0.7401575,0.77954584,0.5200333
152,0.7480315,0.78640467,0.5240417
152,0.7559055,0.7933804,0.5281301
152,0.7637795,0.80027616,0.5322328
152,0.77165353,0.8072005,0.5362795
152,0.77952754,0.81406844,0.5403517
152,0.78740156,0.82098955,0.5446166
152,0.79527557,0.8279757,0.54893225
152,0.8031496,0.8348753,0.55320936
152,0.8110236,0.84180236,0.5574504
152,0.81889766,0.84862536,0.5615859
152,0.8267717,0.8555762,0.56574184
152,0.8346457,0.8624674,0.56995046
152,0.8425197,0.86930597,0.57427424
152,0.8503937,0.8759448,0.57855225
152,0.8582677,0.882482,0.58276635
152,0.86614174,0.88926274,0.5870716
152,0.87401575,0.8962888,0.5914691
152,0.88188976,0.90323263,0.5958594
152,0.8897638,0.9099182,0.6002544
152,0.8976378,0.9165699,0.6045705
152,0.9055118,0.9233937,0.60894537
152,0.9133858,0.9304035,0.6132254
152,0.9212598,0.937428,0.6172293
152,0.92913383,0.94411856,0.6211535
152,0.93700784,0.95075494,0.62546784
152,0.9448819,0.9575157,0.6299688
152,0.9527559,0.9643753,0.6343002
152,0.96062994,0.97136694,0.6382859
152,0.96850395,0.9784068,0.64220756
152,0.97637796,0.98548687,0.6462441
152,0.984252,0.9923776,0.65055543
152,0.992126,0.99875015,0.6547988
152,1.0,1.0049,0.6592857
153,0.0,0.1773,0.032285713
153,0.007874016,0.18331991,0.03858172
153,0.015748031,0.18947515,0.045057304
153,0.023622047,0.19541846,0.051382817
153,0.031496063,0.20126948,0.05771234
153,0.03937008,0.20727031,0.06399899
153,0.047244094,0.21327303,0.070230186
153,0.05511811,0.21905462,0.07640529
153,0.062992126,0.22482195,0.082929164
153,0.070866145,0.23065919,0.08960467
153,0.07874016,0.23641668,0.09624076
153,0.08661418,0.24193756,0.10250007
153,0.09448819,0.24757211,0.109123245
153,0.10236221,0.25329155,0.11602797
153,0.11023622,0.25908723,0.123032436
153,0.11811024,0.26496086,0.12985818
153,0.12598425,0.27096587,0.13688794
153,0.13385826,0.27668408,0.14374554
153,0.14173229,0.28230533,0.15064329
153,0.1496063,0.2878206,0.15766312
153,0.15748031,0.29357156,0.16485916
153,0.16535433,0.29914814,0.17192593
153,0.17322835,0.30467555,0.17864001
153,0.18110237,0.31003445,0.1852965
153,0.18897638,0.31546226,0.19209875
153,0.19685039,0.32086778,0.19878931
153,0.20472442,0.326459,0.20547497
153,0.21259843,0.33216843,0.21212667
153,0.22047244,0.3382507,0.2185722
153,0.22834645,0.3445481,0.22495058
153,0.23622048,0.35090545,0.23091896
153,0.24409449,0.35702074,0.23610349
153,0.2519685,0.36313152,0.24090973
153,0.25984251,0.36955783,0.2455413
153,0.26771653,0.37650147,0.25012118
153,0.27559054,0.38362387,0.25420234
153,0.28346458,0.3907788,0.25815934
153,0.2913386,0.39785755,0.26187876
153,0.2992126,0.4045847,0.2656198
153,0.30708662,0.41147062,0.26955345
153,0.31496063,0.4183187,0.2736645
153,0.32283464,0.42515936,0.27785265
153,0.33070865,0.43180442,0.28226802
153,0.33858266,0.43856835,0.28686282
153,0.3464567,0.4452798,0.29161075
153,0.35433072,0.45204428,0.29665786
153,0.36220473,0.45881498,0.30201325
153,0.37007874,0.4652664,0.30766416
153,0.37795275,0.4714778,0.3136099
153,0.38582677,0.4774036,0.31978178
153,0.39370078,0.4831984,0.32647428
153,0.4015748,0.48877025,0.33342218
153,0.40944883,0.49415082,0.34064403
153,0.41732284,0.49932182,0.34823534
153,0.42519686,0.5041654,0.35607934
153,0.43307087,0.5086822,0.36426342
153,0.44094488,0.5129727,0.37302157
153,0.4488189,0.51693773,0.38213694
153,0.4566929,0.52046883,0.39162526
153,0.46456692,0.5236573,0.40149936
153,0.47244096,0.52643186,0.4114771
153,0.48031497,0.5286577,0.4214176
153,0.48818898,0.5305098,0.43148458
153,0.496063,0.5319565,0.4418239
153,0.503937,0.5329593,0.45213264
153,0.511811,0.5336433,0.46266603
153,0.51968503,0.5339,0.47311425
153,0.52755904,0.5338,0.48374724
153,0.53543305,0.53320247,0.49446264
153,0.54330707,0.5321275,0.5052621
153,0.5511811,0.53068185,0.51581293
153,0.5590551,0.5288678,0.5260801
153,0.56692916,0.5268381,0.53600377
153,0.5748032,0.52437294,0.5456245
153,0.5826772,0.5214815,0.5551957
153,0.5905512,0.5180865,0.5646217
153,0.5984252,0.5141527,0.5737866
153,0.6062992,0.50980717,0.5826224
153,0.61417323,0.5052441,0.59106416
153,0.62204725,0.5006484,0.5991337
153,0.62992126,0.49589178,0.6068689
153,0.63779527,0.49101585,0.6141202
153,0.6456693,0.48565483,0.6212538
153,0.6535433,0.4799851,0.62810034
153,0.6614173,0.47406194,0.63450897
153,0.6692913,0.46793348,0.6406824
153,0.6771653,0.4617345,0.6468612
153,0.68503934,0.45551386,0.65281457
153,0.6929134,0.44918054,0.65881455
153,0.7007874,0.44303998,0.6647203
153,0.70866144,0.43691468,0.67072296
153,0.71653545,0.43094903,0.6766363
153,0.72440946,0.42508876,0.68274784
153,0.7322835,0.41921437,0.6889999
153,0.7401575,0.4134286,0.69546396
153,0.7480315,0.40763572,0.7022578
153,0.7559055,0.40192646,0.7090865
153,0.7637795,0.3962554,0.716147
153,0.77165353,0.3907271,0.7234366
153,0.77952754,0.3852828,0.73071617
153,0.78740156,0.3799169,0.7381187
153,0.79527557,0.3747713,0.7455671
153,0.8031496,0.36969757,0.75311494
153,0.8110236,0.3647911,0.7608958
153,0.81889766,0.3600587,0.7688816
153,0.8267717,0.3553992,0.77705705
153,0.8346457,0.35090175,0.7854168
153,0.8425197,0.34645236,0.7936759
153,0.8503937,0.34209734,0.8021003
153,0.8582677,0.33774817,0.8106981
153,0.86614174,0.3334637,0.8192813
153,0.87401575,0.32904136,0.82814157
153,0.88188976,0.32473248,0.8369843
153,0.8897638,0.32037523,0.84601456
153,0.8976378,0.31616116,0.85495394
153,0.9055118,0.31198534,0.8639557
153,0.9133858,0.3078681,0.87289625
153,0.9212598,0.30385756,0.88195145
153,0.92913383,0.29984918,0.8910018
153,0.93700784,0.29583585,0.90020317
153,0.9448819,0.29193184,0.90946865
153,0.9527559,0.2880191,0.91876024
153,0.96062994,0.28420284,0.9279597
153,0.96850395,0.2803811,0.93709487
153,0.97637796,0.2766738,0.9459584
153,0.984252,0.27301666,0.9549202
153,0.992126,0.26934004,0.9637963
153,1.0,0.2657,0.9727143
154,0.0,0.199,0.044714287
154,0.007874016,0.20393762,0.050157286
154,0.015748031,0.20923412,0.05580297
154,0.023622047,0.21525481,0.0619743
154,0.031496063,0.2213945,0.06836118
154,0.03937008,0.22717628,0.07488602
154,0.047244094,0.23267764,0.08155404
154,0.05511811,0.23820014,0.088238284
154,0.062992126,0.24364471,0.09467564
154,0.070866145,0.24894765,0.1008541
154,0.07874016,0.25430176,0.107534766
154,0.08661418,0.25966594,0.11449906
154,0.09448819,0.2646851,0.12112156
154,0.10236221,0.26945162,0.12765208
154,0.11023622,0.27435082,0.13421546
154,0.11811024,0.27961797,0.14124413
154,0.12598425,0.284866,0.14853142
154,0.13385826,0.2898325,0.15597273
154,0.14173229,0.29453364,0.16315633
154,0.1496063,0.29920495,0.1704233
154,0.15748031,0.30418223,0.1776889
154,0.16535433,0.30926773,0.18495743
154,0.17322835,0.31462562,0.19207218
154,0.18110237,0.3198567,0.19874291
154,0.18897638,0.32534215,0.20497374
154,0.19685039,0.330971,0.21077992
154,0.20472442,0.3368519,0.21625805
154,0.21259843,0.3429505,0.22148451
154,0.22047244,0.34926996,0.22642061
154,0.22834645,0.35568523,0.23113286
154,0.23622048,0.36206087,0.2355677
154,0.24409449,0.368529,0.23970227
154,0.2519685,0.3749963,0.24366191
154,0.25984251,0.38148153,0.24747849
154,0.26771653,0.38798344,0.2513776
154,0.27559054,0.39438814,0.25550294
154,0.28346458,0.40078905,0.2596116
154,0.2913386,0.40722266,0.26389784
154,0.2992126,0.4136233,0.26826188
154,0.30708662,0.42003033,0.27273595
154,0.31496063,0.42646104,0.27711004
154,0.32283464,0.43289468,0.28171685
154,0.33070865,0.43936238,0.28623906
154,0.33858266,0.4457778,0.2908047
154,0.3464567,0.45214742,0.29533967
154,0.35433072,0.45848018,0.30005977
154,0.36220473,0.46478644,0.30476007
154,0.37007874,0.47097725,0.30966485
154,0.37795275,0.47723323,0.314593
154,0.38582677,0.4834348,0.31952283
154,0.39370078,0.48961207,0.3245874
154,0.4015748,0.49574634,0.329656
154,0.40944883,0.50186473,0.33472306
154,0.41732284,0.5080326,0.33964127
154,0.42519686,0.51412946,0.3446937
154,0.43307087,0.52019536,0.34972987
154,0.44094488,0.5262305,0.35473892
154,0.4488189,0.53228635,0.3597095
154,0.4566929,0.53828305,0.36463228
154,0.46456692,0.54431957,0.36950648
154,0.47244096,0.55038685,0.37446764
154,0.48031497,0.5565078,0.37924626
154,0.48818898,0.5627376,0.3841672
154,0.496063,0.5690915,0.3890275
154,0.503937,0.5754293,0.3937352
154,0.511811,0.5818874,0.3984146
154,0.51968503,0.58830774,0.40275663
154,0.52755904,0.5948483,0.40692753
154,0.53543305,0.6013522,0.4110939
154,0.54330707,0.6078441,0.4150066
154,0.5511811,0.61435,0.4188597
154,0.5590551,0.62090486,0.42264327
154,0.56692916,0.6274009,0.42639953
154,0.5748032,0.63382787,0.43001017
154,0.5826772,0.64028805,0.43365362
154,0.5905512,0.6468086,0.43729064
154,0.5984252,0.6534106,0.44089988
154,0.6062992,0.66013575,0.44461885
154,0.61417323,0.6669023,0.4483054
154,0.62204725,0.6736927,0.45196038
154,0.62992126,0.6804533,0.4555821
154,0.63779527,0.68715376,0.45917165
154,0.6456693,0.6936919,0.46272781
154,0.6535433,0.7002678,0.46639344
154,0.6614173,0.7067906,0.46991423
154,0.6692913,0.71336305,0.47352767
154,0.6771653,0.7198866,0.47722498
154,0.68503934,0.7263873,0.48081538
154,0.6929134,0.73293775,0.4844912
154,0.7007874,0.7395163,0.48816088
154,0.70866144,0.74614096,0.4919005
154,0.71653545,0.75271165,0.49563068
154,0.72440946,0.75931853,0.49932182
154,0.7322835,0.7659571,0.50311834
154,0.7401575,0.7725454,0.5068831
154,0.7480315,0.77917635,0.51061505
154,0.7559055,0.78575224,0.51437896
154,0.7637795,0.79230493,0.5181696
154,0.77165353,0.7988621,0.5220727
154,0.77952754,0.80537176,0.52594745
154,0.78740156,0.81190753,0.5297958
154,0.79527557,0.81841266,0.5337641
154,0.8031496,0.8249815,0.53774923
154,0.8110236,0.8316172,0.5416438
154,0.81889766,0.8382018,0.5455499
154,0.8267717,0.8448586,0.5494466
154,0.8346457,0.85149044,0.55332917
154,0.8425197,0.85810304,0.55720097
154,0.8503937,0.8647693,0.561026
154,0.8582677,0.8714171,0.5648379
154,0.86614174,0.8780297,0.5687848
154,0.87401575,0.8845828,0.5727265
154,0.88188976,0.8911323,0.57666606
154,0.8897638,0.8976459,0.58060753
154,0.8976378,0.9041482,0.5845722
154,0.9055118,0.9107295,0.58865684
154,0.9133858,0.9172298,0.59271073
154,0.9212598,0.92385155,0.59679985
154,0.92913383,0.9304909,0.60090524
154,0.93700784,0.9370697,0.6050495
154,0.9448819,0.94359404,0.60906965
154,0.9527559,0.9501756,0.61318785
154,0.96062994,0.95662564,0.61712736
154,0.96850395,0.9629864,0.6210395
154,0.97637796,0.9693616,0.6249772
154,0.984252,0.9756535,0.6289247
154,0.992126,0.9819645,0.6327408
154,1.0,0.9884,0.6367143
155,0.0,0.2128,0.95514286
155,0.007874016,0.214916,0.94766855
155,0.015748031,0.21705294,0.94013447
155,0.023622047,0.219244,0.93278474
155,0.031496063,0.22140627,0.9253571
155,0.03937008,0.22365232,0.9178732
155,0.047244094,0.2257599,0.9106005
155,0.05511811,0.22791082,0.90351737
155,0.062992126,0.23009735,0.8962933
155,0.070866145,0.23224157,0.88925046
155,0.07874016,0.23438996,0.8823192
155,0.08661418,0.23662104,0.8748722
155,0.09448819,0.23881435,0.8673824
155,0.10236221,0.24097444,0.8599667
155,0.11023622,0.24310245,0.85277784
155,0.11811024,0.24537115,0.8452459
155,0.12598425,0.24781409,0.83744967
155,0.13385826,0.25015447,0.82989633
155,0.14173229,0.25241655,0.82266104
155,0.1496063,0.254627,0.8155561
155,0.15748031,0.25690582,0.8083741
155,0.16535433,0.25924557,0.80099636
155,0.17322835,0.26152143,0.7936531
155,0.18110237,0.263811,0.7866672
155,0.18897638,0.26600766,0.7795468
155,0.19685039,0.26814654,0.7724384
155,0.20472442,0.27018836,0.76532733
155,0.21259843,0.27213845,0.7580074
155,0.22047244,0.27403677,0.75039136
155,0.22834645,0.27578327,0.7427542
155,0.23622048,0.27735648,0.7351866
155,0.24409449,0.27888617,0.7275642
155,0.2519685,0.28028998,0.71982396
155,0.25984251,0.28160632,0.71191037
155,0.26771653,0.28289655,0.70383245
155,0.27559054,0.28406733,0.69566196
155,0.28346458,0.28512362,0.68774724
155,0.2913386,0.28607112,0.6799544
155,0.2992126,0.2869085,0.6721945
155,0.30708662,0.28766698,0.66435397
155,0.31496063,0.2883218,0.6565522
155,0.32283464,0.28893575,0.6486622
155,0.33070865,0.28941506,0.64069587
155,0.33858266,0.28987554,0.6326671
155,0.3464567,0.2903401,0.62471235
155,0.35433072,0.2906011,0.61669034
155,0.36220473,0.29095888,0.60873836
155,0.37007874,0.2912,0.60082364
155,0.37795275,0.29136664,0.5927627
155,0.38582677,0.2915176,0.584741
155,0.39370078,0.2916,0.57674325
155,0.4015748,0.2917,0.5686217
155,0.40944883,0.2917,0.56065714
155,0.41732284,0.2917,0.5527037
155,0.42519686,0.29163864,0.5447402
155,0.43307087,0.2915,0.53676254
155,0.44094488,0.2914,0.52876437
155,0.4488189,0.2912,0.52074224
155,0.4566929,0.291,0.51269984
155,0.46456692,0.29078415,0.5047804
155,0.47244096,0.29053006,0.49682984
155,0.48031497,0.29017422,0.48883888
155,0.48818898,0.28981647,0.4808049
155,0.496063,0.28945667,0.47278547
155,0.503937,0.28898954,0.46488798
155,0.511811,0.288431,0.45694953
155,0.51968503,0.2878655,0.44911772
155,0.52755904,0.2871982,0.44124696
155,0.53543305,0.28655815,0.4333374
155,0.54330707,0.2858164,0.42538986
155,0.5511811,0.28507057,0.41739902
155,0.5590551,0.28432062,0.40949205
155,0.56692916,0.28339803,0.40151063
155,0.5748032,0.28245535,0.39360708
155,0.5826772,0.28150254,0.38577887
155,0.5905512,0.2803358,0.37800068
155,0.5984252,0.27915174,0.37010685
155,0.6062992,0.2779321,0.3622562
155,0.61417323,0.2765287,0.3545586
155,0.62204725,0.27505425,0.34689465
155,0.62992126,0.2734787,0.3393372
155,0.63779527,0.2716762,0.3317825
155,0.6456693,0.26983523,0.32433093
155,0.6535433,0.2678444,0.31676814
155,0.6614173,0.26572698,0.30937824
155,0.6692913,0.26344576,0.30219132
155,0.6771653,0.26102674,0.2949272
155,0.68503934,0.25857514,0.28786346
155,0.6929134,0.25590008,0.28088123
155,0.7007874,0.25320673,0.27396843
155,0.70866144,0.25040013,0.26714313
155,0.71653545,0.24746837,0.26030278
155,0.72440946,0.24447653,0.25375363
155,0.7322835,0.24138203,0.24710009
155,0.7401575,0.23819168,0.24063608
155,0.7480315,0.23490965,0.23423152
155,0.7559055,0.23150845,0.22779103
155,0.7637795,0.22809629,0.22160119
155,0.77165353,0.22453545,0.2154531
155,0.77952754,0.22085209,0.20934303
155,0.78740156,0.21718962,0.20344575
155,0.79527557,0.21334001,0.19760321
155,0.8031496,0.20940621,0.19180351
155,0.8110236,0.20542088,0.18602984
155,0.81889766,0.20139748,0.18042497
155,0.8267717,0.19739887,0.17501284
155,0.8346457,0.19333932,0.1698077
155,0.8425197,0.18923691,0.16467603
155,0.8503937,0.18506311,0.1596322
155,0.8582677,0.1807884,0.15470186
155,0.86614174,0.17637077,0.14975439
155,0.87401575,0.1718868,0.14495015
155,0.88188976,0.16737935,0.14028728
155,0.8897638,0.16290015,0.1357584
155,0.8976378,0.15829478,0.1312095
155,0.9055118,0.15361705,0.12677076
155,0.9133858,0.14895716,0.12229739
155,0.9212598,0.14428157,0.11792706
155,0.92913383,0.1396319,0.11365592
155,0.93700784,0.13495323,0.10942252
155,0.9448819,0.13021797,0.10519461
155,0.9527559,0.12547347,0.10100966
155,0.96062994,0.1206897,0.0968056
155,0.96850395,0.11588388,0.0925061
155,0.97637796,0.110948816,0.08821335
155,0.984252,0.10595516,0.083889425
155,0.992126,0.10110647,0.079569146
155,1.0,0.0963,0.07542857
156,0.0,0.216,0.93628573
156,0.007874016,0.21964312,0.92423594
156,0.015748031,0.22338623,0.91232896
156,0.023622047,0.2271292,0.9003898
156,0.031496063,0.23086774,0.88852996
156,0.03937008,0.23450091,0.87655413
156,0.047244094,0.2382251,0.86466396
156,0.05511811,0.24193622,0.8527147
156,0.062992126,0.24563341,0.84083307
156,0.070866145,0.24941722,0.828872
156,0.07874016,0.25309137,0.81691533
156,0.08661418,0.25675997,0.8047458
156,0.09448819,0.260428,0.7926182
156,0.10236221,0.26390076,0.7804546
156,0.11023622,0.26730037,0.7682209
156,0.11811024,0.27048323,0.7558724
156,0.12598425,0.2734456,0.74336845
156,0.13385826,0.2760927,0.7308506
156,0.14173229,0.27847123,0.71830034
156,0.1496063,0.280604,0.7056308
156,0.15748031,0.28237858,0.6928546
156,0.16535433,0.28388417,0.68012583
156,0.17322835,0.28506565,0.66718584
156,0.18110237,0.28595057,0.6541955
156,0.18897638,0.28644732,0.64115983
156,0.19685039,0.2867,0.6280949
156,0.20472442,0.28665656,0.61500144
156,0.21259843,0.2863575,0.6018891
156,0.22047244,0.28595766,0.58881223
156,0.22834645,0.28551406,0.57579225
156,0.23622048,0.28505576,0.56275254
156,0.24409449,0.28465405,0.54969865
156,0.2519685,0.2844519,0.5366311
156,0.25984251,0.2844,0.5234771
156,0.26771653,0.2845539,0.51037216
156,0.27559054,0.2849579,0.497324
156,0.28346458,0.28572574,0.48421973
156,0.2913386,0.2868077,0.47125292
156,0.2992126,0.28830814,0.45843607
156,0.30708662,0.29033267,0.4455661
156,0.31496063,0.29288548,0.43306223
156,0.32283464,0.29589117,0.42065808
156,0.33070865,0.29937238,0.40850747
156,0.33858266,0.30335724,0.3967589
156,0.3464567,0.30790278,0.38532704
156,0.35433072,0.31288344,0.3743734
156,0.36220473,0.31834313,0.36383152
156,0.37007874,0.3241997,0.3538576
156,0.37795275,0.33057645,0.34446222
156,0.38582677,0.33739072,0.33568934
156,0.39370078,0.34456906,0.3275354
156,0.4015748,0.3521157,0.32002044
156,0.40944883,0.3600373,0.3133305
156,0.41732284,0.3681509,0.3073922
156,0.42519686,0.3764744,0.3022444
156,0.43307087,0.38509408,0.2979076
156,0.44094488,0.39375925,0.29440975
156,0.4488189,0.40263087,0.2918736
156,0.4566929,0.4115899,0.2902722
156,0.46456692,0.42078623,0.28945968
156,0.47244096,0.4300813,0.28978437
156,0.48031497,0.43922794,0.2909311
156,0.48818898,0.44817406,0.29304484
156,0.496063,0.45707843,0.29604453
156,0.503937,0.4657289,0.29963928
156,0.511811,0.47431192,0.30406642
156,0.51968503,0.4827183,0.30921537
156,0.52755904,0.49097282,0.31507367
156,0.53543305,0.49905437,0.3214082
156,0.54330707,0.5068474,0.32802552
156,0.5511811,0.51458204,0.3349918
156,0.5590551,0.5222093,0.34219933
156,0.56692916,0.5298856,0.34951007
156,0.5748032,0.5373887,0.356894
156,0.5826772,0.5449899,0.36431342
156,0.5905512,0.55254436,0.37156215
156,0.5984252,0.56009877,0.37871307
156,0.6062992,0.5677443,0.38560942
156,0.61417323,0.57556266,0.39225638
156,0.62204725,0.5834387,0.39877602
156,0.62992126,0.59151334,0.4049381
156,0.63779527,0.59971225,0.41083446
156,0.6456693,0.60810775,0.41635314
156,0.6535433,0.6164796,0.42181963
156,0.6614173,0.6249908,0.42701185
156,0.6692913,0.63354737,0.43219486
156,0.6771653,0.6420885,0.43710768
156,0.68503934,0.6506834,0.44199148
156,0.6929134,0.6590856,0.44684854
156,0.7007874,0.66755044,0.4516848
156,0.70866144,0.6759868,0.45650405
156,0.71653545,0.68448454,0.4614483
156,0.72440946,0.6929959,0.4663691
156,0.7322835,0.70145565,0.47126037
156,0.7401575,0.70995754,0.4761186
156,0.7480315,0.7183969,0.4809411
156,0.7559055,0.7268661,0.48572865
156,0.7637795,0.73531693,0.4906247
156,0.77165353,0.7438614,0.4954922
156,0.77952754,0.75236696,0.5003335
156,0.78740156,0.7609771,0.5051675
156,0.79527557,0.76960546,0.5101034
156,0.8031496,0.77821505,0.5149982
156,0.8110236,0.78674775,0.5198614
156,0.81889766,0.79536617,0.52482754
156,0.8267717,0.80387187,0.5297366
156,0.8346457,0.8123402,0.5346481
156,0.8425197,0.8207585,0.5395763
156,0.8503937,0.8292339,0.5445699
156,0.8582677,0.8376663,0.5496093
156,0.86614174,0.84606093,0.5546383
156,0.87401575,0.85454816,0.55977863
156,0.88188976,0.863013,0.56498396
156,0.8897638,0.87139076,0.5701599
156,0.8976378,0.87981766,0.57535577
156,0.9055118,0.8881638,0.5806073
156,0.9133858,0.8965651,0.5858789
156,0.9212598,0.90495634,0.59112877
156,0.92913383,0.91327953,0.59632146
156,0.93700784,0.921751,0.60162175
156,0.9448819,0.9302056,0.60673016
156,0.9527559,0.93865025,0.611848
156,0.96062994,0.9471894,0.61682016
156,0.96850395,0.9555641,0.62151796
156,0.97637796,0.96395475,0.62622035
156,0.984252,0.9720377,0.63108426
156,0.992126,0.98037004,0.63596606
156,1.0,0.9895,0.64042854
157,0.0,0.9915,0.7311429
157,0.007874016,0.98260504,0.7251851
157,0.015748031,0.9738577,0.7192605
157,0.023622047,0.965065,0.713475
157,0.031496063,0.9561848,0.70753944
157,0.03937008,0.9472942,0.7016225
157,0.047244094,0.9383533,0.69572747
157,0.05511811,0.9295512,0.6899898
157,0.062992126,0.9207089,0.68412787
157,0.070866145,0.9119118,0.67844594
157,0.07874016,0.9030795,0.6727102
157,0.08661418,0.89414203,0.6669459
157,0.09448819,0.88514304,0.661269
157,0.10236221,0.8760889,0.65553266
157,0.11023622,0.86703646,0.6497388
157,0.11811024,0.85783565,0.64405155
157,0.12598425,0.8487049,0.63840747
157,0.13385826,0.8396049,0.632892
157,0.14173229,0.83072037,0.6275526
157,0.1496063,0.8218283,0.6222085
157,0.15748031,0.8127241,0.6168566
157,0.16535433,0.8035874,0.61157227
157,0.17322835,0.79444677,0.60638314
157,0.18110237,0.78526264,0.6013364
157,0.18897638,0.7760635,0.59642416
157,0.19685039,0.7668495,0.59164655
157,0.20472442,0.75772065,0.5871051
157,0.21259843,0.7483606,0.5826003
157,0.22047244,0.73894465,0.5783431
157,0.22834645,0.7294052,0.5742125
157,0.23622048,0.7198028,0.57029474
157,0.24409449,0.71020776,0.56670076
157,0.2519685,0.7007209,0.5635324
157,0.25984251,0.69132364,0.5607563
157,0.26771653,0.6816379,0.5581619
157,0.27559054,0.67174643,0.55596125
157,0.28346458,0.66186297,0.5541761
157,0.2913386,0.6518338,0.5525971
157,0.2992126,0.64185363,0.55149335
157,0.30708662,0.63231456,0.551
157,0.31496063,0.62315536,0.5511429
157,0.32283464,0.6137,0.5517143
157,0.33070865,0.6044675,0.55285716
157,0.33858266,0.5950416,0.554534
157,0.3464567,0.5854427,0.5568082
157,0.35433072,0.57571554,0.5596303
157,0.36220473,0.56607556,0.5630444
157,0.37007874,0.55655175,0.56716406
157,0.37795275,0.5472896,0.57189584
157,0.38582677,0.53815645,0.57741445
157,0.39370078,0.5294951,0.58343256
157,0.4015748,0.52077746,0.5901219
157,0.40944883,0.5121163,0.5971289
157,0.41732284,0.5033454,0.6042533
157,0.42519686,0.49451697,0.6112426
157,0.43307087,0.4859566,0.61734325
157,0.44094488,0.4772478,0.6231491
157,0.4488189,0.4681761,0.62852794
157,0.4566929,0.45896834,0.633532
157,0.46456692,0.4494679,0.63772863
157,0.47244096,0.43997493,0.6414018
157,0.48031497,0.43033022,0.64413744
157,0.48818898,0.42057297,0.6461631
157,0.496063,0.41083696,0.647
157,0.503937,0.4010944,0.6468757
157,0.511811,0.3915148,0.6456028
157,0.51968503,0.38197932,0.64316714
157,0.52755904,0.37248224,0.63944083
157,0.53543305,0.36334613,0.6345997
157,0.54330707,0.3543764,0.6287401
157,0.5511811,0.34576562,0.62193114
157,0.5590551,0.33753777,0.6141476
157,0.56692916,0.3297643,0.6054731
157,0.5748032,0.3225117,0.5960167
157,0.5826772,0.3159045,0.58577913
157,0.5905512,0.3098974,0.5747806
157,0.5984252,0.30444717,0.56302965
157,0.6062992,0.29955545,0.55083835
157,0.61417323,0.29531193,0.53817695
157,0.62204725,0.2916182,0.52517664
157,0.62992126,0.28850162,0.512007
157,0.63779527,0.28602096,0.49854845
157,0.6456693,0.28401014,0.48501524
157,0.6535433,0.2823975,0.47126442
157,0.6614173,0.2811333,0.45747522
157,0.6692913,0.2800736,0.44350982
157,0.6771653,0.27921373,0.4292552
157,0.68503934,0.27828127,0.41512507
157,0.6929134,0.2773377,0.4009322
157,0.7007874,0.27619383,0.38738015
157,0.70866144,0.27460825,0.37335047
157,0.71653545,0.27275452,0.3592077
157,0.72440946,0.27063096,0.34522623
157,0.7322835,0.26809165,0.33195224
157,0.7401575,0.2665169,0.32319117
157,0.7480315,0.26341107,0.3110475
157,0.7559055,0.2597762,0.29810208
157,0.7637795,0.25576293,0.28498724
157,0.77165353,0.25148204,0.2722063
157,0.77952754,0.24683559,0.25965405
157,0.78740156,0.24184412,0.24749525
157,0.79527557,0.23657738,0.23595151
157,0.8031496,0.23094295,0.22470146
157,0.8110236,0.22484967,0.2136244
157,0.81889766,0.21835038,0.20287816
157,0.8267717,0.21160859,0.19244085
157,0.8346457,0.20453146,0.1823457
157,0.8425197,0.19727041,0.17262109
157,0.8503937,0.18984738,0.1635219
157,0.8582677,0.1823772,0.15472251
157,0.86614174,0.17465807,0.14630488
157,0.87401575,0.16670051,0.13800055
157,0.88188976,0.15863147,0.12994352
157,0.8897638,0.15037186,0.12213102
157,0.8976378,0.14209178,0.11439236
157,0.9055118,0.13375841,0.10683996
157,0.9133858,0.12539479,0.09930832
157,0.9212598,0.11698776,0.09178509
157,0.92913383,0.108680725,0.08449447
157,0.93700784,0.10044164,0.07716724
157,0.9448819,0.092157304,0.06977857
157,0.9527559,0.08383854,0.062387824
157,0.96062994,0.07560573,0.05497634
157,0.96850395,0.067224704,0.04748443
157,0.97637796,0.058952335,0.039991863
157,0.984252,0.050691906,0.03250985
157,0.992126,0.042441543,0.025036741
157,1.0,0.0341,0.017428571
158,0.0,0.9918,0.73557144
158,0.007874016,0.9856418,0.7316786
158,0.015748031,0.9793787,0.72778285
158,0.023622047,0.9731059,0.7238812
158,0.031496063,0.9667339,0.7199718
158,0.03937008,0.96044135,0.7159123
158,0.047244094,0.9541303,0.7119838
158,0.05511811,0.947865,0.70818263
158,0.062992126,0.94162905,0.7042187
158,0.070866145,0.9353244,0.7002996
158,0.07874016,0.92907643,0.6964437
158,0.08661418,0.9227823,0.6925613
158,0.09448819,0.9165301,0.6886594
158,0.10236221,0.91023827,0.68485045
158,0.11023622,0.9039124,0.681015
158,0.11811024,0.8976103,0.67714155
158,0.12598425,0.8913445,0.67322975
158,0.13385826,0.8850189,0.6694249
158,0.14173229,0.87879217,0.66558236
158,0.1496063,0.8725768,0.6617014
158,0.15748031,0.8662898,0.65791416
158,0.16535433,0.86003,0.65408254
158,0.17322835,0.85367525,0.65019065
158,0.18110237,0.84731466,0.6462383
158,0.18897638,0.84089833,0.642335
158,0.19685039,0.83453906,0.63840955
158,0.20472442,0.8282345,0.6345662
158,0.21259843,0.82199895,0.63074934
158,0.22047244,0.8157111,0.6269864
158,0.22834645,0.80944246,0.6231893
158,0.23622048,0.80310935,0.6193731
158,0.24409449,0.7967645,0.61561453
158,0.2519685,0.7903788,0.6119398
158,0.25984251,0.78394884,0.608309
158,0.26771653,0.77763253,0.6049043
158,0.27559054,0.77116984,0.6016113
158,0.28346458,0.764781,0.59861
158,0.2913386,0.7583319,0.5957614
158,0.2992126,0.75175816,0.59279925
158,0.30708662,0.74547136,0.58987755
158,0.31496063,0.7392511,0.5868754
158,0.32283464,0.73273087,0.58387184
158,0.33070865,0.72628206,0.5807015
158,0.33858266,0.72090125,0.57842857
158,0.3464567,0.71453434,0.5756674
158,0.35433072,0.7076772,0.57256055
158,0.36220473,0.7005246,0.5693392
158,0.37007874,0.69406366,0.56680846
158,0.37795275,0.6875365,0.56487453
158,0.38582677,0.68118113,0.56284815
158,0.39370078,0.67447525,0.5607025
158,0.4015748,0.66774863,0.55904245
158,0.40944883,0.661114,0.55785716
158,0.41732284,0.65415865,0.5566092
158,0.42519686,0.64715743,0.5554422
158,0.43307087,0.6406155,0.5544286
158,0.44094488,0.63444144,0.5535714
158,0.4488189,0.6278484,0.553
158,0.4566929,0.62081647,0.5527143
158,0.46456692,0.6138699,0.5527143
158,0.47244096,0.60695285,0.55312604
158,0.48031497,0.6000314,0.5541724
158,0.48818898,0.5933675,0.55563927
158,0.496063,0.5867678,0.5575813
158,0.503937,0.580206,0.56005484
158,0.511811,0.573606,0.5628549
158,0.51968503,0.5670856,0.56607914
158,0.52755904,0.5603914,0.5696653
158,0.53543305,0.5537656,0.57344115
158,0.54330707,0.54726964,0.5774208
158,0.5511811,0.54106903,0.58139205
158,0.5590551,0.5350897,0.5853645
158,0.56692916,0.52914447,0.58946824
158,0.5748032,0.5232373,0.5936954
158,0.5826772,0.5173523,0.5981125
158,0.5905512,0.51143867,0.60254383
158,0.5984252,0.50553405,0.6070798
158,0.6062992,0.4994896,0.6117473
158,0.61417323,0.49342927,0.61638945
158,0.62204725,0.4873989,0.621112
158,0.62992126,0.48144317,0.6259816
158,0.63779527,0.4754596,0.6308454
158,0.6456693,0.4694773,0.6357932
158,0.6535433,0.46362212,0.64078456
158,0.6614173,0.45787814,0.6459616
158,0.6692913,0.45205772,0.6511842
158,0.6771653,0.4464333,0.65644115
158,0.68503934,0.44071925,0.66200936
158,0.6929134,0.43518737,0.66749835
158,0.7007874,0.42953482,0.6732484
158,0.70866144,0.4240364,0.679144
158,0.71653545,0.41852325,0.685202
158,0.72440946,0.4130468,0.69134647
158,0.7322835,0.4076861,0.69747865
158,0.7401575,0.40229216,0.70380896
158,0.7480315,0.3970921,0.71022385
158,0.7559055,0.39189819,0.7167951
158,0.7637795,0.38678893,0.72333074
158,0.77165353,0.38175985,0.7299942
158,0.77952754,0.3768394,0.736658
158,0.78740156,0.3720804,0.7434566
158,0.79527557,0.36732882,0.75029784
158,0.8031496,0.36269176,0.7572989
158,0.8110236,0.35813823,0.76440954
158,0.81889766,0.3537123,0.77150875
158,0.8267717,0.34932753,0.7788781
158,0.8346457,0.34498742,0.7862239
158,0.8425197,0.34069914,0.7937915
158,0.8503937,0.33656424,0.80140764
158,0.8582677,0.3324816,0.80917
158,0.86614174,0.3284542,0.8170045
158,0.87401575,0.3244808,0.8250203
158,0.88188976,0.32056004,0.83308566
158,0.8897638,0.31671882,0.84129727
158,0.8976378,0.31301877,0.84951
158,0.9055118,0.30925617,0.85773176
158,0.9133858,0.30563462,0.8661339
158,0.9212598,0.3021081,0.87442756
158,0.92913383,0.29862976,0.88277024
158,0.93700784,0.29521358,0.8911651
158,0.9448819,0.29185113,0.8995542
158,0.9527559,0.2886041,0.90793186
158,0.96062994,0.28533572,0.9164611
158,0.96850395,0.2819509,0.92542636
158,0.97637796,0.27847937,0.934591
158,0.984252,0.27507302,0.9434627
158,0.992126,0.2715905,0.95185345
158,1.0,0.2682,0.96014285
159,0.0,0.2107,0.9462857
159,0.007874016,0.2146519,0.9338517
159,0.015748031,0.21834362,0.9218754
159,0.023622047,0.22182894,0.9103459
159,0.031496063,0.22563303,0.89790565
159,0.03937008,0.22941618,0.88572794
159,0.047244094,0.23329028,0.8733274
159,0.05511811,0.2372854,0.8610417
159,0.062992126,0.2409496,0.8490023
159,0.070866145,0.24476978,0.8369435
159,0.07874016,0.2487969,0.82507807
159,0.08661418,0.25268602,0.81281567
159,0.09448819,0.25624913,0.8008597
159,0.10236221,0.26011762,0.78923535
159,0.11023622,0.2638657,0.7770041
159,0.11811024,0.26757944,0.7640881
159,0.12598425,0.27122378,0.75198644
159,0.13385826,0.27507517,0.7394277
159,0.14173229,0.2784,0.72764635
159,0.1496063,0.28197613,0.71567374
159,0.15748031,0.28457555,0.7039239
159,0.16535433,0.28650892,0.6906506
159,0.17322835,0.28821555,0.6767778
159,0.18110237,0.28945872,0.66344696
159,0.18897638,0.2904794,0.6504372
159,0.19685039,0.2911806,0.6372771
159,0.20472442,0.2916,0.6240256
159,0.21259843,0.2917,0.6105961
159,0.22047244,0.29158276,0.59730077
159,0.22834645,0.2912,0.5843327
159,0.23622048,0.29074633,0.5712892
159,0.24409449,0.2903,0.5582112
159,0.2519685,0.28979084,0.5449467
159,0.25984251,0.28937295,0.5315244
159,0.26771653,0.2891,0.5179947
159,0.27559054,0.289,0.50447035
159,0.28346458,0.28925768,0.49088505
159,0.2913386,0.28983796,0.47756618
159,0.2992126,0.29085612,0.46450135
159,0.30708662,0.29231006,0.45144716
159,0.31496063,0.29418445,0.43840414
159,0.32283464,0.29666162,0.4255183
159,0.33070865,0.2996653,0.4127512
159,0.33858266,0.30321303,0.40042952
159,0.3464567,0.30733347,0.38845202
159,0.35433072,0.31204408,0.3771084
159,0.36220473,0.31735265,0.3663669
159,0.37007874,0.32323512,0.35623556
159,0.37795275,0.3296397,0.3467337
159,0.38582677,0.33658895,0.3380846
159,0.39370078,0.3440199,0.33016542
159,0.4015748,0.35192457,0.32303607
159,0.40944883,0.36012417,0.31670538
159,0.41732284,0.3686535,0.311288
159,0.42519686,0.37737808,0.3066899
159,0.43307087,0.3862969,0.30303466
159,0.44094488,0.39546588,0.30034146
159,0.4488189,0.4046683,0.29851046
159,0.4566929,0.4138943,0.2977143
159,0.46456692,0.423198,0.2978194
159,0.47244096,0.4324164,0.29894233
159,0.48031497,0.4415316,0.30076942
159,0.48818898,0.45068553,0.3035209
159,0.496063,0.45974472,0.30708784
159,0.503937,0.46855325,0.3113587
159,0.511811,0.47722203,0.31620446
159,0.51968503,0.4857084,0.32144976
159,0.52755904,0.49400818,0.32729155
159,0.53543305,0.5023179,0.3333699
159,0.54330707,0.51043063,0.33962747
159,0.5511811,0.5185531,0.34625265
159,0.5590551,0.5265839,0.35297802
159,0.56692916,0.53453743,0.35976782
159,0.5748032,0.54252344,0.36662087
159,0.5826772,0.5505061,0.3733885
159,0.5905512,0.5584748,0.38006186
159,0.5984252,0.56645036,0.38663954
159,0.6062992,0.5746057,0.39298308
159,0.61417323,0.58294535,0.3992356
159,0.62204725,0.5913183,0.40511575
159,0.62992126,0.5997757,0.41079748
159,0.63779527,0.60827476,0.41625148
159,0.6456693,0.6167821,0.42150903
159,0.6535433,0.62532926,0.4265896
159,0.6614173,0.6339933,0.4317474
159,0.6692913,0.64269036,0.43672073
159,0.6771653,0.6514197,0.44160107
159,0.68503934,0.6598799,0.44652915
159,0.6929134,0.6684699,0.45138505
159,0.7007874,0.6770948,0.45627037
159,0.70866144,0.6857682,0.46124297
159,0.71653545,0.69442165,0.46615446
159,0.72440946,0.7030909,0.47120887
159,0.7322835,0.7116913,0.47612578
159,0.7401575,0.72034836,0.48114192
159,0.7480315,0.7289586,0.4861192
159,0.7559055,0.7374992,0.49119952
159,0.7637795,0.7460754,0.49619594
159,0.77165353,0.7546923,0.5012528
159,0.77952754,0.7632993,0.5063732
159,0.78740156,0.77194685,0.5114404
159,0.79527557,0.7805526,0.51667726
159,0.8031496,0.78922343,0.52179986
159,0.8110236,0.7978643,0.52702236
159,0.81889766,0.8064926,0.5320945
159,0.8267717,0.81502074,0.5373092
159,0.8346457,0.8236528,0.5425264
159,0.8425197,0.8322012,0.54775345
159,0.8503937,0.840822,0.552991
159,0.8582677,0.84934974,0.558096
159,0.86614174,0.85784495,0.56335133
159,0.87401575,0.86640054,0.5684689
159,0.88188976,0.87487656,0.5737338
159,0.8897638,0.8834505,0.57885456
159,0.8976378,0.8919651,0.58411074
159,0.9055118,0.9004508,0.58935195
159,0.9133858,0.9089801,0.594433
159,0.9212598,0.91748834,0.59963584
159,0.92913383,0.92605466,0.6048133
159,0.93700784,0.9346871,0.6101131
159,0.9448819,0.94328076,0.6152466
159,0.9527559,0.9518443,0.6205048
159,0.96062994,0.9604676,0.62560546
159,0.96850395,0.9691064,0.630839
159,0.97637796,0.97764647,0.6360641
159,0.984252,0.9862687,0.6411405
159,0.992126,0.99481124,0.64635843
159,1.0,1.0034,0.65157145
160,0.0,0.9939,0.72842854
160,0.007874016,0.9849931,0.7229951
160,0.015748031,0.9765292,0.71790236
160,0.023622047,0.96744287,0.7126385
160,0.031496063,0.95826375,0.70708776
160,0.03937008,0.94894,0.7012571
160,0.047244094,0.940012,0.69580126
160,0.05511811,0.9310501,0.6903215
160,0.062992126,0.92213607,0.68483245
160,0.070866145,0.91306174,0.67929316
160,0.07874016,0.9041138,0.67413574
160,0.08661418,0.8952035,0.6688112
160,0.09448819,0.8860718,0.6633675
160,0.10236221,0.8769582,0.65783477
160,0.11023622,0.8681223,0.65258336
160,0.11811024,0.8590546,0.6472971
160,0.12598425,0.8499771,0.6421288
160,0.13385826,0.8413601,0.6371393
160,0.14173229,0.8323672,0.6321194
160,0.1496063,0.8231849,0.62670565
160,0.15748031,0.814071,0.62146914
160,0.16535433,0.80501175,0.6164347
160,0.17322835,0.7959197,0.6115427
160,0.18110237,0.78667545,0.6069223
160,0.18897638,0.7775608,0.60224444
160,0.19685039,0.7684553,0.59760016
160,0.20472442,0.7592466,0.5928813
160,0.21259843,0.749977,0.5882748
160,0.22047244,0.7406447,0.58416414
160,0.22834645,0.7309745,0.5803542
160,0.23622048,0.7215136,0.57686204
160,0.24409449,0.7122356,0.57329845
160,0.2519685,0.70285386,0.56980497
160,0.25984251,0.69326305,0.5666869
160,0.26771653,0.68369263,0.56390715
160,0.27559054,0.67402357,0.5613537
160,0.28346458,0.664437,0.55934244
160,0.2913386,0.65443206,0.5578046
160,0.2992126,0.644408,0.5569121
160,0.30708662,0.63489693,0.557
160,0.31496063,0.62539124,0.5582857
160,0.32283464,0.616742,0.5595514
160,0.33070865,0.60769826,0.5617146
160,0.33858266,0.5977864,0.5643753
160,0.3464567,0.58832693,0.5675412
160,0.35433072,0.57883894,0.57122463
160,0.36220473,0.5692659,0.57554007
160,0.37007874,0.55996394,0.5804777
160,0.37795275,0.5507886,0.5858351
160,0.38582677,0.5417205,0.5913956
160,0.39370078,0.53276986,0.5970215
160,0.4015748,0.52400565,0.60267
160,0.40944883,0.5154179,0.60841584
160,0.41732284,0.5067821,0.6140201
160,0.42519686,0.49787542,0.6198716
160,0.43307087,0.48870608,0.6254665
160,0.44094488,0.47953612,0.6306971
160,0.4488189,0.4703004,0.63538074
160,0.4566929,0.4609603,0.63932526
160,0.46456692,0.45136085,0.6427967
160,0.47244096,0.44167054,0.64555633
160,0.48031497,0.43219653,0.64785767
160,0.48818898,0.42264307,0.64929384
160,0.496063,0.41289154,0.65014285
160,0.503937,0.40315095,0.6498358
160,0.511811,0.39337236,0.64840937
160,0.51968503,0.3838617,0.6461285
160,0.52755904,0.37451512,0.64262336
160,0.53543305,0.3652436,0.63820666
160,0.54330707,0.35624683,0.6327234
160,0.5511811,0.34766966,0.6261982
160,0.5590551,0.3394501,0.6186251
160,0.56692916,0.3317972,0.61011285
160,0.5748032,0.32465583,0.6007411
160,0.5826772,0.31801414,0.5904644
160,0.5905512,0.31197688,0.5794294
160,0.5984252,0.306581,0.5678387
160,0.6062992,0.3017354,0.55583894
160,0.61417323,0.29742813,0.5434023
160,0.62204725,0.29368702,0.53055924
160,0.62992126,0.290507,0.5175349
160,0.63779527,0.28786063,0.5043067
160,0.6456693,0.2857331,0.4909029
160,0.6535433,0.2839029,0.47730866
160,0.6614173,0.28229204,0.4633989
160,0.6692913,0.28074598,0.44923982
160,0.6771653,0.27930623,0.43515825
160,0.68503934,0.2778156,0.42131382
160,0.6929134,0.2761313,0.40760303
160,0.7007874,0.27429044,0.3940514
160,0.70866144,0.272319,0.38050628
160,0.71653545,0.2701927,0.36695412
160,0.72440946,0.2680254,0.35333103
160,0.7322835,0.26556954,0.33974522
160,0.7401575,0.26301262,0.32619688
160,0.7480315,0.26009995,0.3128569
160,0.7559055,0.25685525,0.29969728
160,0.7637795,0.25323728,0.28700143
160,0.77165353,0.24926324,0.27448595
160,0.77952754,0.2446979,0.26216364
160,0.78740156,0.23972875,0.25013214
160,0.79527557,0.23446412,0.23855837
160,0.8031496,0.2288973,0.22725868
160,0.8110236,0.22306754,0.21632397
160,0.81889766,0.21709429,0.20558336
160,0.8267717,0.21075693,0.1950677
160,0.8346457,0.20393996,0.18477136
160,0.8425197,0.19687964,0.17482805
160,0.8503937,0.189516,0.16540672
160,0.8582677,0.18204471,0.15648583
160,0.86614174,0.17431079,0.14784446
160,0.87401575,0.16635083,0.13961983
160,0.88188976,0.15826194,0.13153519
160,0.8897638,0.15011139,0.12374258
160,0.8976378,0.14201044,0.11617772
160,0.9055118,0.13400602,0.1086577
160,0.9133858,0.125914,0.10130706
160,0.9212598,0.11764202,0.09386724
160,0.92913383,0.109376796,0.0866004
160,0.93700784,0.1010108,0.07909989
160,0.9448819,0.0926655,0.07143041
160,0.9527559,0.08427685,0.06368675
160,0.96062994,0.07607067,0.056024086
160,0.96850395,0.06784257,0.04855951
160,0.97637796,0.059528694,0.041135114
160,0.984252,0.0510521,0.033478193
160,0.992126,0.043603282,0.026182676
160,1.0,0.0362,0.018714286
161,0.0,0.2135,0.95
161,0.007874016,0.21594705,0.94200844
161,0.015748031,0.21830422,0.9340336
161,0.023622047,0.22064483,0.9262315
161,0.031496063,0.22307119,0.918477
161,0.03937008,0.22542365,0.91064674
161,0.047244094,0.22785829,0.90290093
161,0.05511811,0.2302109,0.89510953
161,0.062992126,0.23270035,0.88718265
161,0.070866145,0.23525375,0.8792232
161,0.07874016,0.23767072,0.87123847
161,0.08661418,0.24025637,0.8634078
161,0.09448819,0.24271551,0.8555208
161,0.10236221,0.24525112,0.8475678
161,0.11023622,0.24776223,0.83981544
161,0.11811024,0.25026292,0.8318558
161,0.12598425,0.25271788,0.82409173
161,0.13385826,0.25520194,0.8162178
161,0.14173229,0.2576985,0.80836165
161,0.1496063,0.26016837,0.8003996
161,0.15748031,0.2626112,0.79247135
161,0.16535433,0.2649314,0.7844216
161,0.17322835,0.2672475,0.77638626
161,0.18110237,0.26946527,0.768345
161,0.18897638,0.2716455,0.7601492
161,0.19685039,0.27363905,0.75208
161,0.20472442,0.27543837,0.74384475
161,0.21259843,0.27720326,0.73558414
161,0.22047244,0.27877852,0.72733897
161,0.22834645,0.28024518,0.7190113
161,0.23622048,0.2815874,0.7106525
161,0.24409449,0.28282684,0.70230126
161,0.2519685,0.28394765,0.69387734
161,0.25984251,0.2849471,0.6854535
161,0.26771653,0.28594354,0.6767966
161,0.27559054,0.2867355,0.6682672
161,0.28346458,0.28748196,0.65966064
161,0.2913386,0.28813636,0.6511494
161,0.2992126,0.28878784,0.64258504
161,0.30708662,0.28931788,0.6340861
161,0.31496063,0.28974,0.62548614
161,0.32283464,0.29016027,0.6169357
161,0.33070865,0.29047853,0.60829717
161,0.33858266,0.29079443,0.5997223
161,0.3464567,0.2910078,0.5910746
161,0.35433072,0.2912188,0.58249044
161,0.36220473,0.2914,0.57382804
161,0.37007874,0.2915,0.5651829
161,0.37795275,0.2916,0.5566483
161,0.38582677,0.2916,0.5479927
161,0.39370078,0.2916,0.53937465
161,0.4015748,0.29156697,0.53077096
161,0.40944883,0.2914732,0.5221964
161,0.41732284,0.29128176,0.5135953
161,0.42519686,0.29109251,0.50491863
161,0.43307087,0.2908053,0.4963017
161,0.44094488,0.29044005,0.48760074
161,0.4488189,0.29007307,0.47895297
161,0.4566929,0.2896093,0.4703539
161,0.46456692,0.28904808,0.4617553
161,0.47244096,0.28838924,0.45311654
161,0.48031497,0.28773242,0.4445095
161,0.48818898,0.2869158,0.43592745
161,0.496063,0.28598475,0.4273642
161,0.503937,0.2850406,0.41884008
161,0.511811,0.28393635,0.4104155
161,0.51968503,0.28266785,0.4019121
161,0.52755904,0.28139213,0.3934671
161,0.53543305,0.280002,0.38508144
161,0.54330707,0.27845484,0.37684566
161,0.5511811,0.27681077,0.36848244
161,0.5590551,0.2750327,0.36028293
161,0.56692916,0.27322537,0.35210872
161,0.5748032,0.27122477,0.34396324
161,0.5826772,0.26917928,0.3359937
161,0.5905512,0.2670266,0.32792115
161,0.5984252,0.26478362,0.32001293
161,0.6062992,0.26239428,0.31202856
161,0.61417323,0.2598853,0.30410087
161,0.62204725,0.25724757,0.29629987
161,0.62992126,0.25457448,0.28856677
161,0.63779527,0.2518007,0.28088492
161,0.6456693,0.24893832,0.27330732
161,0.6535433,0.24595799,0.2657571
161,0.6614173,0.2428583,0.25837693
161,0.6692913,0.2396702,0.2509445
161,0.6771653,0.23639242,0.24369763
161,0.68503934,0.2330713,0.23654132
161,0.6929134,0.2296523,0.2295557
161,0.7007874,0.22610608,0.22255258
161,0.70866144,0.22255723,0.21570356
161,0.71653545,0.21879198,0.20889023
161,0.72440946,0.21504752,0.20225742
161,0.7322835,0.21116818,0.19562745
161,0.7401575,0.2072328,0.18915987
161,0.7480315,0.20322827,0.18288471
161,0.7559055,0.19915573,0.17665572
161,0.7637795,0.19493489,0.1704784
161,0.77165353,0.19056879,0.16434874
161,0.77952754,0.18617484,0.1584265
161,0.78740156,0.18171863,0.15258773
161,0.79527557,0.17711931,0.14693774
161,0.8031496,0.17259373,0.1413329
161,0.8110236,0.16788797,0.13577521
161,0.81889766,0.16321726,0.13040091
161,0.8267717,0.15847723,0.1250621
161,0.8346457,0.15365472,0.11990457
161,0.8425197,0.14875838,0.114697024
161,0.8503937,0.14389732,0.109646566
161,0.8582677,0.1389933,0.104633085
161,0.86614174,0.13408417,0.09965888
161,0.87401575,0.12912242,0.09488424
161,0.88188976,0.124168485,0.09011284
161,0.8897638,0.11916457,0.08539483
161,0.8976378,0.1140939,0.08063741
161,0.9055118,0.10899852,0.07591294
161,0.9133858,0.103882216,0.0712866
161,0.9212598,0.09879191,0.06654117
161,0.92913383,0.0936356,0.061944798
161,0.93700784,0.088427834,0.057288203
161,0.9448819,0.083324894,0.05263419
161,0.9527559,0.07815396,0.04799791
161,0.96062994,0.07300279,0.04337608
161,0.96850395,0.06795655,0.038905617
161,0.97637796,0.06282984,0.034312997
161,0.984252,0.057710547,0.029723557
161,0.992126,0.052500185,0.025000174
161,1.0,0.0472,0.020285714
162,0.0,0.1826,0.03914286
162,0.007874016,0.18860556,0.044983517
162,0.015748031,0.19466771,0.050880156
162,0.023622047,0.20078889,0.056835163
162,0.031496063,0.206742,0.06272358
162,0.03937008,0.21268265,0.068697765
162,0.047244094,0.21847497,0.07473807
162,0.05511811,0.22434868,0.080808274
162,0.062992126,0.23016526,0.08705481
162,0.070866145,0.2359043,0.09320493
162,0.07874016,0.24155769,0.09955163
162,0.08661418,0.24716367,0.10593799
162,0.09448819,0.25264555,0.112368084
162,0.10236221,0.2582682,0.11896467
162,0.11023622,0.26384956,0.1257376
162,0.11811024,0.2694297,0.13244572
162,0.12598425,0.27493888,0.13915576
162,0.13385826,0.2803289,0.14589843
162,0.14173229,0.2857275,0.15275356
162,0.1496063,0.29111683,0.15965326
162,0.15748031,0.29612762,0.16632518
162,0.16535433,0.3010202,0.17274314
162,0.17322835,0.3062395,0.17962784
162,0.18110237,0.31160572,0.18651518
162,0.18897638,0.3170138,0.19313301
162,0.19685039,0.3225989,0.19963509
162,0.20472442,0.32828397,0.20594019
162,0.21259843,0.33416313,0.21198654
162,0.22047244,0.34018102,0.21796022
162,0.22834645,0.34626117,0.22355461
162,0.23622048,0.35241202,0.22904643
162,0.24409449,0.3586698,0.23433596
162,0.2519685,0.36506182,0.23960462
162,0.25984251,0.37143478,0.24458316
162,0.26771653,0.3778342,0.24932389
162,0.27559054,0.38436112,0.25404367
162,0.28346458,0.39086455,0.2585461
162,0.2913386,0.39734396,0.2630211
162,0.2992126,0.40388507,0.2673378
162,0.30708662,0.41047874,0.27157056
162,0.31496063,0.4171786,0.27581218
162,0.32283464,0.42390156,0.28010035
162,0.33070865,0.43057576,0.2843609
162,0.33858266,0.43716452,0.28857437
162,0.3464567,0.44368592,0.29288697
162,0.35433072,0.4502072,0.29724714
162,0.36220473,0.45665824,0.30175588
162,0.37007874,0.46316767,0.30638164
162,0.37795275,0.4695957,0.31100923
162,0.38582677,0.47608873,0.31584874
162,0.39370078,0.48255244,0.32078147
162,0.4015748,0.48898596,0.3257473
162,0.40944883,0.4953626,0.33072817
162,0.41732284,0.5016027,0.33589658
162,0.42519686,0.5078964,0.34105924
162,0.43307087,0.51411563,0.346221
162,0.44094488,0.520275,0.3515202
162,0.4488189,0.5264606,0.35686013
162,0.4566929,0.5326461,0.36226085
162,0.46456692,0.5388465,0.36755872
162,0.47244096,0.5450437,0.37284857
162,0.48031497,0.55122775,0.3781273
162,0.48818898,0.5573911,0.38338858
162,0.496063,0.563617,0.3884858
162,0.503937,0.5698005,0.3935594
162,0.511811,0.5760522,0.39846453
162,0.51968503,0.5823712,0.40333652
162,0.52755904,0.58881944,0.40804482
162,0.53543305,0.5953264,0.41266173
162,0.54330707,0.60188967,0.41705635
162,0.5511811,0.6084686,0.42133456
162,0.5590551,0.61510015,0.4254401
162,0.56692916,0.6217783,0.42951983
162,0.5748032,0.62848604,0.4335088
162,0.5826772,0.63515407,0.43731838
162,0.5905512,0.6418773,0.4411786
162,0.5984252,0.6485678,0.44487014
162,0.6062992,0.6552956,0.448591
162,0.61417323,0.6619983,0.45230067
162,0.62204725,0.6687468,0.45584023
162,0.62992126,0.6755291,0.4594969
162,0.63779527,0.682217,0.4631254
162,0.6456693,0.68894684,0.46671507
162,0.6535433,0.69569665,0.47029886
162,0.6614173,0.7024952,0.4739383
162,0.6692913,0.709235,0.47750175
162,0.6771653,0.7160122,0.48117408
162,0.68503934,0.72272885,0.48495653
162,0.6929134,0.7294866,0.48856416
162,0.7007874,0.7362109,0.4923205
162,0.70866144,0.74297446,0.49604255
162,0.71653545,0.74968153,0.4998752
162,0.72440946,0.75643116,0.5035365
162,0.7322835,0.7631492,0.5074466
162,0.7401575,0.7698147,0.51118785
162,0.7480315,0.77658415,0.51504505
162,0.7559055,0.78330016,0.51887566
162,0.7637795,0.79002196,0.52268034
162,0.77165353,0.7967889,0.5265918
162,0.77952754,0.80342853,0.53049743
162,0.78740156,0.8101349,0.53426355
162,0.79527557,0.8168699,0.5382459
162,0.8031496,0.8235025,0.54211843
162,0.8110236,0.8301699,0.5460307
162,0.81889766,0.83685726,0.550009
162,0.8267717,0.84347486,0.5539155
162,0.8346457,0.8501153,0.55794
162,0.8425197,0.8568188,0.5619421
162,0.8503937,0.86348593,0.5659222
162,0.8582677,0.8701543,0.57002354
162,0.86614174,0.87685,0.57415336
162,0.87401575,0.88351595,0.5782117
162,0.88188976,0.89015263,0.58239454
162,0.8897638,0.89686054,0.5865592
162,0.8976378,0.9034576,0.59070873
162,0.9055118,0.91011196,0.5948527
162,0.9133858,0.916749,0.5991107
162,0.9212598,0.9233766,0.60335404
162,0.92913383,0.9299931,0.607592
162,0.93700784,0.9365996,0.61182326
162,0.9448819,0.94320047,0.6160507
162,0.9527559,0.9498515,0.62033767
162,0.96062994,0.9564323,0.6246374
162,0.96850395,0.9630102,0.6289985
162,0.97637796,0.9696594,0.6332164
162,0.984252,0.9762418,0.6375743
162,0.992126,0.98272306,0.6419179
162,1.0,0.9893,0.64614284
163,0.0,0.2137,0.95114285
163,0.007874016,0.21738753,0.9390678
163,0.015748031,0.22109148,0.92694104
163,0.023622047,0.22477739,0.9147317
163,0.031496063,0.228485,0.9027571
163,0.03937008,0.23216964,0.89075255
163,0.047244094,0.23593819,0.87885135
163,0.05511811,0.2396541,0.8668454
163,0.062992126,0.24351737,0.8547119
163,0.070866145,0.24737069,0.8425005
163,0.07874016,0.25115058,0.8303839
163,0.08661418,0.25488347,0.8184161
163,0.09448819,0.25862846,0.8062555
163,0.10236221,0.26227328,0.79402393
163,0.11023622,0.26574796,0.78190017
163,0.11811024,0.26921016,0.76961017
163,0.12598425,0.27253082,0.7570108
163,0.13385826,0.27564156,0.744435
163,0.14173229,0.27853078,0.73201096
163,0.1496063,0.28090173,0.71942115
163,0.15748031,0.28296682,0.7070474
163,0.16535433,0.2847,0.6947292
163,0.17322835,0.28608885,0.682667
163,0.18110237,0.28744042,0.6689667
163,0.18897638,0.28855345,0.6554555
163,0.19685039,0.28927335,0.6423806
163,0.20472442,0.2896,0.6292707
163,0.21259843,0.28964198,0.6159455
163,0.22047244,0.2894,0.6027444
163,0.22834645,0.28891006,0.58961517
163,0.23622048,0.2882909,0.5765452
163,0.24409449,0.28760257,0.5634798
163,0.2519685,0.28704438,0.55037934
163,0.25984251,0.286512,0.5371139
163,0.26771653,0.2862,0.5238549
163,0.27559054,0.2862,0.5105159
163,0.28346458,0.28658015,0.49731073
163,0.2913386,0.28741017,0.48416948
163,0.2992126,0.2887473,0.4711737
163,0.30708662,0.29056704,0.4581082
163,0.31496063,0.29291394,0.4450631
163,0.32283464,0.29569688,0.43244186
163,0.33070865,0.2988308,0.42024714
163,0.33858266,0.30247346,0.4080948
163,0.3464567,0.3065831,0.39633402
163,0.35433072,0.3111746,0.38488042
163,0.36220473,0.31625667,0.37388304
163,0.37007874,0.3218498,0.36338133
163,0.37795275,0.32796264,0.35350156
163,0.38582677,0.33449858,0.34426156
163,0.39370078,0.34147483,0.33555377
163,0.4015748,0.34882987,0.32746798
163,0.40944883,0.3565441,0.32019198
163,0.41732284,0.36441448,0.31362623
163,0.42519686,0.3725966,0.30796126
163,0.43307087,0.38112172,0.30321342
163,0.44094488,0.38998374,0.29938716
163,0.4488189,0.39901295,0.29660368
163,0.4566929,0.40816066,0.2948428
163,0.46456692,0.41737527,0.29416293
163,0.47244096,0.42655942,0.29458204
163,0.48031497,0.43569484,0.29603478
163,0.48818898,0.44474253,0.29840568
163,0.496063,0.4536253,0.3017249
163,0.503937,0.4624889,0.3060112
163,0.511811,0.47114566,0.3109008
163,0.51968503,0.47952992,0.3163785
163,0.52755904,0.48768446,0.3222746
163,0.53543305,0.49562964,0.3286872
163,0.54330707,0.5034344,0.33540574
163,0.5511811,0.5111613,0.34239402
163,0.5590551,0.5188771,0.34950173
163,0.56692916,0.526691,0.3567816
163,0.5748032,0.5344241,0.3639299
163,0.5826772,0.5423343,0.37106964
163,0.5905512,0.5502213,0.378098
163,0.5984252,0.55820286,0.3848914
163,0.6062992,0.5662402,0.3914693
163,0.61417323,0.57429093,0.3978421
163,0.62204725,0.5824735,0.4038974
163,0.62992126,0.5907989,0.40971354
163,0.63779527,0.5991783,0.41517892
163,0.6456693,0.6076322,0.42032585
163,0.6535433,0.6162256,0.42530137
163,0.6614173,0.62492216,0.43005046
163,0.6692913,0.6336473,0.43440118
163,0.6771653,0.6424297,0.43851352
163,0.68503934,0.65116024,0.44245204
163,0.6929134,0.6598326,0.4462291
163,0.7007874,0.6686342,0.44997436
163,0.70866144,0.6774774,0.4536672
163,0.71653545,0.6862551,0.4573842
163,0.72440946,0.6950158,0.46119112
163,0.7322835,0.70383644,0.46519822
163,0.7401575,0.7126903,0.46928108
163,0.7480315,0.7214385,0.47344694
163,0.7559055,0.7301716,0.47770077
163,0.7637795,0.7388868,0.4820822
163,0.77165353,0.74757755,0.48673132
163,0.77952754,0.7561353,0.49136302
163,0.78740156,0.76475704,0.4962511
163,0.79527557,0.7732491,0.50122476
163,0.8031496,0.7817411,0.5062863
163,0.8110236,0.79023063,0.5114927
163,0.81889766,0.7987134,0.51680005
163,0.8267717,0.8070941,0.52204007
163,0.8346457,0.8154741,0.5274994
163,0.8425197,0.8239091,0.5328947
163,0.8503937,0.83230954,0.53837115
163,0.8582677,0.8407203,0.54389226
163,0.86614174,0.8491469,0.54929966
163,0.87401575,0.85757625,0.554761
163,0.88188976,0.8660576,0.5602882
163,0.8897638,0.87447965,0.56580794
163,0.8976378,0.8829186,0.5712927
163,0.9055118,0.8913363,0.5767474
163,0.9133858,0.8998047,0.5821705
163,0.9212598,0.90818566,0.5877099
163,0.92913383,0.9165202,0.5930819
163,0.93700784,0.9248714,0.5985728
163,0.9448819,0.9332943,0.60404557
163,0.9527559,0.9416925,0.60950255
163,0.96062994,0.95014876,0.61506104
163,0.96850395,0.958591,0.62061304
163,0.97637796,0.9670643,0.6260806
163,0.984252,0.97548807,0.63163275
163,0.992126,0.983898,0.6370577
163,1.0,0.9923,0.64257145
164,0.0,0.9892,0.725
164,0.007874016,0.9804036,0.719409
164,0.015748031,0.97153914,0.7138567
164,0.023622047,0.9625931,0.7082922
164,0.031496063,0.95366085,0.70268846
164,0.03937008,0.94473994,0.69724995
164,0.047244094,0.93607193,0.6920071
164,0.05511811,0.9274205,0.6867741
164,0.062992126,0.9188706,0.68149716
164,0.070866145,0.91002184,0.6759375
164,0.07874016,0.9010124,0.6701913
164,0.08661418,0.8920216,0.66440487
164,0.09448819,0.882958,0.6586617
164,0.10236221,0.87399375,0.6529964
164,0.11023622,0.8653445,0.6474604
164,0.11811024,0.8565157,0.6420913
164,0.12598425,0.84759015,0.636545
164,0.13385826,0.8387066,0.63124895
164,0.14173229,0.82972676,0.6257688
164,0.1496063,0.82078546,0.62046295
164,0.15748031,0.81192744,0.61524886
164,0.16535433,0.80308414,0.61010116
164,0.17322835,0.79420227,0.60496855
164,0.18110237,0.78521746,0.59996986
164,0.18897638,0.7761315,0.59497523
164,0.19685039,0.767148,0.59012526
164,0.20472442,0.7580428,0.5854504
164,0.21259843,0.74898237,0.58111346
164,0.22047244,0.7398453,0.57695055
164,0.22834645,0.7305372,0.5728999
164,0.23622048,0.7210196,0.5691313
164,0.24409449,0.71150255,0.56546766
164,0.2519685,0.7021481,0.5621625
164,0.25984251,0.6928445,0.5590646
164,0.26771653,0.6832778,0.5560696
164,0.27559054,0.6735853,0.5532715
164,0.28346458,0.6639037,0.5509226
164,0.2913386,0.6544938,0.54907054
164,0.2992126,0.6449866,0.5475869
164,0.30708662,0.63528985,0.54650813
164,0.31496063,0.62592065,0.5454286
164,0.32283464,0.61641914,0.5447143
164,0.33070865,0.6071527,0.5444286
164,0.33858266,0.5981755,0.5447143
164,0.3464567,0.58893687,0.5464752
164,0.35433072,0.57922804,0.5494543
164,0.36220473,0.5697019,0.5533666
164,0.37007874,0.56029135,0.55826974
164,0.37795275,0.55145603,0.56411076
164,0.38582677,0.54310274,0.57058
164,0.39370078,0.5348107,0.5780616
164,0.4015748,0.5266095,0.58577704
164,0.40944883,0.5184552,0.5935987
164,0.41732284,0.5104625,0.60111606
164,0.42519686,0.50232166,0.6083985
164,0.43307087,0.49398652,0.6153783
164,0.44094488,0.48560324,0.62192625
164,0.4488189,0.47701427,0.6281129
164,0.4566929,0.46813044,0.63384086
164,0.46456692,0.45908526,0.6388829
164,0.47244096,0.45001432,0.6433329
164,0.48031497,0.4407548,0.64692736
164,0.48818898,0.43126416,0.6496057
164,0.496063,0.4217782,0.6513716
164,0.503937,0.41210255,0.652
164,0.511811,0.40240225,0.65165097
164,0.51968503,0.392761,0.650343
164,0.52755904,0.38308966,0.6479015
164,0.53543305,0.37342778,0.64430577
164,0.54330707,0.3645354,0.64001787
164,0.5511811,0.35601398,0.63472426
164,0.5590551,0.34775847,0.62836844
164,0.56692916,0.33964586,0.62076235
164,0.5748032,0.3320725,0.61212784
164,0.5826772,0.3251292,0.6026054
164,0.5905512,0.31883273,0.59225285
164,0.5984252,0.31302735,0.5812292
164,0.6062992,0.30774164,0.56953895
164,0.61417323,0.30304897,0.55753297
164,0.62204725,0.2987475,0.54508734
164,0.62992126,0.2949949,0.5325532
164,0.63779527,0.29158503,0.519551
164,0.6456693,0.2886249,0.50639755
164,0.6535433,0.28604025,0.49295858
164,0.6614173,0.2837892,0.47953612
164,0.6692913,0.281682,0.4659052
164,0.6771653,0.27986476,0.4522155
164,0.68503934,0.27815366,0.43842515
164,0.6929134,0.2764765,0.4248427
164,0.7007874,0.2749713,0.41132542
164,0.70866144,0.2733661,0.3977572
164,0.71653545,0.2716619,0.38429424
164,0.72440946,0.2698276,0.37081793
164,0.7322835,0.26780793,0.35747385
164,0.7401575,0.26544398,0.34425133
164,0.7480315,0.2627862,0.33103728
164,0.7559055,0.25978288,0.31806952
164,0.7637795,0.256364,0.30511022
164,0.77165353,0.25253284,0.2923491
164,0.77952754,0.24833338,0.27985728
164,0.78740156,0.24386583,0.26762795
164,0.79527557,0.23892757,0.2555749
164,0.8031496,0.23378183,0.24386497
164,0.8110236,0.22822762,0.23234358
164,0.81889766,0.22253197,0.22118495
164,0.8267717,0.216534,0.21052775
164,0.8346457,0.2102509,0.20012842
164,0.8425197,0.2038322,0.19013585
164,0.8503937,0.19718955,0.18041365
164,0.8582677,0.19035462,0.17113125
164,0.86614174,0.18336652,0.16203156
164,0.87401575,0.17616208,0.15315048
164,0.88188976,0.16887744,0.14450893
164,0.8897638,0.16133268,0.1359953
164,0.8976378,0.15357403,0.12758827
164,0.9055118,0.1457301,0.11936359
164,0.9133858,0.13771407,0.1111623
164,0.9212598,0.12969556,0.10317914
164,0.92913383,0.12159655,0.09535891
164,0.93700784,0.11345005,0.08753453
164,0.9448819,0.105227,0.079846606
164,0.9527559,0.09690971,0.07228021
164,0.96062994,0.08841586,0.06460909
164,0.96850395,0.07951041,0.056718793
164,0.97637796,0.071307465,0.0494681
164,0.984252,0.06383005,0.0429589
164,0.992126,0.056058507,0.035817627
164,1.0,0.0483,0.028285714
165,0.0,0.2137,0.94757146
165,0.007874016,0.21629436,0.9391589
165,0.015748031,0.21861583,0.93152624
165,0.023622047,0.2209517,0.9234697
165,0.031496063,0.22317722,0.9152188
165,0.03937008,0.22545156,0.9076211
165,0.047244094,0.22827871,0.898918
165,0.05511811,0.23018394,0.892926
165,0.062992126,0.23250511,0.8845193
165,0.070866145,0.23515448,0.8754158
165,0.07874016,0.23709871,0.8685281
165,0.08661418,0.23949444,0.8605423
165,0.09448819,0.24180517,0.8526946
165,0.10236221,0.24414404,0.8449751
165,0.11023622,0.24648641,0.83761024
165,0.11811024,0.24883536,0.8295166
165,0.12598425,0.25111696,0.8211477
165,0.13385826,0.25335443,0.8131302
165,0.14173229,0.25573418,0.8053114
165,0.1496063,0.25832763,0.7971772
165,0.15748031,0.260548,0.7894491
165,0.16535433,0.26267457,0.78163
165,0.17322835,0.2649259,0.7737609
165,0.18110237,0.26728916,0.76586884
165,0.18897638,0.26960528,0.75805503
165,0.19685039,0.27171516,0.75028217
165,0.20472442,0.2735751,0.7423925
165,0.21259843,0.27534318,0.73443115
165,0.22047244,0.2772455,0.72624445
165,0.22834645,0.27910763,0.71791786
165,0.23622048,0.28076312,0.7092859
165,0.24409449,0.28215504,0.7002301
165,0.2519685,0.28337944,0.6912897
165,0.25984251,0.2844879,0.6824121
165,0.26771653,0.28568655,0.6740556
165,0.27559054,0.28671154,0.6656995
165,0.28346458,0.2875109,0.65741986
165,0.2913386,0.28807154,0.6489561
165,0.2992126,0.28847387,0.6403181
165,0.30708662,0.28867728,0.63164943
165,0.31496063,0.2888,0.62310344
165,0.32283464,0.2889,0.6145474
165,0.33070865,0.2889,0.6058313
165,0.33858266,0.2889,0.5970663
165,0.3464567,0.2887924,0.58836484
165,0.35433072,0.28847915,0.57968986
165,0.36220473,0.28812772,0.5709673
165,0.37007874,0.28769246,0.5623316
165,0.37795275,0.28722507,0.55389434
165,0.38582677,0.28670037,0.5458615
165,0.39370078,0.28624374,0.53723633
165,0.4015748,0.28567937,0.52844894
165,0.40944883,0.2851068,0.51980186
165,0.41732284,0.28442803,0.5112175
165,0.42519686,0.28364673,0.5027103
165,0.43307087,0.28294075,0.49423453
165,0.44094488,0.28216556,0.48579592
165,0.4488189,0.28146306,0.47726554
165,0.4566929,0.28065422,0.4686583
165,0.46456692,0.27981013,0.46012962
165,0.47244096,0.2788288,0.45164806
165,0.48031497,0.27789077,0.4431803
165,0.48818898,0.27703315,0.43463358
165,0.496063,0.27612016,0.4261536
165,0.503937,0.27509645,0.41773474
165,0.511811,0.27386776,0.409484
165,0.51968503,0.2728389,0.40099218
165,0.52755904,0.27181163,0.39279744
165,0.53543305,0.27051705,0.384526
165,0.54330707,0.26897627,0.37626302
165,0.5511811,0.26723877,0.36779296
165,0.5590551,0.26559773,0.35944676
165,0.56692916,0.2641434,0.35130402
165,0.5748032,0.26273417,0.34348097
165,0.5826772,0.2613474,0.335162
165,0.5905512,0.25962365,0.32678613
165,0.5984252,0.25740367,0.31866577
165,0.6062992,0.25492027,0.31088668
165,0.61417323,0.2524383,0.30316985
165,0.62204725,0.2499425,0.29549375
165,0.62992126,0.24738988,0.28754252
165,0.63779527,0.244924,0.27937394
165,0.6456693,0.24239565,0.27100277
165,0.6535433,0.23963226,0.26319724
165,0.6614173,0.23665711,0.25588676
165,0.6692913,0.23363967,0.24957077
165,0.6771653,0.23044293,0.24327223
165,0.68503934,0.22694466,0.23656695
165,0.6929134,0.22334847,0.22962457
165,0.7007874,0.2194608,0.22216344
165,0.70866144,0.21562308,0.2147818
165,0.71653545,0.2118449,0.20756172
165,0.72440946,0.20795316,0.20080094
165,0.7322835,0.20391165,0.19433911
165,0.7401575,0.19978353,0.18815434
165,0.7480315,0.19547242,0.18231419
165,0.7559055,0.19100529,0.17649548
165,0.7637795,0.18639928,0.1706081
165,0.77165353,0.18208219,0.16526327
165,0.77952754,0.17809312,0.16023503
165,0.78740156,0.17410676,0.15520412
165,0.79527557,0.16971986,0.14973967
165,0.8031496,0.16504055,0.14426273
165,0.8110236,0.15957221,0.13816412
165,0.81889766,0.15388924,0.13199404
165,0.8267717,0.14868535,0.12664384
165,0.8346457,0.1435367,0.121596575
165,0.8425197,0.1388237,0.11692734
165,0.8503937,0.13436025,0.112676434
165,0.8582677,0.12989785,0.10839401
165,0.86614174,0.12523136,0.10394613
165,0.87401575,0.12049469,0.09936773
165,0.88188976,0.11556164,0.09455047
165,0.8897638,0.110556796,0.08972374
165,0.8976378,0.105398394,0.08480619
165,0.9055118,0.100013725,0.07995944
165,0.9133858,0.09471931,0.075197265
165,0.9212598,0.089527674,0.070670396
165,0.92913383,0.08433338,0.066192284
165,0.93700784,0.07926473,0.061724514
165,0.9448819,0.07426284,0.057120018
165,0.9527559,0.06931409,0.0526558
165,0.96062994,0.064238876,0.047994886
165,0.96850395,0.059188414,0.04335671
165,0.97637796,0.054093048,0.038737677
165,0.984252,0.048757248,0.033721186
165,0.992126,0.0432913,0.028775392
165,1.0,0.0378,0.023714285
166,0.0,0.9883,0.7192857
166,0.007874016,0.9761462,0.7118423
166,0.015748031,0.96376693,0.704197
166,0.023622047,0.95173126,0.6968151
166,0.031496063,0.93980455,0.6896184
166,0.03937008,0.92773473,0.68238974
166,0.047244094,0.91591525,0.675523
166,0.05511811,0.9041031,0.6684018
166,0.062992126,0.89239657,0.66126764
166,0.070866145,0.880412,0.65383303
166,0.07874016,0.8686132,0.64665914
166,0.08661418,0.8567006,0.63946784
166,0.09448819,0.8447471,0.63229036
166,0.10236221,0.83281475,0.6251005
166,0.11023622,0.8209351,0.61802506
166,0.11811024,0.8087932,0.6108326
166,0.12598425,0.79662395,0.60375655
166,0.13385826,0.78445196,0.5969959
166,0.14173229,0.7719868,0.5904218
166,0.1496063,0.7597372,0.58428425
166,0.15748031,0.74736834,0.57850873
166,0.16535433,0.73483914,0.57297516
166,0.17322835,0.7224068,0.56764036
166,0.18110237,0.7103262,0.56270456
166,0.18897638,0.6977657,0.5579869
166,0.19685039,0.6850957,0.55394167
166,0.20472442,0.67238784,0.5506128
166,0.21259843,0.6594578,0.5482317
166,0.22047244,0.64642245,0.54686743
166,0.22834645,0.6333281,0.54675174
166,0.23622048,0.62052256,0.5479647
166,0.24409449,0.6078062,0.55043423
166,0.2519685,0.5950084,0.5545307
166,0.25984251,0.58231425,0.5600143
166,0.26771653,0.57014406,0.56646055
166,0.27559054,0.5582716,0.57352835
166,0.28346458,0.5465561,0.5811742
166,0.2913386,0.53467256,0.58937675
166,0.2992126,0.5228989,0.5977151
166,0.30708662,0.5111964,0.60593116
166,0.31496063,0.4994151,0.61382645
166,0.32283464,0.48721242,0.62162507
166,0.33070865,0.47502884,0.6288529
166,0.33858266,0.4627959,0.6354235
166,0.3464567,0.45050243,0.64114183
166,0.35433072,0.43792576,0.6461106
166,0.36220473,0.42538476,0.64981544
166,0.37007874,0.41268012,0.65231127
166,0.37795275,0.39993247,0.6528571
166,0.38582677,0.38702324,0.6513887
166,0.39370078,0.3742787,0.6474565
166,0.4015748,0.3616617,0.64108974
166,0.40944883,0.34977052,0.63249415
166,0.41732284,0.33924398,0.62223303
166,0.42519686,0.32983565,0.6101938
166,0.43307087,0.32132402,0.59640735
166,0.44094488,0.31367475,0.5810887
166,0.4488189,0.30710068,0.56506526
166,0.4566929,0.30154237,0.54810005
166,0.46456692,0.2971618,0.5306429
166,0.47244096,0.2940182,0.51268196
166,0.48031497,0.29225227,0.4945293
166,0.48818898,0.2917,0.47603506
166,0.496063,0.2924334,0.4574276
166,0.503937,0.29433045,0.43902478
166,0.511811,0.29749495,0.42096883
166,0.51968503,0.30181366,0.4035416
166,0.52755904,0.3074192,0.38696706
166,0.53543305,0.31434613,0.37128076
166,0.54330707,0.32233912,0.3565289
166,0.5511811,0.33125335,0.34278092
166,0.5590551,0.340977,0.3303124
166,0.56692916,0.35141042,0.31948617
166,0.5748032,0.36266097,0.3100993
166,0.5826772,0.37461022,0.30269387
166,0.5905512,0.38695255,0.29708838
166,0.5984252,0.39979336,0.29353195
166,0.6062992,0.41273636,0.29199752
166,0.61417323,0.42573857,0.29250184
166,0.62204725,0.43860325,0.29505554
166,0.62992126,0.45114556,0.29981565
166,0.63779527,0.4631774,0.30652025
166,0.6456693,0.4749005,0.31478235
166,0.6535433,0.486123,0.3240201
166,0.6614173,0.49702892,0.33402756
166,0.6692913,0.50780135,0.34433463
166,0.6771653,0.5183196,0.3550361
166,0.68503934,0.52891594,0.3657073
166,0.6929134,0.53962135,0.37633827
166,0.7007874,0.55024886,0.38668108
166,0.70866144,0.5612057,0.39652202
166,0.71653545,0.57234895,0.4059764
166,0.72440946,0.58377767,0.41474253
166,0.7322835,0.59532183,0.42261547
166,0.7401575,0.60705394,0.4299502
166,0.7480315,0.6192011,0.43666726
166,0.7559055,0.6316776,0.4430689
166,0.7637795,0.64435685,0.44895902
166,0.77165353,0.65719694,0.45472726
166,0.77952754,0.6694781,0.46018842
166,0.78740156,0.6817169,0.46563804
166,0.79527557,0.6940123,0.47124395
166,0.8031496,0.7063744,0.47703543
166,0.8110236,0.7187154,0.48305497
166,0.81889766,0.7309161,0.48927984
166,0.8267717,0.7432913,0.4956085
166,0.8346457,0.7555732,0.5021603
166,0.8425197,0.7676703,0.5088116
166,0.8503937,0.7797595,0.51555824
166,0.8582677,0.7917939,0.5225171
166,0.86614174,0.80387706,0.529613
166,0.87401575,0.8160042,0.53667533
166,0.88188976,0.8279722,0.54384506
166,0.8897638,0.83987933,0.55112123
166,0.8976378,0.8518237,0.5585084
166,0.9055118,0.8636882,0.56596583
166,0.9133858,0.8754782,0.5735221
166,0.9212598,0.8872772,0.5813072
166,0.92913383,0.8990708,0.5890385
166,0.93700784,0.91073966,0.5969194
166,0.9448819,0.9224824,0.6047159
166,0.9527559,0.93419707,0.6124267
166,0.96062994,0.94600576,0.62028116
166,0.96850395,0.9579036,0.6280613
166,0.97637796,0.969925,0.63593274
166,0.984252,0.9819819,0.64374906
166,0.992126,0.9939232,0.6513988
166,1.0,1.0059,0.659
167,0.0,0.1796,0.035428572
167,0.007874016,0.18583257,0.04142792
167,0.015748031,0.1915658,0.046789486
167,0.023622047,0.19746356,0.05320339
167,0.031496063,0.20322718,0.059175216
167,0.03937008,0.20877671,0.06501705
167,0.047244094,0.21461727,0.071304224
167,0.05511811,0.22070228,0.07773268
167,0.062992126,0.22706603,0.08425174
167,0.070866145,0.23298877,0.090717345
167,0.07874016,0.23880756,0.09699252
167,0.08661418,0.2445368,0.10349117
167,0.09448819,0.25025964,0.109971024
167,0.10236221,0.25598803,0.116701
167,0.11023622,0.26151803,0.12312647
167,0.11811024,0.26690483,0.12925933
167,0.12598425,0.2721534,0.13500391
167,0.13385826,0.27813292,0.1416099
167,0.14173229,0.284126,0.14848687
167,0.1496063,0.28975162,0.1549424
167,0.15748031,0.29538417,0.16148116
167,0.16535433,0.30101678,0.16818865
167,0.17322835,0.3069217,0.1749383
167,0.18110237,0.31265464,0.18151058
167,0.18897638,0.31848416,0.18790059
167,0.19685039,0.32399368,0.19388318
167,0.20472442,0.3298967,0.20003462
167,0.21259843,0.33604065,0.20641494
167,0.22047244,0.34243068,0.21299715
167,0.22834645,0.3484803,0.21902889
167,0.23622048,0.35433805,0.22487795
167,0.24409449,0.3602533,0.23052695
167,0.2519685,0.3661683,0.2360967
167,0.25984251,0.37240246,0.24148947
167,0.26771653,0.3786413,0.24681622
167,0.27559054,0.38502142,0.25206462
167,0.28346458,0.39143556,0.25723457
167,0.2913386,0.39785528,0.26232958
167,0.2992126,0.40419608,0.26750806
167,0.30708662,0.4105342,0.27281556
167,0.31496063,0.41678938,0.27804628
167,0.32283464,0.42295453,0.2834841
167,0.33070865,0.42919514,0.28870276
167,0.33858266,0.43550262,0.2938449
167,0.3464567,0.441965,0.29889458
167,0.35433072,0.44853398,0.30361727
167,0.36220473,0.4551005,0.3083881
167,0.37007874,0.46156305,0.31322405
167,0.37795275,0.46799088,0.31821367
167,0.38582677,0.47438622,0.32321006
167,0.39370078,0.48080918,0.32829288
167,0.4015748,0.48725572,0.33331615
167,0.40944883,0.4937279,0.33828148
167,0.41732284,0.5001457,0.34318933
167,0.42519686,0.5065502,0.3480374
167,0.43307087,0.51297295,0.35282457
167,0.44094488,0.51938176,0.3577835
167,0.4488189,0.52581066,0.36285955
167,0.4566929,0.53223604,0.36774218
167,0.46456692,0.53873867,0.37272015
167,0.47244096,0.54529536,0.37761396
167,0.48031497,0.55201465,0.38229576
167,0.48818898,0.5586655,0.38681242
167,0.496063,0.5654532,0.39130503
167,0.503937,0.5721416,0.3957637
167,0.511811,0.57881707,0.39998785
167,0.51968503,0.58525753,0.4041823
167,0.52755904,0.5916811,0.40858707
167,0.53543305,0.5981953,0.41298535
167,0.54330707,0.6048766,0.41762614
167,0.5511811,0.61177665,0.42220742
167,0.5590551,0.6186067,0.42647657
167,0.56692916,0.62536967,0.4304797
167,0.5748032,0.63210386,0.4343248
167,0.5826772,0.63879395,0.43806028
167,0.5905512,0.6454591,0.44163686
167,0.5984252,0.65210915,0.44535404
167,0.6062992,0.658966,0.4490745
167,0.61417323,0.66587824,0.4530031
167,0.62204725,0.6727764,0.4569306
167,0.62992126,0.6798439,0.4610473
167,0.63779527,0.6865819,0.46501592
167,0.6456693,0.6933121,0.46901762
167,0.6535433,0.699815,0.47299257
167,0.6614173,0.70631766,0.47694474
167,0.6692913,0.7129175,0.4809699
167,0.6771653,0.71954244,0.48507994
167,0.68503934,0.72633374,0.4890411
167,0.6929134,0.7331574,0.49310783
167,0.7007874,0.7399953,0.49699733
167,0.70866144,0.74683386,0.5009198
167,0.71653545,0.75362146,0.50480086
167,0.72440946,0.7603678,0.50858164
167,0.7322835,0.76719284,0.51248163
167,0.7401575,0.7740477,0.5163628
167,0.7480315,0.7809339,0.5202261
167,0.7559055,0.78778756,0.5242322
167,0.7637795,0.794674,0.528328
167,0.77165353,0.8014481,0.5323679
167,0.77952754,0.8081935,0.5363677
167,0.78740156,0.8148116,0.5404355
167,0.79527557,0.8215113,0.54452133
167,0.8031496,0.8281369,0.54865515
167,0.8110236,0.83486927,0.55280954
167,0.81889766,0.84161013,0.5569835
167,0.8267717,0.848378,0.5610698
167,0.8346457,0.85513073,0.56513506
167,0.8425197,0.8619002,0.56929475
167,0.8503937,0.8686936,0.57332337
167,0.8582677,0.8754109,0.5773476
167,0.86614174,0.8822131,0.5813737
167,0.87401575,0.8889623,0.585406
167,0.88188976,0.8958029,0.58958703
167,0.8897638,0.90269214,0.5936826
167,0.8976378,0.9095269,0.5978318
167,0.9055118,0.9163041,0.6018919
167,0.9133858,0.92299587,0.6058117
167,0.9212598,0.929659,0.6097318
167,0.92913383,0.93632096,0.6136511
167,0.93700784,0.9428887,0.6175739
167,0.9448819,0.9494635,0.6215012
167,0.9527559,0.9562303,0.6255757
167,0.96062994,0.96293753,0.6296538
167,0.96850395,0.9697499,0.633735
167,0.97637796,0.9765578,0.6379563
167,0.984252,0.9833548,0.64226115
167,0.992126,0.990037,0.6464939
167,1.0,0.9968,0.6507143
168,0.0,0.9864,0.72642857
168,0.007874016,0.98037237,0.72245866
168,0.015748031,0.97420746,0.7184651
168,0.023622047,0.9680534,0.7145577
168,0.031496063,0.9618151,0.7105108
168,0.03937008,0.95566213,0.7064793
168,0.047244094,0.9496115,0.7026601
168,0.05511811,0.9438054,0.6990033
168,0.062992126,0.9380851,0.69541943
168,0.070866145,0.9320178,0.69141906
168,0.07874016,0.925904,0.6873494
168,0.08661418,0.9199025,0.68324697
168,0.09448819,0.9139199,0.6791571
168,0.10236221,0.9079324,0.67495704
168,0.11023622,0.90202266,0.6710779
168,0.11811024,0.8959317,0.6669324
168,0.12598425,0.8898036,0.66281235
168,0.13385826,0.88359106,0.65882343
168,0.14173229,0.87750214,0.65478724
168,0.1496063,0.8714108,0.6508633
168,0.15748031,0.86527824,0.64707327
168,0.16535433,0.859199,0.64325655
168,0.17322835,0.8531377,0.6395636
168,0.18110237,0.8470429,0.6358685
168,0.18897638,0.8408687,0.632325
168,0.19685039,0.8347037,0.62865925
168,0.20472442,0.8285725,0.6251557
168,0.21259843,0.82233584,0.621668
168,0.22047244,0.8160637,0.61817926
168,0.22834645,0.8098332,0.6146761
168,0.23622048,0.80359334,0.61141145
168,0.24409449,0.7974431,0.6082042
168,0.2519685,0.79116064,0.6049775
168,0.25984251,0.78468126,0.6017205
168,0.26771653,0.77810115,0.5985148
168,0.27559054,0.77163553,0.5953979
168,0.28346458,0.76520246,0.59242946
168,0.2913386,0.7590137,0.58967316
168,0.2992126,0.7528033,0.58685905
168,0.30708662,0.74620324,0.58421546
168,0.31496063,0.7410449,0.5819738
168,0.32283464,0.7345074,0.57905114
168,0.33070865,0.72805136,0.57631016
168,0.33858266,0.7215407,0.5735859
168,0.3464567,0.7151934,0.57114047
168,0.35433072,0.7088832,0.5687797
168,0.36220473,0.70228076,0.5665812
168,0.37007874,0.69552845,0.56449383
168,0.37795275,0.6888004,0.56245726
168,0.38582677,0.68218535,0.56071013
168,0.39370078,0.6756982,0.5590852
168,0.4015748,0.6691945,0.55756986
168,0.40944883,0.6625705,0.5561541
168,0.41732284,0.6559447,0.5548642
168,0.42519686,0.64922094,0.55368584
168,0.43307087,0.64248884,0.552748
168,0.44094488,0.63609654,0.552053
168,0.4488189,0.6297793,0.5517143
168,0.4566929,0.6235017,0.5515714
168,0.46456692,0.61683285,0.55198103
168,0.47244096,0.6100044,0.5525968
168,0.48031497,0.60337186,0.5535748
168,0.48818898,0.5967603,0.5548666
168,0.496063,0.5901699,0.5565121
168,0.503937,0.5837016,0.5586257
168,0.511811,0.5772792,0.561119
168,0.51968503,0.5709571,0.56399125
168,0.52755904,0.56483144,0.5672135
168,0.53543305,0.5587101,0.5709371
168,0.54330707,0.55257857,0.57476664
168,0.5511811,0.5465344,0.57900566
168,0.5590551,0.54056275,0.58335215
168,0.56692916,0.5347035,0.5878454
168,0.5748032,0.5288498,0.59253585
168,0.5826772,0.52312016,0.5971827
168,0.5905512,0.51732904,0.6019205
168,0.5984252,0.51163733,0.6067081
168,0.6062992,0.5059127,0.61168677
168,0.61417323,0.50019324,0.61657715
168,0.62204725,0.4944813,0.6215719
168,0.62992126,0.48885277,0.6266319
168,0.63779527,0.4832003,0.6317644
168,0.6456693,0.4775051,0.6368523
168,0.6535433,0.47187468,0.6420241
168,0.6614173,0.46626285,0.64720243
168,0.6692913,0.46071678,0.65231735
168,0.6771653,0.45517942,0.6574482
168,0.68503934,0.4496023,0.6626645
168,0.6929134,0.44411045,0.667968
168,0.7007874,0.4386224,0.67331815
168,0.70866144,0.4331233,0.6787855
168,0.71653545,0.4276899,0.6842652
168,0.72440946,0.42232168,0.6898648
168,0.7322835,0.41698894,0.6955379
168,0.7401575,0.41175696,0.7012934
168,0.7480315,0.406566,0.7071119
168,0.7559055,0.40135828,0.7132306
168,0.7637795,0.39618728,0.71945137
168,0.77165353,0.39116862,0.725752
168,0.77952754,0.38620102,0.7320889
168,0.78740156,0.38141838,0.7386419
168,0.79527557,0.37671575,0.7452632
168,0.8031496,0.37206185,0.75191164
168,0.8110236,0.36745146,0.75879544
168,0.81889766,0.36298254,0.7656851
168,0.8267717,0.3585614,0.7728073
168,0.8346457,0.35419264,0.77990055
168,0.8425197,0.3498861,0.787201
168,0.8503937,0.34572864,0.7945951
168,0.8582677,0.3416225,0.8020172
168,0.86614174,0.33762348,0.80941033
168,0.87401575,0.33377892,0.8169231
168,0.88188976,0.32988563,0.8245908
168,0.8897638,0.32604262,0.8324602
168,0.8976378,0.3222126,0.8403083
168,0.9055118,0.31838754,0.84827936
168,0.9133858,0.3146658,0.85626805
168,0.9212598,0.31097907,0.8644509
168,0.92913383,0.30732295,0.87259686
168,0.93700784,0.30369258,0.8806975
168,0.9448819,0.30008498,0.8888828
168,0.9527559,0.2964922,0.8970345
168,0.96062994,0.29296222,0.90516245
168,0.96850395,0.2894374,0.9133573
168,0.97637796,0.28597218,0.92150015
168,0.984252,0.2825119,0.92957807
168,0.992126,0.2790559,0.9377761
168,1.0,0.2756,0.94585717
169,0.0,0.2135,0.95585716
169,0.007874016,0.21605892,0.9476551
169,0.015748031,0.21862607,0.93942493
169,0.023622047,0.22110376,0.9312168
169,0.031496063,0.22363673,0.9229271
169,0.03937008,0.2262159,0.91481173
169,0.047244094,0.22867489,0.90647894
169,0.05511811,0.23122124,0.8982737
169,0.062992126,0.23372516,0.89005303
169,0.070866145,0.23618264,0.8818477
169,0.07874016,0.23871061,0.87367636
169,0.08661418,0.24131571,0.8653067
169,0.09448819,0.24381441,0.8572751
169,0.10236221,0.24635845,0.84897584
169,0.11023622,0.24903303,0.84056026
169,0.11811024,0.25161406,0.8321436
169,0.12598425,0.25417203,0.823957
169,0.13385826,0.25659868,0.81600565
169,0.14173229,0.2588428,0.8088777
169,0.1496063,0.2607424,0.80127716
169,0.15748031,0.26320425,0.79312474
169,0.16535433,0.2656606,0.7851976
169,0.17322835,0.2680098,0.77725065
169,0.18110237,0.2705072,0.7688346
169,0.18897638,0.27296707,0.76039857
169,0.19685039,0.2751188,0.7518391
169,0.20472442,0.2772255,0.7433193
169,0.21259843,0.27913174,0.7347211
169,0.22047244,0.28087115,0.7258258
169,0.22834645,0.28253248,0.7169099
169,0.23622048,0.28402227,0.7078648
169,0.24409449,0.28542045,0.6989296
169,0.2519685,0.28661564,0.69020665
169,0.25984251,0.28760335,0.6815307
169,0.26771653,0.28849006,0.6727471
169,0.27559054,0.28924882,0.6639785
169,0.28346458,0.2897844,0.65511566
169,0.2913386,0.29034233,0.64619684
169,0.2992126,0.29069725,0.63720983
169,0.30708662,0.2909,0.62825036
169,0.31496063,0.291,0.6194033
169,0.32283464,0.291,0.61074394
169,0.33070865,0.291,0.60191905
169,0.33858266,0.2909,0.5930633
169,0.3464567,0.2908,0.58417124
169,0.35433072,0.29064187,0.5751367
169,0.36220473,0.29042494,0.56614095
169,0.37007874,0.29021296,0.55710304
169,0.37795275,0.29000574,0.5481721
169,0.38582677,0.2898,0.5392324
169,0.39370078,0.2895042,0.53041136
169,0.4015748,0.28920913,0.52141684
169,0.40944883,0.28891724,0.5125415
169,0.41732284,0.28852785,0.5035894
169,0.42519686,0.28814074,0.49456614
169,0.43307087,0.28775543,0.4855352
169,0.44094488,0.2873434,0.47639656
169,0.4488189,0.2868785,0.4673763
169,0.4566929,0.28640792,0.45853445
169,0.46456692,0.2858545,0.44957063
169,0.47244096,0.28524104,0.4407632
169,0.48031497,0.28460002,0.43180966
169,0.48818898,0.2838719,0.4229867
169,0.496063,0.283114,0.4140038
169,0.503937,0.282269,0.40515134
169,0.511811,0.28126422,0.3962902
169,0.51968503,0.2802349,0.38747606
169,0.52755904,0.27900296,0.3787007
169,0.53543305,0.27775928,0.3698985
169,0.54330707,0.27633476,0.36121854
169,0.5511811,0.2748051,0.35251778
169,0.5590551,0.27310303,0.34387222
169,0.56692916,0.27121767,0.33536145
169,0.5748032,0.26924396,0.32687125
169,0.5826772,0.26711172,0.31854188
169,0.5905512,0.26476237,0.31019375
169,0.5984252,0.2622648,0.30200487
169,0.6062992,0.2595668,0.29372528
169,0.61417323,0.25670546,0.2856712
169,0.62204725,0.25366622,0.27761775
169,0.62992126,0.25060531,0.26979864
169,0.63779527,0.24735698,0.26217034
169,0.6456693,0.24407671,0.25460392
169,0.6535433,0.24062051,0.24713352
169,0.6614173,0.237019,0.23968357
169,0.6692913,0.23328187,0.23242086
169,0.6771653,0.22942625,0.22523446
169,0.68503934,0.22546516,0.2183308
169,0.6929134,0.22138113,0.21165335
169,0.7007874,0.21713732,0.20508721
169,0.70866144,0.21275653,0.19865218
169,0.71653545,0.20818385,0.19237924
169,0.72440946,0.20353296,0.18616885
169,0.7322835,0.1988828,0.18017495
169,0.7401575,0.19422244,0.17427237
169,0.7480315,0.18941133,0.16832724
169,0.7559055,0.18473023,0.16274668
169,0.7637795,0.1800226,0.157318
169,0.77165353,0.17695886,0.15438938
169,0.77952754,0.1719843,0.1488392
169,0.78740156,0.16715497,0.14354163
169,0.79527557,0.16217265,0.13817059
169,0.8031496,0.15702981,0.13265216
169,0.8110236,0.15190032,0.12717496
169,0.81889766,0.14687505,0.12187505
169,0.8267717,0.14183101,0.116648585
169,0.8346457,0.13672642,0.11131088
169,0.8425197,0.13163568,0.10615617
169,0.8503937,0.12650254,0.10098054
169,0.8582677,0.121317804,0.09584288
169,0.86614174,0.11603014,0.09070115
169,0.87401575,0.110773794,0.08566325
169,0.88188976,0.1054162,0.080491625
169,0.8897638,0.10011991,0.07549515
169,0.8976378,0.094772555,0.070545286
169,0.9055118,0.08956254,0.06577385
169,0.9133858,0.08436683,0.06104779
169,0.9212598,0.07920025,0.056400213
169,0.92913383,0.07407272,0.051783543
169,0.93700784,0.06893861,0.047123764
169,0.9448819,0.063742265,0.042413667
169,0.9527559,0.05844193,0.037584975
169,0.96062994,0.053032205,0.032727245
169,0.96850395,0.04762021,0.027652564
169,0.97637796,0.04222385,0.0226543
169,0.984252,0.036812417,0.01766957
169,0.992126,0.03153615,0.012747703
169,1.0,0.0263,0.007857143
170,0.0,0.9924,0.7222857
170,0.007874016,0.98605025,0.7183051
170,0.015748031,0.9795764,0.71430993
170,0.023622047,0.9731898,0.710307
170,0.031496063,0.9668788,0.7064438
170,0.03937008,0.9605328,0.70258063
170,0.047244094,0.9542831,0.6988189
170,0.05511811,0.9481148,0.6951236
170,0.062992126,0.9419067,0.69136417
170,0.070866145,0.93555737,0.68743604
170,0.07874016,0.9291666,0.683339
170,0.08661418,0.9227191,0.6793632
170,0.09448819,0.91628766,0.6753694
170,0.10236221,0.9100068,0.67154676
170,0.11023622,0.9037902,0.66788703
170,0.11811024,0.8976025,0.6642039
170,0.12598425,0.89125746,0.6604866
170,0.13385826,0.8848783,0.6565876
170,0.14173229,0.87845975,0.6526427
170,0.1496063,0.87200046,0.6487953
170,0.15748031,0.86562395,0.64489686
170,0.16535433,0.85923636,0.6409294
170,0.17322835,0.8528479,0.6370181
170,0.18110237,0.84634423,0.6331882
170,0.18897638,0.839791,0.6293414
170,0.19685039,0.8333489,0.62571365
170,0.20472442,0.8270986,0.62227744
170,0.21259843,0.8207309,0.61892605
170,0.22047244,0.81431204,0.61553264
170,0.22834645,0.80753833,0.6121135
170,0.23622048,0.80114377,0.60902846
170,0.24409449,0.7949673,0.6060683
170,0.2519685,0.78858316,0.6028996
170,0.25984251,0.7818498,0.5991702
170,0.26771653,0.77552056,0.5958938
170,0.27559054,0.76953155,0.59311026
170,0.28346458,0.76287055,0.590224
170,0.2913386,0.75619596,0.58739066
170,0.2992126,0.7497973,0.5849586
170,0.30708662,0.74383694,0.58252525
170,0.31496063,0.7368178,0.5795174
170,0.32283464,0.7304761,0.57701814
170,0.33070865,0.7237251,0.5744184
170,0.33858266,0.71709794,0.57207096
170,0.3464567,0.7107114,0.5696456
170,0.35433072,0.7042801,0.5670735
170,0.36220473,0.6978041,0.5648784
170,0.37007874,0.6912819,0.5630447
170,0.37795275,0.6849697,0.56131685
170,0.38582677,0.67822385,0.5593299
170,0.39370078,0.67147934,0.5573998
170,0.4015748,0.6647411,0.5559716
170,0.40944883,0.65768814,0.55493176
170,0.41732284,0.65053785,0.5541965
170,0.42519686,0.6435257,0.5537143
170,0.43307087,0.6367441,0.5535714
170,0.44094488,0.6300297,0.5535714
170,0.4488189,0.6231701,0.55380213
170,0.4566929,0.6161753,0.5546035
170,0.46456692,0.6093575,0.5559377
170,0.47244096,0.60261077,0.5576255
170,0.48031497,0.5960061,0.55963737
170,0.48818898,0.58931434,0.56205636
170,0.496063,0.58267814,0.5647047
170,0.503937,0.5759542,0.56766367
170,0.511811,0.56929576,0.5709632
170,0.51968503,0.56274885,0.5744496
170,0.52755904,0.5561931,0.57816637
170,0.53543305,0.54977703,0.5819324
170,0.54330707,0.54349124,0.5860944
170,0.5511811,0.5372976,0.590301
170,0.5590551,0.53128785,0.594631
170,0.56692916,0.5254719,0.5990136
170,0.5748032,0.5195486,0.6036741
170,0.5826772,0.5134883,0.60838145
170,0.5905512,0.50729215,0.6133848
170,0.5984252,0.5011938,0.6183138
170,0.6062992,0.49516577,0.62332153
170,0.61417323,0.48932174,0.62838054
170,0.62204725,0.48355016,0.6334134
170,0.62992126,0.4778302,0.63854265
170,0.63779527,0.47211346,0.64370257
170,0.6456693,0.4663824,0.6489915
170,0.6535433,0.4606608,0.65412945
170,0.6614173,0.4549715,0.6592392
170,0.6692913,0.449272,0.6644442
170,0.6771653,0.44358915,0.6697015
170,0.68503934,0.43797687,0.67494565
170,0.6929134,0.43224216,0.68026274
170,0.7007874,0.42651019,0.6856191
170,0.70866144,0.42064905,0.6910616
170,0.71653545,0.41498467,0.696501
170,0.72440946,0.40932438,0.702081
170,0.7322835,0.4038699,0.70774657
170,0.7401575,0.39850393,0.7137321
170,0.7480315,0.39322835,0.719739
170,0.7559055,0.38801858,0.7259917
170,0.7637795,0.38278908,0.73247117
170,0.77165353,0.37764043,0.73923373
170,0.77952754,0.37257174,0.7461832
170,0.78740156,0.36772835,0.75303257
170,0.79527557,0.36314052,0.7599389
170,0.8031496,0.3584817,0.7670846
170,0.8110236,0.35386586,0.77442235
170,0.81889766,0.3493545,0.78182864
170,0.8267717,0.3448338,0.78931254
170,0.8346457,0.3404469,0.7968548
170,0.8425197,0.33631718,0.8043337
170,0.8503937,0.33224806,0.81200784
170,0.8582677,0.32812166,0.8200823
170,0.86614174,0.32413745,0.82830364
170,0.87401575,0.32019922,0.83657306
170,0.88188976,0.31631058,0.84476304
170,0.8897638,0.31249616,0.85281515
170,0.8976378,0.30881223,0.86064553
170,0.9055118,0.30511856,0.8686031
170,0.9133858,0.30144832,0.87673074
170,0.9212598,0.29778042,0.8850054
170,0.92913383,0.29417723,0.8936256
170,0.93700784,0.29047757,0.9025393
170,0.9448819,0.28688118,0.91137815
170,0.9527559,0.28329524,0.9204164
170,0.96062994,0.279814,0.92931765
170,0.96850395,0.27636337,0.93787384
170,0.97637796,0.27301446,0.94613224
170,0.984252,0.26968098,0.954369
170,0.992126,0.26634604,0.96245635
170,1.0,0.263,0.97057146
171,0.0,0.2106,0.948
171,0.007874016,0.21320626,0.9400201
171,0.015748031,0.21596672,0.93139666
171,0.023622047,0.21866746,0.922887
171,0.031496063,0.22101878,0.9150624
171,0.03937008,0.22310282,0.90727764
171,0.047244094,0.2254533,0.8992763
171,0.05511811,0.2277,0.89171654
171,0.062992126,0.23030768,0.88354945
171,0.070866145,0.23295592,0.87512594
171,0.07874016,0.23547038,0.86716926
171,0.08661418,0.23768345,0.8596187
171,0.09448819,0.2400808,0.8516263
171,0.10236221,0.24246529,0.84346557
171,0.11023622,0.24489813,0.83534044
171,0.11811024,0.24734686,0.82734936
171,0.12598425,0.24971953,0.8193876
171,0.13385826,0.2521548,0.8111992
171,0.14173229,0.25467348,0.8030699
171,0.1496063,0.25713256,0.79478014
171,0.15748031,0.2595156,0.7866146
171,0.16535433,0.26188874,0.7783709
171,0.17322835,0.2641709,0.7701039
171,0.18110237,0.26647475,0.7618581
171,0.18897638,0.26870885,0.75361127
171,0.19685039,0.27078232,0.74535304
171,0.20472442,0.27289823,0.7370072
171,0.21259843,0.27481806,0.72865504
171,0.22047244,0.2766959,0.7202496
171,0.22834645,0.27853218,0.71183443
171,0.23622048,0.28012797,0.70330524
171,0.24409449,0.2816853,0.6948513
171,0.2519685,0.28316477,0.6862516
171,0.25984251,0.28449246,0.67770237
171,0.26771653,0.28571758,0.6690762
171,0.27559054,0.28675762,0.6604043
171,0.28346458,0.28778246,0.6516123
171,0.2913386,0.2887071,0.64273185
171,0.2992126,0.28947914,0.6338427
171,0.30708662,0.29021245,0.6249384
171,0.31496063,0.2908082,0.6160492
171,0.32283464,0.2913294,0.6072772
171,0.33070865,0.29177326,0.59845847
171,0.33858266,0.29214135,0.5895823
171,0.3464567,0.29239377,0.58078474
171,0.35433072,0.2925441,0.5719165
171,0.36220473,0.2927,0.563124
171,0.37007874,0.2927,0.5543132
171,0.37795275,0.2927,0.54541546
171,0.38582677,0.29257196,0.5365304
171,0.39370078,0.29242933,0.5276191
171,0.4015748,0.29217523,0.518683
171,0.40944883,0.29179335,0.50973374
171,0.41732284,0.29141292,0.5009452
171,0.42519686,0.29093352,0.49205115
171,0.43307087,0.29038227,0.4831614
171,0.44094488,0.28976494,0.47442305
171,0.4488189,0.2891483,0.46562263
171,0.4566929,0.2883322,0.4569548
171,0.46456692,0.28751647,0.4481486
171,0.47244096,0.28663495,0.43949065
171,0.48031497,0.28567737,0.4308319
171,0.48818898,0.2845874,0.42213503
171,0.496063,0.28340003,0.41342887
171,0.503937,0.28211632,0.4048071
171,0.511811,0.2807849,0.39619225
171,0.51968503,0.27937466,0.38773006
171,0.52755904,0.2777483,0.379195
171,0.53543305,0.2761151,0.37075055
171,0.54330707,0.2743882,0.3623071
171,0.5511811,0.27244717,0.35374632
171,0.5590551,0.2704477,0.34534797
171,0.56692916,0.2682908,0.33699435
171,0.5748032,0.26609075,0.32873702
171,0.5826772,0.2636571,0.32041913
171,0.5905512,0.26117066,0.31224602
171,0.5984252,0.2586253,0.304225
171,0.6062992,0.25588587,0.2963882
171,0.61417323,0.25304678,0.28856227
171,0.62204725,0.25012854,0.2807456
171,0.62992126,0.24695882,0.27309725
171,0.63779527,0.24377604,0.26562744
171,0.6456693,0.24053316,0.25825995
171,0.6535433,0.23713319,0.25099337
171,0.6614173,0.23352535,0.24374622
171,0.6692913,0.22987553,0.23666064
171,0.6771653,0.2260496,0.22973035
171,0.68503934,0.22213812,0.22280163
171,0.6929134,0.21810755,0.21608402
171,0.7007874,0.21405356,0.20939283
171,0.70866144,0.2099305,0.20281276
171,0.71653545,0.20563793,0.1963399
171,0.72440946,0.20132272,0.19002666
171,0.7322835,0.19701122,0.18387318
171,0.7401575,0.19257094,0.17773598
171,0.7480315,0.18802781,0.17170203
171,0.7559055,0.18338306,0.16575833
171,0.7637795,0.17877215,0.15982278
171,0.77165353,0.1740648,0.15406275
171,0.77952754,0.16926183,0.14830603
171,0.78740156,0.16446319,0.14269724
171,0.79527557,0.15959004,0.1372311
171,0.8031496,0.15466341,0.13174398
171,0.8110236,0.14972346,0.12627943
171,0.81889766,0.14469711,0.12093838
171,0.8267717,0.13968714,0.115719326
171,0.8346457,0.13458571,0.1104756
171,0.8425197,0.12945732,0.105342686
171,0.8503937,0.12440029,0.10021768
171,0.8582677,0.11931457,0.09527445
171,0.86614174,0.1141956,0.09026919
171,0.87401575,0.10914695,0.085379146
171,0.88188976,0.103994414,0.08059845
171,0.8897638,0.09884647,0.07573606
171,0.8976378,0.09369996,0.07094801
171,0.9055118,0.0885768,0.06614774
171,0.9133858,0.08345349,0.061490186
171,0.9212598,0.07833414,0.05669337
171,0.92913383,0.073324196,0.05204797
171,0.93700784,0.068220936,0.047265783
171,0.9448819,0.06312268,0.04263101
171,0.9527559,0.057908304,0.037684754
171,0.96062994,0.052689232,0.032729097
171,0.96850395,0.047380242,0.027663596
171,0.97637796,0.042083845,0.022685809
171,0.984252,0.036846064,0.01764227
171,0.992126,0.03181192,0.012635759
171,1.0,0.0267,0.0077142855
172,0.0,0.9801,0.727
172,0.007874016,0.974063,0.723084
172,0.015748031,0.9679492,0.71901214
172,0.023622047,0.9617691,0.7149146
172,0.031496063,0.9555386,0.7107741
172,0.03937008,0.9492758,0.706697
172,0.047244094,0.94299245,0.7025759
172,0.05511811,0.9368441,0.6984964
172,0.062992126,0.9307786,0.6945583
172,0.070866145,0.9247761,0.69062155
172,0.07874016,0.91877234,0.68680596
172,0.08661418,0.9126775,0.68289137
172,0.09448819,0.906678,0.6790767
172,0.10236221,0.9007667,0.6752619
172,0.11023622,0.89458805,0.6713169
172,0.11811024,0.8883312,0.66736376
172,0.12598425,0.8820592,0.6632852
172,0.13385826,0.87573797,0.65929246
172,0.14173229,0.86933035,0.6552097
172,0.1496063,0.8632574,0.6513267
172,0.15748031,0.8573049,0.64764637
172,0.16535433,0.8513438,0.6439598
172,0.17322835,0.84512293,0.6404614
172,0.18110237,0.8424362,0.6387143
172,0.18897638,0.8362611,0.6350436
172,0.19685039,0.8298906,0.63156694
172,0.20472442,0.8236625,0.6280051
172,0.21259843,0.8175645,0.62447464
172,0.22047244,0.81125104,0.62069094
172,0.22834645,0.8049224,0.6169271
172,0.23622048,0.79869413,0.6132538
172,0.24409449,0.7925465,0.60967606
172,0.2519685,0.78629756,0.60605574
172,0.25984251,0.7799663,0.60245
172,0.26771653,0.77356416,0.5990333
172,0.27559054,0.7672026,0.59563774
172,0.28346458,0.76082146,0.5925176
172,0.2913386,0.7544926,0.5895156
172,0.2992126,0.74809843,0.5866098
172,0.30708662,0.7416834,0.5837929
172,0.31496063,0.73508805,0.5810733
172,0.32283464,0.7286281,0.57843953
172,0.33070865,0.72224545,0.5760338
172,0.33858266,0.7158734,0.5737315
172,0.3464567,0.7095292,0.5714411
172,0.35433072,0.7031381,0.56936055
172,0.36220473,0.6964728,0.5673176
172,0.37007874,0.6898772,0.56546164
172,0.37795275,0.6833828,0.5636579
172,0.38582677,0.6770018,0.5620524
172,0.39370078,0.67043465,0.5603654
172,0.4015748,0.66384894,0.55888754
172,0.40944883,0.6571527,0.5574731
172,0.41732284,0.6505647,0.55611706
172,0.42519686,0.6439225,0.5549567
172,0.43307087,0.6372285,0.55399317
172,0.44094488,0.63063335,0.55324405
172,0.4488189,0.6239261,0.55285716
172,0.4566929,0.6172339,0.5527143
172,0.46456692,0.6104953,0.5527464
172,0.47244096,0.603842,0.5532824
172,0.48031497,0.59712094,0.5540345
172,0.48818898,0.59051144,0.5550651
172,0.496063,0.5839951,0.55653495
172,0.503937,0.5775375,0.55824435
172,0.511811,0.57099587,0.5604589
172,0.51968503,0.56433034,0.5632121
172,0.52755904,0.5576963,0.56628746
172,0.53543305,0.55133504,0.5696371
172,0.54330707,0.5450396,0.5732778
172,0.5511811,0.5389829,0.57711816
172,0.5590551,0.53302604,0.58119565
172,0.56692916,0.527125,0.5854107
172,0.5748032,0.5212258,0.58972394
172,0.5826772,0.5153661,0.5942023
172,0.5905512,0.5094801,0.5987305
172,0.5984252,0.5035703,0.603412
172,0.6062992,0.4977405,0.608171
172,0.61417323,0.49189237,0.61286336
172,0.62204725,0.48608342,0.6176893
172,0.62992126,0.48031798,0.6224978
172,0.63779527,0.47452667,0.62738657
172,0.6456693,0.46880302,0.63239986
172,0.6535433,0.46314666,0.63739914
172,0.6614173,0.45751926,0.64253485
172,0.6692913,0.45192906,0.6477769
172,0.6771653,0.44632366,0.65310216
172,0.68503934,0.44076976,0.65851265
172,0.6929134,0.4352761,0.6640486
172,0.7007874,0.42984223,0.66964483
172,0.70866144,0.42446592,0.6754273
172,0.71653545,0.4191495,0.6812056
172,0.72440946,0.41388574,0.6870594
172,0.7322835,0.40868327,0.693144
172,0.7401575,0.40362766,0.69934005
172,0.7480315,0.3985941,0.7055531
172,0.7559055,0.39358008,0.7119103
172,0.7637795,0.38871637,0.71825194
172,0.77165353,0.38381526,0.72483534
172,0.77952754,0.37906614,0.73147696
172,0.78740156,0.37437025,0.7383282
172,0.79527557,0.36972287,0.7451996
172,0.8031496,0.36522564,0.7522085
172,0.8110236,0.36067665,0.7593691
172,0.81889766,0.35627094,0.7665407
172,0.8267717,0.35189313,0.7739301
172,0.8346457,0.34756804,0.78138304
172,0.8425197,0.34328985,0.78892034
172,0.8503937,0.33911547,0.7965634
172,0.8582677,0.3349816,0.80415624
172,0.86614174,0.3308716,0.81184804
172,0.87401575,0.32688496,0.81960005
172,0.88188976,0.32292053,0.82743573
172,0.8897638,0.3190335,0.83527344
172,0.8976378,0.31519702,0.84314877
172,0.9055118,0.3114183,0.8509902
172,0.9133858,0.3077027,0.8589188
172,0.9212598,0.30407608,0.8669084
172,0.92913383,0.3004005,0.8748786
172,0.93700784,0.29681265,0.88297147
172,0.9448819,0.29323125,0.89117527
172,0.9527559,0.28965372,0.899371
172,0.96062994,0.28608036,0.9075571
172,0.96850395,0.28261188,0.91587454
172,0.97637796,0.27904966,0.92417747
172,0.984252,0.27559364,0.9324279
172,0.992126,0.27215722,0.9405973
172,1.0,0.2687,0.9488571
173,0.0,0.9843,0.719
173,0.007874016,0.97553635,0.7136472
173,0.015748031,0.9667475,0.7081571
173,0.023622047,0.95781344,0.7026276
173,0.031496063,0.94890714,0.6971706
173,0.03937008,0.94008446,0.69167995
173,0.047244094,0.9313408,0.68610805
173,0.05511811,0.9225561,0.68072253
173,0.062992126,0.9137827,0.6752214
173,0.070866145,0.90499854,0.66973126
173,0.07874016,0.8961501,0.6642334
173,0.08661418,0.8872963,0.6589365
173,0.09448819,0.87849975,0.6536529
173,0.10236221,0.8695954,0.6486094
173,0.11023622,0.8606312,0.643669
173,0.11811024,0.85166997,0.6388406
173,0.12598425,0.84265196,0.63407236
173,0.13385826,0.833632,0.62949145
173,0.14173229,0.8245011,0.62487066
173,0.1496063,0.81522495,0.620425
173,0.15748031,0.806151,0.6162557
173,0.16535433,0.7971453,0.6121168
173,0.17322835,0.78793967,0.6079237
173,0.18110237,0.780903,0.60500425
173,0.18897638,0.77214795,0.6001957
173,0.19685039,0.76301694,0.5957223
173,0.20472442,0.7539294,0.591605
173,0.21259843,0.7448765,0.58754706
173,0.22047244,0.73544914,0.5833828
173,0.22834645,0.7260679,0.57933813
173,0.23622048,0.7169808,0.57554847
173,0.24409449,0.707684,0.57177997
173,0.2519685,0.6981952,0.56828415
173,0.25984251,0.68869805,0.565035
173,0.26771653,0.6793022,0.5622603
173,0.27559054,0.67004406,0.5600634
173,0.28346458,0.6606625,0.55808115
173,0.2913386,0.6510619,0.556133
173,0.2992126,0.64173985,0.55416286
173,0.30708662,0.6328069,0.5525204
173,0.31496063,0.6236149,0.55140823
173,0.32283464,0.6141115,0.5508571
173,0.33070865,0.6042347,0.5508571
173,0.33858266,0.59443325,0.5514846
173,0.3464567,0.5847767,0.55300367
173,0.35433072,0.5753148,0.55517274
173,0.36220473,0.5661954,0.5582955
173,0.37007874,0.55699265,0.5623041
173,0.37795275,0.54782647,0.56733745
173,0.38582677,0.53878707,0.573098
173,0.39370078,0.5301919,0.5792915
173,0.4015748,0.5218175,0.5857935
173,0.40944883,0.513721,0.59243613
173,0.41732284,0.5055378,0.59945565
173,0.42519686,0.4972898,0.60654724
173,0.43307087,0.4889517,0.6135304
173,0.44094488,0.48054022,0.6201427
173,0.4488189,0.47198004,0.6263067
173,0.4566929,0.46317035,0.63182235
173,0.46456692,0.45417598,0.63641864
173,0.47244096,0.4449987,0.64025044
173,0.48031497,0.43559706,0.64312303
173,0.48818898,0.42612457,0.6450822
173,0.496063,0.4166063,0.6461356
173,0.503937,0.40700927,0.64605504
173,0.511811,0.39740032,0.6449143
173,0.51968503,0.38786218,0.6427035
173,0.52755904,0.37841356,0.63932943
173,0.53543305,0.36941057,0.6351409
173,0.54330707,0.3608281,0.6298591
173,0.5511811,0.3526108,0.6237418
173,0.5590551,0.34442335,0.6163093
173,0.56692916,0.3366667,0.60799706
173,0.5748032,0.32952216,0.59874594
173,0.5826772,0.32289237,0.5887786
173,0.5905512,0.31685504,0.5782396
173,0.5984252,0.3114556,0.56692797
173,0.6062992,0.30664903,0.5551401
173,0.61417323,0.3024175,0.5428776
173,0.62204725,0.29875195,0.53022987
173,0.62992126,0.2956338,0.51721954
173,0.63779527,0.29295546,0.504026
173,0.6456693,0.29061702,0.49066865
173,0.6535433,0.28851977,0.47742683
173,0.6614173,0.2867195,0.46399653
173,0.6692913,0.28501135,0.45054138
173,0.6771653,0.2833943,0.43694842
173,0.68503934,0.2818435,0.42339373
173,0.6929134,0.28027946,0.4097567
173,0.7007874,0.27862933,0.39630622
173,0.70866144,0.27692303,0.38279086
173,0.71653545,0.275081,0.369378
173,0.72440946,0.27299812,0.35598803
173,0.7322835,0.2707474,0.34268728
173,0.7401575,0.2682538,0.32960415
173,0.7480315,0.2653975,0.31660953
173,0.7559055,0.26215538,0.30373484
173,0.7637795,0.25852942,0.29102886
173,0.77165353,0.25452447,0.27866828
173,0.77952754,0.25011972,0.26672783
173,0.78740156,0.24529435,0.2550216
173,0.79527557,0.24008133,0.24359122
173,0.8031496,0.23449992,0.23234269
173,0.8110236,0.22850198,0.2214319
173,0.81889766,0.22226362,0.21084768
173,0.8267717,0.21573202,0.20064732
173,0.8346457,0.20897734,0.19111049
173,0.8425197,0.20207748,0.18183033
173,0.8503937,0.19479787,0.17285487
173,0.8582677,0.1873991,0.16417761
173,0.86614174,0.17986603,0.15578502
173,0.87401575,0.17218323,0.14752585
173,0.88188976,0.16443759,0.1394936
173,0.8897638,0.15663594,0.13168202
173,0.8976378,0.14865199,0.12389141
173,0.9055118,0.14068112,0.11635946
173,0.9133858,0.1326833,0.10901427
173,0.9212598,0.1247125,0.10192678
173,0.92913383,0.11665289,0.09491821
173,0.93700784,0.10837451,0.08785995
173,0.9448819,0.1001476,0.08079652
173,0.9527559,0.091976546,0.07387478
173,0.96062994,0.08377881,0.06694663
173,0.96850395,0.07568746,0.059918124
173,0.97637796,0.06751251,0.052780226
173,0.984252,0.059285898,0.045317274
173,0.992126,0.05099593,0.037974443
173,1.0,0.0429,0.030571429
174,0.0,0.1844,0.03657143
174,0.007874016,0.19027478,0.04237838
174,0.015748031,0.19627187,0.047975887
174,0.023622047,0.20232758,0.05362758
174,0.031496063,0.20860343,0.059460077
174,0.03937008,0.21448988,0.065226845
174,0.047244094,0.2203166,0.07108804
174,0.05511811,0.22621638,0.077504426
174,0.062992126,0.23203057,0.084034935
174,0.070866145,0.23754486,0.090543404
174,0.07874016,0.2430101,0.09727012
174,0.08661418,0.24857013,0.10427589
174,0.09448819,0.25418574,0.11126532
174,0.10236221,0.25953576,0.118074544
174,0.11023622,0.26479056,0.1249404
174,0.11811024,0.27006617,0.13180882
174,0.12598425,0.27547288,0.13866512
174,0.13385826,0.280786,0.14523916
174,0.14173229,0.28609815,0.1519846
174,0.1496063,0.2914711,0.15910158
174,0.15748031,0.29683357,0.1661511
174,0.16535433,0.3022173,0.17294589
174,0.17322835,0.30764335,0.17959085
174,0.18110237,0.31330353,0.18631831
174,0.18897638,0.31904283,0.19302039
174,0.19685039,0.3248134,0.19951436
174,0.20472442,0.3306695,0.20568159
174,0.21259843,0.33659592,0.21168497
174,0.22047244,0.342573,0.21740283
174,0.22834645,0.34878707,0.22284546
174,0.23622048,0.3550094,0.22800806
174,0.24409449,0.36138806,0.23312633
174,0.2519685,0.36769977,0.2381835
174,0.25984251,0.3741159,0.24315423
174,0.26771653,0.38056833,0.24814413
174,0.27559054,0.38720432,0.25317064
174,0.28346458,0.39379326,0.2580948
174,0.2913386,0.40035588,0.26282564
174,0.2992126,0.4068103,0.26756647
174,0.30708662,0.41330644,0.27218685
174,0.31496063,0.4196599,0.27689993
174,0.32283464,0.42597762,0.28162307
174,0.33070865,0.4323794,0.28659433
174,0.33858266,0.43885547,0.29162028
174,0.3464567,0.44530737,0.2967446
174,0.35433072,0.45177832,0.30179617
174,0.36220473,0.45810783,0.30676407
174,0.37007874,0.46445403,0.31169656
174,0.37795275,0.47076935,0.3167382
174,0.38582677,0.4771461,0.3217515
174,0.39370078,0.4834136,0.32673147
174,0.4015748,0.48967734,0.33187398
174,0.40944883,0.49592856,0.3370238
174,0.41732284,0.50224376,0.34228644
174,0.42519686,0.5085318,0.34766936
174,0.43307087,0.5147997,0.35316044
174,0.44094488,0.5211963,0.3585968
174,0.4488189,0.52758425,0.36416453
174,0.4566929,0.53386784,0.36947712
174,0.46456692,0.540122,0.37478328
174,0.47244096,0.5463641,0.3797796
174,0.48031497,0.55259484,0.38469243
174,0.48818898,0.5588798,0.38940784
174,0.496063,0.56508344,0.39394772
174,0.503937,0.57144994,0.39860708
174,0.511811,0.57793766,0.40309834
174,0.51968503,0.5845817,0.40770695
174,0.52755904,0.5912814,0.41228867
174,0.53543305,0.5981388,0.41683698
174,0.54330707,0.604925,0.421338
174,0.5511811,0.6115279,0.42569056
174,0.5590551,0.6180391,0.42973822
174,0.56692916,0.6244613,0.43358853
174,0.5748032,0.6309193,0.43739954
174,0.5826772,0.63741964,0.44104514
174,0.5905512,0.64403766,0.4447626
174,0.5984252,0.65093094,0.44853443
174,0.6062992,0.6581455,0.4522565
174,0.61417323,0.6654172,0.4560985
174,0.62204725,0.6725283,0.45973712
174,0.62992126,0.6795708,0.46333835
174,0.63779527,0.6863889,0.46690682
174,0.6456693,0.693088,0.47030267
174,0.6535433,0.6996361,0.47381553
174,0.6614173,0.7061484,0.47731245
174,0.6692913,0.71275145,0.48081326
174,0.6771653,0.71952415,0.4844783
174,0.68503934,0.7262983,0.4881939
174,0.6929134,0.7331014,0.49192283
174,0.7007874,0.7399451,0.49569637
174,0.70866144,0.74678034,0.4995103
174,0.71653545,0.7535922,0.50328565
174,0.72440946,0.76033366,0.50702256
174,0.7322835,0.76710814,0.51086575
174,0.7401575,0.77383,0.51476556
174,0.7480315,0.78056014,0.5185486
174,0.7559055,0.78738326,0.52252036
174,0.7637795,0.79416454,0.5265293
174,0.77165353,0.8009448,0.5304614
174,0.77952754,0.8077408,0.53447664
174,0.78740156,0.8145819,0.53841746
174,0.79527557,0.8213298,0.54233915
174,0.8031496,0.82812876,0.5462461
174,0.8110236,0.834798,0.5502726
174,0.81889766,0.8415411,0.5541435
174,0.8267717,0.84826255,0.5581444
174,0.8346457,0.8550627,0.56213254
174,0.8425197,0.8617443,0.5662525
174,0.8503937,0.8684102,0.5702446
174,0.8582677,0.87505895,0.5743231
174,0.86614174,0.88169175,0.5785344
174,0.87401575,0.88831425,0.5827392
174,0.88188976,0.8950265,0.5869374
174,0.8897638,0.9017292,0.59112966
174,0.8976378,0.9084464,0.5954611
174,0.9055118,0.91512144,0.59964645
174,0.9133858,0.92189246,0.6038293
174,0.9212598,0.9285597,0.6080099
174,0.92913383,0.9353251,0.61218923
174,0.93700784,0.94199044,0.61631876
174,0.9448819,0.9486558,0.6204051
174,0.9527559,0.95532113,0.62458366
174,0.96062994,0.96200705,0.6286235
174,0.96850395,0.9686626,0.632807
174,0.97637796,0.9752891,0.63685024
174,0.984252,0.9818857,0.64103854
174,0.992126,0.9885896,0.6452081
174,1.0,0.9952,0.64928573
175,0.0,0.186,0.043285713
175,0.007874016,0.19193497,0.0491089
175,0.015748031,0.1980838,0.05519693
175,0.023622047,0.20426065,0.061225154
175,0.031496063,0.21035351,0.06720657
175,0.03937008,0.21598841,0.07284721
175,0.047244094,0.22156101,0.07856658
175,0.05511811,0.22752075,0.084703505
175,0.062992126,0.23291713,0.090476714
175,0.070866145,0.23839867,0.0964746
175,0.07874016,0.24413104,0.10291792
175,0.08661418,0.24967644,0.10927727
175,0.09448819,0.25505438,0.115675114
175,0.10236221,0.26057157,0.12222237
175,0.11023622,0.26605496,0.1288628
175,0.11811024,0.27157763,0.13568524
175,0.12598425,0.27712488,0.14236295
175,0.13385826,0.28269747,0.14894226
175,0.14173229,0.28835115,0.15543497
175,0.1496063,0.29384926,0.16165853
175,0.15748031,0.29946804,0.16771889
175,0.16535433,0.305233,0.17382705
175,0.17322835,0.31125745,0.18003629
175,0.18110237,0.31746328,0.18610789
175,0.18897638,0.32372564,0.19216727
175,0.19685039,0.330036,0.19817714
175,0.20472442,0.3363349,0.20389041
175,0.21259843,0.34255576,0.20933725
175,0.22047244,0.34858465,0.21454173
175,0.22834645,0.3547061,0.21966007
175,0.23622048,0.36096188,0.22453421
175,0.24409449,0.3674915,0.22953981
175,0.2519685,0.37413162,0.23456173
175,0.25984251,0.38078249,0.23941605
175,0.26771653,0.38746965,0.2441864
175,0.27559054,0.39418796,0.24884856
175,0.28346458,0.4006592,0.2533686
175,0.2913386,0.4068759,0.25775766
175,0.2992126,0.41289192,0.26206565
175,0.30708662,0.41883034,0.26653498
175,0.31496063,0.42512992,0.27122852
175,0.32283464,0.4316179,0.2762985
175,0.33070865,0.43793103,0.28116503
175,0.33858266,0.44438154,0.28584835
175,0.3464567,0.45071566,0.2901518
175,0.35433072,0.45734677,0.29475883
175,0.36220473,0.46315244,0.29925174
175,0.37007874,0.46945283,0.3043949
175,0.37795275,0.475305,0.30900356
175,0.38582677,0.48150274,0.31379816
175,0.39370078,0.487964,0.31874922
175,0.4015748,0.4942642,0.32382643
175,0.40944883,0.50053316,0.32882234
175,0.41732284,0.5067911,0.33396876
175,0.42519686,0.51293206,0.3392686
175,0.43307087,0.5191017,0.34459338
175,0.44094488,0.52524155,0.35003817
175,0.4488189,0.5314021,0.3554875
175,0.4566929,0.5376139,0.36084154
175,0.46456692,0.5438489,0.36613747
175,0.47244096,0.5500642,0.37125865
175,0.48031497,0.5563554,0.37645832
175,0.48818898,0.56269145,0.38137418
175,0.496063,0.56905085,0.38615102
175,0.503937,0.57552665,0.39080474
175,0.511811,0.581981,0.3954864
175,0.51968503,0.5884349,0.39992166
175,0.52755904,0.5949206,0.40440175
175,0.53543305,0.60146725,0.40878725
175,0.54330707,0.60794324,0.41322288
175,0.5511811,0.61448,0.4175143
175,0.5590551,0.62097347,0.42176676
175,0.56692916,0.62754625,0.4260813
175,0.5748032,0.6340709,0.4303202
175,0.5826772,0.6406537,0.4346304
175,0.5905512,0.6472979,0.4389586
175,0.5984252,0.6539681,0.44321424
175,0.6062992,0.6605561,0.4474981
175,0.61417323,0.66721696,0.4518024
175,0.62204725,0.67382014,0.45607924
175,0.62992126,0.68045735,0.46036986
175,0.63779527,0.686937,0.46463224
175,0.6456693,0.69346374,0.46881127
175,0.6535433,0.70004153,0.4729395
175,0.6614173,0.70657235,0.4771796
175,0.6692913,0.7131685,0.4813927
175,0.6771653,0.71976054,0.485721
175,0.68503934,0.72631764,0.48988423
175,0.6929134,0.7329672,0.49416357
175,0.7007874,0.7395862,0.4984201
175,0.70866144,0.7461697,0.5026549
175,0.71653545,0.7528184,0.5068684
175,0.72440946,0.75944054,0.51106566
175,0.7322835,0.7659594,0.5152469
175,0.7401575,0.77260834,0.51941323
175,0.7480315,0.7791582,0.52356625
175,0.7559055,0.7857129,0.52774227
175,0.7637795,0.7923022,0.53198093
175,0.77165353,0.7989001,0.5361021
175,0.77952754,0.8055026,0.540243
175,0.78740156,0.8121529,0.54446095
175,0.79527557,0.81879616,0.5486773
175,0.8031496,0.8253759,0.55281216
175,0.8110236,0.83204705,0.55694145
175,0.81889766,0.83861125,0.5611052
175,0.8267717,0.84526753,0.56532705
175,0.8346457,0.85182375,0.5694487
175,0.8425197,0.85841185,0.573564
175,0.8503937,0.8650222,0.5776929
175,0.8582677,0.8715684,0.5819354
175,0.86614174,0.87816876,0.5860507
175,0.87401575,0.8847669,0.59030885
175,0.88188976,0.8914103,0.5944252
175,0.8897638,0.89797413,0.5986879
175,0.8976378,0.9046315,0.60280836
175,0.9055118,0.9111958,0.60707617
175,0.9133858,0.917774,0.61121
175,0.9212598,0.92440647,0.6154941
175,0.92913383,0.9309856,0.61966467
175,0.93700784,0.9376049,0.6239588
175,0.9448819,0.94426054,0.6281422
175,0.9527559,0.9508494,0.63248175
175,0.96062994,0.9574069,0.6366573
175,0.96850395,0.96397614,0.6408221
175,0.97637796,0.9704575,0.6449944
175,0.984252,0.9769263,0.64917547
175,0.992126,0.98340285,0.6533669
175,1.0,0.9899,0.65757143
176,0.0,0.1821,0.046285715
176,0.007874016,0.1881151,0.0523001
176,0.015748031,0.19416037,0.058351673
176,0.023622047,0.20019233,0.064572096
176,0.031496063,0.20618159,0.07071253
176,0.03937008,0.21216942,0.07693152
176,0.047244094,0.2181858,0.0832705
176,0.05511811,0.22410755,0.08971267
176,0.062992126,0.2298833,0.09592003
176,0.070866145,0.23549482,0.10210643
176,0.07874016,0.24109432,0.10825687
176,0.08661418,0.24660116,0.11451151
176,0.09448819,0.252351,0.12082253
176,0.10236221,0.25802144,0.12744243
176,0.11023622,0.26373366,0.13397847
176,0.11811024,0.2694049,0.14055702
176,0.12598425,0.2749647,0.14711343
176,0.13385826,0.280447,0.15366502
176,0.14173229,0.2858498,0.16012736
176,0.1496063,0.2914201,0.16685155
176,0.15748031,0.2971662,0.17359623
176,0.16535433,0.30293936,0.18033138
176,0.17322835,0.30880252,0.1869672
176,0.18110237,0.3145792,0.19315627
176,0.18897638,0.3203903,0.19909108
176,0.19685039,0.3263267,0.20486552
176,0.20472442,0.33242542,0.21044366
176,0.21259843,0.33856028,0.21595737
176,0.22047244,0.34490928,0.22125581
176,0.22834645,0.35129312,0.2264755
176,0.23622048,0.35768533,0.23162806
176,0.24409449,0.36408186,0.23668425
176,0.2519685,0.37039375,0.24167903
176,0.25984251,0.37679952,0.24660677
176,0.26771653,0.3831678,0.25161043
176,0.27559054,0.38955376,0.2565494
176,0.28346458,0.3959814,0.26142827
176,0.2913386,0.40242377,0.26642758
176,0.2992126,0.4088323,0.27149272
176,0.30708662,0.41536066,0.2765148
176,0.31496063,0.42184493,0.28164542
176,0.32283464,0.4283716,0.28675234
176,0.33070865,0.43482667,0.2916961
176,0.33858266,0.44123775,0.29674125
176,0.3464567,0.44763777,0.30169177
176,0.35433072,0.45402583,0.30659756
176,0.36220473,0.46043095,0.31152657
176,0.37007874,0.46685383,0.3164705
176,0.37795275,0.47329247,0.3214227
176,0.38582677,0.47975966,0.3263984
176,0.39370078,0.48634994,0.33153242
176,0.4015748,0.49277073,0.33654952
176,0.40944883,0.4991156,0.34158418
176,0.41732284,0.50548303,0.34664258
176,0.42519686,0.5117814,0.35171393
176,0.43307087,0.5180118,0.35667354
176,0.44094488,0.5243752,0.36169305
176,0.4488189,0.5307578,0.36680254
176,0.4566929,0.5371503,0.37181097
176,0.46456692,0.543595,0.3768194
176,0.47244096,0.5499909,0.38159245
176,0.48031497,0.556407,0.3863912
176,0.48818898,0.56294024,0.39110017
176,0.496063,0.56944495,0.39566627
176,0.503937,0.5760244,0.40022913
176,0.511811,0.58269906,0.4046388
176,0.51968503,0.5893737,0.4089005
176,0.52755904,0.5960505,0.4132758
176,0.53543305,0.60277265,0.41743678
176,0.54330707,0.6094932,0.42158
176,0.5511811,0.61623144,0.42566124
176,0.5590551,0.622989,0.4297591
176,0.56692916,0.6296832,0.43368357
176,0.5748032,0.63633627,0.437703
176,0.5826772,0.64290684,0.44171783
176,0.5905512,0.6496482,0.4455805
176,0.5984252,0.65626466,0.4495702
176,0.6062992,0.6629675,0.4534087
176,0.61417323,0.6697465,0.45738626
176,0.62204725,0.6766753,0.46129832
176,0.62992126,0.6837315,0.46522877
176,0.63779527,0.69075614,0.4692536
176,0.6456693,0.6977035,0.47318363
176,0.6535433,0.70452005,0.4772686
176,0.6614173,0.7111793,0.48128125
176,0.6692913,0.7179236,0.4853849
176,0.6771653,0.72460884,0.48960504
176,0.68503934,0.7314405,0.49380633
176,0.6929134,0.7380772,0.49800143
176,0.7007874,0.74482083,0.50204587
176,0.70866144,0.75147825,0.5061637
176,0.71653545,0.7582291,0.5102834
176,0.72440946,0.76493794,0.5143074
176,0.7322835,0.77144796,0.5184988
176,0.7401575,0.77778435,0.52256113
176,0.7480315,0.78425556,0.52704763
176,0.7559055,0.7905797,0.53162175
176,0.7637795,0.7970862,0.5362766
176,0.77165353,0.8035899,0.5409164
176,0.77952754,0.810024,0.54523826
176,0.78740156,0.8164372,0.5497388
176,0.79527557,0.8228816,0.55427253
176,0.8031496,0.8293111,0.55879366
176,0.8110236,0.83580524,0.5634326
176,0.81889766,0.84228224,0.56817865
176,0.8267717,0.8487625,0.5728304
176,0.8346457,0.8552115,0.5774027
176,0.8425197,0.86177933,0.58200955
176,0.8503937,0.86835986,0.5865367
176,0.8582677,0.87505245,0.591058
176,0.86614174,0.8816476,0.59544575
176,0.87401575,0.8883297,0.5998548
176,0.88188976,0.89491946,0.60415536
176,0.8897638,0.901541,0.6083478
176,0.8976378,0.9081478,0.6125803
176,0.9055118,0.9147766,0.6167204
176,0.9133858,0.92147064,0.62085134
176,0.9212598,0.92813903,0.6250903
176,0.92913383,0.9348775,0.6290978
176,0.93700784,0.9415605,0.63316697
176,0.9448819,0.9483778,0.6373082
176,0.9527559,0.9551953,0.64139736
176,0.96062994,0.9621291,0.64544517
176,0.96850395,0.9690424,0.6494629
176,0.97637796,0.9760433,0.6534547
176,0.984252,0.98299325,0.65741384
176,0.992126,0.9897078,0.6613559
176,1.0,0.9964,0.66514283
177,0.0,0.9928,0.73057145
177,0.007874016,0.9839547,0.7248702
177,0.015748031,0.9750178,0.7192798
177,0.023622047,0.9661356,0.71379733
177,0.031496063,0.9570957,0.7083035
177,0.03937008,0.948135,0.70279694
177,0.047244094,0.9391617,0.69729525
177,0.05511811,0.9302121,0.69168085
177,0.062992126,0.92130196,0.6861849
177,0.070866145,0.9123419,0.6808742
177,0.07874016,0.90336543,0.6754121
177,0.08661418,0.89447236,0.67004997
177,0.09448819,0.88540816,0.66465807
177,0.10236221,0.87667674,0.6594552
177,0.11023622,0.8677359,0.6540971
177,0.11811024,0.8588458,0.6485327
177,0.12598425,0.8500241,0.64304703
177,0.13385826,0.84115034,0.6376074
177,0.14173229,0.8320853,0.6320554
177,0.1496063,0.8229589,0.6265827
177,0.15748031,0.81390285,0.62121034
177,0.16535433,0.80491704,0.61602205
177,0.17322835,0.7958659,0.6106846
177,0.18110237,0.7867766,0.6054597
177,0.18897638,0.77765083,0.60032463
177,0.19685039,0.7685401,0.5953956
177,0.20472442,0.7594524,0.5906594
177,0.21259843,0.75024295,0.5859607
177,0.22047244,0.74099666,0.58154964
177,0.22834645,0.7316633,0.5772206
177,0.23622048,0.72234565,0.5731317
177,0.24409449,0.7130732,0.56930405
177,0.2519685,0.70366704,0.56578743
177,0.25984251,0.6942653,0.56259006
177,0.26771653,0.6846915,0.559769
177,0.27559054,0.6751062,0.5572695
177,0.28346458,0.6654878,0.55530137
177,0.2913386,0.65583503,0.55394065
177,0.2992126,0.6461504,0.5532857
177,0.30708662,0.6364117,0.553436
177,0.31496063,0.6265866,0.55435133
177,0.32283464,0.6169686,0.556134
177,0.33070865,0.6074249,0.55874795
177,0.33858266,0.5980275,0.562005
177,0.3464567,0.5887751,0.56598735
177,0.35433072,0.579733,0.5705055
177,0.36220473,0.5705101,0.57567614
177,0.37007874,0.5614186,0.5813439
177,0.37795275,0.5523402,0.58725697
177,0.38582677,0.5436338,0.59326154
177,0.39370078,0.53496575,0.59938157
177,0.4015748,0.5263279,0.6054801
177,0.40944883,0.5175254,0.6115394
177,0.41732284,0.5086908,0.6174423
177,0.42519686,0.49983314,0.62304777
177,0.43307087,0.4908052,0.62845415
177,0.44094488,0.4817039,0.6332409
177,0.4488189,0.4723582,0.637628
177,0.4566929,0.46296114,0.6412996
177,0.46456692,0.45350718,0.64416814
177,0.47244096,0.443835,0.64642143
177,0.48031497,0.43416294,0.64792687
177,0.48818898,0.42436182,0.64857143
177,0.496063,0.41461775,0.6483085
177,0.503937,0.40485618,0.6471339
177,0.511811,0.39514038,0.64492583
177,0.51968503,0.3858354,0.64197695
177,0.52755904,0.37667412,0.6380442
177,0.53543305,0.3676961,0.633148
177,0.54330707,0.35880414,0.6271458
177,0.5511811,0.35027248,0.6201126
177,0.5590551,0.3422115,0.61217856
177,0.56692916,0.33471277,0.60336906
177,0.5748032,0.32770792,0.5937835
177,0.5826772,0.32120064,0.58344865
177,0.5905512,0.3151945,0.5726478
177,0.5984252,0.30969936,0.56121284
177,0.6062992,0.30470264,0.54921466
177,0.61417323,0.30019343,0.53685176
177,0.62204725,0.29615822,0.52428263
177,0.62992126,0.29257146,0.5112654
177,0.63779527,0.28934106,0.49820432
177,0.6456693,0.28645128,0.48487335
177,0.6535433,0.28388992,0.4715139
177,0.6614173,0.28163368,0.45804954
177,0.6692913,0.2795032,0.44445148
177,0.6771653,0.2775825,0.43087503
177,0.68503934,0.2756807,0.41714785
177,0.6929134,0.27379474,0.4033909
177,0.7007874,0.27182382,0.3897198
177,0.70866144,0.2697811,0.3760736
177,0.71653545,0.26751423,0.36252454
177,0.72440946,0.26505092,0.34909645
177,0.7322835,0.26221675,0.33582774
177,0.7401575,0.2590707,0.32272494
177,0.7480315,0.25561407,0.3095503
177,0.7559055,0.25174737,0.29669923
177,0.7637795,0.24766785,0.28401145
177,0.77165353,0.24317051,0.2714497
177,0.77952754,0.23844717,0.2592584
177,0.78740156,0.23339161,0.24733402
177,0.79527557,0.22806808,0.23569503
177,0.8031496,0.22239795,0.22448725
177,0.8110236,0.21648948,0.21358646
177,0.81889766,0.21030398,0.20289744
177,0.8267717,0.20388405,0.19254863
177,0.8346457,0.19720337,0.18257624
177,0.8425197,0.19030666,0.17285143
177,0.8503937,0.18312524,0.16333246
177,0.8582677,0.17581815,0.15423186
177,0.86614174,0.16825649,0.14531703
177,0.87401575,0.16056833,0.13673776
177,0.88188976,0.15282688,0.12838696
177,0.8897638,0.1449053,0.120272346
177,0.8976378,0.13693523,0.11235178
177,0.9055118,0.12892562,0.10471952
177,0.9133858,0.120777495,0.097122766
177,0.9212598,0.112621024,0.089732304
177,0.92913383,0.104340866,0.082406454
177,0.93700784,0.096031815,0.075131945
177,0.9448819,0.0876543,0.0678829
177,0.9527559,0.07923993,0.06068345
177,0.96062994,0.07077977,0.05353167
177,0.96850395,0.06234823,0.046435103
177,0.97637796,0.053870663,0.039468717
177,0.984252,0.04539986,0.032477908
177,0.992126,0.036944732,0.025448956
177,1.0,0.0285,0.018571429
178,0.0,0.1821,0.038857143
178,0.007874016,0.18851995,0.04512852
178,0.015748031,0.19469757,0.05189326
178,0.023622047,0.20071515,0.058236532
178,0.031496063,0.20690972,0.06432261
178,0.03937008,0.21292077,0.07056168
178,0.047244094,0.21860057,0.07687826
178,0.05511811,0.22413047,0.083606236
178,0.062992126,0.22977102,0.08970974
178,0.070866145,0.23494299,0.09617357
178,0.07874016,0.2402408,0.10240086
178,0.08661418,0.24564041,0.10858904
178,0.09448819,0.2515428,0.115479514
178,0.10236221,0.2567944,0.12185026
178,0.11023622,0.2624871,0.1286206
178,0.11811024,0.26802108,0.13535567
178,0.12598425,0.2735348,0.14204067
178,0.13385826,0.27925533,0.14868225
178,0.14173229,0.2849001,0.1556045
178,0.1496063,0.29064277,0.16223167
178,0.15748031,0.2964607,0.16876821
178,0.16535433,0.30208522,0.17599124
178,0.17322835,0.30773956,0.18315373
178,0.18110237,0.31338236,0.18983823
178,0.18897638,0.31908005,0.1959547
178,0.19685039,0.32512408,0.20201692
178,0.20472442,0.33120647,0.20819429
178,0.21259843,0.33720252,0.2144237
178,0.22047244,0.34317887,0.22047558
178,0.22834645,0.34927645,0.22628526
178,0.23622048,0.35556543,0.23183337
178,0.24409449,0.36178735,0.23713848
178,0.2519685,0.36810464,0.2422691
178,0.25984251,0.3746143,0.24718991
178,0.26771653,0.3812291,0.25182858
178,0.27559054,0.38787958,0.25639138
178,0.28346458,0.39452574,0.2608859
178,0.2913386,0.40115502,0.26539645
178,0.2992126,0.40780967,0.26984093
178,0.30708662,0.4144985,0.2740815
178,0.31496063,0.42115986,0.27845377
178,0.32283464,0.4278115,0.2829279
178,0.33070865,0.43445745,0.28749454
178,0.33858266,0.4410784,0.29227027
178,0.3464567,0.44759834,0.29708663
178,0.35433072,0.4540771,0.3019883
178,0.36220473,0.46065807,0.30682722
178,0.37007874,0.46729663,0.31156904
178,0.37795275,0.47378838,0.3163876
178,0.38582677,0.48011485,0.32129198
178,0.39370078,0.48629057,0.32616857
178,0.4015748,0.49208692,0.33077016
178,0.40944883,0.4981857,0.33552334
178,0.41732284,0.5050697,0.34083351
178,0.42519686,0.51206666,0.34625596
178,0.43307087,0.5187889,0.35143748
178,0.44094488,0.5252969,0.35651553
178,0.4488189,0.53162825,0.36158895
178,0.4566929,0.53781843,0.36658126
178,0.46456692,0.54390424,0.37143672
178,0.47244096,0.5502734,0.3764956
178,0.48031497,0.5568052,0.38156718
178,0.48818898,0.5633583,0.38654163
178,0.496063,0.5701643,0.3915273
178,0.503937,0.5770182,0.39628214
178,0.511811,0.58359164,0.40085116
178,0.51968503,0.59012794,0.40521914
178,0.52755904,0.59655887,0.40943405
178,0.53543305,0.6028951,0.41355294
178,0.54330707,0.6092577,0.41762087
178,0.5511811,0.6156826,0.42175108
178,0.5590551,0.6224254,0.42589396
178,0.56692916,0.62938577,0.43019414
178,0.5748032,0.63659006,0.43446174
178,0.5826772,0.6437386,0.43865117
178,0.5905512,0.6509279,0.44275656
178,0.5984252,0.6581483,0.44669223
178,0.6062992,0.6651873,0.4505875
178,0.61417323,0.6720181,0.45433518
178,0.62204725,0.67888397,0.45807454
178,0.62992126,0.685687,0.46177205
178,0.63779527,0.6923585,0.4655347
178,0.6456693,0.69908524,0.46941993
178,0.6535433,0.7057335,0.47322085
178,0.6614173,0.7123573,0.47729322
178,0.6692913,0.7190522,0.48128867
178,0.6771653,0.7257409,0.48526594
178,0.68503934,0.7325533,0.48928759
178,0.6929134,0.73936105,0.4931882
178,0.7007874,0.74622196,0.49718398
178,0.70866144,0.7531826,0.5012009
178,0.71653545,0.7601089,0.50533974
178,0.72440946,0.7669892,0.50959796
178,0.7322835,0.7738714,0.51402795
178,0.7401575,0.7806319,0.5184441
178,0.7480315,0.78735644,0.5229654
178,0.7559055,0.79405326,0.52719456
178,0.7637795,0.8008251,0.53107613
178,0.77165353,0.807397,0.5346746
178,0.77952754,0.81405985,0.53837013
178,0.78740156,0.8208371,0.54218554
178,0.79527557,0.8277039,0.54629123
178,0.8031496,0.8345269,0.550516
178,0.8110236,0.8413264,0.5547852
178,0.81889766,0.8482247,0.55922973
178,0.8267717,0.85521406,0.5635392
178,0.8346457,0.8621127,0.56784725
178,0.8425197,0.8689117,0.57203144
178,0.8503937,0.87562627,0.5761132
178,0.8582677,0.88231343,0.5801784
178,0.86614174,0.8889723,0.58424276
178,0.87401575,0.8955436,0.5884959
178,0.88188976,0.90221524,0.59288555
178,0.8897638,0.90880877,0.59716976
178,0.8976378,0.91553223,0.6014613
178,0.9055118,0.92230356,0.60575294
178,0.9133858,0.9291363,0.60981125
178,0.9212598,0.93615294,0.6139712
178,0.92913383,0.94343466,0.6183055
178,0.93700784,0.9508062,0.62267727
178,0.9448819,0.9580478,0.6271109
178,0.9527559,0.96498704,0.6314019
178,0.96062994,0.97175497,0.63563806
178,0.96850395,0.97834104,0.63988245
178,0.97637796,0.9847485,0.6438562
178,0.984252,0.99077594,0.64755684
178,0.992126,0.9967276,0.6512003
178,1.0,1.0027,0.65485716
179,0.0,0.9906,0.7285714
179,0.007874016,0.9842884,0.72450656
179,0.015748031,0.97794104,0.72041786
179,0.023622047,0.9716605,0.716406
179,0.031496063,0.96534157,0.7124523
179,0.03937008,0.95909315,0.7084237
179,0.047244094,0.95288104,0.7044374
179,0.05511811,0.9465969,0.7005083
179,0.062992126,0.9403183,0.6965214
179,0.070866145,0.93402165,0.6926051
179,0.07874016,0.92757833,0.6884561
179,0.08661418,0.92133135,0.68449324
179,0.09448819,0.9151594,0.68050516
179,0.10236221,0.90907,0.67655
179,0.11023622,0.90286523,0.6725031
179,0.11811024,0.8965049,0.66857433
179,0.12598425,0.8901063,0.6646794
179,0.13385826,0.88369584,0.6607895
179,0.14173229,0.8773849,0.65684927
179,0.1496063,0.8711576,0.65300435
179,0.15748031,0.8650816,0.64925814
179,0.16535433,0.85883445,0.6456409
179,0.17322835,0.8524319,0.64215803
179,0.18110237,0.84602636,0.6386792
179,0.18897638,0.8395334,0.6351587
179,0.19685039,0.8332944,0.6314613
179,0.20472442,0.82693166,0.62757564
179,0.21259843,0.82041603,0.6235499
179,0.22047244,0.8140826,0.619955
179,0.22834645,0.80779856,0.61675423
179,0.23622048,0.80132836,0.613583
179,0.24409449,0.7948032,0.6101444
179,0.2519685,0.78859806,0.6063698
179,0.25984251,0.7823283,0.60275906
179,0.26771653,0.77574223,0.59976697
179,0.27559054,0.76944417,0.5967109
179,0.28346458,0.76276,0.5934057
179,0.2913386,0.7563047,0.59050333
179,0.2992126,0.7502969,0.58785564
179,0.30708662,0.7435397,0.5850774
179,0.31496063,0.73703307,0.58229923
179,0.32283464,0.73037034,0.5794894
179,0.33070865,0.723755,0.57673174
179,0.33858266,0.71702576,0.5743788
179,0.3464567,0.71010566,0.57208115
179,0.35433072,0.7034918,0.56956756
179,0.36220473,0.6968867,0.56707513
179,0.37007874,0.6900707,0.5648478
179,0.37795275,0.68336993,0.56299466
179,0.38582677,0.6768175,0.5615388
179,0.39370078,0.66994214,0.5600611
179,0.4015748,0.6630295,0.5587143
179,0.40944883,0.65592766,0.5578264
179,0.41732284,0.64905584,0.55714285
179,0.42519686,0.64258766,0.55685717
179,0.43307087,0.63570845,0.55685717
179,0.44094488,0.62944454,0.5565714
179,0.4488189,0.62290895,0.556937
179,0.4566929,0.61597234,0.55821073
179,0.46456692,0.6093125,0.55968213
179,0.47244096,0.6027195,0.560956
179,0.48031497,0.59604865,0.56260467
179,0.48818898,0.5892081,0.5644363
179,0.496063,0.5825434,0.5666692
179,0.503937,0.57588977,0.569242
179,0.511811,0.5692991,0.57223266
179,0.51968503,0.5626764,0.57544243
179,0.52755904,0.5561925,0.57908845
179,0.53543305,0.54980695,0.5829035
179,0.54330707,0.54342556,0.5868409
179,0.5511811,0.5370525,0.5908807
179,0.5590551,0.5308177,0.5950049
179,0.56692916,0.5245533,0.5991277
179,0.5748032,0.51835907,0.60340697
179,0.5826772,0.5121871,0.6077492
179,0.5905512,0.50610083,0.6122137
179,0.5984252,0.50015694,0.61676365
179,0.6062992,0.49424803,0.6212514
179,0.61417323,0.48845235,0.625956
179,0.62204725,0.48253447,0.6306707
179,0.62992126,0.47656214,0.6355886
179,0.63779527,0.4706075,0.6405577
179,0.6456693,0.4646429,0.64543056
179,0.6535433,0.45876336,0.6504931
179,0.6614173,0.45289916,0.6555722
179,0.6692913,0.44713968,0.66069174
179,0.6771653,0.44126615,0.66591
179,0.68503934,0.4355294,0.6711985
179,0.6929134,0.42972592,0.6765944
179,0.7007874,0.42398986,0.6821525
179,0.70866144,0.41829523,0.6877551
179,0.71653545,0.41271162,0.69358
179,0.72440946,0.4072733,0.69937336
179,0.7322835,0.40183714,0.7054718
179,0.7401575,0.39659166,0.7117325
179,0.7480315,0.39138985,0.71811235
179,0.7559055,0.38627148,0.72455096
179,0.7637795,0.3813178,0.7312165
179,0.77165353,0.37632433,0.7381081
179,0.77952754,0.37146732,0.7450467
179,0.78740156,0.366745,0.7520752
179,0.79527557,0.36211237,0.7591232
179,0.8031496,0.35751858,0.76640064
179,0.8110236,0.35306004,0.7738285
179,0.81889766,0.34873638,0.78120124
179,0.8267717,0.3444458,0.78885657
179,0.8346457,0.34026206,0.7965859
179,0.8425197,0.33606547,0.80438894
179,0.8503937,0.33199206,0.8123767
179,0.8582677,0.3279397,0.8204914
179,0.86614174,0.3239413,0.8286258
179,0.87401575,0.320062,0.83682585
179,0.88188976,0.31630233,0.8450664
179,0.8897638,0.31256706,0.8531271
179,0.8976378,0.30895516,0.86131036
179,0.9055118,0.30546284,0.86951154
179,0.9133858,0.30192205,0.8777094
179,0.9212598,0.29849622,0.88595223
179,0.92913383,0.29508668,0.894252
179,0.93700784,0.2915746,0.9028291
179,0.9448819,0.288062,0.91153806
179,0.9527559,0.28462523,0.9202208
179,0.96062994,0.28115937,0.9290036
179,0.96850395,0.2778057,0.93766105
179,0.97637796,0.2743646,0.9463768
179,0.984252,0.2710382,0.9549911
179,0.992126,0.26781934,0.96346456
179,1.0,0.2646,0.97185713
180,0.0,0.9747,0.725
180,0.007874016,0.96846664,0.72105396
180,0.015748031,0.96229446,0.71693915
180,0.023622047,0.9561827,0.71299016
180,0.031496063,0.950085,0.7091337
180,0.03937008,0.94399446,0.70528173
180,0.047244094,0.93792826,0.70144874
180,0.05511811,0.9317976,0.69775367
180,0.062992126,0.92567843,0.6938869
180,0.070866145,0.9195767,0.6901275
180,0.07874016,0.913468,0.68626285
180,0.08661418,0.90728426,0.6823373
180,0.09448819,0.9011195,0.6785834
180,0.10236221,0.8949822,0.6747795
180,0.11023622,0.88889205,0.6710497
180,0.11811024,0.8826852,0.6673215
180,0.12598425,0.87649924,0.66364235
180,0.13385826,0.8704216,0.66002285
180,0.14173229,0.8643153,0.6562829
180,0.1496063,0.85814035,0.6526074
180,0.15748031,0.8517917,0.6489712
180,0.16535433,0.8455374,0.64521277
180,0.17322835,0.8393393,0.6414541
180,0.18110237,0.8332464,0.6377474
180,0.18897638,0.82688373,0.6338125
180,0.19685039,0.8206115,0.6300082
180,0.20472442,0.8145014,0.6264769
180,0.21259843,0.8085222,0.6228984
180,0.22047244,0.8026546,0.61959094
180,0.22834645,0.79678124,0.61607736
180,0.23622048,0.7903233,0.61230236
180,0.24409449,0.784346,0.60924715
180,0.2519685,0.7781991,0.60589254
180,0.25984251,0.7721847,0.6022784
180,0.26771653,0.76606154,0.5988336
180,0.27559054,0.75958055,0.59515136
180,0.28346458,0.7534479,0.59140646
180,0.2913386,0.7471598,0.5877463
180,0.2992126,0.7411056,0.5844494
180,0.30708662,0.735304,0.58133584
180,0.31496063,0.72928905,0.5779943
180,0.32283464,0.7230982,0.5747611
180,0.33070865,0.7167579,0.5715703
180,0.33858266,0.710205,0.56869715
180,0.3464567,0.7036878,0.56590194
180,0.35433072,0.69737,0.5635134
180,0.36220473,0.6909856,0.56113684
180,0.37007874,0.68451625,0.5588542
180,0.37795275,0.67796737,0.556942
180,0.38582677,0.67136556,0.5553641
180,0.39370078,0.6646075,0.5540895
180,0.4015748,0.65766406,0.55314475
180,0.40944883,0.6507113,0.55246335
180,0.41732284,0.6436165,0.55200106
180,0.42519686,0.6367652,0.5517143
180,0.43307087,0.6301819,0.5517143
180,0.44094488,0.6236971,0.552
180,0.4488189,0.6173256,0.552541
180,0.4566929,0.6109648,0.5534193
180,0.46456692,0.6044284,0.55464536
180,0.47244096,0.59787685,0.5562852
180,0.48031497,0.59141004,0.5583669
180,0.48818898,0.5850364,0.5606543
180,0.496063,0.5787289,0.5632596
180,0.503937,0.57236034,0.5663193
180,0.511811,0.5660771,0.56972706
180,0.51968503,0.5596894,0.57349664
180,0.52755904,0.55328107,0.5774527
180,0.53543305,0.5470904,0.5815783
180,0.54330707,0.5411121,0.5856934
180,0.5511811,0.5352074,0.58978045
180,0.5590551,0.5294716,0.59400916
180,0.56692916,0.523691,0.5983707
180,0.5748032,0.517861,0.6028356
180,0.5826772,0.51207817,0.6074405
180,0.5905512,0.506265,0.61219597
180,0.5984252,0.50042707,0.6171007
180,0.6062992,0.49455458,0.6221331
180,0.61417323,0.48869848,0.62712556
180,0.62204725,0.48289695,0.6322262
180,0.62992126,0.47702786,0.6371559
180,0.63779527,0.47127795,0.641926
180,0.6456693,0.46543998,0.64665717
180,0.6535433,0.45964137,0.65134895
180,0.6614173,0.4538569,0.65618813
180,0.6692913,0.44806695,0.6608887
180,0.6771653,0.4422822,0.66572976
180,0.68503934,0.43664595,0.6706963
180,0.6929134,0.4310233,0.675792
180,0.7007874,0.42554703,0.68087626
180,0.70866144,0.42010114,0.68619365
180,0.71653545,0.41477844,0.69158083
180,0.72440946,0.40938663,0.6972217
180,0.7322835,0.40412825,0.7029688
180,0.7401575,0.3989461,0.70892316
180,0.7480315,0.39382988,0.7149781
180,0.7559055,0.38879707,0.72113305
180,0.7637795,0.3838406,0.72746176
180,0.77165353,0.37893045,0.7340062
180,0.77952754,0.374071,0.7406245
180,0.78740156,0.36937404,0.7473228
180,0.79527557,0.36474493,0.75413007
180,0.8031496,0.3602842,0.76095563
180,0.8110236,0.35596272,0.7677684
180,0.81889766,0.3516504,0.7747993
180,0.8267717,0.3474864,0.7817947
180,0.8346457,0.34327415,0.7891324
180,0.8425197,0.33908534,0.7967062
180,0.8503937,0.33482885,0.80451846
180,0.8582677,0.3306026,0.8125665
180,0.86614174,0.32640496,0.8207048
180,0.87401575,0.32223648,0.8290684
180,0.88188976,0.3183966,0.8369497
180,0.8897638,0.31459236,0.8448872
180,0.8976378,0.31099075,0.8527594
180,0.9055118,0.30753583,0.86046004
180,0.9133858,0.3041065,0.8681755
180,0.9212598,0.30075577,0.87593603
180,0.92913383,0.29751366,0.88366693
180,0.93700784,0.2942444,0.89150983
180,0.9448819,0.29088563,0.8997735
180,0.9527559,0.28753492,0.90802246
180,0.96062994,0.28419465,0.9165057
180,0.96850395,0.28077072,0.92519575
180,0.97637796,0.27730837,0.9339335
180,0.984252,0.27384308,0.94264925
180,0.992126,0.27040535,0.9514374
180,1.0,0.267,0.96
181,0.0,0.2128,0.9531429
181,0.007874016,0.2164637,0.94084835
181,0.015748031,0.22035411,0.92852104
181,0.023622047,0.22430138,0.9169941
181,0.031496063,0.22798356,0.90476125
181,0.03937008,0.23163317,0.8939052
181,0.047244094,0.23559283,0.8810256
181,0.05511811,0.23944625,0.86874706
181,0.062992126,0.24302822,0.8576947
181,0.070866145,0.24682729,0.8457792
181,0.07874016,0.2505269,0.83368963
181,0.08661418,0.2541693,0.82186794
181,0.09448819,0.25783548,0.8099927
181,0.10236221,0.2617212,0.79792434
181,0.11023622,0.26562056,0.7853861
181,0.11811024,0.2694143,0.772688
181,0.12598425,0.27312946,0.759857
181,0.13385826,0.2765723,0.74734366
181,0.14173229,0.27956173,0.7350607
181,0.1496063,0.2823093,0.7226432
181,0.15748031,0.28470853,0.71009415
181,0.16535433,0.28680104,0.6972301
181,0.17322835,0.28856617,0.684131
181,0.18110237,0.28988272,0.6711384
181,0.18897638,0.29088125,0.65794194
181,0.19685039,0.2915348,0.6448692
181,0.20472442,0.29187077,0.6318524
181,0.21259843,0.292,0.6188182
181,0.22047244,0.29189163,0.605785
181,0.22834645,0.29159212,0.59250027
181,0.23622048,0.29120463,0.5791324
181,0.24409449,0.29072693,0.56587416
181,0.2519685,0.290256,0.5524566
181,0.25984251,0.28988895,0.5391126
181,0.26771653,0.2897,0.525837
181,0.27559054,0.2897,0.51259005
181,0.28346458,0.29000297,0.49948642
181,0.2913386,0.2905668,0.48623443
181,0.2992126,0.2914936,0.47310862
181,0.30708662,0.29278803,0.45997113
181,0.31496063,0.2945462,0.44695577
181,0.32283464,0.2967414,0.4340896
181,0.33070865,0.29937986,0.4213768
181,0.33858266,0.30246824,0.40899423
181,0.3464567,0.30611634,0.39684033
181,0.35433072,0.3103415,0.38502425
181,0.36220473,0.31496271,0.3735138
181,0.37007874,0.3200952,0.3624255
181,0.37795275,0.32575727,0.35204062
181,0.38582677,0.33186516,0.3422404
181,0.39370078,0.33846042,0.33305654
181,0.4015748,0.34552765,0.3245398
181,0.40944883,0.35296276,0.31681898
181,0.41732284,0.36076203,0.30984303
181,0.42519686,0.36909136,0.30372044
181,0.43307087,0.37762642,0.29847187
181,0.44094488,0.38626492,0.2944013
181,0.4488189,0.3950729,0.2911017
181,0.4566929,0.40410364,0.28896767
181,0.46456692,0.41325665,0.2877025
181,0.47244096,0.42257932,0.28742856
181,0.48031497,0.43187138,0.2882363
181,0.48818898,0.44103086,0.28996935
181,0.496063,0.45004296,0.29248983
181,0.503937,0.45876712,0.29589495
181,0.511811,0.46737078,0.29992446
181,0.51968503,0.47585183,0.30467027
181,0.52755904,0.48439887,0.3102238
181,0.53543305,0.49275127,0.3162617
181,0.54330707,0.5008875,0.32273218
181,0.5511811,0.5089409,0.32946363
181,0.5590551,0.51684767,0.33635518
181,0.56692916,0.52469593,0.34347233
181,0.5748032,0.5325362,0.35059667
181,0.5826772,0.54026175,0.35772547
181,0.5905512,0.54798484,0.36484268
181,0.5984252,0.55584615,0.37201598
181,0.6062992,0.56364703,0.3791077
181,0.61417323,0.57156366,0.3861228
181,0.62204725,0.57948774,0.3930701
181,0.62992126,0.5875182,0.3998233
181,0.63779527,0.59557027,0.40639186
181,0.6456693,0.6037511,0.41276577
181,0.6535433,0.6119879,0.41884848
181,0.6614173,0.6202645,0.4247699
181,0.6692913,0.6285343,0.43033585
181,0.6771653,0.63684046,0.43577632
181,0.68503934,0.64518046,0.44102198
181,0.6929134,0.65364057,0.44614542
181,0.7007874,0.6621463,0.4512068
181,0.70866144,0.6707246,0.4561995
181,0.71653545,0.67917997,0.46112064
181,0.72440946,0.6877802,0.4659685
181,0.7322835,0.69638985,0.47074428
181,0.7401575,0.70505285,0.47559515
181,0.7480315,0.7136953,0.48048303
181,0.7559055,0.72235024,0.48534298
181,0.7637795,0.73099405,0.49028233
181,0.77165353,0.739571,0.49516365
181,0.77952754,0.748181,0.50013196
181,0.78740156,0.7567264,0.50518167
181,0.79527557,0.7652663,0.5101549
181,0.8031496,0.7737209,0.51536274
181,0.8110236,0.7821964,0.5205414
181,0.81889766,0.7906789,0.5257547
181,0.8267717,0.7991814,0.5312116
181,0.8346457,0.80772567,0.53664666
181,0.8425197,0.8162099,0.54211825
181,0.8503937,0.82467484,0.54769796
181,0.8582677,0.8331323,0.55324936
181,0.86614174,0.84163797,0.55877787
181,0.87401575,0.8500224,0.56428725
181,0.88188976,0.8584199,0.56992406
181,0.8897638,0.8668262,0.5754337
181,0.8976378,0.875256,0.5810234
181,0.9055118,0.8836452,0.58663297
181,0.9133858,0.891985,0.5920941
181,0.9212598,0.90039146,0.59769577
181,0.92913383,0.9088973,0.60329694
181,0.93700784,0.9173133,0.6088317
181,0.9448819,0.9257389,0.6143819
181,0.9527559,0.93417853,0.6200847
181,0.96062994,0.9426261,0.6256501
181,0.96850395,0.9510085,0.6313632
181,0.97637796,0.95934236,0.6368976
181,0.984252,0.9676288,0.6425416
181,0.992126,0.97585726,0.64811236
181,1.0,0.9842,0.6537143
182,0.0,0.2093,0.959
182,0.007874016,0.21200769,0.9511209
182,0.015748031,0.21451977,0.9436437
182,0.023622047,0.21716088,0.9357971
182,0.031496063,0.21981609,0.92751783
182,0.03937008,0.22241284,0.91953015
182,0.047244094,0.22497714,0.9115445
182,0.05511811,0.22754279,0.90370435
182,0.062992126,0.23005015,0.8957734
182,0.070866145,0.23275855,0.88740414
182,0.07874016,0.23556629,0.878771
182,0.08661418,0.23835002,0.8699881
182,0.09448819,0.24119359,0.86130404
182,0.10236221,0.24386804,0.85307187
182,0.11023622,0.24637121,0.84517425
182,0.11811024,0.24890342,0.8374533
182,0.12598425,0.25151214,0.8297691
182,0.13385826,0.2540766,0.82206684
182,0.14173229,0.25689834,0.81357616
182,0.1496063,0.2594667,0.80568236
182,0.15748031,0.2618259,0.79849744
182,0.16535433,0.26409593,0.7910155
182,0.17322835,0.2663816,0.7835949
182,0.18110237,0.26893628,0.77527565
182,0.18897638,0.27172396,0.76625913
182,0.19685039,0.274464,0.7571622
182,0.20472442,0.27711055,0.7480626
182,0.21259843,0.27960107,0.7392252
182,0.22047244,0.28187817,0.7308182
182,0.22834645,0.28389317,0.72293085
182,0.23622048,0.28582686,0.71472275
182,0.24409449,0.2874719,0.70605797
182,0.2519685,0.2887,0.69889784
182,0.25984251,0.28974664,0.69167656
182,0.26771653,0.29087645,0.6825631
182,0.27559054,0.29171357,0.67380637
182,0.28346458,0.29218242,0.6650158
182,0.2913386,0.29248124,0.6563481
182,0.2992126,0.2925,0.6475191
182,0.30708662,0.2924,0.6385072
182,0.31496063,0.2921631,0.62924665
182,0.32283464,0.29179072,0.6199173
182,0.33070865,0.2913315,0.6106669
182,0.33858266,0.29088107,0.6015132
182,0.3464567,0.2903746,0.5925305
182,0.35433072,0.28979796,0.58366185
182,0.36220473,0.28926182,0.57487524
182,0.37007874,0.28872827,0.5661956
182,0.37795275,0.28809673,0.5574823
182,0.38582677,0.28753498,0.5485463
182,0.39370078,0.28688264,0.53969276
182,0.4015748,0.2863368,0.530928
182,0.40944883,0.28569806,0.5219737
182,0.41732284,0.2850663,0.51323277
182,0.42519686,0.28454116,0.5044451
182,0.43307087,0.28392217,0.49545953
182,0.44094488,0.28330842,0.4866915
182,0.4488189,0.28269967,0.4777807
182,0.4566929,0.28209502,0.46885365
182,0.46456692,0.28149328,0.45990393
182,0.47244096,0.28083962,0.45096758
182,0.48031497,0.2801936,0.4419752
182,0.48818898,0.27944064,0.43312073
182,0.496063,0.2786923,0.42417595
182,0.503937,0.27788883,0.41533238
182,0.511811,0.2770247,0.4065325
182,0.51968503,0.27605018,0.397787
182,0.52755904,0.27503097,0.38907832
182,0.53543305,0.2739104,0.38050285
182,0.54330707,0.27269065,0.3719333
182,0.5511811,0.2712934,0.3633909
182,0.5590551,0.26978275,0.35490152
182,0.56692916,0.26809958,0.3464741
182,0.5748032,0.26621452,0.33797386
182,0.5826772,0.26417294,0.32956302
182,0.5905512,0.26196653,0.32123756
182,0.5984252,0.2596061,0.31300348
182,0.6062992,0.25713915,0.30485442
182,0.61417323,0.25447738,0.2967925
182,0.62204725,0.25168124,0.28895122
182,0.62992126,0.24873695,0.28104404
182,0.63779527,0.2456164,0.2733413
182,0.6456693,0.24249132,0.26569363
182,0.6535433,0.23914237,0.25809583
182,0.6614173,0.23574977,0.25065336
182,0.6692913,0.23217571,0.24325699
182,0.6771653,0.2285261,0.2360506
182,0.68503934,0.22477613,0.22898766
182,0.6929134,0.22095436,0.22208884
182,0.7007874,0.21706772,0.2153161
182,0.70866144,0.21308087,0.20863168
182,0.71653545,0.20892255,0.20219696
182,0.72440946,0.20473227,0.1957604
182,0.7322835,0.20038784,0.18955405
182,0.7401575,0.19601074,0.18344392
182,0.7480315,0.19153127,0.1774333
182,0.7559055,0.18695128,0.17152308
182,0.7637795,0.18228334,0.1657143
182,0.77165353,0.1774986,0.15999828
182,0.77952754,0.17259547,0.15435864
182,0.78740156,0.16771981,0.1488296
182,0.79527557,0.16270763,0.14336878
182,0.8031496,0.15766063,0.13798083
182,0.8110236,0.15260857,0.13273486
182,0.81889766,0.14745483,0.12747811
182,0.8267717,0.14234562,0.1222664
182,0.8346457,0.1371082,0.117118
182,0.8425197,0.13195659,0.112106405
182,0.8503937,0.12675942,0.107154876
182,0.8582677,0.12150152,0.10209483
182,0.86614174,0.11636754,0.09734509
182,0.87401575,0.11116464,0.092488945
182,0.88188976,0.10598944,0.08765498
182,0.8897638,0.10083888,0.082844004
182,0.8976378,0.09561399,0.07818813
182,0.9055118,0.090322286,0.073289886
182,0.9133858,0.08504036,0.06853895
182,0.9212598,0.079777196,0.06380488
182,0.92913383,0.074431226,0.05898212
182,0.93700784,0.069106095,0.054243576
182,0.9448819,0.06379796,0.049559012
182,0.9527559,0.05844876,0.044741273
182,0.96062994,0.053169604,0.04007568
182,0.96850395,0.047836713,0.0353683
182,0.97637796,0.042542577,0.030628765
182,0.984252,0.03720855,0.025986528
182,0.992126,0.031943295,0.021348774
182,1.0,0.0266,0.016571429
183,0.0,0.2133,0.9484286
183,0.007874016,0.21712628,0.9362168
183,0.015748031,0.2209573,0.9239958
183,0.023622047,0.2247967,0.91173756
183,0.031496063,0.22864573,0.8994549
183,0.03937008,0.23250906,0.8871276
183,0.047244094,0.23629548,0.874729
183,0.05511811,0.24005629,0.8625213
183,0.062992126,0.24376607,0.85007536
183,0.070866145,0.24748369,0.8378536
183,0.07874016,0.25105685,0.82549894
183,0.08661418,0.25455114,0.8133054
183,0.09448819,0.2580216,0.8010006
183,0.10236221,0.26124793,0.7886067
183,0.11023622,0.26437995,0.7761538
183,0.11811024,0.26729137,0.7635303
183,0.12598425,0.26995367,0.7507372
183,0.13385826,0.27242714,0.737845
183,0.14173229,0.27463856,0.7248212
183,0.1496063,0.27663788,0.71165454
183,0.15748031,0.27840826,0.6985007
183,0.16535433,0.27991945,0.6853491
183,0.17322835,0.28124538,0.67218244
183,0.18110237,0.28230006,0.6589042
183,0.18897638,0.28329536,0.6455827
183,0.19685039,0.284059,0.63223225
183,0.20472442,0.2847122,0.6188672
183,0.21259843,0.2851926,0.60541755
183,0.22047244,0.28548276,0.5920191
183,0.22834645,0.2857728,0.57850355
183,0.23622048,0.28596678,0.5649965
183,0.24409449,0.2861,0.5515734
183,0.2519685,0.2862,0.5383312
183,0.25984251,0.28637654,0.5250567
183,0.26771653,0.2865906,0.5117375
183,0.27559054,0.28691018,0.4983946
183,0.28346458,0.2873336,0.48508662
183,0.2913386,0.28802145,0.47180578
183,0.2992126,0.28907645,0.458664
183,0.30708662,0.2904848,0.445295
183,0.31496063,0.29234663,0.43206316
183,0.32283464,0.29469058,0.41914016
183,0.33070865,0.29756126,0.4064972
183,0.33858266,0.3008876,0.39407775
183,0.3464567,0.3047869,0.38189462
183,0.35433072,0.30927092,0.37018496
183,0.36220473,0.31418273,0.3589853
183,0.37007874,0.31973946,0.34817955
183,0.37795275,0.32574803,0.33794278
183,0.38582677,0.33219412,0.32843697
183,0.39370078,0.33923244,0.3195629
183,0.4015748,0.34665647,0.31146467
183,0.40944883,0.35460076,0.3043029
183,0.41732284,0.3628907,0.29819953
183,0.42519686,0.37144434,0.2930869
183,0.43307087,0.3802684,0.2890284
183,0.44094488,0.38927385,0.28599244
183,0.4488189,0.3983896,0.28407675
183,0.4566929,0.4077985,0.28314286
183,0.46456692,0.41723305,0.28321666
183,0.47244096,0.42656878,0.28438124
183,0.48031497,0.43582416,0.28635314
183,0.48818898,0.44497198,0.28934285
183,0.496063,0.45397192,0.29324296
183,0.503937,0.46259126,0.29794684
183,0.511811,0.47112495,0.30344838
183,0.51968503,0.4793442,0.30981866
183,0.52755904,0.48741648,0.3166203
183,0.53543305,0.49534515,0.32385686
183,0.54330707,0.50314116,0.33141965
183,0.5511811,0.510814,0.33911496
183,0.5590551,0.518464,0.34678727
183,0.56692916,0.52608407,0.35440543
183,0.5748032,0.53376424,0.3618883
183,0.5826772,0.5414813,0.36926004
183,0.5905512,0.54927194,0.3763644
183,0.5984252,0.55714667,0.38338447
183,0.6062992,0.56514186,0.39016247
183,0.61417323,0.57337433,0.39676738
183,0.62204725,0.5816538,0.4030384
183,0.62992126,0.59000987,0.40907848
183,0.63779527,0.5984476,0.41489634
183,0.6456693,0.6068912,0.42049742
183,0.6535433,0.61542714,0.4258824
183,0.6614173,0.62403893,0.4310747
183,0.6692913,0.6326475,0.43619013
183,0.6771653,0.64140505,0.4411022
183,0.68503934,0.65008783,0.44609877
183,0.6929134,0.65887916,0.4507567
183,0.7007874,0.6676646,0.45551676
183,0.70866144,0.6764752,0.4603796
183,0.71653545,0.68531644,0.46506238
183,0.72440946,0.6939889,0.46970835
183,0.7322835,0.70269895,0.47435653
183,0.7401575,0.7113516,0.47916165
183,0.7480315,0.72009176,0.48393813
183,0.7559055,0.72891235,0.48883563
183,0.7637795,0.73767596,0.49370053
183,0.77165353,0.74647933,0.4985557
183,0.77952754,0.75517,0.5034971
183,0.78740156,0.7638247,0.508327
183,0.79527557,0.77256435,0.51337963
183,0.8031496,0.7812954,0.5183117
183,0.8110236,0.7900316,0.5231038
183,0.81889766,0.7987768,0.5280439
183,0.8267717,0.807546,0.5329977
183,0.8346457,0.8162723,0.5379842
183,0.8425197,0.8250731,0.5429976
183,0.8503937,0.83389103,0.54794705
183,0.8582677,0.8426899,0.5529378
183,0.86614174,0.85134387,0.55786276
183,0.87401575,0.8599272,0.5628243
183,0.88188976,0.86850524,0.5678228
183,0.8897638,0.8770863,0.5728184
183,0.8976378,0.88566047,0.57786
183,0.9055118,0.8943021,0.5828975
183,0.9133858,0.9028869,0.587895
183,0.9212598,0.91150564,0.59301627
183,0.92913383,0.92015254,0.59820294
183,0.93700784,0.9288149,0.6034438
183,0.9448819,0.9373888,0.60859734
183,0.9527559,0.94595253,0.613745
183,0.96062994,0.9544642,0.6188622
183,0.96850395,0.96293604,0.62395614
183,0.97637796,0.9714778,0.62911546
183,0.984252,0.98023236,0.63443625
183,0.992126,0.98908937,0.6398754
183,1.0,0.9978,0.64514285
184,0.0,0.2137,0.949
184,0.007874016,0.21617867,0.9410686
184,0.015748031,0.21850687,0.93358505
184,0.023622047,0.22075093,0.9262292
184,0.031496063,0.22303943,0.9187445
184,0.03937008,0.22530234,0.91119266
184,0.047244094,0.22768922,0.9033829
184,0.05511811,0.2300715,0.89530253
184,0.062992126,0.23249838,0.8872201
184,0.070866145,0.23492052,0.8790696
184,0.07874016,0.23727465,0.8710572
184,0.08661418,0.23971342,0.8630378
184,0.09448819,0.24205862,0.8551478
184,0.10236221,0.2443291,0.84750825
184,0.11023622,0.24667054,0.83976966
184,0.11811024,0.24900723,0.8319341
184,0.12598425,0.25149968,0.8238938
184,0.13385826,0.2540386,0.81558037
184,0.14173229,0.25650266,0.80731285
184,0.1496063,0.25902298,0.7990427
184,0.15748031,0.2614389,0.7906893
184,0.16535433,0.26386383,0.7826292
184,0.17322835,0.26621053,0.77467924
184,0.18110237,0.26834145,0.7669604
184,0.18897638,0.27056253,0.75918555
184,0.19685039,0.27262536,0.7512218
184,0.20472442,0.2747209,0.74328244
184,0.21259843,0.27673864,0.73529214
184,0.22047244,0.27870432,0.7269815
184,0.22834645,0.2805582,0.71875054
184,0.23622048,0.2820922,0.7113524
184,0.24409449,0.2834698,0.70397305
184,0.2519685,0.28493705,0.6952698
184,0.25984251,0.28609496,0.6873073
184,0.26771653,0.28702423,0.679472
184,0.27559054,0.28790173,0.6710603
184,0.28346458,0.28869197,0.66238904
184,0.2913386,0.28926525,0.65397483
184,0.2992126,0.28969052,0.6455776
184,0.30708662,0.289975,0.6371433
184,0.31496063,0.2901,0.6287351
184,0.32283464,0.2902,0.6204889
184,0.33070865,0.2902,0.611952
184,0.33858266,0.2901,0.60321647
184,0.3464567,0.28994823,0.5942402
184,0.35433072,0.2897048,0.5852731
184,0.36220473,0.2895,0.5763251
184,0.37007874,0.28923997,0.5675138
184,0.37795275,0.28901368,0.5587996
184,0.38582677,0.2886889,0.5502858
184,0.39370078,0.28836438,0.5417986
184,0.4015748,0.28813913,0.5334349
184,0.40944883,0.28772435,0.52488434
184,0.41732284,0.2873832,0.5162584
184,0.42519686,0.28705153,0.50754154
184,0.43307087,0.28661662,0.498856
184,0.44094488,0.28617802,0.490149
184,0.4488189,0.2857699,0.48147008
184,0.4566929,0.2852864,0.472975
184,0.46456692,0.28483126,0.46457148
184,0.47244096,0.28433678,0.4561347
184,0.48031497,0.28379402,0.44750738
184,0.48818898,0.28321567,0.43892977
184,0.496063,0.2825468,0.43035862
184,0.503937,0.281837,0.42179856
184,0.511811,0.2810981,0.41326675
184,0.51968503,0.2802243,0.4047256
184,0.52755904,0.27940905,0.39636987
184,0.53543305,0.27834314,0.3879412
184,0.54330707,0.27722624,0.3794356
184,0.5511811,0.27601737,0.37106493
184,0.5590551,0.2747175,0.3626125
184,0.56692916,0.27317742,0.35429952
184,0.5748032,0.27153558,0.34617788
184,0.5826772,0.26971072,0.33846685
184,0.5905512,0.26756945,0.3304623
184,0.5984252,0.26544115,0.3227478
184,0.6062992,0.2633426,0.3150397
184,0.61417323,0.26125205,0.30679446
184,0.62204725,0.25867587,0.29935962
184,0.62992126,0.25621384,0.2916308
184,0.63779527,0.25405058,0.28443024
184,0.6456693,0.251249,0.27664042
184,0.6535433,0.2483352,0.2689914
184,0.6614173,0.24546643,0.26161838
184,0.6692913,0.24258763,0.25411192
184,0.6771653,0.23940109,0.24643168
184,0.68503934,0.2361342,0.23898269
184,0.6929134,0.23274466,0.23193371
184,0.7007874,0.22909543,0.22525428
184,0.70866144,0.22509086,0.2186129
184,0.71653545,0.22101447,0.2122077
184,0.72440946,0.21694471,0.20586555
184,0.7322835,0.21295941,0.1993561
184,0.7401575,0.20899236,0.19256052
184,0.7480315,0.20504805,0.18606865
184,0.7559055,0.2014,0.18042856
184,0.7637795,0.1987623,0.17680328
184,0.77165353,0.19473614,0.17076592
184,0.77952754,0.19028063,0.16425805
184,0.78740156,0.18575992,0.1577313
184,0.79527557,0.18141922,0.15174174
184,0.8031496,0.1770994,0.1461136
184,0.8110236,0.17258511,0.14061156
184,0.81889766,0.16794391,0.13522162
184,0.8267717,0.16326539,0.12964617
184,0.8346457,0.15856443,0.1242165
184,0.8425197,0.15373623,0.118984275
184,0.8503937,0.14899735,0.11428288
184,0.8582677,0.14426574,0.10960615
184,0.86614174,0.13930531,0.10469027
184,0.87401575,0.13452977,0.099919744
184,0.88188976,0.12976761,0.095064394
184,0.8897638,0.1247427,0.09011649
184,0.8976378,0.119833656,0.085320055
184,0.9055118,0.11494216,0.080823354
184,0.9133858,0.11001106,0.07640471
184,0.9212598,0.10504322,0.07203087
184,0.92913383,0.099921346,0.06757785
184,0.93700784,0.09474391,0.063131824
184,0.9448819,0.0895264,0.058748484
184,0.9527559,0.08433974,0.05433826
184,0.96062994,0.0792278,0.049837623
184,0.96850395,0.07414989,0.0454846
184,0.97637796,0.06909072,0.040906332
184,0.984252,0.0640589,0.03638943
184,0.992126,0.0587014,0.03141306
184,1.0,0.053,0.026142858
185,0.0,0.1767,0.036714286
185,0.007874016,0.18293001,0.042225722
185,0.015748031,0.18903825,0.047703095
185,0.023622047,0.19514175,0.053121496
185,0.031496063,0.20126295,0.058739677
185,0.03937008,0.20734078,0.06458364
185,0.047244094,0.21336262,0.07050547
185,0.05511811,0.21922128,0.07654985
185,0.062992126,0.2249919,0.08264789
185,0.070866145,0.2306868,0.088815734
185,0.07874016,0.23640762,0.095359564
185,0.08661418,0.24214336,0.10201735
185,0.09448819,0.2477337,0.10884963
185,0.10236221,0.2533513,0.11579338
185,0.11023622,0.25887203,0.12272526
185,0.11811024,0.26431733,0.12970126
185,0.12598425,0.2698018,0.13674046
185,0.13385826,0.27513444,0.14371179
185,0.14173229,0.28051817,0.15061904
185,0.1496063,0.28596678,0.15762319
185,0.15748031,0.29147503,0.16457444
185,0.16535433,0.2970623,0.17133906
185,0.17322835,0.30276027,0.1780113
185,0.18110237,0.3085378,0.18454878
185,0.18897638,0.31436145,0.19079739
185,0.19685039,0.3202674,0.19679661
185,0.20472442,0.32613835,0.20251046
185,0.21259843,0.3321622,0.2081676
185,0.22047244,0.3382927,0.21345088
185,0.22834645,0.34445605,0.21876827
185,0.23622048,0.35072288,0.22396481
185,0.24409449,0.35718986,0.22903433
185,0.2519685,0.36363047,0.23412389
185,0.25984251,0.37003687,0.23909776
185,0.26771653,0.3764597,0.24396111
185,0.27559054,0.38291207,0.24878736
185,0.28346458,0.38934773,0.2536728
185,0.2913386,0.39579278,0.25845322
185,0.2992126,0.40221182,0.26327956
185,0.30708662,0.40870842,0.2681567
185,0.31496063,0.4151302,0.2730023
185,0.32283464,0.42163888,0.27789482
185,0.33070865,0.42815724,0.28285927
185,0.33858266,0.43468732,0.2878876
185,0.3464567,0.4411697,0.29289362
185,0.35433072,0.4476898,0.29784882
185,0.36220473,0.45405105,0.30275595
185,0.37007874,0.46045968,0.30775893
185,0.37795275,0.466824,0.31259102
185,0.38582677,0.4732451,0.31767154
185,0.39370078,0.47962746,0.32259104
185,0.4015748,0.48607573,0.32772627
185,0.40944883,0.49249715,0.332751
185,0.41732284,0.49899814,0.3377388
185,0.42519686,0.5054501,0.34286344
185,0.43307087,0.5119901,0.3478494
185,0.44094488,0.5184997,0.35298675
185,0.4488189,0.52503127,0.3579509
185,0.4566929,0.53138816,0.36284867
185,0.46456692,0.5378512,0.36765406
185,0.47244096,0.5442722,0.37256423
185,0.48031497,0.55063343,0.37723815
185,0.48818898,0.5570878,0.38207248
185,0.496063,0.56346977,0.3867466
185,0.503937,0.56991976,0.3912998
185,0.511811,0.5763433,0.3959595
185,0.51968503,0.5828335,0.40045252
185,0.52755904,0.589288,0.40506285
185,0.53543305,0.59588987,0.40964526
185,0.54330707,0.6025508,0.4141962
185,0.5511811,0.6092597,0.4187116
185,0.5590551,0.61586267,0.42312065
185,0.56692916,0.62244034,0.42748475
185,0.5748032,0.6290502,0.43174237
185,0.5826772,0.6356393,0.43611506
185,0.5905512,0.64226294,0.44030905
185,0.5984252,0.6488682,0.44446573
185,0.6062992,0.65554065,0.4487227
185,0.61417323,0.6622373,0.45278916
185,0.62204725,0.6688562,0.45680675
185,0.62992126,0.6755041,0.46092007
185,0.63779527,0.6822299,0.4649851
185,0.6456693,0.6889819,0.46900555
185,0.6535433,0.6957363,0.47298408
185,0.6614173,0.7025235,0.47692138
185,0.6692913,0.7093637,0.48095924
185,0.6771653,0.71613395,0.4849578
185,0.68503934,0.7229374,0.48891896
185,0.6929134,0.7296809,0.49284545
185,0.7007874,0.736404,0.49679545
185,0.70866144,0.74317086,0.5007118
185,0.71653545,0.74988765,0.5047273
185,0.72440946,0.7566582,0.5086009
185,0.7322835,0.76338637,0.5125781
185,0.7401575,0.7701739,0.51653993
185,0.7480315,0.7769614,0.5206065
185,0.7559055,0.78374684,0.52466315
185,0.7637795,0.7905321,0.5286913
185,0.77165353,0.79733145,0.53273225
185,0.77952754,0.8041202,0.53675437
185,0.78740156,0.8109994,0.540871
185,0.79527557,0.8177777,0.54492426
185,0.8031496,0.8245563,0.54894644
185,0.8110236,0.83134115,0.55296636
185,0.81889766,0.83813655,0.55699235
185,0.8267717,0.8448423,0.5610242
185,0.8346457,0.8515642,0.5649224
185,0.8425197,0.85824215,0.56897074
185,0.8503937,0.86496073,0.5728832
185,0.8582677,0.87169033,0.576945
185,0.86614174,0.878334,0.5809331
185,0.87401575,0.8850897,0.58494955
185,0.88188976,0.8917502,0.5890322
185,0.8897638,0.8984028,0.59314954
185,0.8976378,0.90509677,0.597398
185,0.9055118,0.91174096,0.60150206
185,0.9133858,0.91831565,0.60583764
185,0.9212598,0.9247734,0.61003715
185,0.92913383,0.9313258,0.61423326
185,0.93700784,0.9378795,0.61870503
185,0.9448819,0.94464564,0.62323344
185,0.9527559,0.9515086,0.6277659
185,0.96062994,0.9585282,0.6322947
185,0.96850395,0.965444,0.63667965
185,0.97637796,0.97199726,0.6411608
185,0.984252,0.97853357,0.64534664
185,0.992126,0.9849634,0.64938545
185,1.0,0.9914,0.65328574
186,0.0,0.9943,0.7387143
186,0.007874016,0.9879137,0.7349168
186,0.015748031,0.98147774,0.7310859
186,0.023622047,0.9750059,0.7272448
186,0.031496063,0.9686369,0.72345024
186,0.03937008,0.9623683,0.71959627
186,0.047244094,0.9559601,0.7157965
186,0.05511811,0.9496617,0.7120066
186,0.062992126,0.94332856,0.70815915
186,0.070866145,0.937155,0.70436025
186,0.07874016,0.93109274,0.7006106
186,0.08661418,0.9249598,0.69677126
186,0.09448819,0.9186759,0.6928628
186,0.10236221,0.9124411,0.68908846
186,0.11023622,0.9061956,0.68533826
186,0.11811024,0.8999018,0.68133086
186,0.12598425,0.8936704,0.67743105
186,0.13385826,0.88741016,0.6733792
186,0.14173229,0.88121814,0.66942954
186,0.1496063,0.8749905,0.6656092
186,0.15748031,0.8687147,0.6616784
186,0.16535433,0.8623803,0.6577694
186,0.17322835,0.85605496,0.65391535
186,0.18110237,0.8497163,0.649932
186,0.18897638,0.8434805,0.6459765
186,0.19685039,0.83724296,0.64195925
186,0.20472442,0.8310025,0.63787174
186,0.21259843,0.8247408,0.6339376
186,0.22047244,0.8184617,0.6300271
186,0.22834645,0.8122938,0.6263393
186,0.23622048,0.80602634,0.6226834
186,0.24409449,0.7996266,0.6190114
186,0.2519685,0.7932583,0.6153227
186,0.25984251,0.7868943,0.61174697
186,0.26771653,0.78057325,0.60812855
186,0.27559054,0.7743458,0.60476273
186,0.28346458,0.7680888,0.6014013
186,0.2913386,0.76147693,0.5982967
186,0.2992126,0.755088,0.595013
186,0.30708662,0.7486629,0.5915691
186,0.31496063,0.74226713,0.5885784
186,0.32283464,0.7357126,0.5859439
186,0.33070865,0.7290199,0.58343667
186,0.33858266,0.7225632,0.58056927
186,0.3464567,0.71585464,0.5775529
186,0.35433072,0.7095567,0.57558495
186,0.36220473,0.70301896,0.5732568
186,0.37007874,0.6960293,0.5705426
186,0.37795275,0.6894552,0.5681949
186,0.38582677,0.6827591,0.5663386
186,0.39370078,0.6761482,0.56500983
186,0.4015748,0.66942775,0.56334656
186,0.40944883,0.6628818,0.56166977
186,0.41732284,0.65631074,0.5603287
186,0.42519686,0.64946145,0.559232
186,0.43307087,0.64249504,0.5582857
186,0.44094488,0.63558817,0.55785716
186,0.4488189,0.6290841,0.55811363
186,0.4566929,0.62258875,0.55838734
186,0.46456692,0.6156613,0.5587323
186,0.47244096,0.6087084,0.5594395
186,0.48031497,0.6019112,0.56075925
186,0.48818898,0.59513813,0.56256306
186,0.496063,0.5885745,0.5648956
186,0.503937,0.5818599,0.5676286
186,0.511811,0.57503104,0.57060933
186,0.51968503,0.56844556,0.5738321
186,0.52755904,0.5621109,0.57705015
186,0.53543305,0.5560045,0.580492
186,0.54330707,0.5497782,0.5841562
186,0.5511811,0.5434968,0.588104
186,0.5590551,0.53724587,0.59211475
186,0.56692916,0.53120154,0.59625155
186,0.5748032,0.5250888,0.60057944
186,0.5826772,0.5190702,0.6050927
186,0.5905512,0.5131096,0.60963595
186,0.5984252,0.5071346,0.61431646
186,0.6062992,0.5013267,0.61903685
186,0.61417323,0.49563226,0.62397236
186,0.62204725,0.48990303,0.6289083
186,0.62992126,0.48414424,0.6339605
186,0.63779527,0.4783285,0.63921976
186,0.6456693,0.47248626,0.64456844
186,0.6535433,0.46659684,0.64990777
186,0.6614173,0.46075085,0.65538013
186,0.6692913,0.45510083,0.66072106
186,0.6771653,0.44944492,0.6661679
186,0.68503934,0.44384393,0.67174035
186,0.6929134,0.43823746,0.67737234
186,0.7007874,0.43264073,0.6829797
186,0.70866144,0.42704096,0.6887447
186,0.71653545,0.42143545,0.69445026
186,0.72440946,0.4158673,0.7002525
186,0.7322835,0.41025144,0.7061235
186,0.7401575,0.4046547,0.71197706
186,0.7480315,0.39921057,0.7179948
186,0.7559055,0.39382994,0.7240617
186,0.7637795,0.38856632,0.73027104
186,0.77165353,0.3834844,0.7365595
186,0.77952754,0.37843022,0.74299335
186,0.78740156,0.37349218,0.74942327
186,0.79527557,0.36857873,0.7560525
186,0.8031496,0.36369526,0.76286393
186,0.8110236,0.35885057,0.7697849
186,0.81889766,0.35415366,0.7766376
186,0.8267717,0.34951228,0.78377515
186,0.8346457,0.34504423,0.79085845
186,0.8425197,0.3405846,0.7981855
186,0.8503937,0.33638656,0.8057296
186,0.8582677,0.3321527,0.813306
186,0.86614174,0.32810003,0.8210178
186,0.87401575,0.32413325,0.8288424
186,0.88188976,0.3201228,0.8368111
186,0.8897638,0.3162299,0.8448641
186,0.8976378,0.31235418,0.85304874
186,0.9055118,0.30849674,0.8612253
186,0.9133858,0.30475163,0.8694754
186,0.9212598,0.3009518,0.8777775
186,0.92913383,0.29729205,0.88599217
186,0.93700784,0.29366553,0.89427704
186,0.9448819,0.29007015,0.9026434
186,0.9527559,0.28661075,0.91100883
186,0.96062994,0.28306416,0.91948247
186,0.96850395,0.27963072,0.928066
186,0.97637796,0.27610826,0.9366222
186,0.984252,0.27269444,0.9452644
186,0.992126,0.2692916,0.9538067
186,1.0,0.2659,0.96242857
187,0.0,0.219,0.93814284
187,0.007874016,0.22156008,0.9299712
187,0.015748031,0.22343586,0.92318326
187,0.023622047,0.22594364,0.91573244
187,0.031496063,0.2284613,0.907682
187,0.03937008,0.23076211,0.89993083
187,0.047244094,0.23314473,0.89195114
187,0.05511811,0.23532848,0.8853065
187,0.062992126,0.23751716,0.87761617
187,0.070866145,0.23963502,0.8699166
187,0.07874016,0.24206781,0.86237764
187,0.08661418,0.24470933,0.8543338
187,0.09448819,0.24735712,0.84647626
187,0.10236221,0.24972478,0.8388222
187,0.11023622,0.25200257,0.8309927
187,0.11811024,0.2542239,0.8234689
187,0.12598425,0.25656277,0.8156778
187,0.13385826,0.258787,0.80789423
187,0.14173229,0.26032862,0.8015916
187,0.1496063,0.26241308,0.7938198
187,0.15748031,0.26443928,0.78645915
187,0.16535433,0.2666945,0.77873003
187,0.17322835,0.2689663,0.77085835
187,0.18110237,0.27114746,0.7629734
187,0.18897638,0.27324334,0.7551155
187,0.19685039,0.2753056,0.7471808
187,0.20472442,0.2773354,0.73899114
187,0.21259843,0.27919835,0.7307576
187,0.22047244,0.28102553,0.7226048
187,0.22834645,0.28263384,0.7148072
187,0.23622048,0.28413692,0.7068154
187,0.24409449,0.28555876,0.6986838
187,0.2519685,0.28683296,0.6903846
187,0.25984251,0.28789905,0.6820803
187,0.26771653,0.28887215,0.67383015
187,0.27559054,0.28955486,0.6656335
187,0.28346458,0.29015082,0.65742165
187,0.2913386,0.29053152,0.64912885
187,0.2992126,0.2908951,0.6406624
187,0.30708662,0.2911,0.6324204
187,0.31496063,0.2912,0.62438214
187,0.32283464,0.2913,0.6165151
187,0.33070865,0.2914,0.60850924
187,0.33858266,0.2914,0.6003918
187,0.3464567,0.2914,0.59214634
187,0.35433072,0.2914,0.5838603
187,0.36220473,0.2913,0.57563394
187,0.37007874,0.29129592,0.56733525
187,0.37795275,0.2911,0.55913156
187,0.38582677,0.2909273,0.5508444
187,0.39370078,0.29071048,0.54242706
187,0.4015748,0.29040328,0.53395057
187,0.40944883,0.29000854,0.5254076
187,0.41732284,0.28962424,0.51693493
187,0.42519686,0.2892256,0.50848275
187,0.43307087,0.28878796,0.50003356
187,0.44094488,0.28823248,0.49170148
187,0.4488189,0.28778338,0.48346493
187,0.4566929,0.28713936,0.47516185
187,0.46456692,0.28654873,0.46684372
187,0.47244096,0.28594312,0.45854712
187,0.48031497,0.28522786,0.45027497
187,0.48818898,0.28444418,0.44193912
187,0.496063,0.2835505,0.43362418
187,0.503937,0.2826802,0.4253446
187,0.511811,0.2817319,0.41725078
187,0.51968503,0.28068858,0.40905327
187,0.52755904,0.27955073,0.4009877
187,0.53543305,0.27839705,0.39292443
187,0.54330707,0.27711064,0.3848383
187,0.5511811,0.27572846,0.37677893
187,0.5590551,0.27425972,0.36861277
187,0.56692916,0.27273116,0.3605277
187,0.5748032,0.27101088,0.35247746
187,0.5826772,0.26934552,0.34440848
187,0.5905512,0.26748958,0.33653057
187,0.5984252,0.26560053,0.32878777
187,0.6062992,0.26363045,0.32125705
187,0.61417323,0.26163903,0.31373942
187,0.62204725,0.2594653,0.3061487
187,0.62992126,0.25719497,0.2986413
187,0.63779527,0.2548347,0.29122338
187,0.6456693,0.25231373,0.28362548
187,0.6535433,0.24966127,0.27620348
187,0.6614173,0.24692681,0.2687163
187,0.6692913,0.24404183,0.26118723
187,0.6771653,0.24112356,0.2537738
187,0.68503934,0.23810102,0.24629831
187,0.6929134,0.23499076,0.23899873
187,0.7007874,0.23188882,0.23162568
187,0.70866144,0.2286898,0.2243026
187,0.71653545,0.22558953,0.2173347
187,0.72440946,0.22238669,0.21050072
187,0.7322835,0.21922754,0.20366722
187,0.7401575,0.21606332,0.19681561
187,0.7480315,0.21283883,0.1900832
187,0.7559055,0.2095051,0.1832252
187,0.7637795,0.20621683,0.17649078
187,0.77165353,0.20277502,0.16989066
187,0.77952754,0.19937535,0.1631507
187,0.78740156,0.1958086,0.15658782
187,0.79527557,0.19225736,0.15003759
187,0.8031496,0.1886156,0.14349216
187,0.8110236,0.18483832,0.13708963
187,0.81889766,0.1811113,0.1306846
187,0.8267717,0.17721048,0.12432765
187,0.8346457,0.17321795,0.11807469
187,0.8425197,0.16925327,0.11180256
187,0.8503937,0.16517065,0.10578909
187,0.8582677,0.16096929,0.09974733
187,0.86614174,0.15676937,0.09392094
187,0.87401575,0.15258788,0.0881424
187,0.88188976,0.14826679,0.082634255
187,0.8897638,0.14390391,0.077177644
187,0.8976378,0.1393874,0.07176023
187,0.9055118,0.13480152,0.06644532
187,0.9133858,0.1301384,0.06118616
187,0.9212598,0.12542383,0.05602648
187,0.92913383,0.12061258,0.05090286
187,0.93700784,0.11578392,0.045888174
187,0.9448819,0.110871166,0.04093731
187,0.9527559,0.1060877,0.03620111
187,0.96062994,0.10145579,0.03162623
187,0.96850395,0.096910715,0.027220752
187,0.97637796,0.09238823,0.02298879
187,0.984252,0.08777949,0.018694753
187,0.992126,0.08307831,0.014312674
187,1.0,0.0782,0.009857143
188,0.0,0.9862,0.73414284
188,0.007874016,0.9772971,0.72799796
188,0.015748031,0.96830124,0.72178656
188,0.023622047,0.95935255,0.71570474
188,0.031496063,0.9506143,0.70958966
188,0.03937008,0.94185746,0.70361245
188,0.047244094,0.9330732,0.6976435
188,0.05511811,0.9242291,0.69153214
188,0.062992126,0.9155073,0.6856358
188,0.070866145,0.9067702,0.67964387
188,0.07874016,0.89799374,0.67375207
188,0.08661418,0.88916993,0.66783834
188,0.09448819,0.8802799,0.66195804
188,0.10236221,0.87131083,0.65617865
188,0.11023622,0.86247206,0.6505339
188,0.11811024,0.8536542,0.64491075
188,0.12598425,0.84467834,0.6394912
188,0.13385826,0.83578366,0.63397825
188,0.14173229,0.82681775,0.6284933
188,0.1496063,0.81794655,0.6229325
188,0.15748031,0.8088987,0.6175056
188,0.16535433,0.7998884,0.61205053
188,0.17322835,0.7910352,0.6067008
188,0.18110237,0.78207237,0.60155827
188,0.18897638,0.7729284,0.59665805
188,0.19685039,0.76371336,0.5919179
188,0.20472442,0.7543896,0.58747125
188,0.21259843,0.7452016,0.5835246
188,0.22047244,0.73605245,0.57951874
188,0.22834645,0.7265881,0.5762457
188,0.23622048,0.71742743,0.57248926
188,0.24409449,0.7085897,0.56871134
188,0.2519685,0.69912976,0.5653387
188,0.25984251,0.6897968,0.56237996
188,0.26771653,0.68019074,0.559582
188,0.27559054,0.67053026,0.5570072
188,0.28346458,0.6610961,0.5545376
188,0.2913386,0.65130717,0.55261976
188,0.2992126,0.64147496,0.5513881
188,0.30708662,0.6316774,0.551
188,0.31496063,0.6219346,0.55166095
188,0.32283464,0.61223775,0.5532878
188,0.33070865,0.6025811,0.55599797
188,0.33858266,0.59319925,0.55958855
188,0.3464567,0.5841912,0.56393325
188,0.35433072,0.5750995,0.56910115
188,0.36220473,0.56585497,0.5748286
188,0.37007874,0.5568359,0.5806145
188,0.37795275,0.54809505,0.5863479
188,0.38582677,0.53925407,0.5922242
188,0.39370078,0.5304415,0.5982594
188,0.4015748,0.5216748,0.6043952
188,0.40944883,0.51293236,0.61049086
188,0.41732284,0.50424945,0.61668104
188,0.42519686,0.4954604,0.62258965
188,0.43307087,0.4865928,0.62829834
188,0.44094488,0.47772634,0.6336341
188,0.4488189,0.4686483,0.6386716
188,0.4566929,0.45949018,0.6432984
188,0.46456692,0.45019707,0.6473547
188,0.47244096,0.4408504,0.65071416
188,0.48031497,0.43142104,0.6531455
188,0.48818898,0.42168272,0.654601
188,0.496063,0.41180077,0.6552585
188,0.503937,0.4018804,0.65478444
188,0.511811,0.39183423,0.65330184
188,0.51968503,0.3821255,0.6506162
188,0.52755904,0.37329432,0.6470449
188,0.53543305,0.36484617,0.6422643
188,0.54330707,0.35643917,0.63612634
188,0.5511811,0.34789014,0.6284039
188,0.5590551,0.33986372,0.6196949
188,0.56692916,0.33237314,0.6101045
188,0.5748032,0.32566634,0.600136
188,0.5826772,0.31962898,0.5894749
188,0.5905512,0.3141831,0.57830536
188,0.5984252,0.30939817,0.5665535
188,0.6062992,0.3051338,0.55439186
188,0.61417323,0.3011514,0.5415974
188,0.62204725,0.29771423,0.5283467
188,0.62992126,0.29464513,0.5149514
188,0.63779527,0.2919743,0.50133824
188,0.6456693,0.2897067,0.4877621
188,0.6535433,0.28786466,0.47419456
188,0.6614173,0.286189,0.4604691
188,0.6692913,0.28475147,0.44666195
188,0.6771653,0.2834685,0.4328483
188,0.68503934,0.28215697,0.41904947
188,0.6929134,0.2808303,0.40529215
188,0.7007874,0.27940682,0.39149687
188,0.70866144,0.27778077,0.37756595
188,0.71653545,0.27594215,0.3636994
188,0.72440946,0.27380782,0.3500008
188,0.7322835,0.27140594,0.33666417
188,0.7401575,0.2686704,0.32348102
188,0.7480315,0.26547855,0.31056562
188,0.7559055,0.26191893,0.29785615
188,0.7637795,0.25784108,0.2851342
188,0.77165353,0.2533419,0.2727761
188,0.77952754,0.24845295,0.26078752
188,0.78740156,0.2432429,0.24914168
188,0.79527557,0.23769206,0.23790061
188,0.8031496,0.23192194,0.2268002
188,0.8110236,0.22579834,0.21613997
188,0.81889766,0.21946715,0.2056349
188,0.8267717,0.2128505,0.19535786
188,0.8346457,0.2059574,0.18540944
188,0.8425197,0.19892521,0.17588381
188,0.8503937,0.19167262,0.16658646
188,0.8582677,0.18427743,0.15778266
188,0.86614174,0.1766456,0.14934981
188,0.87401575,0.16878831,0.14107819
188,0.88188976,0.160812,0.13320255
188,0.8897638,0.15268324,0.12551522
188,0.8976378,0.14437653,0.11804701
188,0.9055118,0.1360878,0.11064669
188,0.9133858,0.12761357,0.10338306
188,0.9212598,0.11918572,0.09615919
188,0.92913383,0.11058768,0.088818006
188,0.93700784,0.102001764,0.08155397
188,0.9448819,0.09351517,0.07429872
188,0.9527559,0.08514373,0.06711267
188,0.96062994,0.07693552,0.05992312
188,0.96850395,0.068816304,0.052580956
188,0.97637796,0.060731545,0.04522285
188,0.984252,0.052711114,0.03778873
188,0.992126,0.04451467,0.030260038
188,1.0,0.0363,0.022571428
189,0.0,0.9882,0.73285717
189,0.007874016,0.9821292,0.7288327
189,0.015748031,0.9761216,0.7248867
189,0.023622047,0.9702112,0.7210921
189,0.031496063,0.96428776,0.7172923
189,0.03937008,0.9581139,0.71326876
189,0.047244094,0.95187324,0.70923406
189,0.05511811,0.94560874,0.7052205
189,0.062992126,0.93932426,0.7011716
189,0.070866145,0.93306154,0.69707394
189,0.07874016,0.9270587,0.693116
189,0.08661418,0.92108625,0.68903005
189,0.09448819,0.9150408,0.6850064
189,0.10236221,0.9090059,0.680848
189,0.11023622,0.9030061,0.6766472
189,0.11811024,0.89688975,0.67253405
189,0.12598425,0.8908315,0.6683062
189,0.13385826,0.8848297,0.66430694
189,0.14173229,0.8788095,0.6602925
189,0.1496063,0.8728087,0.6562919
189,0.15748031,0.8667405,0.65232503
189,0.16535433,0.8605936,0.64841145
189,0.17322835,0.8544317,0.6444102
189,0.18110237,0.8483487,0.640603
189,0.18897638,0.8421586,0.63667774
189,0.19685039,0.8358968,0.6329148
189,0.20472442,0.82980376,0.62917125
189,0.21259843,0.8236673,0.6255558
189,0.22047244,0.81740415,0.62189823
189,0.22834645,0.81116366,0.6183011
189,0.23622048,0.8048237,0.6148684
189,0.24409449,0.7985503,0.61133784
189,0.2519685,0.79233056,0.6079419
189,0.25984251,0.78605604,0.60462654
189,0.26771653,0.7797331,0.6013015
189,0.27559054,0.7734918,0.59811264
189,0.28346458,0.7672583,0.59492636
189,0.2913386,0.7609378,0.5917469
189,0.2992126,0.75453275,0.5885754
189,0.30708662,0.7481269,0.58554643
189,0.31496063,0.74167293,0.5826353
189,0.32283464,0.73520774,0.57968134
189,0.33070865,0.72872573,0.577049
189,0.33858266,0.72236097,0.5744976
189,0.3464567,0.7158582,0.5720227
189,0.35433072,0.70939285,0.56979793
189,0.36220473,0.702855,0.5676896
189,0.37007874,0.6963243,0.56569266
189,0.37795275,0.68972117,0.56390303
189,0.38582677,0.6831049,0.56217283
189,0.39370078,0.67649204,0.56064826
189,0.4015748,0.6698923,0.5592264
189,0.40944883,0.6631841,0.5578997
189,0.41732284,0.656612,0.5567638
189,0.42519686,0.6500088,0.5556998
189,0.43307087,0.6432246,0.55474997
189,0.44094488,0.63642335,0.55405134
189,0.4488189,0.63001144,0.5537143
189,0.4566929,0.62381417,0.55385715
189,0.46456692,0.6173603,0.5544914
189,0.47244096,0.6106124,0.55555683
189,0.48031497,0.60394347,0.5570796
189,0.48818898,0.59733766,0.5589148
189,0.496063,0.59084517,0.5609741
189,0.503937,0.58443344,0.5633129
189,0.511811,0.57802445,0.56603086
189,0.51968503,0.57165724,0.5688775
189,0.52755904,0.56535584,0.5720594
189,0.53543305,0.5590012,0.575526
189,0.54330707,0.5527092,0.57915425
189,0.5511811,0.5463855,0.5828346
189,0.5590551,0.54021066,0.58673924
189,0.56692916,0.5341077,0.5908205
189,0.5748032,0.5281602,0.5948856
189,0.5826772,0.5221634,0.59908766
189,0.5905512,0.51625633,0.60338295
189,0.5984252,0.5102818,0.607743
189,0.6062992,0.5044004,0.6123283
189,0.61417323,0.49846643,0.6169264
189,0.62204725,0.49265176,0.6217165
189,0.62992126,0.48683187,0.6264434
189,0.63779527,0.48105067,0.63132936
189,0.6456693,0.47527424,0.6363833
189,0.6535433,0.46959674,0.64134985
189,0.6614173,0.46400887,0.64652276
189,0.6692913,0.45840773,0.65175456
189,0.6771653,0.45278716,0.6570947
189,0.68503934,0.44723943,0.6625108
189,0.6929134,0.4416954,0.6679915
189,0.7007874,0.43624952,0.67357194
189,0.70866144,0.4308521,0.6792562
189,0.71653545,0.42547414,0.6848987
189,0.72440946,0.42013434,0.6907933
189,0.7322835,0.41495454,0.6966246
189,0.7401575,0.40969214,0.7027293
189,0.7480315,0.40446055,0.7088798
189,0.7559055,0.39933822,0.7150567
189,0.7637795,0.39426538,0.72145826
189,0.77165353,0.3892405,0.72789544
189,0.77952754,0.384355,0.7343605
189,0.78740156,0.37944767,0.7409319
189,0.79527557,0.37473914,0.74760246
189,0.8031496,0.37003958,0.75437206
189,0.8110236,0.36533403,0.7613209
189,0.81889766,0.36076212,0.7683314
189,0.8267717,0.3562283,0.77542514
189,0.8346457,0.35183477,0.78263706
189,0.8425197,0.34742045,0.78990775
189,0.8503937,0.3433166,0.7971846
189,0.8582677,0.3391492,0.80462646
189,0.86614174,0.3350814,0.8120965
189,0.87401575,0.33102003,0.81970567
189,0.88188976,0.32705417,0.8273598
189,0.8897638,0.3231914,0.8352512
189,0.8976378,0.3192826,0.8431269
189,0.9055118,0.3154944,0.85110205
189,0.9133858,0.31172705,0.8592794
189,0.9212598,0.3079823,0.8674446
189,0.92913383,0.30432698,0.8755569
189,0.93700784,0.30072257,0.8837082
189,0.9448819,0.2971801,0.89193815
189,0.9527559,0.29365465,0.9001556
189,0.96062994,0.29028234,0.908423
189,0.96850395,0.2869489,0.9165322
189,0.97637796,0.28358138,0.92476964
189,0.984252,0.2803009,0.9331645
189,0.992126,0.27695802,0.9416555
189,1.0,0.2736,0.95028573
190,0.0,0.9859,0.71742857
190,0.007874016,0.976787,0.7121757
190,0.015748031,0.9678019,0.7069604
190,0.023622047,0.95868075,0.7014194
190,0.031496063,0.94934916,0.6956961
190,0.03937008,0.9406904,0.6907143
190,0.047244094,0.933,0.6858571
190,0.05511811,0.9244066,0.6800047
190,0.062992126,0.9156013,0.67508644
190,0.070866145,0.90664107,0.66924363
190,0.07874016,0.89763,0.66328365
190,0.08661418,0.88879424,0.6575673
190,0.09448819,0.87994194,0.6521536
190,0.10236221,0.87102586,0.6467576
190,0.11023622,0.86204594,0.64142627
190,0.11811024,0.8528792,0.6359995
190,0.12598425,0.84390104,0.63061094
190,0.13385826,0.8349146,0.6252706
190,0.14173229,0.82591426,0.6198116
190,0.1496063,0.81674236,0.61421007
190,0.15748031,0.8075808,0.6087386
190,0.16535433,0.7987224,0.6035252
190,0.17322835,0.78975165,0.598245
190,0.18110237,0.7806387,0.5928802
190,0.18897638,0.7714454,0.5879264
190,0.19685039,0.76229036,0.5831383
190,0.20472442,0.75306475,0.5788564
190,0.21259843,0.7437288,0.5746476
190,0.22047244,0.7343673,0.5707003
190,0.22834645,0.7250548,0.56685203
190,0.23622048,0.7158718,0.5631294
190,0.24409449,0.70656455,0.5594593
190,0.2519685,0.69708675,0.5558984
190,0.25984251,0.6878822,0.5528039
190,0.26771653,0.67848605,0.549996
190,0.27559054,0.66890097,0.5473639
190,0.28346458,0.65931886,0.5454546
190,0.2913386,0.64978254,0.54395413
190,0.2992126,0.64022124,0.54314286
190,0.30708662,0.63040376,0.543
190,0.31496063,0.62051797,0.543552
190,0.32283464,0.6105419,0.5448886
190,0.33070865,0.6007924,0.5470607
190,0.33858266,0.5911962,0.55009097
190,0.3464567,0.58201677,0.5542053
190,0.35433072,0.572955,0.55948347
190,0.36220473,0.56409323,0.56550485
190,0.37007874,0.555571,0.57228196
190,0.37795275,0.5472087,0.57956314
190,0.38582677,0.53906643,0.5872757
190,0.39370078,0.5312091,0.5952977
190,0.4015748,0.5234071,0.6033601
190,0.40944883,0.51549566,0.6112493
190,0.41732284,0.5075615,0.61895376
190,0.42519686,0.49919173,0.6262928
190,0.43307087,0.4906407,0.6329709
190,0.44094488,0.48184556,0.6388769
190,0.4488189,0.472907,0.6440721
190,0.4566929,0.46377316,0.6485366
190,0.46456692,0.45441055,0.6520795
190,0.47244096,0.44483608,0.65494674
190,0.48031497,0.43518823,0.65693027
190,0.48818898,0.42535257,0.658
190,0.496063,0.41553396,0.65814286
190,0.503937,0.4057342,0.657304
190,0.511811,0.3961049,0.6554014
190,0.51968503,0.38676897,0.65235
190,0.52755904,0.37746906,0.64822334
190,0.53543305,0.3683514,0.642983
190,0.54330707,0.35957906,0.63672864
190,0.5511811,0.3511484,0.62952226
190,0.5590551,0.3432334,0.62138385
190,0.56692916,0.3358148,0.6124306
190,0.5748032,0.32888553,0.602797
190,0.5826772,0.32254428,0.59224457
190,0.5905512,0.31669897,0.58106923
190,0.5984252,0.3114592,0.569237
190,0.6062992,0.30679512,0.55698603
190,0.61417323,0.3027408,0.5442172
190,0.62204725,0.29937434,0.5312831
190,0.62992126,0.29648605,0.5180017
190,0.63779527,0.29417863,0.50464326
190,0.6456693,0.2923543,0.49092644
190,0.6535433,0.29082286,0.4771442
190,0.6614173,0.2895848,0.4633323
190,0.6692913,0.2885835,0.449538
190,0.6771653,0.2876633,0.43547264
190,0.68503934,0.28666025,0.42147517
190,0.6929134,0.2857104,0.4078181
190,0.7007874,0.28452554,0.39411265
190,0.70866144,0.28323683,0.3805888
190,0.71653545,0.28173563,0.36696875
190,0.72440946,0.27982906,0.3534518
190,0.7322835,0.27766696,0.33991596
190,0.7401575,0.27516422,0.3265353
190,0.7480315,0.27221608,0.31321177
190,0.7559055,0.26893947,0.30015504
190,0.7637795,0.2652558,0.28728122
190,0.77165353,0.261193,0.27453935
190,0.77952754,0.256841,0.26228106
190,0.78740156,0.25204128,0.25034803
190,0.79527557,0.24680607,0.23858444
190,0.8031496,0.2411543,0.22698836
190,0.8110236,0.2352502,0.21591106
190,0.81889766,0.22892022,0.20491634
190,0.8267717,0.22242579,0.19449279
190,0.8346457,0.21558346,0.1842621
190,0.8425197,0.2085721,0.17468615
190,0.8503937,0.20132783,0.16549964
190,0.8582677,0.19394541,0.1566519
190,0.86614174,0.1861856,0.14809172
190,0.87401575,0.17829387,0.13975102
190,0.88188976,0.1702738,0.13164674
190,0.8897638,0.16211154,0.12390136
190,0.8976378,0.15388983,0.11625631
190,0.9055118,0.14570038,0.10883707
190,0.9133858,0.1375272,0.10149668
190,0.9212598,0.1292972,0.09423311
190,0.92913383,0.121035,0.08694429
190,0.93700784,0.11296429,0.0797347
190,0.9448819,0.10495565,0.07247545
190,0.9527559,0.09692925,0.064968444
190,0.96062994,0.087804936,0.05621292
190,0.96850395,0.0795473,0.047913887
190,0.97637796,0.07190253,0.04069268
190,0.984252,0.064282276,0.03363942
190,0.992126,0.055859614,0.025223171
190,1.0,0.0479,0.018857142
191,0.0,0.1827,0.03657143
191,0.007874016,0.18872881,0.042503633
191,0.015748031,0.19488108,0.04859668
191,0.023622047,0.2010123,0.05476317
191,0.031496063,0.20712814,0.061026797
191,0.03937008,0.21319471,0.06728069
191,0.047244094,0.21910973,0.073594525
191,0.05511811,0.22487074,0.07988084
191,0.062992126,0.23067349,0.086459205
191,0.070866145,0.23645185,0.093105234
191,0.07874016,0.24207571,0.099826775
191,0.08661418,0.24780138,0.10657339
191,0.09448819,0.25343996,0.11339587
191,0.10236221,0.2590419,0.12019416
191,0.11023622,0.26482132,0.12721077
191,0.11811024,0.2701952,0.13395913
191,0.12598425,0.27523747,0.14050442
191,0.13385826,0.28065076,0.14750111
191,0.14173229,0.28563932,0.15377046
191,0.1496063,0.29124,0.16092858
191,0.15748031,0.2968689,0.16818094
191,0.16535433,0.3025101,0.17520906
191,0.17322835,0.30809504,0.1820652
191,0.18110237,0.31362888,0.18877813
191,0.18897638,0.3194302,0.1954631
191,0.19685039,0.3252958,0.20216665
191,0.20472442,0.33134013,0.20852223
191,0.21259843,0.33745852,0.21471553
191,0.22047244,0.34355026,0.22048238
191,0.22834645,0.34985167,0.2259041
191,0.23622048,0.3561908,0.2311233
191,0.24409449,0.3626297,0.23626286
191,0.2519685,0.3690697,0.24118547
191,0.25984251,0.3756534,0.24617806
191,0.26771653,0.3821583,0.25097892
191,0.27559054,0.38868254,0.2558547
191,0.28346458,0.395224,0.26066682
191,0.2913386,0.4016908,0.2654215
191,0.2992126,0.4082665,0.27024898
191,0.30708662,0.41479942,0.2749996
191,0.31496063,0.42143515,0.27970216
191,0.32283464,0.4279599,0.28439993
191,0.33070865,0.43456385,0.28918844
191,0.33858266,0.44111228,0.29388437
191,0.3464567,0.44758785,0.29863837
191,0.35433072,0.45413,0.30336857
191,0.36220473,0.46069103,0.3082696
191,0.37007874,0.46724728,0.31321222
191,0.37795275,0.47377464,0.3181939
191,0.38582677,0.48022985,0.3232204
191,0.39370078,0.48670745,0.3281653
191,0.4015748,0.49313858,0.3333149
191,0.40944883,0.49962384,0.33833638
191,0.41732284,0.505985,0.34340084
191,0.42519686,0.512323,0.34851032
191,0.43307087,0.51874936,0.35353124
191,0.44094488,0.52526814,0.35874808
191,0.4488189,0.5317507,0.3638239
191,0.4566929,0.5383367,0.36912882
191,0.46456692,0.5449298,0.37424484
191,0.47244096,0.5514942,0.3793383
191,0.48031497,0.5580745,0.384462
191,0.48818898,0.5646088,0.38950628
191,0.496063,0.5711519,0.3944225
191,0.503937,0.5776247,0.39921403
191,0.511811,0.5841221,0.40402415
191,0.51968503,0.59063554,0.40870342
191,0.52755904,0.5971463,0.41325685
191,0.53543305,0.6037358,0.41775623
191,0.54330707,0.61028993,0.4221661
191,0.5511811,0.61689025,0.42657945
191,0.5590551,0.62367874,0.43081492
191,0.56692916,0.63045895,0.43501568
191,0.5748032,0.63725644,0.4391774
191,0.5826772,0.64409053,0.44330034
191,0.5905512,0.65096253,0.44724235
191,0.5984252,0.65777606,0.45114863
191,0.6062992,0.66457975,0.4550271
191,0.61417323,0.6715193,0.45881522
191,0.62204725,0.67837065,0.4626314
191,0.62992126,0.685268,0.4664249
191,0.63779527,0.6921422,0.47019488
191,0.6456693,0.6990045,0.4739401
191,0.6535433,0.705917,0.47776106
191,0.6614173,0.7126761,0.4814525
191,0.6692913,0.7195413,0.4852543
191,0.6771653,0.7263625,0.48901564
191,0.68503934,0.73315185,0.49273086
191,0.6929134,0.73994213,0.4965846
191,0.7007874,0.7466944,0.5004434
191,0.70866144,0.75344443,0.50427645
191,0.71653545,0.7602568,0.5081753
191,0.72440946,0.7671129,0.5120627
191,0.7322835,0.774009,0.51608783
191,0.7401575,0.780867,0.5200549
191,0.7480315,0.78774446,0.52411586
191,0.7559055,0.7946391,0.52827144
191,0.7637795,0.8014635,0.5323862
191,0.77165353,0.80833423,0.5365773
191,0.77952754,0.815182,0.54070324
191,0.78740156,0.8220143,0.5449475
191,0.79527557,0.82881695,0.54917365
191,0.8031496,0.8355919,0.55347425
191,0.8110236,0.8423368,0.55773425
191,0.81889766,0.8490247,0.5620474
191,0.8267717,0.8556998,0.56636494
191,0.8346457,0.86235666,0.5708137
191,0.8425197,0.8689977,0.57522595
191,0.8503937,0.87572694,0.5796838
191,0.8582677,0.88240707,0.5840557
191,0.86614174,0.8890487,0.5885272
191,0.87401575,0.89575714,0.5929767
191,0.88188976,0.9024332,0.5972856
191,0.8897638,0.90908825,0.60167587
191,0.8976378,0.91583186,0.6060824
191,0.9055118,0.92245877,0.6103349
191,0.9133858,0.9291881,0.61452496
191,0.9212598,0.9360731,0.6187929
191,0.92913383,0.9430198,0.6231546
191,0.93700784,0.94978756,0.6273693
191,0.9448819,0.9563401,0.63171536
191,0.9527559,0.96297944,0.6363405
191,0.96062994,0.9697379,0.64100146
191,0.96850395,0.97648257,0.6453148
191,0.97637796,0.98312795,0.64915997
191,0.984252,0.9898237,0.6530623
191,0.992126,0.99672,0.65725046
191,1.0,1.0035,0.6617143
192,0.0,0.9838,0.71671426
192,0.007874016,0.9750852,0.71156085
192,0.015748031,0.9664462,0.70636404
192,0.023622047,0.95774525,0.70118743
192,0.031496063,0.9489463,0.6959693
192,0.03937008,0.9399593,0.69073606
192,0.047244094,0.93115073,0.6856354
192,0.05511811,0.9224746,0.6806546
192,0.062992126,0.9138046,0.6758117
192,0.070866145,0.9050547,0.67083126
192,0.07874016,0.89617515,0.66561437
192,0.08661418,0.88729906,0.6604021
192,0.09448819,0.8783942,0.6550824
192,0.10236221,0.8697214,0.6501837
192,0.11023622,0.8608593,0.645091
192,0.11811024,0.8520114,0.6400922
192,0.12598425,0.8432068,0.6350039
192,0.13385826,0.83444655,0.62976944
192,0.14173229,0.82554036,0.62443835
192,0.1496063,0.81672466,0.61930335
192,0.15748031,0.80799633,0.6145344
192,0.16535433,0.7992651,0.6099518
192,0.17322835,0.7901828,0.60513467
192,0.18110237,0.78176135,0.6005148
192,0.18897638,0.77308357,0.5959941
192,0.19685039,0.7639307,0.5914908
192,0.20472442,0.754847,0.5873081
192,0.21259843,0.7456808,0.58321613
192,0.22047244,0.7366921,0.5794966
192,0.22834645,0.72771496,0.5756921
192,0.23622048,0.71858335,0.57207143
192,0.24409449,0.70942134,0.56853396
192,0.2519685,0.7004509,0.56544673
192,0.25984251,0.6914547,0.56263345
192,0.26771653,0.6823298,0.5602819
192,0.27559054,0.67290497,0.55832857
192,0.28346458,0.6632761,0.55691683
192,0.2913386,0.6536167,0.55600834
192,0.2992126,0.6440266,0.5557143
192,0.30708662,0.63443613,0.55609745
192,0.31496063,0.62494093,0.5569604
192,0.32283464,0.6156138,0.558547
192,0.33070865,0.6062665,0.56082547
192,0.33858266,0.59694934,0.56362945
192,0.3464567,0.58765703,0.56707877
192,0.35433072,0.57847136,0.57093006
192,0.36220473,0.5694851,0.5752734
192,0.37007874,0.5605907,0.5798282
192,0.37795275,0.55187756,0.58491015
192,0.38582677,0.54323703,0.590161
192,0.39370078,0.534511,0.59561044
192,0.4015748,0.5258156,0.6011532
192,0.40944883,0.5171108,0.6067462
192,0.41732284,0.50850034,0.6120777
192,0.42519686,0.49977356,0.61732066
192,0.43307087,0.49101633,0.62243307
192,0.44094488,0.4820609,0.62718713
192,0.4488189,0.47301275,0.6316334
192,0.4566929,0.4638403,0.6357451
192,0.46456692,0.45448342,0.6391845
192,0.47244096,0.44516626,0.64222234
192,0.48031497,0.4356641,0.6444707
192,0.48818898,0.42625025,0.64588815
192,0.496063,0.41689447,0.6464286
192,0.503937,0.4074208,0.6460546
192,0.511811,0.39802873,0.64478177
192,0.51968503,0.38870603,0.64241713
192,0.52755904,0.37951893,0.63906896
192,0.53543305,0.3705787,0.63482505
192,0.54330707,0.3618213,0.62957084
192,0.5511811,0.35341722,0.6231724
192,0.5590551,0.34541905,0.6159672
192,0.56692916,0.3379351,0.60771036
192,0.5748032,0.33087632,0.59871125
192,0.5826772,0.3242624,0.58895266
192,0.5905512,0.31829214,0.5785564
192,0.5984252,0.31278345,0.5675907
192,0.6062992,0.3078193,0.5560649
192,0.61417323,0.30343986,0.5440441
192,0.62204725,0.29951826,0.5316756
192,0.62992126,0.29621416,0.5190097
192,0.63779527,0.29329556,0.50606287
192,0.6456693,0.29078078,0.49302617
192,0.6535433,0.28869268,0.4798454
192,0.6614173,0.2869822,0.46666545
192,0.6692913,0.28546003,0.45339063
192,0.6771653,0.2840851,0.44017604
192,0.68503934,0.28269058,0.42659333
192,0.6929134,0.28134063,0.41313848
192,0.7007874,0.2798006,0.3998619
192,0.70866144,0.2781397,0.38702682
192,0.71653545,0.27612594,0.37419313
192,0.72440946,0.27379307,0.36133584
192,0.7322835,0.27103835,0.34819728
192,0.7401575,0.26791203,0.33520988
192,0.7480315,0.2644514,0.32246938
192,0.7559055,0.26074582,0.30997694
192,0.7637795,0.25671047,0.2977158
192,0.77165353,0.25244182,0.2855837
192,0.77952754,0.2478907,0.2738212
192,0.78740156,0.24315059,0.26216808
192,0.79527557,0.23807132,0.25078627
192,0.8031496,0.23275594,0.23931824
192,0.8110236,0.22718155,0.2280848
192,0.81889766,0.2213576,0.21706209
192,0.8267717,0.2152531,0.20631328
192,0.8346457,0.20902066,0.19596177
192,0.8425197,0.20255633,0.18612121
192,0.8503937,0.19594479,0.17663541
192,0.8582677,0.18909727,0.1673579
192,0.86614174,0.18194886,0.15831369
192,0.87401575,0.17460753,0.14957981
192,0.88188976,0.16714713,0.1410365
192,0.8897638,0.15946613,0.1326449
192,0.8976378,0.15184821,0.12464498
192,0.9055118,0.14420384,0.11688622
192,0.9133858,0.13652629,0.109251186
192,0.9212598,0.12870848,0.10159608
192,0.92913383,0.120909035,0.094151214
192,0.93700784,0.11314819,0.08679244
192,0.9448819,0.10523367,0.07952692
192,0.9527559,0.09717331,0.071952365
192,0.96062994,0.08907419,0.06458958
192,0.96850395,0.08114773,0.057363447
192,0.97637796,0.07323501,0.050105818
192,0.984252,0.065285265,0.04295277
192,0.992126,0.057266034,0.035648245
192,1.0,0.0493,0.028428571
193,0.0,0.9888,0.73242855
193,0.007874016,0.97999924,0.7260473
193,0.015748031,0.97128505,0.7207036
193,0.023622047,0.9630488,0.71546346
193,0.031496063,0.9541901,0.70996577
193,0.03937008,0.9453719,0.70433706
193,0.047244094,0.9366731,0.69833046
193,0.05511811,0.9279213,0.6923009
193,0.062992126,0.91930014,0.68657154
193,0.070866145,0.9103755,0.68081456
193,0.07874016,0.90149504,0.6749965
193,0.08661418,0.89279974,0.66914266
193,0.09448819,0.88415664,0.66327053
193,0.10236221,0.8753788,0.65719914
193,0.11023622,0.8666574,0.65132666
193,0.11811024,0.8579649,0.6456178
193,0.12598425,0.8491452,0.6400423
193,0.13385826,0.8402102,0.63449156
193,0.14173229,0.8313627,0.6291501
193,0.1496063,0.82249135,0.62385094
193,0.15748031,0.8136868,0.6186148
193,0.16535433,0.8048573,0.61343277
193,0.17322835,0.7959434,0.6081024
193,0.18110237,0.7870886,0.6029032
193,0.18897638,0.77834725,0.5978817
193,0.19685039,0.769466,0.59293216
193,0.20472442,0.7603298,0.5882109
193,0.21259843,0.7510664,0.58366656
193,0.22047244,0.7416387,0.57930154
193,0.22834645,0.73236287,0.5752035
193,0.23622048,0.7233082,0.5713333
193,0.24409449,0.71404165,0.5675632
193,0.2519685,0.7047331,0.5640475
193,0.25984251,0.6953589,0.56077105
193,0.26771653,0.68586653,0.55770236
193,0.27559054,0.6764486,0.55488276
193,0.28346458,0.6668758,0.55247426
193,0.2913386,0.6572534,0.5501867
193,0.2992126,0.647976,0.54836124
193,0.30708662,0.6390179,0.54711396
193,0.31496063,0.6296396,0.54642856
193,0.32283464,0.6198609,0.54642856
193,0.33070865,0.610275,0.54719234
193,0.33858266,0.6009123,0.5488955
193,0.3464567,0.5915154,0.5514798
193,0.35433072,0.5822033,0.5550164
193,0.36220473,0.5729381,0.5592833
193,0.37007874,0.5637252,0.5643682
193,0.37795275,0.55478436,0.5699294
193,0.38582677,0.54627943,0.575671
193,0.39370078,0.53770036,0.5819409
193,0.4015748,0.52930707,0.5885023
193,0.40944883,0.5208252,0.5953133
193,0.41732284,0.5123002,0.6021427
193,0.42519686,0.5037818,0.60888743
193,0.43307087,0.49525145,0.61546326
193,0.44094488,0.48666653,0.62161165
193,0.4488189,0.47802874,0.62741214
193,0.4566929,0.46915576,0.63279355
193,0.46456692,0.4601555,0.637545
193,0.47244096,0.45092553,0.64168346
193,0.48031497,0.44155332,0.6449615
193,0.48818898,0.43213338,0.6474026
193,0.496063,0.42251095,0.648759
193,0.503937,0.41291907,0.6490467
193,0.511811,0.40324736,0.6482789
193,0.51968503,0.3936784,0.6465009
193,0.52755904,0.3842082,0.64366555
193,0.53543305,0.37492803,0.6399064
193,0.54330707,0.36594698,0.63498795
193,0.5511811,0.35729688,0.62908036
193,0.5590551,0.34894702,0.62228286
193,0.56692916,0.34105343,0.6144617
193,0.5748032,0.33362293,0.6057787
193,0.5826772,0.32666424,0.59629786
193,0.5905512,0.32018226,0.58610976
193,0.5984252,0.3142786,0.5751994
193,0.6062992,0.30895662,0.56384665
193,0.61417323,0.3041809,0.5518624
193,0.62204725,0.29990733,0.5396264
193,0.62992126,0.29624212,0.527079
193,0.63779527,0.29306015,0.514334
193,0.6456693,0.29024917,0.5012664
193,0.6535433,0.2878878,0.48795196
193,0.6614173,0.28592166,0.4743844
193,0.6692913,0.28423423,0.46085247
193,0.6771653,0.28267545,0.44730258
193,0.68503934,0.28131709,0.4336046
193,0.6929134,0.2799118,0.42003387
193,0.7007874,0.27846208,0.40638918
193,0.70866144,0.2768572,0.39282688
193,0.71653545,0.2750348,0.37943858
193,0.72440946,0.27296928,0.3661036
193,0.7322835,0.27060935,0.3527678
193,0.7401575,0.2679996,0.33956948
193,0.7480315,0.2650514,0.32650593
193,0.7559055,0.26171273,0.3134151
193,0.7637795,0.2580697,0.30058175
193,0.77165353,0.2541522,0.2880001
193,0.77952754,0.24992612,0.2757501
193,0.78740156,0.2452961,0.2637264
193,0.79527557,0.24036635,0.25192446
193,0.8031496,0.23514242,0.24042223
193,0.8110236,0.22962485,0.22912024
193,0.81889766,0.2238249,0.21814479
193,0.8267717,0.2176526,0.20749243
193,0.8346457,0.21130553,0.19718339
193,0.8425197,0.20476572,0.18732439
193,0.8503937,0.19796297,0.17766139
193,0.8582677,0.19084398,0.1684378
193,0.86614174,0.18357351,0.15938464
193,0.87401575,0.17619191,0.15065555
193,0.88188976,0.16856974,0.14223514
193,0.8897638,0.16093105,0.13402657
193,0.8976378,0.15317139,0.12604432
193,0.9055118,0.14532588,0.11829372
193,0.9133858,0.13728467,0.11056313
193,0.9212598,0.12921903,0.103029914
193,0.92913383,0.12102923,0.09563009
193,0.93700784,0.112777315,0.08817786
193,0.9448819,0.10454042,0.08089665
193,0.9527559,0.09621955,0.07362501
193,0.96062994,0.08785054,0.06636311
193,0.96850395,0.07955363,0.059102092
193,0.97637796,0.07131992,0.05184107
193,0.984252,0.06333106,0.044719826
193,0.992126,0.055240132,0.03758473
193,1.0,0.0472,0.030285714
194,0.0,0.9872,0.7187143
194,0.007874016,0.978351,0.71329737
194,0.015748031,0.9691265,0.70779175
194,0.023622047,0.9597968,0.7021521
194,0.031496063,0.9506832,0.6965971
194,0.03937008,0.94189465,0.6913868
194,0.047244094,0.9328349,0.6858793
194,0.05511811,0.9236762,0.68027294
194,0.062992126,0.9150421,0.67470676
194,0.070866145,0.9066613,0.66925806
194,0.07874016,0.89789367,0.66356236
194,0.08661418,0.8893542,0.6582163
194,0.09448819,0.8805142,0.652951
194,0.10236221,0.87148535,0.64748085
194,0.11023622,0.8622763,0.64173734
194,0.11811024,0.85341954,0.63622826
194,0.12598425,0.8444053,0.630797
194,0.13385826,0.8352617,0.6253009
194,0.14173229,0.82636386,0.61999846
194,0.1496063,0.8173972,0.6148551
194,0.15748031,0.8084101,0.6097733
194,0.16535433,0.79925835,0.6046741
194,0.17322835,0.79013914,0.59982455
194,0.18110237,0.7809604,0.5951644
194,0.18897638,0.77174383,0.590537
194,0.19685039,0.7624563,0.5860638
194,0.20472442,0.75333834,0.58195597
194,0.21259843,0.74434996,0.57793874
194,0.22047244,0.7348235,0.5738298
194,0.22834645,0.7252966,0.56979454
194,0.23622048,0.7158782,0.5658687
194,0.24409449,0.7068497,0.56220394
194,0.2519685,0.69763684,0.5590131
194,0.25984251,0.68798983,0.5563
194,0.26771653,0.6781736,0.55391645
194,0.27559054,0.668479,0.5521395
194,0.28346458,0.65890694,0.55081064
194,0.2913386,0.6493912,0.54985714
194,0.2992126,0.63952106,0.5494286
194,0.30708662,0.6299432,0.54957145
194,0.31496063,0.6205958,0.55040574
194,0.32283464,0.6111405,0.55203503
194,0.33070865,0.6016028,0.55434203
194,0.33858266,0.59178597,0.55736214
194,0.3464567,0.5820408,0.5608783
194,0.35433072,0.5726323,0.56494987
194,0.36220473,0.5634093,0.56947714
194,0.37007874,0.55435354,0.5746272
194,0.37795275,0.54543364,0.5804045
194,0.38582677,0.536722,0.5865451
194,0.39370078,0.52810913,0.5929645
194,0.4015748,0.5196158,0.5996546
194,0.40944883,0.51115847,0.60617846
194,0.41732284,0.5025394,0.6128081
194,0.42519686,0.4938971,0.61943066
194,0.43307087,0.48511267,0.62563384
194,0.44094488,0.476245,0.63148427
194,0.4488189,0.4672406,0.636889
194,0.4566929,0.45815587,0.6416877
194,0.46456692,0.44893903,0.64570034
194,0.47244096,0.4396406,0.64889735
194,0.48031497,0.43010116,0.6511248
194,0.48818898,0.42033678,0.6522857
194,0.496063,0.41055125,0.65242857
194,0.503937,0.4008451,0.6513652
194,0.511811,0.39120877,0.64931315
194,0.51968503,0.38166067,0.64591455
194,0.52755904,0.37266248,0.6414263
194,0.53543305,0.363933,0.63587916
194,0.54330707,0.35556507,0.62899864
194,0.5511811,0.34755108,0.6210916
194,0.5590551,0.3400567,0.6123347
194,0.56692916,0.33299398,0.60275996
194,0.5748032,0.32653645,0.59241176
194,0.5826772,0.3204935,0.58141613
194,0.5905512,0.31506824,0.5699559
194,0.5984252,0.3100289,0.55807436
194,0.6062992,0.30563697,0.54581994
194,0.61417323,0.3016597,0.53314185
194,0.62204725,0.2982328,0.52014077
194,0.62992126,0.29522574,0.5068014
194,0.63779527,0.29271138,0.49332532
194,0.6456693,0.29044777,0.4797711
194,0.6535433,0.28848314,0.46608177
194,0.6614173,0.28667635,0.452416
194,0.6692913,0.2848875,0.43864715
194,0.6771653,0.28320333,0.42488325
194,0.68503934,0.2814585,0.4113272
194,0.6929134,0.27965695,0.39775354
194,0.7007874,0.27769023,0.38422146
194,0.70866144,0.27549997,0.37059504
194,0.71653545,0.27312258,0.3570284
194,0.72440946,0.27045497,0.34365818
194,0.7322835,0.26754293,0.33039677
194,0.7401575,0.2643167,0.31724417
194,0.7480315,0.26067898,0.30440277
194,0.7559055,0.25673667,0.29171
194,0.7637795,0.2525005,0.27928716
194,0.77165353,0.2478807,0.26716602
194,0.77952754,0.24289025,0.25541815
194,0.78740156,0.2376427,0.24366295
194,0.79527557,0.232051,0.23238285
194,0.8031496,0.22620255,0.22124295
194,0.8110236,0.22006658,0.2104433
194,0.81889766,0.213745,0.20001763
194,0.8267717,0.20717207,0.18994933
194,0.8346457,0.20045565,0.18022235
194,0.8425197,0.19348869,0.17075162
194,0.8503937,0.18636672,0.16164292
194,0.8582677,0.17895907,0.15273139
194,0.86614174,0.17131907,0.14400889
194,0.87401575,0.16347598,0.1356171
194,0.88188976,0.15564325,0.12745345
194,0.8897638,0.14758009,0.11949953
194,0.8976378,0.13949853,0.1117458
194,0.9055118,0.13134323,0.10423994
194,0.9133858,0.123132855,0.0967785
194,0.9212598,0.11495576,0.08945653
194,0.92913383,0.10673824,0.08218818
194,0.93700784,0.098623954,0.075154245
194,0.9448819,0.090381324,0.06795542
194,0.9527559,0.08200844,0.060864374
194,0.96062994,0.073492005,0.053613752
194,0.96850395,0.064848796,0.046282463
194,0.97637796,0.05626591,0.038868066
194,0.984252,0.047605526,0.031662554
194,0.992126,0.039120205,0.024375927
194,1.0,0.0307,0.017285714
195,0.0,0.2152,0.95014286
195,0.007874016,0.21916494,0.9379431
195,0.015748031,0.22318585,0.9253805
195,0.023622047,0.22695175,0.91313785
195,0.031496063,0.23062752,0.90083027
195,0.03937008,0.2344512,0.888676
195,0.047244094,0.23814586,0.8765833
195,0.05511811,0.2419,0.8646717
195,0.062992126,0.24565741,0.8530093
195,0.070866145,0.24936344,0.8406759
195,0.07874016,0.25308573,0.82846934
195,0.08661418,0.25700787,0.81568897
195,0.09448819,0.26084593,0.8032973
195,0.10236221,0.26469553,0.79094297
195,0.11023622,0.26858082,0.7784545
195,0.11811024,0.27241206,0.76606834
195,0.12598425,0.27621102,0.753958
195,0.13385826,0.27996644,0.7413976
195,0.14173229,0.2835241,0.7289853
195,0.1496063,0.2868733,0.71636194
195,0.15748031,0.28970277,0.7042778
195,0.16535433,0.2911948,0.69218004
195,0.17322835,0.29322696,0.67883474
195,0.18110237,0.2943466,0.66554385
195,0.18897638,0.29451853,0.6521485
195,0.19685039,0.29409343,0.6386017
195,0.20472442,0.29314217,0.62521183
195,0.21259843,0.2917885,0.6119645
195,0.22047244,0.2901548,0.5986988
195,0.22834645,0.2882602,0.58528703
195,0.23622048,0.28642166,0.57192683
195,0.24409449,0.28451657,0.5586024
195,0.2519685,0.28282678,0.5453946
195,0.25984251,0.2812966,0.53224695
195,0.26771653,0.2801121,0.51899546
195,0.27559054,0.27926418,0.50560987
195,0.28346458,0.2789,0.49210948
195,0.2913386,0.2791159,0.4787797
195,0.2992126,0.2799078,0.46548232
195,0.30708662,0.28126973,0.45235914
195,0.31496063,0.28328446,0.4392316
195,0.32283464,0.28593332,0.42642862
195,0.33070865,0.28919357,0.41380867
195,0.33858266,0.2930465,0.40161273
195,0.3464567,0.29740864,0.38983658
195,0.35433072,0.30234772,0.37848127
195,0.36220473,0.30786556,0.36766005
195,0.37007874,0.3138286,0.3573673
195,0.37795275,0.3202873,0.3476149
195,0.38582677,0.32719794,0.33857396
195,0.39370078,0.33455664,0.3301216
195,0.4015748,0.3422459,0.32249475
195,0.40944883,0.3503532,0.31566563
195,0.41732284,0.3587532,0.30975413
195,0.42519686,0.36746517,0.30473086
195,0.43307087,0.37636912,0.30057785
195,0.44094488,0.38549912,0.29735366
195,0.4488189,0.394795,0.29517215
195,0.4566929,0.40415183,0.29383916
195,0.46456692,0.41353413,0.29357144
195,0.47244096,0.42286092,0.29413727
195,0.48031497,0.4322609,0.2957702
195,0.48818898,0.44156638,0.29816183
195,0.496063,0.45087117,0.30147037
195,0.503937,0.45992398,0.30557472
195,0.511811,0.46869197,0.31035998
195,0.51968503,0.47713834,0.31586933
195,0.52755904,0.48546785,0.3220813
195,0.53543305,0.4935487,0.3291149
195,0.54330707,0.50143373,0.3365083
195,0.5511811,0.5091036,0.34441185
195,0.5590551,0.5166452,0.3524343
195,0.56692916,0.52414733,0.36048493
195,0.5748032,0.53170455,0.36841106
195,0.5826772,0.5394473,0.37614027
195,0.5905512,0.5472696,0.3837516
195,0.5984252,0.5551852,0.39102805
195,0.6062992,0.56331176,0.39765128
195,0.61417323,0.571587,0.40384892
195,0.62204725,0.580042,0.4096465
195,0.62992126,0.58861595,0.41515198
195,0.63779527,0.59686714,0.4203097
195,0.6456693,0.605268,0.4246038
195,0.6535433,0.61397934,0.4288739
195,0.6614173,0.62228084,0.43298826
195,0.6692913,0.63140714,0.43736023
195,0.6771653,0.64034885,0.44164875
195,0.68503934,0.6493537,0.44583508
195,0.6929134,0.65807503,0.44986814
195,0.7007874,0.6670619,0.453839
195,0.70866144,0.6762282,0.45803046
195,0.71653545,0.68541056,0.46231535
195,0.72440946,0.6945323,0.46657088
195,0.7322835,0.7034768,0.47084543
195,0.7401575,0.71228236,0.47506198
195,0.7480315,0.72106504,0.47952858
195,0.7559055,0.7299527,0.48410222
195,0.7637795,0.7387581,0.48874006
195,0.77165353,0.74759763,0.49341896
195,0.77952754,0.75650024,0.4981682
195,0.78740156,0.76526123,0.50293005
195,0.79527557,0.773952,0.50777495
195,0.8031496,0.7824561,0.5125708
195,0.8110236,0.7910114,0.5174269
195,0.81889766,0.7996294,0.5225266
195,0.8267717,0.80827236,0.5276751
195,0.8346457,0.8169355,0.5329687
195,0.8425197,0.8255689,0.5384086
195,0.8503937,0.83410716,0.54375464
195,0.8582677,0.8426119,0.54923624
195,0.86614174,0.85104096,0.554783
195,0.87401575,0.8594999,0.5602584
195,0.88188976,0.86798304,0.5658714
195,0.8897638,0.8765634,0.57147807
195,0.8976378,0.8851007,0.57720286
195,0.9055118,0.89375716,0.58282655
195,0.9133858,0.9024279,0.58854485
195,0.9212598,0.911066,0.59416723
195,0.92913383,0.9197667,0.59968317
195,0.93700784,0.92851955,0.6051766
195,0.9448819,0.9372523,0.61053574
195,0.9527559,0.94611835,0.6159342
195,0.96062994,0.9548809,0.62115943
195,0.96850395,0.96324503,0.62659496
195,0.97637796,0.97130877,0.6318748
195,0.984252,0.9790725,0.6363603
195,0.992126,0.98785627,0.64152586
195,1.0,0.9977,0.64771426
196,0.0,0.9762,0.7147143
196,0.007874016,0.9674594,0.7091442
196,0.015748031,0.9588774,0.7038354
196,0.023622047,0.9502441,0.6984966
196,0.031496063,0.94160795,0.6931121
196,0.03937008,0.93282735,0.6877492
196,0.047244094,0.92392987,0.68239367
196,0.05511811,0.91539603,0.67678285
196,0.062992126,0.9073312,0.6711637
196,0.070866145,0.89860976,0.6656446
196,0.07874016,0.88984126,0.66024977
196,0.08661418,0.88144356,0.65492463
196,0.09448819,0.8726857,0.64983827
196,0.10236221,0.86400115,0.6448908
196,0.11023622,0.8553195,0.6395492
196,0.11811024,0.8466124,0.63422656
196,0.12598425,0.8380883,0.6292311
196,0.13385826,0.8295268,0.624135
196,0.14173229,0.8204641,0.61906815
196,0.1496063,0.8119573,0.6142484
196,0.15748031,0.8032084,0.6094802
196,0.16535433,0.79409194,0.60434645
196,0.17322835,0.7852291,0.5996996
196,0.18110237,0.77652824,0.5953121
196,0.18897638,0.76750463,0.5908026
196,0.19685039,0.7583861,0.586245
196,0.20472442,0.7495668,0.5821111
196,0.21259843,0.7406474,0.57824814
196,0.22047244,0.73219365,0.574424
196,0.22834645,0.72339773,0.57014287
196,0.23622048,0.7148175,0.5664411
196,0.24409449,0.7058728,0.5622542
196,0.2519685,0.6975636,0.5588297
196,0.25984251,0.68787664,0.555423
196,0.26771653,0.67856145,0.5527005
196,0.27559054,0.66989905,0.5506665
196,0.28346458,0.6603178,0.54937273
196,0.2913386,0.6509583,0.54839146
196,0.2992126,0.6412168,0.5482857
196,0.30708662,0.63168764,0.548908
196,0.31496063,0.6224999,0.55030715
196,0.32283464,0.6133006,0.5524692
196,0.33070865,0.6039323,0.5554181
196,0.33858266,0.594638,0.5593009
196,0.3464567,0.5857072,0.5637376
196,0.35433072,0.57707626,0.5686676
196,0.36220473,0.5686049,0.57394904
196,0.37007874,0.56016886,0.579545
196,0.37795275,0.55146545,0.5860341
196,0.38582677,0.5424374,0.5929899
196,0.39370078,0.5338868,0.59935004
196,0.4015748,0.526236,0.6052436
196,0.40944883,0.5186315,0.61150026
196,0.41732284,0.5104956,0.6181752
196,0.42519686,0.501734,0.6245471
196,0.43307087,0.49234658,0.6301207
196,0.44094488,0.48389015,0.6344342
196,0.4488189,0.47536886,0.6394749
196,0.4566929,0.46653315,0.6440499
196,0.46456692,0.45742926,0.6474934
196,0.47244096,0.4483613,0.65011394
196,0.48031497,0.4389722,0.652382
196,0.48818898,0.42936426,0.6541345
196,0.496063,0.4199499,0.65485716
196,0.503937,0.4107797,0.6542828
196,0.511811,0.4012765,0.6530966
196,0.51968503,0.39203247,0.6511126
196,0.52755904,0.38311437,0.64795923
196,0.53543305,0.3743746,0.6436546
196,0.54330707,0.36566186,0.6387507
196,0.5511811,0.35727334,0.6326353
196,0.5590551,0.3493824,0.62585926
196,0.56692916,0.34148312,0.6181605
196,0.5748032,0.3341647,0.6090924
196,0.5826772,0.32760692,0.5995813
196,0.5905512,0.32159084,0.5901038
196,0.5984252,0.31587029,0.5798958
196,0.6062992,0.3104252,0.5685654
196,0.61417323,0.30559644,0.55650514
196,0.62204725,0.30121043,0.54488695
196,0.62992126,0.2972805,0.5332017
196,0.63779527,0.2937302,0.52068853
196,0.6456693,0.29021856,0.506651
196,0.6535433,0.28713906,0.49386716
196,0.6614173,0.28484374,0.48206696
196,0.6692913,0.28301033,0.4693275
196,0.6771653,0.2811659,0.45549434
196,0.68503934,0.2792505,0.442557
196,0.6929134,0.2773742,0.43027073
196,0.7007874,0.27551347,0.4170035
196,0.70866144,0.2735524,0.40291157
196,0.71653545,0.2716174,0.38939026
196,0.72440946,0.26981091,0.37661755
196,0.7322835,0.26802516,0.36411726
196,0.7401575,0.26607847,0.3511219
196,0.7480315,0.2637051,0.33769345
196,0.7559055,0.26091895,0.32451364
196,0.7637795,0.25794116,0.31191167
196,0.77165353,0.2545972,0.2991675
196,0.77952754,0.25116485,0.28697804
196,0.78740156,0.24725823,0.27502352
196,0.79527557,0.24277438,0.2634244
196,0.8031496,0.23770043,0.25185812
196,0.8110236,0.23280485,0.24047275
196,0.81889766,0.22772525,0.22935766
196,0.8267717,0.22198172,0.21881801
196,0.8346457,0.21559402,0.20855449
196,0.8425197,0.20920715,0.19828092
196,0.8503937,0.20300928,0.1885022
196,0.8582677,0.1967289,0.1790413
196,0.86614174,0.19007938,0.16991635
196,0.87401575,0.18313143,0.16072123
196,0.88188976,0.1762076,0.15162157
196,0.8897638,0.1693203,0.14333098
196,0.8976378,0.16194454,0.135056
196,0.9055118,0.15429297,0.12692952
196,0.9133858,0.14649688,0.11873392
196,0.9212598,0.13866548,0.11045847
196,0.92913383,0.13101242,0.102364615
196,0.93700784,0.12407987,0.09481296
196,0.9448819,0.11675029,0.08732569
196,0.9527559,0.10887579,0.07998838
196,0.96062994,0.1006515,0.07264173
196,0.96850395,0.092277244,0.065032884
196,0.97637796,0.084349446,0.057527523
196,0.984252,0.0765477,0.050123464
196,0.992126,0.06837608,0.04267491
196,1.0,0.0601,0.035428572
197,0.0,0.9838,0.73071426
197,0.007874016,0.97782975,0.7266641
197,0.015748031,0.9719105,0.72265035
197,0.023622047,0.9656703,0.7188046
197,0.031496063,0.9594579,0.71504277
197,0.03937008,0.95312506,0.7113874
197,0.047244094,0.9469039,0.7078187
197,0.05511811,0.9406728,0.7041469
197,0.062992126,0.9345019,0.70021003
197,0.070866145,0.9281996,0.6962855
197,0.07874016,0.9220079,0.69222504
197,0.08661418,0.9158599,0.68830323
197,0.09448819,0.90968305,0.6843625
197,0.10236221,0.903468,0.68038857
197,0.11023622,0.89729285,0.67653376
197,0.11811024,0.89123833,0.6725274
197,0.12598425,0.88523424,0.6686599
197,0.13385826,0.87916505,0.6647391
197,0.14173229,0.87300247,0.660675
197,0.1496063,0.86683184,0.65672433
197,0.15748031,0.8607021,0.65281457
197,0.16535433,0.8545467,0.64894694
197,0.17322835,0.8484104,0.644986
197,0.18110237,0.84227437,0.6412292
197,0.18897638,0.8362503,0.63739306
197,0.19685039,0.8301238,0.63344556
197,0.20472442,0.82395434,0.62934536
197,0.21259843,0.8177051,0.62532717
197,0.22047244,0.8114448,0.621287
197,0.22834645,0.8052571,0.6174381
197,0.23622048,0.79901874,0.6136964
197,0.24409449,0.7927803,0.6101216
197,0.2519685,0.78653085,0.60655224
197,0.25984251,0.7802215,0.6032258
197,0.26771653,0.77392596,0.5999122
197,0.27559054,0.76747024,0.59660685
197,0.28346458,0.76102114,0.59330475
197,0.2913386,0.75456387,0.5901414
197,0.2992126,0.7481959,0.5869727
197,0.30708662,0.74184597,0.5837925
197,0.31496063,0.7354792,0.5807374
197,0.32283464,0.72910964,0.5776931
197,0.33070865,0.7226052,0.57501125
197,0.33858266,0.71608716,0.57232344
197,0.3464567,0.7094176,0.5698293
197,0.35433072,0.70270777,0.5673599
197,0.36220473,0.6961283,0.5649536
197,0.37007874,0.68968487,0.56264186
197,0.37795275,0.68332124,0.560274
197,0.38582677,0.67681813,0.55809087
197,0.39370078,0.67006093,0.5562329
197,0.4015748,0.6631435,0.5546677
197,0.40944883,0.65611064,0.5535067
197,0.41732284,0.6494097,0.55258447
197,0.42519686,0.6430387,0.55189127
197,0.43307087,0.63664854,0.55128574
197,0.44094488,0.6300107,0.5511429
197,0.4488189,0.62344885,0.55128574
197,0.4566929,0.61709654,0.55184335
197,0.46456692,0.6104697,0.5528741
197,0.47244096,0.60379875,0.55414313
197,0.48031497,0.5969857,0.55572844
197,0.48818898,0.5904515,0.55776733
197,0.496063,0.58401984,0.56014514
197,0.503937,0.5777222,0.56291723
197,0.511811,0.5713623,0.5661659
197,0.51968503,0.5649954,0.5699169
197,0.52755904,0.5586425,0.57392406
197,0.53543305,0.5524551,0.5781918
197,0.54330707,0.54637545,0.58264726
197,0.5511811,0.5403465,0.58724076
197,0.5590551,0.5344311,0.59196675
197,0.56692916,0.5285013,0.596958
197,0.5748032,0.5227907,0.60196775
197,0.5826772,0.51719517,0.60698354
197,0.5905512,0.51162785,0.61207646
197,0.5984252,0.5060243,0.6171506
197,0.6062992,0.5003646,0.6220303
197,0.61417323,0.49453008,0.6269848
197,0.62204725,0.48856726,0.6317138
197,0.62992126,0.4827173,0.63649505
197,0.63779527,0.47689965,0.6411699
197,0.6456693,0.471215,0.64602363
197,0.6535433,0.46549287,0.6507701
197,0.6614173,0.45983082,0.65558493
197,0.6692913,0.45406052,0.66050273
197,0.6771653,0.44817278,0.6653513
197,0.68503934,0.4422592,0.6702743
197,0.6929134,0.43627214,0.6750005
197,0.7007874,0.4304032,0.67991465
197,0.70866144,0.4245443,0.6848763
197,0.71653545,0.41877857,0.6899041
197,0.72440946,0.4131712,0.69525373
197,0.7322835,0.40759063,0.70063794
197,0.7401575,0.40215844,0.7061874
197,0.7480315,0.39679536,0.71200496
197,0.7559055,0.39150164,0.7180282
197,0.7637795,0.38637346,0.7241898
197,0.77165353,0.38133508,0.7304364
197,0.77952754,0.37639216,0.7367544
197,0.78740156,0.37164477,0.7433003
197,0.79527557,0.3670814,0.7498773
197,0.8031496,0.36241603,0.75675035
197,0.8110236,0.35782573,0.7639143
197,0.81889766,0.3534102,0.77124554
197,0.8267717,0.34900323,0.7789624
197,0.8346457,0.34472024,0.7867234
197,0.8425197,0.34048176,0.7946314
197,0.8503937,0.3362822,0.8026227
197,0.8582677,0.33221528,0.81083477
197,0.86614174,0.32827497,0.8189941
197,0.87401575,0.324587,0.8268004
197,0.88188976,0.32097432,0.8345395
197,0.8897638,0.31737474,0.8423511
197,0.8976378,0.31391042,0.8500838
197,0.9055118,0.31047884,0.85788655
197,0.9133858,0.30708334,0.86575294
197,0.9212598,0.30362222,0.8737302
197,0.92913383,0.30017963,0.8820395
197,0.93700784,0.29671645,0.8902788
197,0.9448819,0.29324472,0.89886206
197,0.9527559,0.28982335,0.9074874
197,0.96062994,0.2864021,0.9160821
197,0.96850395,0.28296608,0.9248811
197,0.97637796,0.27953386,0.9336681
197,0.984252,0.27613163,0.9424134
197,0.992126,0.27285433,0.95109373
197,1.0,0.2695,0.9597143
198,0.0,0.2104,0.958
198,0.007874016,0.21289547,0.9500649
198,0.015748031,0.2154429,0.941789
198,0.023622047,0.21810389,0.9333831
198,0.031496063,0.22073184,0.9253376
198,0.03937008,0.22322762,0.91806394
198,0.047244094,0.22559458,0.91087264
198,0.05511811,0.22799213,0.9025995
198,0.062992126,0.23008043,0.89464134
198,0.070866145,0.23229235,0.8866042
198,0.07874016,0.23474908,0.8785741
198,0.08661418,0.23729543,0.87077713
198,0.09448819,0.23992957,0.8628546
198,0.10236221,0.24252999,0.8549143
198,0.11023622,0.2450716,0.8470811
198,0.11811024,0.24753478,0.83947206
198,0.12598425,0.24999939,0.8318591
198,0.13385826,0.2524283,0.82406205
198,0.14173229,0.25502455,0.81619763
198,0.1496063,0.2575636,0.80818194
198,0.15748031,0.26017597,0.8001696
198,0.16535433,0.26268965,0.7920797
198,0.17322835,0.2652095,0.78399444
198,0.18110237,0.2677553,0.77586323
198,0.18897638,0.27013987,0.7679147
198,0.19685039,0.27247128,0.75985765
198,0.20472442,0.27465302,0.75188214
198,0.21259843,0.27685672,0.74375695
198,0.22047244,0.2788788,0.73566836
198,0.22834645,0.28085753,0.72753704
198,0.23622048,0.28269103,0.719322
198,0.24409449,0.28428265,0.71097
198,0.2519685,0.28586587,0.7025765
198,0.25984251,0.2872537,0.6941712
198,0.26771653,0.2884116,0.6856356
198,0.27559054,0.28953105,0.67699
198,0.28346458,0.2905225,0.6683929
198,0.2913386,0.2913191,0.65967524
198,0.2992126,0.29199275,0.650971
198,0.30708662,0.29266316,0.64229345
198,0.31496063,0.29312456,0.63361424
198,0.32283464,0.29353887,0.624921
198,0.33070865,0.2939,0.61620295
198,0.33858266,0.2940809,0.6076003
198,0.3464567,0.29424673,0.5988935
198,0.35433072,0.2943,0.59024376
198,0.36220473,0.2943,0.5814778
198,0.37007874,0.29427347,0.57280445
198,0.37795275,0.29411882,0.5640738
198,0.38582677,0.2939,0.5552841
198,0.39370078,0.2936167,0.54657286
198,0.4015748,0.29336894,0.53779215
198,0.40944883,0.2930232,0.52911454
198,0.41732284,0.29255867,0.52040505
198,0.42519686,0.29217458,0.5117603
198,0.43307087,0.29159346,0.5031645
198,0.44094488,0.2911155,0.49449113
198,0.4488189,0.2905403,0.4857488
198,0.4566929,0.2898674,0.47710907
198,0.46456692,0.28924504,0.46836707
198,0.47244096,0.28845564,0.4596596
198,0.48031497,0.2877196,0.4509677
198,0.48818898,0.28683862,0.44228765
198,0.496063,0.28595024,0.43360952
198,0.503937,0.2849157,0.4248186
198,0.511811,0.28388056,0.41624814
198,0.51968503,0.2827557,0.40755674
198,0.52755904,0.2815608,0.39902854
198,0.53543305,0.2802518,0.39064163
198,0.54330707,0.27883995,0.38223782
198,0.5511811,0.27742514,0.37385786
198,0.5590551,0.27590695,0.36551756
198,0.56692916,0.27418303,0.35719907
198,0.5748032,0.27247918,0.34885344
198,0.5826772,0.27057198,0.3405942
198,0.5905512,0.2685588,0.33225197
198,0.5984252,0.26648197,0.32402655
198,0.6062992,0.26421794,0.31577584
198,0.61417323,0.26190323,0.3076397
198,0.62204725,0.25947842,0.29958627
198,0.62992126,0.25691703,0.29176292
198,0.63779527,0.25422516,0.28392905
198,0.6456693,0.2514214,0.2763468
198,0.6535433,0.24854109,0.26872665
198,0.6614173,0.24546556,0.26125136
198,0.6692913,0.24231835,0.25391048
198,0.6771653,0.23907802,0.24673192
198,0.68503934,0.23568076,0.2396138
198,0.6929134,0.23219667,0.23264627
198,0.7007874,0.22856238,0.22569028
198,0.70866144,0.22484268,0.21889627
198,0.71653545,0.22098444,0.2121879
198,0.72440946,0.21704273,0.2056401
198,0.7322835,0.21287222,0.199042
198,0.7401575,0.20871677,0.19275646
198,0.7480315,0.20444961,0.18649943
198,0.7559055,0.2000927,0.18037905
198,0.7637795,0.19574545,0.17438892
198,0.77165353,0.19125006,0.16857547
198,0.77952754,0.18668243,0.16293581
198,0.78740156,0.18215038,0.1573326
198,0.79527557,0.17744689,0.15176408
198,0.8031496,0.1727748,0.1463712
198,0.8110236,0.16801035,0.14092964
198,0.81889766,0.1631793,0.13567133
198,0.8267717,0.15829791,0.13057588
198,0.8346457,0.1534171,0.12542036
198,0.8425197,0.14844094,0.12028913
198,0.8503937,0.1434194,0.11534226
198,0.8582677,0.1384387,0.11029311
198,0.86614174,0.13339798,0.10542669
198,0.87401575,0.1282933,0.10059584
198,0.88188976,0.123225495,0.09580173
198,0.8897638,0.11814708,0.09097061
198,0.8976378,0.113040656,0.08626845
198,0.9055118,0.10790075,0.08149783
198,0.9133858,0.10276557,0.07685423
198,0.9212598,0.09767385,0.07223473
198,0.92913383,0.09261964,0.06767825
198,0.93700784,0.08751539,0.063014075
198,0.9448819,0.082440175,0.05851884
198,0.9527559,0.07719097,0.05390032
198,0.96062994,0.072046295,0.049290314
198,0.96850395,0.06673122,0.044562474
198,0.97637796,0.061435685,0.039852206
198,0.984252,0.056068573,0.035027318
198,0.992126,0.050816078,0.030353088
198,1.0,0.0455,0.025571428
199,0.0,0.9842,0.7157143
199,0.007874016,0.97472936,0.7103025
199,0.015748031,0.96600115,0.7043815
199,0.023622047,0.9573297,0.6991945
199,0.031496063,0.9483815,0.6939868
199,0.03937008,0.93942153,0.6885438
199,0.047244094,0.93087184,0.6829799
199,0.05511811,0.92229337,0.67775106
199,0.062992126,0.9136483,0.6724582
199,0.070866145,0.9046743,0.6671107
199,0.07874016,0.89593756,0.6615929
199,0.08661418,0.8870301,0.6559027
199,0.09448819,0.8778931,0.6501254
199,0.10236221,0.8690286,0.64448243
199,0.11023622,0.8602457,0.6391406
199,0.11811024,0.8512989,0.6339214
199,0.12598425,0.84234315,0.6287451
199,0.13385826,0.833482,0.62326103
199,0.14173229,0.8246327,0.617933
199,0.1496063,0.8155856,0.6129925
199,0.15748031,0.8065123,0.60797846
199,0.16535433,0.7979499,0.6029714
199,0.17322835,0.78910476,0.59807485
199,0.18110237,0.78010494,0.5930024
199,0.18897638,0.7711028,0.5881443
199,0.19685039,0.7620133,0.5832491
199,0.20472442,0.7527868,0.5785651
199,0.21259843,0.7433269,0.573869
199,0.22047244,0.7346388,0.5699292
199,0.22834645,0.7253882,0.56557727
199,0.23622048,0.7159062,0.56161475
199,0.24409449,0.70631826,0.558028
199,0.2519685,0.69756764,0.5550223
199,0.25984251,0.6875095,0.5514866
199,0.26771653,0.67855674,0.5488774
199,0.27559054,0.6690792,0.5457426
199,0.28346458,0.6593842,0.5434248
199,0.2913386,0.64999044,0.5421546
199,0.2992126,0.6411894,0.5411429
199,0.30708662,0.6317572,0.54075354
199,0.31496063,0.6221217,0.54108363
199,0.32283464,0.6128736,0.5426297
199,0.33070865,0.60339797,0.5445481
199,0.33858266,0.59370065,0.54724044
199,0.3464567,0.58433056,0.55062973
199,0.35433072,0.57502085,0.5549424
199,0.36220473,0.5657158,0.5602965
199,0.37007874,0.55653644,0.5660024
199,0.37795275,0.5472729,0.57188237
199,0.38582677,0.53876126,0.57801
199,0.39370078,0.53089833,0.5846029
199,0.4015748,0.5226102,0.591392
199,0.40944883,0.5136208,0.5984408
199,0.41732284,0.5049784,0.60501033
199,0.42519686,0.4965741,0.6119011
199,0.43307087,0.4884868,0.6186497
199,0.44094488,0.48007625,0.6246401
199,0.4488189,0.47141525,0.63042575
199,0.4566929,0.4629172,0.6354904
199,0.46456692,0.45379016,0.6396428
199,0.47244096,0.44380876,0.6432215
199,0.48031497,0.43401048,0.6459414
199,0.48818898,0.42490736,0.64726377
199,0.496063,0.4155241,0.6478571
199,0.503937,0.40551284,0.64784527
199,0.511811,0.39594328,0.64613783
199,0.51968503,0.38678196,0.6433864
199,0.52755904,0.37776342,0.6399129
199,0.53543305,0.36896756,0.6354672
199,0.54330707,0.36023512,0.6297394
199,0.5511811,0.35157868,0.6228103
199,0.5590551,0.34341848,0.615347
199,0.56692916,0.3355856,0.6068726
199,0.5748032,0.3286606,0.59780085
199,0.5826772,0.32205233,0.5877495
199,0.5905512,0.3159396,0.5770754
199,0.5984252,0.3102791,0.566141
199,0.6062992,0.3050458,0.5546053
199,0.61417323,0.30022308,0.54235166
199,0.62204725,0.29599187,0.5296864
199,0.62992126,0.29240796,0.5167935
199,0.63779527,0.28941107,0.504036
199,0.6456693,0.2868055,0.49098846
199,0.6535433,0.2846558,0.477573
199,0.6614173,0.2826304,0.46376687
199,0.6692913,0.28096625,0.45033967
199,0.6771653,0.27941844,0.4366129
199,0.68503934,0.27807418,0.42295378
199,0.6929134,0.27712333,0.40932384
199,0.7007874,0.2759606,0.39546302
199,0.70866144,0.2744789,0.38161802
199,0.71653545,0.27277362,0.36798894
199,0.72440946,0.27104685,0.35480508
199,0.7322835,0.26898596,0.34151453
199,0.7401575,0.26648164,0.32792926
199,0.7480315,0.26357433,0.3144166
199,0.7559055,0.2603444,0.30142197
199,0.7637795,0.2568171,0.28882706
199,0.77165353,0.25341067,0.27716315
199,0.77952754,0.24927203,0.2650691
199,0.78740156,0.2443324,0.25281575
199,0.79527557,0.23823799,0.23922428
199,0.8031496,0.2329094,0.22871211
199,0.8110236,0.22766598,0.21907012
199,0.81889766,0.22167884,0.20855035
199,0.8267717,0.21539386,0.19762848
199,0.8346457,0.20879118,0.18681999
199,0.8425197,0.20229803,0.17673373
199,0.8503937,0.19577442,0.16763672
199,0.8582677,0.18885277,0.15878282
199,0.86614174,0.18139866,0.14983693
199,0.87401575,0.17360514,0.14081131
199,0.88188976,0.16570057,0.1320185
199,0.8897638,0.15814173,0.12386613
199,0.8976378,0.15040272,0.116013676
199,0.9055118,0.14248869,0.10851141
199,0.9133858,0.13431849,0.101065226
199,0.9212598,0.12608796,0.09365908
199,0.92913383,0.118014835,0.08633002
199,0.93700784,0.109839685,0.07934564
199,0.9448819,0.10168747,0.07233097
199,0.9527559,0.09343346,0.06525463
199,0.96062994,0.08526037,0.058242675
199,0.96850395,0.07704222,0.051133882
199,0.97637796,0.068565816,0.044069994
199,0.984252,0.059886638,0.03685067
199,0.992126,0.05138441,0.02961521
199,1.0,0.0431,0.022285715
