TaskID,Input_1,Output1_1
4,10.74,78.08
4,11.43,76.65
4,11.620000000000001,76.9
4,12.42,75.08
4,12.540000000000001,72.13
4,12.65,71.195
4,13.4,69.8
4,13.46,70.06
4,13.540000000000001,71.02
4,13.620000000000001,67.64
4,13.83,69.31
4,13.9,69.465
4,14.540000000000001,67.71
4,14.65,66.97
4,14.69,66.93
4,14.98,67.48
5,13.11,67.05000000000001
5,13.780000000000001,65.93
5,13.99,62.675
5,14.13,65.045
5,14.17,63.91
5,14.530000000000001,62.41
5,14.68,62.71
5,14.870000000000001,60.98
5,14.98,61.59
5,15.030000000000001,62.64
5,15.120000000000001,62.59
5,15.17,61.07
5,15.700000000000001,62.37
5,15.77,61.21
5,15.83,60.46
5,15.85,59.745000000000005
5,15.91,60.59
5,16.02,62.07
5,16.080000000000002,64.56
5,16.12,60.975
5,16.16,60.364999999999995
5,16.73,62.31
5,16.85,61.08
5,16.92,61.44
5,16.94,60.37
5,17,60.99
5,17.12,61.33
5,17.18,61.42
5,17.71,62.44
5,17.75,59.695
5,17.85,59.535
5,17.92,60.92
5,18.04,60.55
5,18.73,59.59
5,18.81,58.97
5,18.85,59.17
5,18.88,58.615
5,19.07,60.52
5,19.11,59.375
5,19.7,58.715
5,19.76,60.239999999999995
5,19.8,59
5,19.84,58.94
5,19.91,58.04
30,15.540000000000001,68.7
30,15.92,68.2
30,16.080000000000002,67.06
30,16.36,66.5
30,16.5,64.53
30,16.54,66.92
30,17,65.55
30,17.150000000000002,64.03999999999999
30,17.25,63.49
30,17.5,64.04
30,17.54,64.83
30,18.17,63.37
30,18.25,62.62
30,18.28,61.92
30,18.5,62.2
30,18.54,62.644999999999996
30,19.01,62.93
30,19.150000000000002,63.345
30,19.26,62.760000000000005
30,19.51,63.96
30,19.53,64.62
33,12.77,81.81
33,13.42,75.07
33,13.65,73.23
33,13.780000000000001,73.78
33,14.38,70.18
33,14.43,70.625
33,14.51,68.85
33,15.370000000000001,66.16
33,15.41,67.69
33,15.47,66.62
33,15.700000000000001,69.12
33,15.8,67.65
33,16.41,65.99
33,16.47,66.32
33,16.7,65.3
33,16.740000000000002,65.88
33,16.79,66.84
33,17.71,64.72
35,13.69,66.375
35,13.83,66.37
35,13.91,66.12
35,14.81,64.56
35,14.89,63.28
35,15.27,62.03
35,15.790000000000001,62.41
35,15.92,61.815
35,16.18,62.02
35,16.69,61.81
35,16.79,62.3
35,16.87,62.22
35,16.92,61.805
35,17.13,63.540000000000006
35,17.16,63.16
35,17.28,62.19
35,17.69,62.925
35,17.82,63.3
35,17.88,64.84
39,14.16,65.59
39,14.47,61.775
39,15.19,61.59
39,15.39,61.875
39,16.07,61.07
39,16.09,60.105000000000004
39,16.15,59.45
39,16.2,60.06
39,16.27,59.195
39,16.41,59.97
39,16.55,60.77
39,17.11,60.855000000000004
39,17.13,60.36
39,17.2,59.63
39,17.93,60.125
39,18.05,60.57
39,18.18,61.15
39,18.25,59.16
39,18.38,60.76
42,14.370000000000001,70.95
42,15.33,67.05
42,15.99,67.9
42,16.11,65.99
42,16.21,65.61
42,16.38,64.49
42,16.97,65.67
42,17.07,64.515
42,17.28,63.85
42,17.38,65.64
42,17.82,65.42
42,17.97,65
42,18.07,65.56
42,18.38,65.49
42,19.12,68.74
42,19.16,66.49
42,19.32,67.73
44,13.38,70.38999999999999
44,14.22,66.77
44,14.24,66.695
44,14.3,65.83500000000001
44,14.36,66.04
44,14.38,68.87
44,14.44,66.28
44,14.950000000000001,65.66
44,15.05,64.39
44,15.22,67.31
44,15.24,66.25
44,15.36,66.17
44,15.39,66.65
44,15.44,64.71
44,15.790000000000001,66.8
44,15.950000000000001,66.8
44,16.04,67.56
44,16.35,66.48
44,16.39,67.61
44,16.96,65.25
44,17.39,67.3
48,11.76,80.11
48,13.6,72.4
48,13.76,73.03
48,13.97,71.11
48,14.01,69.97
48,14.620000000000001,70.56
48,14.72,68.21
48,14.74,67.895
48,14.76,69.32
48,14.99,68.61
48,15.02,67.17
48,15.56,69.28
48,15.6,68.29
48,15.620000000000001,68.91
48,15.64,68.6
48,15.65,68.5
48,15.77,68.37
48,15.91,71.83
48,15.98,69.68
48,16.02,68.59
51,11.24,72.29499999999999
51,12.120000000000001,65.53
51,12.39,62.86
51,13.41,70.31
51,14.02,62.42
51,14.08,65.12
51,14.13,62.53
51,14.19,63.035000000000004
51,14.4,62
51,14.42,61.26
51,14.5,62.08
51,14.530000000000001,61.93
51,15.02,62.239999999999995
51,15.07,63.95
51,15.08,62.31
51,15.11,65.27
51,15.15,68.46
51,15.23,63.12
51,15.36,62.945
51,15.42,61.725
51,15.530000000000001,62.08
53,13.36,65.31
53,13.9,66.49
53,14.05,65.245
53,14.18,64.85
53,14.26,65.475
53,14.3,65.48
53,14.4,65.28
53,14.44,65.845
53,14.91,65.26
53,15.07,65.21
53,15.16,63.66
53,15.18,64.52
53,15.35,64.06
53,15.39,64.325
53,15.5,62.78
53,15.91,63.775
53,16.04,64.86
53,16.16,63.715
53,16.29,64.27
53,16.41,65.42
53,16.43,64.195
57,14.780000000000001,67.1
57,14.93,66.9
57,15.22,62.56
57,15.280000000000001,63.98
57,15.36,62.94
57,15.4,62.985
57,15.46,62.22
57,16.01,63.17
57,16.12,62.67
57,16.14,62.99
57,16.25,61.8
57,16.35,61.91
57,16.44,61.22
57,17.02,62.019999999999996
57,17.14,61.09
57,17.31,61.65
57,17.35,63.955
57,17.46,61.51
57,17.87,61.04
57,18,61.56
57,18.12,61.21
57,18.27,61.815
57,18.39,64.13
57,18.98,63.58
57,19.19,62.44
57,19.330000000000002,62.11
57,19.39,61.730000000000004
57,19.96,63.06
58,14.1,71.32
58,14.14,71.43
58,14.16,69.35
58,14.33,67.19
58,14.370000000000001,66.77
58,14.41,66.44
58,14.98,66.3
58,15.06,64.74
58,15.120000000000001,64.72
58,15.14,64.72
58,15.27,65.375
58,15.31,64.465
58,15.41,64.775
58,16.02,65.04
58,16.080000000000002,64.84
58,16.13,63.83
58,16.330000000000002,64.15
58,16.4,64.285
58,17.05,64.85
58,17.09,66.29
58,17.11,64.52
58,17.32,64.7
58,17.42,67.395
58,18.07,69.78
60,12.84,71.85
60,13.01,71.47
60,13.15,73.3
60,13.72,74.46
60,13.8,74.42
60,13.86,73.91
60,14.01,72.74
60,14.15,70.86
60,14.85,68.35
60,14.97,67.33
60,15.74,68.775
60,15.790000000000001,70.2
60,16.04,71.64
60,16.12,72.85
60,16.73,68.96
60,16.79,65.73
60,17.06,67.025
60,17.73,64.59
60,17.81,64.94
68,12.620000000000001,72.11
68,13.26,68.87
68,13.39,69.42
68,13.620000000000001,70.87
68,13.66,70.29
68,14.24,67.37
68,14.41,67.16
68,14.58,67.97
68,14.64,69.52
68,14.66,67.55
68,15.25,67.5
68,15.36,67.58
68,15.42,66.83500000000001
68,15.58,67.08
68,15.65,67.61500000000001
68,17.61,70.43
71,13.19,71.85
71,13.48,67.45
71,13.620000000000001,67.985
71,13.65,68.4
71,14.11,65.46000000000001
71,14.27,66.63
71,14.36,66.47
71,14.48,66.635
71,14.61,66.83500000000001
71,14.65,65.81
71,15.11,65.17
71,15.280000000000001,65.78999999999999
71,15.36,64.8
71,15.4,63.24
71,15.610000000000001,66.24000000000001
71,15.65,65.88
71,16.13,65.71
71,16.26,65.85
71,16.38,65.92
71,16.65,66.42
77,14.05,71.41
77,14.13,74.74
77,15.05,68.39
77,15.120000000000001,66.53
77,15.700000000000001,69.26
77,15.83,67.1
77,16,65.28
77,16.1,64.45
77,16.14,65.3
77,16.54,61.565
77,16.7,62.075
77,16.79,62.185
77,16.89,62.15
77,17,60.9
77,17.1,61.135
77,17.13,64.16
77,17.2,61.18
77,17.67,63.61
77,17.71,60.07
77,17.75,60.63
77,17.88,60.349999999999994
77,17.92,59.705
77,18.03,59.765
77,18.05,61.46
77,18.57,64.2
77,18.71,64.105
77,19.05,63.51
79,11.11,82.1
79,13.08,71.13
79,13.14,70.62
79,13.25,69.44
79,14.19,66.305
79,14.290000000000001,65.83
79,14.92,67.81
79,15.21,65.89
79,15.27,65.75
79,15.3,65.38
79,16.02,63.41
79,16.3,65.79
79,16.86,69.2
79,16.95,66.2
79,17.01,65.99
79,17.26,66.75
79,17.28,66.24
79,17.37,63.5
84,11.36,99.84
84,12.34,81.74
84,12.4,79.2
84,14.08,65.74000000000001
84,14.35,65.97
84,14.41,66.63
84,15.1,64.205
84,15.120000000000001,65.35
84,15.16,64.89
84,15.31,66.05
84,15.33,63.695
84,15.39,63.88
84,15.43,64.375
84,15.47,63.805
84,16.1,63.614999999999995
84,16.12,64.06
84,16.16,61.86
84,16.29,62.03
84,16.43,63.39
84,16.47,62.405
87,11.53,67.3
87,11.620000000000001,65.85
87,12.5,62.18
87,12.620000000000001,61.28
87,13.23,60.185
87,13.39,60.33
87,13.48,58.879999999999995
87,13.6,59.739999999999995
87,13.67,59.35
87,13.76,58.495
87,14.27,59.295
87,14.31,58.935
87,14.35,57.945
87,14.44,58.480000000000004
87,14.75,58.13
87,15.27,58.99
87,15.36,58.97
87,15.47,58.43
87,16.38,58.68
87,17.28,58.650000000000006
87,17.32,58.16
87,17.59,58.385
87,17.77,58.075
87,18.02,58.66
87,18.04,58.31
87,18.14,60.67
87,18.45,57.66
87,18.77,57.85
92,12.73,81.73
92,12.82,77.18
92,12.9,78.12
92,13.11,74.02
92,13.72,77.35
92,14.030000000000001,75.12
92,14.13,74.73
92,14.780000000000001,76.24
92,14.950000000000001,77.84
92,15.01,78.82
92,15.120000000000001,74.62
92,15.68,76.02
92,15.98,72.91
92,16.12,73.55
92,16.93,76.38
92,16.98,74.18
92,17.12,74.29
94,13.09,71.43
94,13.91,66.07
94,14.040000000000001,65.42
94,14.07,70.51
94,14.200000000000001,65.5
94,14.3,65.255
94,14.870000000000001,65.79
94,14.91,68.31
94,14.98,65.3
94,15.040000000000001,64.35
94,15.11,63.8
94,15.290000000000001,67.59
94,15.32,66.01
94,15.9,63.46
94,15.96,63.47
94,16,62.9
94,16.16,63
94,16.19,64.11
94,16.21,63.085
94,16.31,64.155
94,16.9,64.23
94,16.96,63.675000000000004
94,17.080000000000002,67.50999999999999
94,17.19,63.825
94,17.21,61.745
94,17.31,66.79
94,18.04,62.91
100,14.05,73.18
100,14.84,71.12
100,14.98,70.33
100,15.05,70.09
100,15.780000000000001,72.25
100,15.870000000000001,71.37
100,15.99,72.02
100,16.07,72.19
100,16.76,72.12
100,16.990000000000002,69.81
100,17.07,68.66
100,17.77,69.53
100,17.79,69.82
100,18.04,69.1
100,18.06,70.37
100,18.7,72.91
100,19.650000000000002,75
109,11.24,81.54
109,12.24,73.48
109,13.22,71.79
109,14.27,69.32
109,15.19,68.87
109,15.27,71.29
109,16.21,66.36500000000001
109,16.28,67.82
109,17.03,66.04
109,17.21,65.595
109,17.240000000000002,68.32
109,17.28,68.47
109,17.86,68.45
109,17.93,70.18
109,18.01,68.34
109,18.28,69.05
109,18.85,71.51499999999999
109,18.97,69.965
109,19.01,71.02
114,10.96,81.65
114,11.98,71.78
114,12.98,66.71
114,13.05,66.46
114,13.74,67.21
114,13.82,66.96
114,14.030000000000001,65.66
114,14.07,64.63
114,14.09,65.16
114,14.870000000000001,65.71
114,14.93,64.53999999999999
114,15.030000000000001,63.86
114,15.07,65.305
114,15.13,64.92
114,15.85,64.67
114,15.950000000000001,66.395
114,16.03,65.95
114,16.93,69.65
121,10.15,82.31
121,10.28,82.51
121,11.22,72.565
121,11.24,72.61
121,12.030000000000001,67.31
121,12.81,66.7
121,13.99,66.6
121,14.120000000000001,66.02
121,14.18,66.58
121,14.35,64.83
121,14.43,66
121,15,66.02
121,15.08,66.09
121,15.16,66.03
121,15.39,67.71
121,15.42,66.01
124,12.200000000000001,74.6
124,13.24,72.51
124,13.96,68.7
124,14.35,66.905
124,14.94,65.54
124,14.96,65.14
124,15.02,64.62
124,15.25,65.07
124,15.35,65.55
124,16.080000000000002,64.57
124,16.25,66.455
124,16.35,65.42
124,17.01,63.620000000000005
124,17.07,64.02
124,17.26,64.33
124,17.32,64.47
124,18.2,66.295
124,19.3,65.16
127,11.200000000000001,84.59
127,13.23,71.03
127,14.040000000000001,70.84
127,14.07,71.42
127,14.13,70.39
127,14.15,69.52
127,14.23,67.42
127,14.46,64.5
127,15.040000000000001,64.35
127,15.05,63.76
127,15.09,63.87
127,15.21,62.72
127,15.22,64.36
127,15.23,62.93
127,15.34,63.97
127,15.36,64.63
127,15.52,62.56
127,15.92,63.745
127,15.99,68.09
127,16.03,63.485
127,16.07,63.81
127,16.11,63.21
127,16.19,61.765
127,16.21,62.87
127,16.34,65.705
127,16.45,64.98
127,16.48,62.96
128,10.58,79.48
128,11.22,74.2
128,11.3,71.36
128,11.57,69.38
128,12.34,65.18
128,12.4,64.94
128,12.49,64.42
128,12.57,64.32
128,12.65,64.44
128,13.22,64.68
128,13.3,64.5
128,13.450000000000001,63.54
128,13.55,61.32
128,13.74,60.78
128,13.790000000000001,61.35
128,14.200000000000001,63.1
128,14.22,61.11
128,14.39,61.86
128,14.450000000000001,60.78
128,14.51,60.65
128,14.700000000000001,60.03
128,14.77,60.025000000000006
128,15.41,61.84
128,15.48,61.06
128,15.56,62.84
128,15.71,60.45
128,15.82,60.73
128,16.31,60.17
128,16.39,60.62
128,16.46,59.76
128,16.54,61.42
128,16.73,61.65
128,16.82,60.08
128,17.19,61.35
128,17.31,66.9
128,17.38,59.86
128,17.5,60.4
128,17.650000000000002,61.39
132,11.99,74.25
132,12.05,73.72
132,13.73,66.95
132,13.75,67.78
132,14.02,65.99
132,14.120000000000001,64.94999999999999
132,14.790000000000001,64.38499999999999
132,14.85,63.31
132,15.02,66.755
132,15.120000000000001,63.38
132,15.69,63.46
132,15.81,65.29
132,15.84,64.31
132,16.04,65.58
132,16.09,62.93
132,16.8,70.19
132,16.84,64.6
132,17.150000000000002,63.66
134,12.57,66.72
134,13.24,65.82
134,13.6,63.8
134,14.21,60.86
134,14.42,61.225
134,14.620000000000001,61.935
134,15.46,59.64
134,15.540000000000001,59.93
134,15.620000000000001,59.57
134,15.700000000000001,60.585
134,16.04,60.46
134,16.19,61.14
134,16.45,59.55
134,16.55,59.94
134,16.7,59.455
134,17.19,59.835
134,17.3,59.629999999999995
134,17.45,57.88
134,17.490000000000002,59.415
134,17.53,59.97
134,17.67,59.155
134,18.22,60.125
134,18.26,60.120000000000005
134,18.42,58.83
134,18.45,60.05
134,18.51,60.28
134,18.7,59.135
134,19.26,59.185
134,19.37,58.53
134,19.43,58.295
134,19.490000000000002,59.735
134,19.56,58.3
134,19.7,58.62
136,11.64,69.4
136,11.72,69.08
136,11.84,64.25
136,12.66,66.72
136,12.73,64.23
136,12.81,63.01
136,12.89,61.39
136,13.040000000000001,60.72
136,13.540000000000001,61.27
136,13.65,61.08
136,13.71,61.52
136,13.790000000000001,60.78
136,13.82,60.92
136,13.86,60.16
136,14.07,60.75
136,14.13,60.92
136,14.52,60.94
136,14.63,60.98
136,14.71,60.96
136,14.790000000000001,60.9
136,14.83,61.62
136,14.98,60.355000000000004
136,15.07,60.64
136,15.13,60.885
136,15.74,60.155
136,15.85,59.2
136,15.89,60.17
136,15.99,59.995000000000005
136,16.15,59.64
136,16.7,60.11
136,16.84,59.765
136,17.62,59.76
136,17.81,60.144999999999996
139,10.05,75.61500000000001
139,11.01,71.87
139,11.64,67.6
139,11.99,64.89500000000001
139,12.030000000000001,64.64
139,12.13,64.85
139,12.200000000000001,64.97
139,12.620000000000001,63.95
139,13.06,62.21
139,13.07,62.13
139,13.200000000000001,60.87
139,13.790000000000001,60.995000000000005
139,13.93,60.879999999999995
139,13.99,59.64
139,14.23,59.4
139,14.72,60.99
139,14.81,61.53
139,14.89,61.105000000000004
139,14.950000000000001,60.47
139,15.01,60.82
139,15.3,60.555
139,16,59.14
139,16.71,60.19
139,16.84,60.54
139,16.92,60.36
139,17,58.525000000000006
139,17.19,61.205
139,17.32,59.165
143,13.05,73.22
143,13.19,71.675
143,13.22,74.16
143,13.85,69.96
143,13.92,69.02
143,13.93,68.62
143,14.16,67.06
143,14.26,69.61
143,14.870000000000001,64.64
143,14.99,64.39
143,15.16,67.375
143,15.26,63.87
143,15.91,64.29499999999999
143,15.99,62.41
143,16.18,62.675
143,16.240000000000002,62.7
143,16.81,64.205
143,16.98,64.38
143,17.21,65.03999999999999
143,17.29,64.42
149,14.790000000000001,60.075
149,14.82,60.345
149,14.85,59.62
149,15.700000000000001,59.33
149,15.88,60.03
149,16.05,60.36
149,16.080000000000002,59.3
149,16.17,57.445
149,16.18,57.4
149,16.56,58.375
149,16.830000000000002,59.335
149,16.9,57.6
149,17.01,57.21
149,17.080000000000002,59.769999999999996
149,17.150000000000002,57.285
149,17.16,56.88
149,17.19,57.385
149,17.56,57.65
149,17.69,59.065
149,17.88,57.385000000000005
149,17.96,57.805
149,18.03,58.67
149,18.080000000000002,60.254999999999995
149,18.67,57.925
149,18.79,57.89
149,18.88,57.82
149,18.95,56.870000000000005
149,19.02,57.489999999999995
149,19.05,57.19
149,19.13,57.22
149,19.75,58.230000000000004
149,19.96,57.185
153,13.94,67.46
153,13.96,67.29
153,14.07,65.92
153,14.19,65.2
153,14.24,62.870000000000005
153,14.280000000000001,63.260000000000005
153,14.370000000000001,64.03
153,14.72,64.86
153,14.9,63.480000000000004
153,14.950000000000001,63.43
153,15.030000000000001,62.68
153,15.05,63.325
153,15.07,63.59
153,15.22,62.89
153,15.32,64.96
153,15.36,63.24
156,12.56,63.84
156,12.59,63.55
156,13.09,63.855000000000004
156,13.19,64.215
156,13.25,63.91
156,13.280000000000001,64.21
156,13.36,63.465
156,13.39,63.53
156,13.63,62.22
156,13.69,61.84
156,14.19,62.66
156,14.22,62.83
156,14.26,63.195
156,14.41,61.77
156,14.52,61.4
156,14.61,61.475
156,14.63,61.47
156,14.69,61.69
156,15.24,60.22
156,15.3,60.025
156,15.36,59.45
156,15.57,59.760000000000005
156,15.63,59.849999999999994
156,15.72,58.805
156,16.09,60.144999999999996
156,16.240000000000002,59.5
156,16.34,59.58
156,16.39,58.98
156,16.59,59.255
156,16.62,59.41
158,12.16,73.23
158,13.16,68.61
158,13.89,68.13
158,13.99,68.13
158,14.14,67.02
158,14.16,65.7
158,14.22,67.17500000000001
158,14.83,64.91
158,14.89,64.34
158,14.99,65.48
158,15.16,64.74
158,15.25,66.83
158,15.83,66.1
158,15.98,64.12
158,16.25,63.68
158,16.98,63.23
158,17.23,64.38
163,13.49,70.01
163,13.61,68.38
163,13.780000000000001,64.93
163,13.86,66.545
163,13.89,64.86
163,14.55,64.58
163,14.780000000000001,64.18
163,14.870000000000001,63.91
163,15.450000000000001,62.78
163,15.55,61.605000000000004
163,15.72,64.07
163,15.780000000000001,62.815
163,15.94,61.7
163,16.48,60.685
163,16.52,61.81999999999999
163,16.6,60.94
163,16.73,61.1
163,16.77,62.075
163,16.81,61.760000000000005
163,16.830000000000002,60.995000000000005
163,16.87,60.465
163,16.9,59.75
163,17.42,61.45
164,16.56,67.355
164,16.85,66.59
164,16.98,64.57
164,17.02,63.04
164,17.09,61.95
164,17.5,63.84
164,17.63,63.54
164,17.73,63.46
164,17.75,63.51
164,17.77,64.29
164,17.98,61.77
164,18.02,62.16
164,18.650000000000002,62.8
164,18.73,61.565
164,18.76,61.83
164,18.98,61.555
164,19.02,61.629999999999995
164,19.490000000000002,62.23
164,19.63,61.105000000000004
164,19.740000000000002,60.769999999999996
164,19.900000000000002,60.629999999999995
164,19.990000000000002,60.21
166,12,72.29
166,13.07,67.89
166,13.69,65.7
166,14.02,65.1
166,14.11,65.93
166,14.76,63.34
166,14.99,61.81
166,15.66,61.135000000000005
166,15.74,60.9
166,15.82,60.96
166,15.99,59.905
166,16.11,60.715
166,16.87,59.56
166,16.990000000000002,60.31
166,17.1,60.7
166,17.19,59.73
166,17.56,60.22
166,17.87,58.94
166,18.19,59.77
169,13.82,66.68
169,13.88,67.65
169,13.9,67.06
169,14.6,65.37
169,14.700000000000001,65.18
169,14.74,64.89
169,14.870000000000001,64.535
169,14.89,65.61
169,15.47,65.16
169,15.56,68.75
169,15.77,64.87
169,15.97,65.28
169,16.31,63.08
169,16.56,63.33
169,16.77,63.34
169,16.87,63.835
169,16.91,64.36500000000001
169,17.56,64.72
169,17.64,64.64
169,17.81,63.875
169,17.900000000000002,65.6
169,18.52,65.39
169,18.59,65.5
169,18.82,65.23
170,12.48,76.1
170,13.48,68.30000000000001
170,13.96,73.03
170,14.07,72.88
170,14.15,69.88
170,14.23,70.4
170,14.46,67.81
170,14.5,68.41
170,14.98,70.02
170,15.11,70.87
170,15.19,68.13
170,15.22,67.96
170,15.42,67.84
170,15.5,68.63
170,15.98,70.97
170,16.15,70.26
170,16.240000000000002,71.18
178,11.96,75.65
178,12.98,73.67
178,13.72,70.005
178,13.8,69.285
178,13.84,69.76
178,14.11,71
178,14.68,70.865
178,14.76,69.61
178,14.86,70.395
178,15.68,67.245
178,15.83,67.16
178,16.03,67.37
178,16.12,67.525
178,16.73,68.99
178,16.93,69.205
178,17.02,67.99
178,17.71,68.67
178,17.77,68.95
178,17.93,68.41499999999999
181,12.18,76.26
181,13.18,70.45
181,13.75,66.61
181,13.85,67.82
181,14.06,65.32
181,14.16,66.45
181,14.19,66.53
181,14.24,66.56
181,14.59,66.86
181,14.84,64.33500000000001
181,14.94,63.46
181,15.15,64.35
181,15.19,65.25999999999999
181,15.24,64.21
181,15.77,64.935
181,15.84,65.48
181,15.9,63.715
181,16.76,64.19
181,16.8,63.005
181,16.92,63.97
181,17.11,62.095
181,17.240000000000002,61.89
181,17.8,62.675
181,17.82,63.12
181,17.88,62.44
181,18.11,62.01
181,18.78,62.775
181,18.79,61.745000000000005
181,18.85,61.875
181,19.11,61.269999999999996
181,19.89,61.855000000000004
181,19.93,62.14
186,12.8,68.97
186,12.88,68.305
186,13.16,66.64
186,13.8,69.295
186,13.84,69.78
186,13.950000000000001,71.11
186,14.22,66.17
186,14.83,66.47
186,14.870000000000001,67.97
186,14.91,67.86
186,15.14,64.25
186,15.24,65.565
186,15.83,66.75
186,15.89,67.54
186,16.14,66.32
186,16.240000000000002,65.975
186,17.14,64.975
186,18.150000000000002,64.89
189,13.81,65.42500000000001
189,13.870000000000001,65.14
189,13.950000000000001,65.85
189,14.48,65.625
189,14.59,64
189,14.86,65.13
189,14.950000000000001,64.36
189,15.450000000000001,65.12
189,15.76,63.18
189,15.860000000000001,65.05
189,15.9,64.53
189,15.96,64.04
189,16.3,63.69
189,16.45,63.959999999999994
189,16.55,64.495
189,16.64,63.15
189,16.86,62.504999999999995
189,16.96,62.47
189,17.45,63.05
189,17.47,63.01
189,17.51,63.53
189,17.61,63.35
189,17.62,62.349999999999994
189,17.64,61.94
189,17.68,61.57
189,17.8,63.245000000000005
189,17.89,62.86
189,18.48,65.03
189,18.52,65.48
189,18.62,65.55
190,11.540000000000001,69.35
190,12.530000000000001,66.1
190,12.57,67.72
190,13.07,66.00999999999999
190,13.24,65.085
190,13.32,65.01
190,13.450000000000001,64.91499999999999
190,13.530000000000001,64.24
190,13.61,65.32
190,14.08,63.695
190,14.22,64.1
190,14.47,63.43
190,14.61,65.55
190,14.67,64.58
190,15.200000000000001,64.35
190,15.31,64.39
190,15.41,63.99
190,15.6,65.03999999999999
190,15.68,63.58
190,16.18,64.58500000000001
190,16.27,64.54
190,16.48,65.12
190,16.580000000000002,65.98
190,16.62,66.22
190,17.18,65.65
190,17.27,65.86
190,17.62,67.16
190,18.19,64.975
190,18.23,65.01
190,18.32,65.525
190,18.36,65.01
190,18.400000000000002,67.2
190,18.61,66.485
195,12.280000000000001,75.58
195,13.24,73.38
195,13.3,71.7
195,14.02,66.73
195,14.08,65.84
195,14.22,67.12
195,14.290000000000001,65.36
195,14.32,65.57
195,14.35,67.185
195,14.39,68.31
195,14.91,67.06
195,14.96,67.55
195,15.08,63.349999999999994
195,15.25,64.24
195,15.35,67.06
195,15.39,64.74
196,13.47,74.59
196,13.59,70.95
196,13.9,67.52000000000001
196,14.620000000000001,64.76
196,14.64,63.15
196,14.82,63.05500000000001
196,14.89,64.02
196,14.92,63.81
196,15.540000000000001,63.615
196,15.790000000000001,64.67
196,15.81,62.54
196,15.83,61.34
196,15.91,63.18
196,15.98,62.3
196,16.580000000000002,61.155
196,16.65,61.37
196,16.75,64.07
196,16.91,61.97
196,16.97,61.36
196,17.64,62.06
196,17.76,63.44
196,17.91,62.07
201,13.17,72.4
201,13.870000000000001,69.12
201,13.93,68.79
201,14.15,66.72
201,14.18,66.96
201,14.76,65.75
201,14.83,65.22
201,14.870000000000001,65.15
201,14.91,66.47
201,15.18,65.42
201,15.790000000000001,66.56
201,15.83,66.85
201,16.18,66.505
201,16.77,69.28
201,16.88,64.12
201,17.1,64.78
201,17.19,69.3
203,13.88,62.864999999999995
203,14.05,64
203,14.09,63.06
203,14.18,62.34
203,14.68,62.61
203,14.84,62.08
203,14.870000000000001,63.3
203,14.92,61.54
203,15.02,62
203,15.13,63.305
203,15.17,61.349999999999994
203,15.610000000000001,63.07
203,15.74,63.24
203,15.8,63.64
203,15.82,62.92
203,16.12,63.38
203,17.1,61.91
203,17.72,61.730000000000004
203,17.75,62.2
203,17.77,61.715
204,13.700000000000001,70.28
204,13.74,70.69
204,13.870000000000001,68.96
204,13.91,69.54
204,14.01,68.445
204,14.040000000000001,70.11
204,14.5,68.97
204,14.66,68.225
204,14.950000000000001,66.25999999999999
204,14.97,66.96
204,15.01,68.245
204,15.040000000000001,67.435
204,15.64,65.18
204,15.75,67.8
204,15.96,66.39
204,15.98,67.99
204,16.02,67.79
204,16.64,66.12
204,16.71,66.16
204,16.73,64.73
204,16.96,66.21
204,17.05,67.42
204,17.67,65.92
210,10.24,84.93
210,10.85,75.09
210,11.24,74.71
210,12.26,69.17
210,13.200000000000001,67.22
210,13.25,63.78
210,13.96,64.485
210,14,64.295
210,14.05,64.32
210,14.35,62.7
210,14.92,63.92
210,15.07,64.13
210,15.290000000000001,63.67
210,15.35,62.61
210,15.98,62.93
210,17.2,62.155
211,11.450000000000001,93.94
211,11.51,87.82
211,12.51,82.65
211,14.14,69.86
211,14.52,69.74
211,15.23,64.1
211,15.27,65.96
211,15.540000000000001,61.44
211,15.57,61.05
211,16.32,60.65
211,16.46,60.709999999999994
211,16.61,59.834999999999994
211,17.21,60.05
211,17.42,59.675
211,17.48,59.6
211,17.62,59.49
213,14.450000000000001,74.13
213,15.13,69.86
213,15.370000000000001,69.84
213,15.44,70.71
213,16.02,68.64
213,16.09,67.88
213,16.15,67.44
213,16.21,68.67
213,16.23,69.8
213,16.31,68.195
213,16.44,69.92
213,17.02,68.97
213,17.150000000000002,67.89
213,17.17,68.01
213,17.400000000000002,68.84
213,18.19,69.22
213,19.05,69.33
215,13.32,67.52
215,13.85,66.77
215,14.370000000000001,64.92500000000001
215,14.44,64.68
215,14.96,63.685
215,15.370000000000001,62.099999999999994
215,15.43,62.465
215,16.04,60.965
215,16.12,60.2
215,16.21,59.92
215,16.29,59.98
215,16.37,59.73
215,16.45,60.215
215,16.79,61
215,16.94,60.41
215,17.04,60.025000000000006
215,17.13,60.88
215,17.2,59.37
215,17.240000000000002,59.33
215,17.38,61.625
215,17.45,60.535
215,17.96,60.61
215,18.03,60.55
215,18.05,59.935
215,18.13,59.67
215,18.2,59.1
215,18.28,59.155
215,18.38,60.495000000000005
215,19.05,61.05
215,19.18,60.41
215,19.26,63.97
222,12.99,71.97
222,13.08,68.52
222,13.14,67.72
222,14.81,66.26
222,14.83,65.295
222,15.06,66.08
222,15.16,65.11
222,15.790000000000001,65.16
222,15.85,65.21
222,15.88,65.1
222,15.96,64.91
222,16.06,66.445
222,16.15,65.55
222,16.75,65.41499999999999
222,17.07,65.835
222,17.13,65.37
222,17.76,64.66999999999999
222,17.82,65.095
222,18.05,65.28
222,18.11,65.42
222,18.150000000000002,67.44
226,11.44,92.61
226,11.82,84.53
226,12.51,78.85
226,12.620000000000001,73.58
226,13.530000000000001,75.12
226,13.66,73.74
226,14.450000000000001,65.8
226,14.56,70.46
226,14.620000000000001,69.14
226,14.790000000000001,66.46
226,14.950000000000001,64.465
226,15.02,64.84
226,15.450000000000001,67.5
226,15.52,66.79
226,15.68,64.72
226,15.75,62.75
226,15.81,64.08
226,15.89,63.67
226,15.96,63.295
226,16.44,64.62
232,10.9,76
232,11.92,69.79
232,12.8,67.285
232,12.91,68.02
232,12.99,67.1
232,13.57,66.43
232,13.950000000000001,64.815
232,14.72,63.86
232,14.76,62.715
232,15.01,63.725
232,15.09,63.84
232,15.48,63.56
232,15.64,63.93
232,15.75,63.545
232,15.89,63.825
232,15.98,64.31
232,16.06,65.29
234,12.42,64.22
234,13.540000000000001,63.23
234,14.05,61.364999999999995
234,14.07,61.775000000000006
234,14.18,60.805
234,14.530000000000001,61.06
234,15.040000000000001,60.91
234,15.14,59.29
234,15.32,59.51
234,15.39,59.730000000000004
234,15.47,58.73
234,15.89,60.125
234,16.04,59.72
234,16.14,60.35
234,16.240000000000002,59.445
234,16.25,59.52
234,16.3,58.55
234,16.35,59.66
234,16.39,59.125
234,16.44,59.76
234,16.48,60.08
234,16.55,59.375
234,17.12,59.565
234,17.19,59.64
234,17.23,58.71
234,17.3,57.175
234,17.38,57.695
234,17.48,59.665
234,17.52,57.97
234,18.1,59.71
234,18.150000000000002,60.39
234,18.21,59.95
234,18.3,60.03
234,18.48,60.525000000000006
234,18.97,59.535
234,19.19,59.230000000000004
234,19.22,59.76
234,19.28,60.02
236,13.19,77.27
236,13.91,73.52
236,14.06,72.85
236,14.23,74.18
236,14.9,71.15
236,15.05,67.72
236,15.25,67.22
236,15.27,70.94
236,15.35,67.38499999999999
236,15.9,71.27
236,15.99,68.69
236,16.19,67.285
236,16.25,67.41
236,16.34,67.16
236,16.990000000000002,71.39
236,17.26,67.33
239,14.14,67.57
239,14.35,67.41
239,14.47,66.99
239,14.98,66.91
239,15.48,65.59
239,15.5,65.39
239,16.09,64.125
239,16.21,63.61
239,16.3,63.03
239,16.34,64.17
239,16.48,63.519999999999996
239,16.5,63.735
239,16.580000000000002,62.16
239,17.07,64.22
239,17.17,67.05
239,17.38,64.78
239,17.42,63.44
239,17.52,64.25999999999999
239,18.51,69.21
240,13.81,64.04
240,14.94,62.425
240,15.3,64.38
240,15.450000000000001,64.23
240,15.790000000000001,61.99
240,15.870000000000001,63.45
240,15.98,61.004999999999995
240,16.39,62.51
240,16.52,61.885000000000005
240,16.64,61.835
240,16.77,60.8
240,16.87,63.239999999999995
240,16.96,61.15
240,17.87,60.6
240,17.98,59.446666666666665
240,18.38,65.48
240,18.52,62.52
240,18.7,61.2
240,18.79,59.945
240,19.61,65.3
240,19.71,63.47
240,19.78,61.56
240,19.84,60.980000000000004
240,19.85,63.83
247,14.64,60.81
247,15.5,60.67
247,15.68,62.14
247,16.61,60.35
247,16.81,60.94
247,17.16,59.85
247,17.32,58.855000000000004
247,17.490000000000002,59.855000000000004
247,17.51,59.599999999999994
247,17.580000000000002,58.875
247,17.8,59.92
247,17.85,59.303333333333335
247,18.39,60.08
247,18.51,59.745000000000005
247,18.53,59.519999999999996
247,18.580000000000002,58.315
247,18.78,60.02
247,18.830000000000002,60.233333333333334
247,19.41,59.565
247,19.52,59.675
247,19.59,58.47
277,15.27,62.765
277,15.950000000000001,61.78
277,16.12,61.53
277,16.25,61.12
277,16.31,60.835
277,16.85,61.525
277,16.96,61.78
277,17.04,60.76
277,17.1,61.02
277,17.2,62.68
277,17.28,61.065
277,17.71,61.21
277,17.87,62
277,17.98,61.71
277,18.05,60.96
277,18.71,61.6
277,18.84,62.26
277,18.96,62.78
277,19.03,60.45
277,19.23,63.54
277,19.82,62.58
282,14.58,65.76
282,14.72,64.68
282,14.76,64.71000000000001
282,14.82,64.59
282,15.23,63.25
282,15.47,63.31999999999999
282,15.5,63.21
282,15.72,62.62
282,15.75,63.010000000000005
282,16.23,62.47
282,16.46,62.325
282,16.5,62.5
282,16.75,62.43
282,16.82,63.04
282,17.23,64.6
282,17.75,64.62
283,11.89,69.96
283,12.06,67.62
283,13.02,66.77
283,13.06,66
283,13.73,64.52000000000001
283,13.790000000000001,63.57
283,14.52,64
283,14.71,61.68
283,14.75,60.77
283,14.81,62.4
283,14.88,61.44
283,15.120000000000001,61.865
283,15.71,64.21
283,15.84,60.900000000000006
283,15.89,60.63
283,15.94,62.62
283,16.71,60.79
283,16.91,60.22
283,17.01,60.53
283,17.07,63.19
283,17.84,60.545
283,18.07,60.7
283,18.79,61.46
283,18.85,61.44
283,19.1,61.56
283,19.16,61.185
285,13.6,68.5
285,13.790000000000001,71.62
285,13.81,70.97
285,13.83,70.33
285,13.97,71.48
285,14.620000000000001,67.77
285,14.71,67.64
285,14.790000000000001,68.6
285,14.9,67.03
285,14.96,67.16
285,15.040000000000001,66.78999999999999
285,15.65,65.175
285,15.73,65.09
285,15.75,65.31
285,15.96,65.15
285,16.05,65.4
285,16.59,64.86500000000001
285,16.67,68.25
285,16.73,66.73
285,16.96,67.43
285,17.05,69.09
285,17.75,67.57
287,13.1,70.22
287,14.05,70.89
287,14.1,68.17
287,14.120000000000001,68.495
287,14.15,69.99000000000001
287,14.21,67.9
287,14.8,67.03
287,14.84,66.91
287,14.9,65.85
287,14.94,64.575
287,15.09,65.36500000000001
287,15.19,65.55
287,15.76,64.56
287,15.88,65.5
287,15.94,64.28
287,16.15,64.29
287,16.21,64.55
287,16.240000000000002,64.55
287,16.76,65.39
287,16.85,64.16
287,16.93,64.265
300,10.93,88.47
300,12.030000000000001,75.54
300,12.040000000000001,75.29499999999999
300,13.67,65.85
300,13.72,64.88
300,13.790000000000001,64.52
300,14,63.87
300,14.16,65.15
300,14.67,65.92
300,14.71,65.185
300,14.77,63.91
300,15,64.02
300,15.1,64.185
300,15.77,65.1
300,16,65.50999999999999
300,16.02,70.97
300,16.78,67.1
300,16.86,70.57
304,13.08,76.74
304,13.68,72.42
304,13.74,69.65
304,13.83,71.05
304,14.69,71.49
304,14.73,69.54
304,15.08,67.33
304,15.69,66.17
304,15.73,65.875
304,15.790000000000001,65.67
304,16.02,65.66
304,16.07,70.24
304,16.12,66.675
304,16.67,66.845
304,16.76,65.155
304,16.84,65.25
304,17.02,65.49000000000001
304,17.98,66.16
304,18.03,65.72
304,18.78,66.69
307,16.03,63.44
307,16.96,61.47
307,17.16,61.85
307,17.52,61.855
307,17.67,61.629999999999995
307,17.84,60.875
307,17.86,60.504999999999995
307,17.93,60.78
307,18.09,60.65
307,18.2,60.260000000000005
307,18.61,61.64
307,18.740000000000002,61.56
307,18.86,60.63
307,18.88,61.35
307,18.93,60.89
307,19.09,59.62
307,19.18,59.89333333333334
311,12.83,70.13
311,12.870000000000001,69.01
311,13.870000000000001,68.33
311,14.540000000000001,66.14
311,14.620000000000001,64.85499999999999
311,14.75,64.295
311,14.91,64.42500000000001
311,14.97,63.83
311,15.63,63.445
311,15.88,64.19
311,15.98,63.74
311,16.490000000000002,63.33
311,16.7,63.5
311,16.98,63.19
311,17.47,64.4
311,17.57,64.27
311,17.69,64.53
311,17.78,65.27
311,17.82,62.75
311,18.32,63.31
311,18.47,64.95
311,18.56,63.49
311,18.66,63.87
311,18.82,63.78
311,19.490000000000002,63.81
311,19.56,64.315
311,19.62,63.739999999999995
311,19.66,62.985
314,13.780000000000001,67.99
314,13.84,69.78
314,13.86,69.65
314,14.56,68.505
314,14.66,65.29
314,14.84,66.68
314,14.85,68.14
314,15.64,64.95
314,16.48,64.5
314,16.62,64.12
314,17.830000000000002,68.22
314,17.87,65.04
314,18.46,67.34
314,18.5,65.19
314,18.59,65.26
314,18.61,64.41
314,18.79,66.13
314,18.86,70.2
315,12.21,79.06
315,12.280000000000001,78.39
315,13.280000000000001,76.5
315,14.280000000000001,73.92
315,14.32,74.26
315,14.92,75.98
315,14.97,77.95
315,15.030000000000001,72.37
315,15.05,71.27
315,15.24,75.6
315,15.280000000000001,72.41
315,15.32,71.43
315,15.91,74.25
315,16.02,75.89
315,16.05,72.4
315,16.12,69.53
315,16.240000000000002,72.49
315,16.3,71.45
315,16.32,69.54
320,12.13,69.91
320,13.89,66.87
320,15.06,64.57
320,15.19,67.43
320,15.59,64.07
320,15.84,65.27
320,16.59,62.71
320,16.75,61.175
320,16.86,60.36
320,16.9,61.21
320,16.92,61.28
320,17.01,59.78
320,17.080000000000002,60.89
320,17.23,60.095
320,18.01,60.06
320,18.07,61.48
320,18.19,59.6
320,18.26,59.760000000000005
320,18.76,60.72
320,19.09,62.7
320,19.150000000000002,60.72
320,19.25,59.94
320,19.830000000000002,61.25
320,19.87,60.035
320,19.92,60.26
321,13.14,66.27000000000001
321,13.950000000000001,64.6
321,13.97,64.685
321,14.01,64.38
321,14.1,64.32
321,14.120000000000001,64.6
321,14.290000000000001,65
321,14.39,64.46
321,14.44,62.82
321,14.98,65.34
321,15.02,64.74
321,15.06,64.17
321,15.08,62.745000000000005
321,15.39,61.84
321,15.42,62.19
321,15.98,61.975
321,16.04,61.015
321,16.19,61.38
321,16.35,63.49
321,16.47,61.31
321,16.98,61.64
321,17.01,64.055
321,17.07,61.72
321,17.150000000000002,59.32
321,17.34,61.39
321,17.47,59.55
321,18.05,60.724999999999994
321,18.13,58.76
321,18.150000000000002,58.315
321,18.16,57.52
321,18.43,59.93
321,19.09,59.2
321,19.17,58.545
330,14.51,66
330,14.9,68
330,15.47,68.4
330,15.97,65.375
330,16.12,65.595
330,16.22,63.099999999999994
330,16.330000000000002,63.35
330,16.47,64.08
330,16.51,63.125
330,16.56,62.71
330,17.14,62.94
330,17.22,63.54
330,17.240000000000002,63.15
330,17.25,63.31
330,17.98,64.59
330,18.12,65.16
330,18.23,64.22
330,18.48,62.67
330,19.1,64.96
337,11.82,70.58
337,11.9,71.14
337,12.86,68.555
337,13.49,68.85
337,13.59,65.67
337,13.67,62.974999999999994
337,13.88,66.185
337,13.92,64.48
337,14,63.92
337,14.49,68.78
337,14.530000000000001,64.71
337,14.6,70.67
337,14.66,65.07
337,14.89,68.31
337,14.93,66.13499999999999
337,14.97,64.735
337,15.48,68.42
337,15.6,63.685
337,15.66,62.89
337,15.83,69.31
337,15.89,66.71
337,15.93,73.1
343,13.200000000000001,71.28
343,13.700000000000001,67.82
343,13.85,67.56
343,14.06,64.855
343,14.200000000000001,66.31
343,14.870000000000001,64.78
343,14.96,64.84
343,14.98,64.06
343,15.16,62.04
343,15.71,64.11
343,15.83,64.83
343,15.85,63.2
343,15.94,66.83
343,15.96,62.42
343,16.23,65.245
343,16.32,64.65
346,11.63,80.36
346,11.84,84.1
346,12.63,79.42
346,13.49,82.02
346,13.59,79.81
346,13.76,78.93
346,13.82,77.16
346,13.93,79.1
346,14.49,79.13
346,14.790000000000001,77.68
346,15.51,79.71
346,15.74,78.06
346,15.790000000000001,78.75
346,16.64,80.68
346,16.68,77.33
346,17.52,80.19
346,17.62,79.46
351,12.84,74.24
351,13.51,66.9
351,13.57,67.745
351,13.65,66.64
351,13.72,65.13499999999999
351,13.84,65.4
351,13.9,66.51
351,13.98,65.17
351,14.59,63.325
351,14.64,62.755
351,14.870000000000001,64.795
351,14.950000000000001,62.97
351,15.64,60.755
351,15.870000000000001,60.985
351,15.950000000000001,60.14
351,16,60.38
352,10.67,79.77
352,11.66,72.67500000000001
352,13.41,66.64
352,13.450000000000001,66.02
352,13.58,65.405
352,13.64,64.805
352,13.700000000000001,64.62
352,14.370000000000001,64.66
352,14.41,66.02
352,14.44,63.31
352,14.5,64.10499999999999
352,14.67,65.66499999999999
352,14.71,64.97999999999999
352,14.75,63.99
352,14.780000000000001,62.54
352,15.33,63.255
352,15.38,63.45
352,15.44,61.91
352,15.67,63.575
352,15.75,61.730000000000004
352,15.8,60.97
353,13.21,68.26
353,13.33,67.02
353,13.38,67.84
353,13.540000000000001,68.13
353,13.63,65.09
353,14.21,63.51
353,14.38,65.56
353,14.57,65.31
353,14.61,64.28999999999999
353,14.65,67.84
353,14.69,63.91
353,15.26,66.24
353,15.34,65.75
353,15.38,65.64
353,15.42,66.2
353,15.530000000000001,67.64
353,15.59,65.91
353,15.610000000000001,65.18
353,15.65,66.18
354,10.48,96.22
354,10.55,93.15
354,10.65,96.62
354,11.56,79
354,11.59,79.64
354,11.64,78.66
354,13.26,70.57
354,13.43,67.55
354,13.620000000000001,67.78
354,13.68,68.23
354,14.31,65.295
354,14.39,64.72999999999999
354,14.43,64.13499999999999
354,14.66,62.905
354,14.700000000000001,65.52
354,14.73,63.62
354,14.76,62.98
354,15.31,63.21
354,15.42,63.52
354,15.65,62.385000000000005
354,15.69,65.31
354,15.73,64.11
358,15.05,71.26
358,15.280000000000001,69.21
358,15.36,66.3
358,15.950000000000001,66.95
358,15.97,64.98
358,16.080000000000002,65.12
358,16.26,65.06
358,16.35,66.49
358,16.96,66.39
358,17,65.41
358,17.080000000000002,64.56
358,17.27,64.41499999999999
358,17.35,64.17
358,17.900000000000002,63.845
358,17.94,63.44
358,18.080000000000002,63.51
358,18.23,65.7
358,18.330000000000002,64.56
358,18.96,64.12
358,19.080000000000002,63.34
363,13.65,68.54
363,13.72,69.12
363,14.56,64.27
363,14.64,64.62
363,14.700000000000001,65.06
363,14.780000000000001,64.91
363,15.1,66.15
363,15.290000000000001,65.63
363,15.6,66.45
363,15.74,68.79
363,15.8,65.29
363,16.14,67.14
363,16.29,63.815
363,16.35,64.26
363,16.39,64.89
363,16.48,64.34
363,16.73,69.25
363,17.36,65.81
363,17.38,65.73
363,17.73,66.925
363,18.32,69.005
363,18.42,66.3
363,18.46,66.87
363,18.63,66.73
364,12.24,73.98
364,13.19,71.195
364,13.280000000000001,68.4
364,13.36,68.48
364,13.97,67.16
364,14.3,65.88
364,14.39,66.23
364,14.950000000000001,67.3
364,15.01,65.9
364,15.08,65.04
364,15.120000000000001,63.55
364,15.3,64.52000000000001
364,15.39,64.64
364,16.02,63.325
364,16.12,62.55
364,16.16,63.995
364,16.31,64.345
364,16.37,63.06
364,17.080000000000002,63.6
364,17.12,62.87
364,17.35,63.27
364,17.42,61.295
364,18.07,62.47
364,18.12,61.519999999999996
364,18.3,63.625
364,18.42,61.53
366,13.43,71.79
366,14.02,68.29
366,14.14,66.58
366,14.23,66.71
366,14.41,66.7
366,14.43,66.66999999999999
366,15.1,66.02
366,15.15,66.34
366,15.31,65.94
366,15.41,65.71
366,15.44,69.52
366,15.84,66.46
366,16,66.34
366,16.19,68.52
366,16.4,65.83
366,16.44,71.99
367,12.98,75.88
367,13.84,71.3
367,13.97,69.45
367,14.47,68.01
367,14.64,67.98
367,14.85,69.11
367,14.97,67.93
367,15.93,67.92
367,16.01,66
367,16.71,67.37
367,16.79,65.015
367,16.81,64.43
367,16.98,64.46
367,17,65.60499999999999
367,17.73,65.8
367,17.88,66.49
367,17.98,65.25
367,18.02,66.42
367,18.42,66.71
367,18.580000000000002,65.85
367,18.67,66.75
367,18.71,65.01
367,18.98,65.79
367,19.02,67.53
367,19.59,67.17
367,19.92,66.01
375,12.530000000000001,75.36
375,13.38,71.47
375,13.4,70.91
375,13.51,69.19
375,13.59,68.86
375,13.69,73.44
375,14.26,68.65
375,14.32,68.26
375,14.42,68.17
375,14.59,68.88
375,14.68,68.7
375,15.280000000000001,68.98
375,15.34,66.49
375,15.58,67.41499999999999
375,15.610000000000001,64.76
375,15.66,67.96
375,16.27,65.315
375,16.35,64.07499999999999
375,16.61,65.32
375,16.66,66.14
375,17.39,64.43
375,17.43,65.32
375,17.7,65.18
376,13.3,73.19
376,14.33,69.84
376,14.83,72.19
376,15,71.15
376,15.21,67.9
376,15.33,66.495
376,16.29,65.89
376,16.35,66.65
376,16.37,66.18
376,17.36,64.82
376,17.94,65.33
376,18.03,65.505
376,18.09,64.85
376,18.34,65.03
376,18.38,65.35499999999999
376,18.78,66.55
376,18.94,66.64
376,19.03,66.96
376,19.07,66.3
376,19.13,67.01
378,14.39,70.18
378,14.72,71.5
378,15.35,70.19
378,15.700000000000001,67.85
378,16.35,71.565
378,16.52,67.21
378,16.71,66.95
378,17.400000000000002,66.05
378,17.71,65.005
378,17.75,66.04499999999999
378,17.82,63.66
378,18.46,63.745000000000005
378,18.48,64.08500000000001
378,18.52,64.11
378,18.73,64.94
378,18.75,64.22
379,13.21,62.12
379,13.92,60.37
379,13.93,59.76
379,13.950000000000001,60.005
379,13.99,59.1
379,14.05,60.07
379,14.17,59.095
379,14.27,57.935
379,14.3,59.33
379,14.36,57.63
379,14.44,57.6
379,14.950000000000001,59.92
379,15.09,58.41
379,15.19,57.015
379,15.280000000000001,60.87
379,15.38,58.31
379,15.42,57.18
379,16.01,55.879999999999995
379,16.12,55.56
379,16.18,56.465
379,16.330000000000002,55.92
379,16.37,55.685
379,16.4,55.52333333333333
379,16.95,56.379999999999995
379,17.02,56.265
379,17.11,55.83
379,17.12,55.43
379,17.14,56.26
379,17.32,55.504999999999995
379,17.330000000000002,55.14
379,17.41,55.805
379,17.47,55.12
379,17.96,55.965
379,18.06,56.83
379,18.16,54.855000000000004
379,18.17,54.45
379,18.330000000000002,55.480000000000004
379,18.41,55.09
379,18.47,55.15
379,18.98,55.870000000000005
379,19.080000000000002,56.015
379,19.1,55.76
379,19.16,55.28
379,19.34,55.16
379,19.400000000000002,55.2
379,19.52,54.845
379,19.53,54.96
379,19.98,55.150000000000006
382,14.36,66.09
382,14.4,66.17
382,14.44,67.29
382,14.99,66.6
382,15.08,66.61
382,15.120000000000001,65.89
382,15.39,65.11
382,15.43,65.00999999999999
382,16.01,63.85
382,16.12,63.73
382,16.16,64.03999999999999
382,16.25,65.495
382,16.330000000000002,64.95
382,16.43,64.67999999999999
382,17.02,66.63
382,17.04,66.39
382,17.080000000000002,68.59
382,17.12,64.1
382,17.16,64.31
382,17.35,64.46
382,17.43,67.09
382,18.330000000000002,63.56
382,18.44,67.32
385,13.290000000000001,74.02
385,13.32,73.66
385,13.55,73.77
385,13.790000000000001,71.3
385,14.290000000000001,71.69
385,14.31,70.1
385,14.43,71.44
385,14.5,74.18
385,14.58,72.43
385,14.81,70.16
385,15.31,73.02
385,15.41,73.03
385,15.48,74.36
385,15.56,71.35
385,15.82,71.17
385,16.28,71.22
385,16.4,72.03
385,16.48,71.17
385,16.75,71.47
385,17.28,69.44
385,17.400000000000002,68.04
385,17.51,68.45
385,17.76,68.885
385,18.26,72.63
385,19.26,76.54
386,12.22,76.69
386,12.280000000000001,71.11
386,12.41,68.62
386,13.06,72.91
386,13.120000000000001,68.66
386,13.13,69.39
386,13.370000000000001,69.02
386,13.91,69.81
386,14.120000000000001,67.69
386,14.290000000000001,67.735
386,15.02,63.81
386,15.05,63.95
386,15.120000000000001,64.52
386,15.15,64.03
386,15.21,63.35
386,15.3,64.24
386,15.44,64.1
386,15.5,63.36
386,16,63.41
386,16.11,63.8
386,16.15,62.36
386,16.22,62.04
386,16.28,62.15
386,16.44,62.285
386,16.52,61.59
386,16.93,66.12
386,17.01,62.99
386,17.080000000000002,63.02
386,17.150000000000002,61.54
386,17.23,62.61
388,12.4,67.88
388,13.41,66.13
388,14.39,65.25
388,14.450000000000001,63.83
388,14.530000000000001,65.66
388,15.06,64.045
388,15.18,63.055
388,15.27,64.675
388,15.450000000000001,62.36
388,15.47,64.605
388,15.530000000000001,63.57
388,16.04,62.66
388,16.13,62.29
388,16.21,62.27
388,16.55,62.6
388,16.88,63.72
388,17.04,63.02
388,17.13,62.09
388,17.23,62.13
388,17.38,63.35
388,17.48,65.64
388,17.55,62.79
388,17.88,65.41
388,18.03,64.28
388,18.09,64.5
388,18.23,64.12
388,18.38,65.28
388,19.05,64.51
388,19.07,64.9
388,19.11,64.57
388,19.2,61.66
388,19.22,65.48
388,19.26,62.42
388,19.400000000000002,66.37
388,19.47,66.55
397,12.99,75.18
397,13.69,68.26
397,13.76,67.5
397,13.84,68.76
397,13.96,69.5
397,13.99,68.16
397,14.11,67.57
397,14.66,66.14
397,14.700000000000001,64.59
397,14.8,65.385
397,14.84,63.95
397,15.09,63.94500000000001
397,15.66,65.25
397,15.72,65.08
397,15.84,63.92
397,16.04,64.93
397,16.66,64.36
397,16.830000000000002,64.75
397,17.14,64.33
401,11.5,72.265
401,11.83,75.22
401,11.870000000000001,72.41
401,12.85,72.88
401,12.870000000000001,70.04
401,13.52,67.17
401,13.59,66.03
401,13.63,65.74
401,13.81,66.615
401,13.84,66.71000000000001
401,13.9,65.5
401,14.48,66.57
401,14.61,65.06
401,14.63,64.43
401,14.82,65.87
401,14.88,66.74
401,15.63,64.21
401,15.860000000000001,65.50999999999999
404,11.19,73.93
404,13.84,64.5
404,13.9,64.97
404,13.94,64.03
404,14.01,63.459999999999994
404,14.24,63.745
404,14.280000000000001,65.05
404,14.32,63.16
404,14.35,62.46
404,14.84,64.05
404,14.89,63.51
404,15.01,62.915
404,15.18,64.11
404,15.24,62.815
404,15.280000000000001,64.05499999999999
404,15.32,63.025
405,14.05,66.10499999999999
405,14.17,65.995
405,14.23,66.18
405,14.92,63.905
405,14.99,64.27
405,15.22,63.19
405,15.26,62.900000000000006
405,15.91,62.74
405,16.01,62.16
405,16.16,62.32
405,16.330000000000002,61.7
405,16.84,62.495
405,16.91,62.375
405,17.01,61.67
405,17.05,61.78
405,17.150000000000002,61.32
405,17.3,61.99
405,17.93,62.315
405,18.01,62.67
405,18.04,62.06
405,18.85,62.95
405,18.88,63.4
405,18.94,63.79
416,13.280000000000001,70.04
416,13.97,69.43
416,14.18,68.66
416,14.32,66.62
416,15.08,64.45
416,15.200000000000001,63.98
416,15.32,67.47
416,15.83,64.7
416,16.080000000000002,64.4
416,16.35,64.67
416,16.43,63.09
416,16.94,63.8
416,17.06,63.51
416,17.35,66.14
416,17.43,64.13
416,17.92,64.69
416,18.44,63.57
418,13.780000000000001,68.55
418,13.950000000000001,66.3
418,13.99,66.36
418,14.030000000000001,65.47
418,14.08,66.3
418,14.36,66.3
418,14.39,69.8
418,14.58,65.33
418,14.68,64.055
418,14.74,64.13
418,14.780000000000001,64.74
418,14.93,63.22
418,15.030000000000001,62.900000000000006
418,15.07,61.71
418,15.35,64.87
418,15.58,63.69
418,15.6,63.73
418,15.700000000000001,63.59
418,15.780000000000001,62.97
418,15.950000000000001,62.97
418,16.02,62.525
418,16.080000000000002,62.33
418,16.48,62.63
418,16.62,62.085
418,16.65,62.46
418,16.71,62.41
418,16.95,62.724999999999994
418,17.04,62.14
418,17.61,62.655
418,17.650000000000002,62.92
430,11.74,72.26
430,11.9,70.62
430,11.99,70.62
430,13.56,65.57
430,13.61,65.87
430,13.700000000000001,64.12
430,13.74,64.57
430,13.89,64.58500000000001
430,13.99,65.07
430,14.040000000000001,65.04
430,14.56,64.36
430,14.6,63.96
430,14.72,64.85
430,14.91,65.31
430,15.620000000000001,67.55
430,15.69,66
432,11.370000000000001,78.39
432,11.4,75.91
432,12.35,71.74
432,12.780000000000001,69.52
432,13.280000000000001,68.95
432,13.43,65.81
432,13.49,68.4
432,13.63,66.46
432,14.280000000000001,66.98
432,14.4,66.53
432,14.450000000000001,66.49
432,14.63,67.41
432,14.780000000000001,65.86
432,15.280000000000001,68.63
432,15.72,67.77
432,15.790000000000001,65.34
432,16.45,65.05
432,16.51,66.29
432,16.75,66.67
432,17.27,70.24
432,17.39,67.95
432,17.47,66.91
432,17.54,68.34
435,14.8,64.37
435,15.18,65.3
435,15.48,63.665
435,15.76,65.74
435,15.8,65.47
435,16.27,63.29
435,16.41,64.17
435,16.51,63.144999999999996
435,16.52,63.37
435,16.76,66.04
435,16.8,63.30500000000001
435,16.84,62.63
435,17.42,62.89
435,17.5,61.504999999999995
435,17.54,62.41
435,17.79,61.28
435,17.86,60.52
435,17.87,61.17
435,18.27,61.74
435,18.400000000000002,61.129999999999995
435,18.52,61.02
435,18.67,60.36
435,18.87,61.03
435,19.36,61.93
435,19.38,63.17
435,19.5,61.82
435,19.59,62.53
435,19.66,60.47
435,19.73,60.69
435,19.79,61.44
436,13.76,74.95
436,13.98,70.97
436,14.86,69.47
436,14.92,68.8
436,14.99,69.07
436,15.91,70.39
436,16.64,65.28
436,16.740000000000002,64.67
436,16.76,67.18
436,16.85,64.43
436,16.91,64.465
436,16.990000000000002,65.005
436,17.7,65.735
436,17.72,65.32499999999999
436,17.73,65.655
436,17.91,65.51
436,17.98,67.11
436,18.580000000000002,64.07
436,18.59,63.95
436,18.63,64.69
436,18.67,63.675
436,18.900000000000002,64.415
436,19.53,63.5
436,19.59,62.715
436,19.900000000000002,63.62
440,11.93,85.44
440,12.16,79.28
440,12.91,76.98
440,13.120000000000001,74.57
440,13.200000000000001,74.9
440,13.42,76.7
440,14.02,74.96
440,14.1,73.2
440,14.18,73.89
440,14.44,76.26
440,14.9,72.81
440,15.02,76.07
440,15.36,76.26
440,16.13,74.43
440,16.94,73.18
440,18.01,70.25
440,18.45,72.67
446,12.69,81.64
446,13.38,74.91
446,13.52,73.74
446,14.34,71.61
446,14.4,70.23
446,14.52,69.66
446,14.67,67.515
446,14.73,68.38
446,15.44,68.2
446,15.530000000000001,67.88
446,15.700000000000001,67.39
446,15.74,67.64
446,16.36,67.82
446,16.43,67.5
446,16.51,69.04
446,16.64,67.19
446,16.7,67.25
446,16.740000000000002,67.71
453,12.24,64.3
453,13.3,64.725
453,13.89,65.41499999999999
453,14,65.42
453,14.1,64.055
453,14.290000000000001,64.795
453,14.870000000000001,62.655
453,14.96,61.935
453,15.14,62.73
453,15.31,62.75
453,15.36,61.510000000000005
453,15.71,61.85
453,15.870000000000001,62.07
453,15.96,62.03
453,16.06,62.73
453,16.17,62.69
453,16.31,63.905
467,12.23,70.44
467,13.280000000000001,66.7
467,13.88,63.68
467,14.280000000000001,63.975
467,14.35,63.14
467,14.85,64.32
467,14.950000000000001,64.67
467,15.08,65.9
467,15.3,65.025
467,15.35,65.36
467,15.700000000000001,64.525
467,15.85,64.245
467,15.950000000000001,64.27
467,16.05,65.35
467,16.26,65.51
467,16.3,65.125
467,16.97,64.295
467,17.01,65.03999999999999
467,17.04,65.62
467,17.2,64.83000000000001
467,17.29,67.09
467,17.91,67.79
467,18.88,68.95
471,12.18,66.41
471,12.26,67.11
471,12.68,68.4
471,13.200000000000001,64.71
471,13.25,65.09
471,13.97,65.5
471,14.01,64.385
471,14.18,65.05
471,14.35,64.63
471,14.950000000000001,75.92
471,15.01,67.09
471,15.08,69.41
471,15.18,67.53999999999999
471,15.23,71.06
471,16,66.245
471,16.1,66.03
471,16.19,66.86500000000001
471,16.23,65.85
471,16.330000000000002,66.82
471,16.94,66.88
471,17,65.845
471,17.09,66.52
471,17.240000000000002,66.08500000000001
473,12.51,72.86
473,12.57,72.23
473,12.68,71.32
473,12.82,71.44
473,12.9,71.11
473,13.47,69.71
473,13.51,69.43
473,13.540000000000001,70.25
473,13.6,68.7
473,13.91,66.605
473,14.47,68.39
473,14.51,69.43
473,14.56,67.5
473,14.77,64.75
473,14.790000000000001,65.18
473,14.89,65.33
473,14.91,64.97999999999999
473,14.96,65.74
473,15.47,64.63
473,15.6,67.29
473,15.620000000000001,66.51
473,15.77,66.38
473,15.91,68.205
473,16.48,68.46
473,16.56,67.86
473,16.71,68.92
473,16.9,70.045
481,12.85,67.83500000000001
481,13.22,69.1
481,13.83,66.85
481,13.91,66.34
481,14.16,66.78
481,14.200000000000001,66.12
481,14.25,68.07
481,14.870000000000001,64.33
481,14.950000000000001,62.915
481,14.98,63.57
481,15.1,64.825
481,15.16,64.6
481,15.19,63.474999999999994
481,15.25,63.61
481,15.81,66.945
481,15.84,66.85
481,15.9,66.52000000000001
481,16.12,66.66
481,16.81,68.2
481,16.86,62.83
481,16.98,63.08
481,17.28,68.84
486,12.4,75.07
486,13.4,68.92
486,13.97,68.16
486,14.07,66.38
486,14.280000000000001,64.89
486,14.38,65.7
486,14.46,64.4
486,14.82,65.205
486,14.97,64.68
486,15.07,63.96
486,15.16,65.12
486,15.46,63.13
486,15.74,64.74
486,15.99,63.870000000000005
486,16.06,62.875
486,16.12,62.32
486,16.16,63.31
486,16.41,62.07
486,16.45,62.46
486,16.740000000000002,63.22
486,16.97,63.875
486,16.98,65.13
486,17.080000000000002,62.41
486,17.16,62.41
486,17.23,62.55
486,17.330000000000002,63.15
486,17.41,61.43
486,17.47,63.24
486,18,62.34
486,18.04,63.96
486,18.1,62.3
486,19,65.04
488,13.08,67.515
488,13.75,65.47
488,13.81,66.235
488,13.82,66.01
488,14.06,65.28
488,14.15,63.260000000000005
488,14.21,63.4
488,14.73,64.305
488,14.81,64.24000000000001
488,14.88,63.85
488,15.05,63.515
488,15.15,62.445
488,15.21,62.55
488,15.780000000000001,63.91
488,15.84,63.45
488,15.88,64.03
491,13.3,71.97
491,14.18,65.52
491,14.290000000000001,68.13
491,14.43,69.27
491,15,67.15
491,15.02,68.53
491,15.06,68.41
491,15.120000000000001,65.8
491,15.16,64.75
491,15.18,64.81
491,15.31,64.36500000000001
491,15.35,64.62
491,15.43,64.26
491,16.04,64.43
491,16.06,65.03
491,16.12,63.675
491,16.29,64.77
491,16.35,66.42
491,16.44,63.3
491,17.02,65.06
491,17.04,67.04
491,17.07,64.26
491,17.19,64.48
491,17.28,64.84
491,17.35,64.68
491,17.38,65.05
491,17.44,65.24
494,13.05,72.7
494,13.44,72.79
494,13.49,71.99
494,14.05,70.02
494,14.18,72.07
494,14.24,69.78
494,14.49,67.965
494,15.120000000000001,67.79
494,15.200000000000001,67.53
494,15.42,66.41
494,16.080000000000002,68.08
494,16.16,67.17
494,16.25,66.56
494,16.41,67.05
494,16.5,66.435
494,17.19,71.6
499,11.97,67.06
499,12.450000000000001,66.81
499,12.97,65.78
499,13.14,63.295
499,13.19,62.06
499,13.43,62.730000000000004
499,13.58,61.29
499,14.08,61.41
499,14.1,61.435
499,14.14,60.504999999999995
499,14.24,60.66
499,14.27,59.89
499,14.58,59.705
499,15.13,60.095
499,15.23,59.91
499,15.27,59.68
499,15.3,59.87
499,15.48,60.23
499,16.15,60.21
499,16.23,59.37
499,16.29,59.4
499,16.52,60.01
499,16.59,58.89
499,17.07,58.51
499,17.150000000000002,59.96
499,17.28,58.08
499,17.53,59.14
499,17.6,58.305
499,18.07,59.685
499,18.12,58.885000000000005
499,18.2,59.07
499,18.28,58.55
499,18.47,59.125
499,18.6,58.64
500,14.77,70.36
500,15.73,68.03
500,16.59,66.69
500,16.73,65.545
500,16.78,66.29
500,16.8,67.82
500,17.38,63.91
500,17.47,64.255
500,17.53,67.2
500,17.68,63.875
500,17.78,65.48
500,17.82,65.47
500,18.22,64.34
500,18.38,64.07
500,18.47,63.82
500,18.51,65.35
500,18.56,64.9
500,18.78,64.84
501,12.89,72.87
501,13.85,66.89
501,13.91,65.45
501,13.93,66.28
501,13.99,66.21
501,14.52,65.43
501,14.63,64.065
501,14.77,64.97
501,14.9,65.24
501,14.92,69.61
501,14.99,64.43
501,15.5,65.08500000000001
501,15.8,63.864999999999995
501,15.9,63.394999999999996
501,16,63.78
501,16.34,64.55
501,16.59,62.63
501,16.68,62.45
501,16.8,62.94
501,16.94,64.12
501,17.51,63.935
501,17.63,63.69
501,17.650000000000002,65.82
501,17.93,65.545
505,12.200000000000001,73.14
505,13.22,71.14
505,13.26,70.49000000000001
505,13.290000000000001,69.57
505,13.870000000000001,68.9
505,13.91,66.67
505,13.93,66.65
505,13.96,66.32
505,14.01,67.15
505,14.1,70.32
505,14.24,66.91
505,14.33,66.43
505,14.790000000000001,68.17
505,14.94,68.18
505,14.98,68.76
505,15.25,68.78
505,15.33,68.29
508,12.36,82.7
508,14.120000000000001,68.02
508,14.3,69.47
508,14.33,69.41
508,14.950000000000001,68.52
508,15,65.66
508,15.08,66.82
508,15.27,67.36
508,15.950000000000001,68.49
508,16.06,67.97
508,16.1,65.53999999999999
508,16.98,67.25
508,17.02,66.81
508,17.38,67.17
508,17.96,66.93
508,18,69.25999999999999
508,19.28,69.17
511,13.780000000000001,68.57
511,13.86,68.31
511,14.47,66.005
511,14.57,65.58500000000001
511,14.61,64.61
511,14.780000000000001,64
511,14.86,64.37
511,15.43,64.53
511,15.450000000000001,64.97999999999999
511,15.530000000000001,63.25
511,15.58,64.7
511,15.780000000000001,64.015
511,15.85,65.09
511,16.54,63.39
511,16.76,66.23
511,16.78,65.89
511,17.52,64.08
511,17.71,63.51
511,17.72,67.98
516,12.6,72.36
516,13.65,68.215
516,13.77,70.26
516,13.81,70.12
516,14.48,67.85
516,14.71,65.745
516,14.81,65.905
516,14.82,70.13
516,15.38,68.06
516,15.5,67.34
516,15.540000000000001,66.53
516,15.55,67.23
516,15.73,66.84
516,15.8,65.42
516,15.82,72.24
516,16.48,66.79
516,16.51,67.38
516,16.82,69.28
517,10.06,85.21
517,10.120000000000001,85.97
517,11.06,76.74
517,11.16,78.72
517,12.09,69.4
517,12.15,71.52
517,12.19,70.72
517,13.09,68.78
517,13.17,64.91
517,13.82,65.815
517,13.9,65.69
517,13.94,65.35
517,14.21,65.3
517,14.26,64.56
517,14.68,64.48
517,17.16,62.58
518,11.44,80.26
518,11.71,76.14
518,12,76.46
518,12.42,70.92
518,13.67,64.51
518,13.73,65.39
518,13.83,66.06
518,13.93,65.52000000000001
518,14.63,65.13
518,14.72,63.35
518,14.76,63.08
518,14.93,62.81
518,15.43,62.4
518,15.68,62.61
518,15.76,63.27
518,15.93,62.495000000000005
520,12.36,73.99
520,14.120000000000001,62.185
520,14.23,61.7
520,14.3,62.675
520,14.33,61.78
520,14.42,61.480000000000004
520,14.93,61.7
520,14.99,60.985
520,15.02,61.035
520,15.08,61.254999999999995
520,15.16,60.06
520,15.27,60.19
520,15.42,59.68
520,15.94,60.5
520,16.04,60.17
520,16.080000000000002,60.1
520,16.12,60.45
520,16.19,59.6
520,16.25,58.64
520,16.44,58.985
520,16.94,60.425
520,16.98,59.16
520,17.05,59.769999999999996
520,17.11,59.16
520,17.17,59.38
520,17.3,57.2
520,17.38,58.73
520,17.96,59.215
520,18.1,59.52
520,18.32,60.7
523,13.17,67.89
523,13.27,67.86
523,13.48,67.67
523,13.58,67.62
523,13.61,66.84
523,14.01,67.345
523,14.17,67.43
523,14.26,65.68
523,14.61,64.69
523,15.18,64.06
523,15.34,63.64
523,15.610000000000001,63.08
523,16.18,64.81
523,16.22,64.66
523,16.28,62.995000000000005
523,16.34,65.51
523,16.48,63.27
523,16.490000000000002,66.31
523,16.53,65.08
523,16.61,64.14500000000001
523,17.2,63.71
523,17.240000000000002,63.95
523,17.53,64.18
523,17.56,64.96000000000001
523,17.6,66.77
545,11.69,67.7
545,12.75,64.8
545,13.34,64.965
545,13.55,64.19500000000001
545,13.81,64.04
545,14.41,63.075
545,14.59,62.38
545,14.76,62.39
545,14.81,60.36
545,15.16,61.73
545,15.41,61.26
545,15.51,60.400000000000006
545,15.58,59.34
545,15.620000000000001,59.75
545,15.68,61.51
545,15.82,59.099999999999994
545,16.330000000000002,59.790000000000006
545,16.37,60.325
545,16.41,67.15
545,16.52,61.71
545,16.65,59.71
545,16.72,59.7
545,16.79,59.61
545,17.23,60.65
545,17.37,60.565
545,17.44,59.864999999999995
545,17.54,58.17
545,17.57,58.4
545,17.71,58.97
545,18.240000000000002,60.42
545,18.46,59.985
545,18.56,60.48
545,19.36,61.745
548,12.120000000000001,72.97
548,13.08,73.16
548,13.23,68.75
548,13.31,67.73
548,13.92,65.8
548,13.98,64.81
548,14.040000000000001,64.565
548,14.09,63.47
548,14.290000000000001,63.644999999999996
548,14.33,64.145
548,14.39,63.49
548,14.96,65.31
548,15,66.09
548,15.05,63.495000000000005
548,15.280000000000001,63.09
548,15.44,63.55
548,15.98,63.85
548,15.99,64
548,16.05,62.485
548,16.28,62.44
548,16.44,61.72
548,16.93,63.34
548,16.990000000000002,62.1
548,17.07,63.84
548,17.11,62.27
548,17.38,61.85
553,13.24,70.06
553,13.280000000000001,71.12
553,14.14,68.32
553,14.280000000000001,68.87
553,14.950000000000001,66.25999999999999
553,15.16,64.78999999999999
553,15.24,64.3
553,15.280000000000001,63.855000000000004
553,15.38,63.01
553,15.790000000000001,64.28
553,16.04,63.315
553,16.17,62.29
553,16.31,63.43
553,16.39,62.6
553,16.9,62.76
553,17.02,62.39
553,17.12,62.49
553,17.150000000000002,61.82
553,17.31,63.084999999999994
553,17.39,61.43
558,10.3,80.43
558,11.24,76.095
558,12.19,71.24
558,12.200000000000001,69.84
558,12.33,76.06
558,13.290000000000001,69.265
558,13.31,69.935
558,13.94,69.11
558,14,65.805
558,14.08,66.39
558,14.33,66.61
558,15.040000000000001,65.14500000000001
558,15.07,65.83
558,15.280000000000001,64.33500000000001
558,15.38,66.48
558,15.950000000000001,64.09
558,16.03,62.980000000000004
558,16.07,63.04
558,16.26,62.515
558,16.3,62.925
558,16.38,61.730000000000004
561,14.07,73.07
561,14.15,70.89
561,14.76,69.79499999999999
561,14.84,69.01499999999999
561,14.88,69.08
561,15.07,69.005
561,15.15,69.86
561,15.72,68.7
561,15.8,68.08500000000001
561,15.89,67.74000000000001
561,16.06,68.565
561,16.12,68.49
561,16.740000000000002,67.28999999999999
561,16.81,66.96
561,16.87,68.26
561,16.91,66.695
561,17.16,67.78
561,18.06,67.35
561,19.77,68.64
561,19.82,70.14
561,19.96,70.285
565,13.66,65.055
565,13.84,66.83
565,13.870000000000001,64.65
565,13.91,66.29
565,13.96,66.79
565,14.56,64.65
565,14.620000000000001,63.17
565,14.64,62.84
565,14.81,62.75
565,14.91,63.385
565,14.96,63.07
565,15.5,64.615
565,15.52,64.245
565,15.58,63.295
565,15.64,63.57
565,15.700000000000001,63.23
565,15.83,62.495000000000005
565,15.91,63.195
565,16.54,64.67
565,16.59,63.290000000000006
565,16.61,62.83
565,16.830000000000002,62.14
565,16.92,61.715
565,16.990000000000002,61.6
565,17.52,64.905
565,17.53,62.09
565,17.59,63.01
565,17.830000000000002,63.6
565,17.92,62.879999999999995
565,18.490000000000002,63.27
565,18.53,63.72
565,18.650000000000002,60.75
565,18.82,61.400000000000006
565,18.86,61.57
565,18.92,61.175
565,19.47,62.965
565,19.51,62.415
565,19.57,61.834999999999994
565,19.650000000000002,60.94
565,19.830000000000002,60.815
565,19.86,62.349999999999994
565,19.900000000000002,60.595
568,10.07,85.33
568,11.05,77.735
568,11.68,73.8
568,11.82,72.24
568,12.120000000000001,71.47
568,12.14,69.22
568,12.72,68.09
568,12.76,68.96333333333334
568,12.93,67.69
568,14.27,65.69
568,14.89,67.25
568,14.98,66.99
568,15.02,66.27
568,15.25,66.705
568,15.33,66.38
568,15.9,67.02
569,13.870000000000001,67.64500000000001
569,14.02,66.44
569,14.31,66.75
569,14.370000000000001,65.55
569,14.450000000000001,65.65
569,15.1,64.85
569,15.35,63.19
569,15.450000000000001,63.55
569,15.530000000000001,62.42
569,15.96,63.23
569,16.12,63.45
569,16.23,63.63
569,16.44,63.739999999999995
569,16.55,63.05
569,16.96,64.18
569,17.09,64.77
570,10.040000000000001,96.23
570,12.05,80.56
570,12.13,78.36
570,13.05,74.65
570,13.120000000000001,73.98
570,13.41,73
570,14.040000000000001,72.71
570,14.09,70.82
570,14.16,70.5
570,14.22,71.66499999999999
570,14.370000000000001,72.03
570,14.41,70.64500000000001
570,14.450000000000001,71.62
570,15.08,73.76
570,15.18,69.575
570,15.22,73.85
570,15.43,71.73
570,16.04,73.47
570,16.330000000000002,70.71
570,16.41,70.66999999999999
570,16.8,71.42
570,17.1,71.78
570,17.19,71.19
570,17.29,71.19
570,17.5,72.58
572,13.73,65.22
572,14.86,64.5
572,15.21,65.21
572,15.370000000000001,63.795
572,15.52,63.46
572,15.540000000000001,64.2
572,15.71,63.56
572,15.790000000000001,65.075
572,15.83,64.7
572,16.31,63.79
572,16.44,64.11
572,16.54,63.9
572,16.56,63.59
572,16.580000000000002,63.24
572,16.69,63.78
572,16.79,63.19
572,16.88,62.79
572,17.3,64.43
572,17.400000000000002,62.91
572,17.46,63.31
572,17.57,63
572,18.42,64.38
572,18.44,62.55
572,18.55,62.24
572,18.8,62.86
572,19.53,64.76
572,19.76,63.18
572,19.82,63.385
573,12.21,74.71
573,14.18,64.525
573,14.24,64.25
573,14.26,65.68
573,14.32,64.51
573,14.83,66.85
573,14.93,63.980000000000004
573,15.14,63.59
573,15.280000000000001,65.495
573,15.32,63.78
573,15.83,65.17
573,15.93,66.3
573,16.27,64.96
573,16.34,64.88
573,16.830000000000002,64.39
573,16.88,65.22
573,16.98,66.21
573,17.02,64.37
573,17.18,66.21
573,17.23,68.58
573,17.27,64.7
573,17.73,69.06
573,19.900000000000002,67.13
575,12.950000000000001,67.56
575,13.33,69.39
575,13.52,66.9
575,13.61,65.73
575,13.82,64.93
575,13.92,63.945
575,14.01,65.09
575,14.36,64.13
575,14.52,64.515
575,14.61,65.19999999999999
575,14.71,65.82
575,14.96,64.955
575,15.01,63.96
575,15.530000000000001,64.19
575,15.57,64.46
575,15.65,65.08
575,15.860000000000001,64.235
575,15.96,65.99
575,16.59,65.215
575,17.66,63.64
575,17.87,64
576,13.15,68.91
576,13.3,69.66
576,13.65,68.98
576,14.15,68.39
576,14.32,66.62
576,14.61,65.54
576,14.65,66.63499999999999
576,14.68,65.52
576,15.540000000000001,65.92
576,15.610000000000001,64.93
576,15.66,65.28
576,15.68,65.71000000000001
576,16.27,68.12
576,16.39,64.94
576,16.48,65.16
576,16.66,64.49
576,17.25,65.72
576,17.35,66.73
576,17.56,65.49
576,17.66,66.04
577,11.91,71.36
577,13.44,67.64
577,13.82,67.57
577,14.700000000000001,63.1
577,14.96,63.739999999999995
577,15.040000000000001,65.09
577,15.57,64.27
577,15.68,63.44
577,15.780000000000001,64.54
577,15.97,64.76
577,16.05,63.97
577,16.55,63.16
577,16.64,63.1
577,16.85,63.98
577,16.990000000000002,63.605
577,17.05,63.11
577,17.39,63.4
577,17.55,63.21
577,17.95,64.34
577,17.990000000000002,64.61
577,18.6,65.87
577,18.73,67.03
580,12.19,75.49
580,13.16,66.175
580,13.84,67.56
580,13.93,65.84
580,13.97,68.965
580,14.13,65.86500000000001
580,14.18,64.015
580,14.89,63.54
580,14.93,61.735
580,15.08,61.63
580,15.16,61.09
580,15.24,61.085
580,15.27,60.485
580,15.89,60.47
580,15.93,60.004999999999995
580,16.06,62.21
580,16.12,62.01
580,16.16,60.595
580,16.240000000000002,60.125
580,16.28,60.14
581,12.64,71.63
581,13.39,70.96
581,13.56,68.38
581,13.64,69.64
581,14.21,68.35
581,14.31,68.71
581,14.35,71.25
581,14.39,67.91
581,14.52,68.38
581,14.620000000000001,68.86
581,14.65,68.45
581,15.4,69.12
581,15.58,69.89
581,15.65,68.08
581,16.23,71.28
581,16.3,70.44
581,16.34,70.55
581,16.48,73.39
581,16.61,72.57
581,16.65,70.62
581,17.09,74.82
581,17.11,73.8
589,10.44,89.94
589,11.39,80.79
589,11.57,83.29
589,12.370000000000001,70.87
589,13.22,68.41
589,13.530000000000001,67.91
589,13.620000000000001,66.83
589,14.27,65.87
589,14.35,65.65
589,14.52,65.63
589,14.620000000000001,66.6
589,15.27,66.295
589,15.35,64.04
589,15.48,64.845
589,15.540000000000001,64.97
589,15.6,64.4
589,16.29,64.44
589,16.31,64.145
589,16.35,64.07
589,16.5,63.8
589,16.65,64.38
590,12.030000000000001,69.04
590,13.06,66.99000000000001
590,13.58,63.915
590,13.71,64.23
590,13.83,64.71
590,13.96,64.29
590,14.69,65.025
590,14.81,65.24
590,14.84,64.41
590,14.9,62.89
590,14.94,63.08
590,15.1,63.885
590,15.16,62.8
590,15.48,62.16
590,15.67,61.91
590,15.76,61.3
590,15.84,61.07
590,15.88,60.835
590,15.94,60.88
590,15.98,60.76
590,16.1,61.47
590,16.13,61.480000000000004
590,16.18,61.08
590,16.51,61.78
590,16.76,61.27
590,16.86,61.480000000000004
590,16.93,60.6
590,16.97,60.25
590,17.11,62.05
590,17.18,60.95
590,17.68,62.08
590,17.78,61.06
590,17.85,62.26
590,17.92,60.01
590,17.93,59.87
590,18,60.86
590,18.11,61.95
590,18.84,62.675
590,18.92,60.71
590,19.81,63.46
598,11.21,79.09
598,11.84,78.36
598,13.38,72.4
598,13.870000000000001,68.21
598,14.01,67.57
598,14.200000000000001,66.91
598,14.34,65.24
598,14.39,66.555
598,14.870000000000001,66.66
598,15.01,66.08
598,15.1,65.21
598,15.33,66.6
598,16.04,66.91
598,16.12,69.98
598,16.16,67.92
598,16.39,71.14
598,17.1,67.6
600,14.73,63.11
600,15.08,64.65
600,15.24,63.405
600,15.39,61.849999999999994
600,15.66,62.71
600,15.700000000000001,61.685
600,15.77,61
600,16.18,61.56
600,16.31,60.795
600,16.43,61.125
600,16.56,61.49
600,16.66,62.980000000000004
600,16.7,62.16
600,16.75,60.415
600,17.18,64.7
600,17.330000000000002,62.02
600,17.44,61.46
600,17.52,61.05
600,17.77,60.585
600,18.17,60.265
600,18.42,59.28
600,18.490000000000002,59.82
600,18.580000000000002,60.06
607,11.32,77.95
607,12.25,69.64
607,13.33,66.64
607,14,66.39
607,14.040000000000001,63.55
607,14.120000000000001,62.5
607,14.27,63.13
607,14.35,62.629999999999995
607,14.42,63.97
607,14.450000000000001,62.9
607,15,63.03
607,15.120000000000001,61.385000000000005
607,15.27,62.93
607,15.35,62.55
607,15.42,62.97
607,15.450000000000001,62.82
608,10.66,73.94
608,12.870000000000001,62.525
608,12.93,63.18
608,13.44,61.695
608,13.46,60.65
608,13.58,60.86
608,13.620000000000001,61.415
608,13.71,60.17
608,13.75,60.45
608,13.89,60.095
608,13.93,60.49
608,14.25,61.055
608,14.44,60.08
608,14.540000000000001,61.19499999999999
608,14.71,60.05
608,14.75,60.225
608,14.790000000000001,59.35
608,14.870000000000001,59.22
608,15.280000000000001,59.86
608,15.44,59.215
608,15.530000000000001,59.88
608,15.610000000000001,58.11
608,15.700000000000001,57.85
608,15.74,57.67
608,15.790000000000001,57.845
608,15.85,59.05
608,15.91,58.04
608,15.97,57.345
608,16.45,59.16
608,16.55,59.36
608,16.62,57.79
608,16.7,57.34
608,16.78,57.47
608,16.92,57.92
608,17.45,58.650000000000006
608,17.490000000000002,58.43
608,17.59,58.285
608,17.67,57.5
608,17.7,57.845
610,13.42,71.12
610,14.3,65.54
610,14.44,63.32
610,14.67,69.66499999999999
610,14.69,64.22
610,15.26,65.76
610,15.32,62.965
610,15.36,64.45
610,15.44,63.45
610,15.610000000000001,65.89
610,15.67,64.89
610,15.74,65.53
610,16.32,63.21
610,16.39,63.29
610,16.43,63.28
610,16.66,63.93
611,14.06,67.33
611,14.24,66.65
611,14.450000000000001,64.29
611,14.56,67.16
611,14.61,67.85
611,15.08,64.765
611,15.21,64.59
611,15.33,63.87
611,15.58,61.94
611,15.6,61.95
611,15.68,63.71
611,16.19,62.61
611,16.31,61.92
611,16.4,62.32
611,16.6,61.86
611,16.68,61.79
611,17.27,63.2
611,17.34,63.57
611,19.32,62.525000000000006
611,19.36,61.28
611,19.400000000000002,61.91
612,13.540000000000001,66.72
612,13.69,67.175
612,13.84,65.44
612,13.98,65.85
612,14.11,64.69
612,14.16,64.08
612,14.22,63.74
612,14.63,64.15
612,14.76,63.67
612,14.88,63.42
612,14.9,64.09
612,15.01,63.32
612,15.11,63.65
612,15.200000000000001,63
612,15.780000000000001,62.795
612,15.860000000000001,62.765
612,15.88,63.43
612,15.9,63.46
612,16.11,63.295
612,16.15,62.555
612,16.22,63.07
612,16.62,62.49
612,16.76,63.22
612,16.87,63.01
612,17.23,61.65
612,17.72,63.89
612,17.740000000000002,62.87
612,17.85,63.58
612,17.95,63.08
612,18.080000000000002,63.52
612,18.14,63.43
612,18.22,63.53
617,11.71,74.43
617,13.51,70.53
617,13.59,69.92
617,13.620000000000001,69.89
617,13.93,68.56
617,14.51,67.87
617,14.66,68.25
617,14.85,66.37
617,14.93,67.67
617,15.56,66.33
617,15.64,65.91
617,15.85,67.72
617,15.950000000000001,70.57
617,16.56,68.05
617,16.6,68.82
617,16.94,69.12
621,10.540000000000001,75.94999999999999
621,11.620000000000001,70.03
621,12.25,67.41499999999999
621,13.44,65.505
621,13.52,63.510000000000005
621,13.59,65.14666666666666
621,13.71,63.76
621,13.85,63.41
621,14.48,64.50999999999999
621,14.52,65.41
621,14.57,65.475
621,14.67,66.01
621,14.75,64.62
621,14.82,65.08
621,14.85,65.98
621,15.4,64.56
621,15.51,64.48
621,15.67,64.205
621,15.74,63.265
621,15.82,62.87
623,11.83,77.39
623,12.790000000000001,72.44
623,13.63,68.19
623,13.71,67.28
623,13.92,68.5
623,14.01,69.47
623,15.01,66.15
623,15.67,66.15
623,15.74,66.9
623,15.91,68.6
623,16.87,68.93
623,16.93,71
623,17.89,69.05
623,17.97,68.74
623,18.62,65.53
623,18.7,65.46
627,10.18,76.17
627,11.18,69.95
627,11.200000000000001,68.4
627,11.31,69.09
627,11.39,68.54
627,11.47,68.82
627,11.69,69.49
627,12.290000000000001,69.88
627,12.370000000000001,66.14
627,12.52,67.4
627,12.69,64.48
627,13.36,63.24
627,13.44,63.519999999999996
627,13.63,62.33
627,13.73,63.81
627,13.780000000000001,61.43
627,14.17,62.68
627,14.280000000000001,62.78
627,14.39,62.27
627,14.4,61.1
627,14.5,61.65
627,14.55,61.71
627,14.65,62.155
627,14.790000000000001,61.53
627,15.280000000000001,61.400000000000006
627,15.34,61.25
627,15.39,62.44
627,15.49,61.05
627,15.59,61.305
627,15.81,61.43
627,16.28,61.635000000000005
627,16.330000000000002,61.12
627,16.34,60.92
627,16.37,61.23
627,16.41,62.32
627,16.490000000000002,59.35
627,16.62,61.425
627,16.68,60.95
627,16.72,60.755
627,16.81,60.18
629,14.15,65.97
629,14.23,66.005
629,14.31,68.47
629,14.38,67.855
629,14.96,67.68
629,15.05,67.07499999999999
629,15.09,67.89
629,15.13,66.72
629,15.280000000000001,68.33
629,15.38,67.735
629,16.07,68.42
629,16.13,66.14
629,16.3,66.15
629,16.38,68.58
629,17.01,66.78
629,17.05,65.72
629,17.3,66.31
629,17.39,68.49
629,17.990000000000002,65.98
629,18.06,65.82
629,18.39,66.24
629,19.25,67.235
631,11.38,76.17
631,12.38,69.59
631,14.01,63.72
631,14.05,62.02
631,14.08,61.474999999999994
631,14.22,61.11
631,14.41,64.22
631,14.450000000000001,63.89
631,14.52,61.7
631,15,62.73
631,15.02,62.39
631,15.14,62.379999999999995
631,15.22,61.61
631,15.33,63.055
631,15.41,62.43
631,15.44,63.515
631,15.52,61.25
636,14.25,68.58
636,14.55,67.85
636,14.69,67.84
636,14.82,67.82
636,14.870000000000001,69.34
636,15.32,68.47
636,15.48,67.99
636,15.58,68.37
636,15.69,69.34
636,15.82,69.56
636,15.860000000000001,69.19
636,16.32,66.81
636,16.490000000000002,67.81
636,16.7,67.64
636,16.82,68.97
636,17.59,67.37
636,17.78,67.05
636,17.86,67.29
636,18.45,66.54
636,18.56,65.14
636,18.64,66.33
636,18.66,65.82
636,18.84,65.33
636,18.85,66.765
636,19.43,64.85
636,19.52,64.41
636,19.580000000000002,65.04
636,19.73,64.25
636,19.830000000000002,63.885
637,13.3,73.06
637,14.26,68.7
637,14.34,70.47
637,15.09,69.86
637,15.26,67.98
637,15.34,68.24
637,16.06,68.5
637,16.16,69.22
637,16.28,67.38
637,16.35,68.07
637,17.04,66.93
637,17.1,67.02
637,17.12,67.78
637,17.27,67.56
637,18.17,68.17500000000001
637,19,68.07
637,19.04,67.04
637,19.07,69.06
637,19.25,69.2
637,19.35,70.25999999999999
651,12.98,83.76
651,13.98,81.72
651,14.61,80.17
651,14.75,79.61
651,14.780000000000001,77.78
651,14.97,81.36
651,15.63,77.4
651,15.74,76.03999999999999
651,15.8,75.28
651,16.05,75.63
651,16.72,78.72
651,16.76,75.29
651,17.740000000000002,76.68
651,17.98,76.69
651,17.990000000000002,76.4
651,18.73,76.85
651,18.98,76.07
651,19.73,75.12
651,19.94,81.2
656,14.33,67.76
656,14.67,68.51
656,14.96,66.91
656,15.07,67.02
656,15.120000000000001,66.545
656,15.25,64.815
656,15.38,64.44
656,15.94,66.14
656,16.04,66.18
656,16.07,65.59
656,16.28,65.75999999999999
656,16.95,65.39
656,17.07,64.2
656,17.28,65.69999999999999
656,17.91,63.9
656,18.03,63.120000000000005
656,18.240000000000002,63.735
656,18.34,63.05
663,14.3,67.77
663,15.370000000000001,66.05
663,15.43,65.72
663,15.450000000000001,65.14
663,16.04,65.075
663,16.16,66.64
663,16.25,66.54
663,16.43,64.76
663,16.45,65.73
663,17.02,64.49
663,17.12,64.53
663,17.330000000000002,64.86
663,17.42,63.755
663,17.46,63.51
663,17.86,64.72
663,18.02,63.615
664,12.01,68.4
664,13.01,63.39
664,13.58,60.225
664,13.76,61.475
664,13.8,61.215
664,13.89,59.995000000000005
664,13.93,59.91
664,14.030000000000001,61.08
664,14.43,61.42
664,14.68,59.7
664,14.88,59.78
664,15.07,61.085
664,15.58,62.25
664,15.77,61.32
664,15.84,60.03
664,15.92,60.67
664,16.06,60.96
664,16.59,62.125
664,16.73,62.22
664,17.02,62.815
671,12.47,76.17
671,13.18,70.395
671,13.31,69.47
671,13.47,68.13499999999999
671,13.51,69.91
671,14.16,64.265
671,14.27,62.94
671,14.47,65.48
671,14.540000000000001,65.75
671,14.58,64.14
671,15.15,63.45
671,15.23,64.56
671,15.27,63.44
671,15.5,63.31
671,15.58,63
671,15.63,61.36
675,11.39,71.43
675,13.18,63.41
675,13.370000000000001,63.37
675,13.64,63.25
675,13.67,63.39
675,13.81,65.35
675,13.86,63.08
675,14.21,63.894999999999996
675,14.370000000000001,64.18
675,14.42,63.11
675,14.56,63.165000000000006
675,14.67,63.24
675,14.81,64.33500000000001
675,14.86,62.45
675,15.38,63.25
675,15.5,62.275
675,15.55,61.959999999999994
675,15.700000000000001,62.16
675,15.81,63.510000000000005
675,15.84,63.24
675,16.44,64.49000000000001
675,16.490000000000002,64.03999999999999
675,16.55,63.04
677,12.39,68.67
677,13.43,65.4
677,14.08,65.98
677,14.370000000000001,64.93
677,14.47,65.59
677,15.120000000000001,66.56
677,15.19,66.1
677,15.35,68.93
677,17.02,62.78
677,17.19,62.56
677,17.400000000000002,63.155
677,17.45,63.07
677,17.5,62.8
677,18.01,62.62
677,18.11,61.45
677,18.32,61.175
677,18.45,61.3
677,18.490000000000002,60.475
678,12.8,71.14
678,12.88,71.85
678,13.44,69.53
678,13.52,70.65
678,13.67,72.49
678,13.92,69.6
678,14.44,71.35
678,15.530000000000001,66.9
678,15.610000000000001,66.66
678,15.68,64.4
678,15.950000000000001,65.245
678,16.04,64.08
678,16.53,66.69
678,16.6,65.08
678,16.68,65.765
678,16.87,65.555
678,16.97,65.785
678,17.41,65.24
678,17.63,66.16
678,17.64,66.09
685,12.98,75.43
685,13.94,69.54
685,14.120000000000001,67.39
685,14.15,68.37
685,14.19,70.06
685,14.86,68.42500000000001
685,14.9,67.42
685,15.17,68.02
685,15.19,64.49000000000001
685,15.76,64.53
685,15.88,65.26
685,15.92,62.86
685,15.93,63.425
685,16.01,62.5
685,16.11,64.12
685,16.18,63.17
685,16.240000000000002,62.63
685,16.82,64.37
685,16.86,63.57
685,16.89,62.94
685,17.11,62.61
685,17.2,63.025
685,17.79,62.66
685,17.85,63.555
685,18.11,63.92
693,14.05,71.55
693,14.16,70.29
693,14.22,70.01
693,15.01,68.81
693,15.16,67.645
693,16.22,68.14
693,16.29,67.37
693,16.9,67.1
693,17,65.785
693,17.16,68.01
693,17.21,64.13
693,17.31,65.15
693,17.88,66.26
693,17.92,68.64
693,17.98,65.29
693,18.150000000000002,69.73
694,11.94,75.48
694,12.92,68.3
694,13.89,64.965
694,13.950000000000001,63.285
694,13.97,63.62
694,14.030000000000001,65.14
694,14.56,64.11
694,14.77,62.74
694,14.81,63.76
694,14.97,62.82
694,15.030000000000001,63.79
694,15.98,63.56999999999999
694,16.05,62.69
694,16.38,64.93
694,17.05,62.92
694,17.63,64.785
696,11.65,72.31
696,12.14,70.39
696,12.65,65.77
696,13.09,66.465
696,13.17,65.21
696,13.82,64.68
696,13.86,64.66
696,13.94,63.82000000000001
696,14.06,63.86
696,14.11,63.614999999999995
696,14.15,64.36
696,14.21,62.980000000000004
696,14.26,63.31
696,14.76,63.485
696,14.86,63.445
696,14.94,62.475
696,15.21,64.99
696,15.27,62.73
696,15.93,61.754999999999995
696,16.16,62.93
696,16.2,64.2
696,16.87,62.92
696,16.92,62.105000000000004
696,16.93,63.04
696,17.1,62.92
696,17.2,67.29
696,17.240000000000002,62.9
709,12.1,70.72
709,12.99,68.19
709,13.69,66.47
709,13.870000000000001,66.47
709,13.92,66.64
709,14.06,65.505
709,14.120000000000001,65.93
709,14.81,63.540000000000006
709,14.870000000000001,63.16
709,15.13,64.3
709,15.17,64.36
709,15.69,64.86500000000001
709,15.8,63.285
709,15.860000000000001,62.72
709,15.99,62.8
709,16.09,63.900000000000006
709,16.17,62.86
712,12.68,74.56
712,13.43,72.23
712,13.6,70.13
712,13.68,70.95
712,14.41,70.12
712,14.620000000000001,69.99
712,14.700000000000001,69.38
712,15.38,69.87
712,15.44,68.89
712,15.620000000000001,68.85
712,16.36,66.25
712,16.38,67.41
712,16.52,66.67
712,16.69,67.02
712,17.28,66.68
712,17.34,66.82
712,17.38,67.71
712,17.42,67.18
712,17.59,68.14
712,18.42,68.86500000000001
714,14.65,65.19
714,14.69,65.53
714,14.73,64.345
714,14.780000000000001,63.89
714,15.13,63.89
714,15.290000000000001,64.5
714,15.38,63.94
714,15.48,64.35
714,15.73,63.565
714,15.790000000000001,63.94
714,16.34,63.59
714,16.44,62.21
714,16.46,62.730000000000004
714,16.47,61.849999999999994
714,16.62,60.89
714,16.76,61.93
716,10.84,83.32
716,11.84,74.82
716,11.86,77.75
716,12.05,72.21
716,12.13,73.69
716,12.86,69.5
716,12.950000000000001,70.93
716,13.030000000000001,70.7
716,13.11,68.54
716,13.15,66.45
716,13.370000000000001,70.48
716,13.83,70.9
716,13.950000000000001,72.56
716,14.030000000000001,70.67
716,14.290000000000001,70.67
716,14.83,69.86
716,14.950000000000001,69.03
716,15.31,69.8
716,15.81,67.94
716,15.870000000000001,68.62
716,15.950000000000001,68.6
716,16.02,65.11
716,16.12,66.34
716,16.23,67.62
716,16.31,65.78
720,12.17,77.61
720,13.15,66.67
720,13.17,68.02
720,13.76,66.9
720,14.09,65.285
720,14.16,66.83
720,14.18,66.77
720,14.76,65.65
720,15.790000000000001,67.37
720,15.85,64.86
720,16.12,68.02
720,16.22,63.95
720,16.87,68.17
720,17.1,66.59
720,17.16,65.85
720,17.21,64.56
722,12.4,72.23
722,13.32,72.76
722,13.36,72.34
722,13.42,73.5
722,13.51,70.24
722,13.65,71.1
722,14.24,70.66
722,14.33,71.31
722,14.51,70.86
722,14.64,69.93
722,15.22,69.61
722,15.370000000000001,69.085
722,15.55,72.05
722,15.66,71.36
722,16.22,70.69
722,16.37,69.195
722,17.650000000000002,70.91
722,18.25,68.77
722,18.3,70.21
727,12.38,68.34
727,12.41,65.9
727,13.280000000000001,63.55
727,13.36,62.075
727,13.370000000000001,63.07
727,13.43,63.045
727,13.450000000000001,63.75
727,13.870000000000001,62.94
727,14.07,62.39
727,14.1,61.95
727,14.16,61.83
727,14.39,62.695
727,14.47,62.265
727,14.55,61.35
727,15.200000000000001,61.67
727,15.370000000000001,62.825
727,15.540000000000001,61.74
727,16.14,67.12
734,13.15,69.74
734,13.21,67.61
734,13.34,69.18
734,13.52,68.38
734,14.09,66.78999999999999
734,14.24,65.11
734,14.38,65.18
734,14.44,65.22
734,14.51,65.275
734,14.540000000000001,65.1
734,15.1,65.07
734,15.15,64.345
734,15.200000000000001,64.25
734,15.22,63.14
734,15.43,63.43
734,15.530000000000001,63.825
734,16.1,62.765
734,16.14,62.205
734,16.2,61.95
734,16.43,62.18000000000001
734,16.53,62.155
734,17.080000000000002,65.215
734,17.43,63.28
734,17.48,63.19
734,17.52,61.83
734,18.12,64.025
734,18.17,63.645
734,18.19,62.870000000000005
734,18.25,62.17
734,18.44,62.510000000000005
734,18.5,61.980000000000004
734,19.13,64.37
734,19.400000000000002,63.730000000000004
734,19.48,62.605000000000004
734,19.56,63.41
741,13.93,69.42
741,14.07,71.5
741,14.72,67.89
741,14.93,66.72
741,15.07,65.905
741,15.11,66.195
741,15.56,64.42
741,15.74,63.525
741,15.82,62.45
741,16.07,63.365
741,16.11,63.105000000000004
741,16.18,61.114999999999995
741,16.580000000000002,62.02
741,16.72,62.52
741,16.81,60.815
741,16.830000000000002,61.51
741,16.96,61.34
741,17.18,60.465
741,17.81,61.59
741,17.85,60.269999999999996
741,17.900000000000002,61.63
741,18.04,61.230000000000004
741,18.1,62.620000000000005
741,18.67,62.98
741,18.77,62.3
741,18.84,60.84
741,18.98,61.335
741,19.02,60.34
741,19.1,60.45
741,19.12,61.845
744,14.64,66.83
744,14.74,67.4
744,14.85,65.345
744,14.89,64.59
744,14.93,66.5
744,15.33,63.79
744,15.48,63.4
744,15.58,63.02
744,15.67,64.06
744,15.91,63.644999999999996
744,15.93,64.59
744,15.99,62.73
744,16.5,62.73
744,16.56,61.96
744,16.61,61.67
744,16.71,60.3
744,16.82,60.84
744,16.92,63.87
744,16.96,61.74
744,17.52,64.27
744,17.54,63.8
744,17.57,63.900000000000006
744,17.61,61.09
744,17.650000000000002,62.09
744,17.71,60.415
744,17.740000000000002,61.31
744,18.57,63
744,18.61,61.94
747,13.39,66.64
747,13.94,65.55
747,14.08,64.45
747,14.19,63.55
747,14.32,63.55
747,14.42,62.22
747,14.51,62.72
747,14.94,62.72
747,15.09,61.325
747,15.19,60.965
747,15.21,60.92
747,15.38,60.92
747,15.42,61.695
747,15.46,61.53
747,15.530000000000001,60.62
747,15.94,60.41
747,16.07,60.185
747,16.19,60.045
747,16.21,60.01
747,16.26,59.76
747,16.32,59.58
747,16.45,60.275
747,16.54,59.28
747,17.2,59.765
747,17.26,60.28
747,17.3,59.74
747,17.330000000000002,58.765
747,17.41,60.05
747,17.53,58.545
747,17.84,60.365
747,18.03,60.185
747,18.2,59.975
747,18.240000000000002,59.535
747,18.38,59.61
747,18.45,58.82
747,18.87,60.74
747,19.080000000000002,61.98
747,19.12,63.57
747,19.29,60.5
759,13.25,71.48
759,13.84,70.04
759,13.96,70.2
759,14.030000000000001,70.45
759,14.05,71.12
759,14.23,66.65
759,14.25,67.83
759,14.82,68.09
759,14.92,63.739999999999995
759,14.97,62.885
759,15.09,62.84
759,15.13,63.045
759,15.31,64.38
759,15.66,63.99
759,15.82,65.65
759,15.91,66.23
759,15.950000000000001,64.78
759,16.01,63.480000000000004
760,12.94,67.97
760,13.02,67.17
760,13.780000000000001,64.525
760,13.94,64.845
760,14,65.58
760,14.09,67.00999999999999
760,14.15,64.49
760,14.72,63.30500000000001
760,14.9,64.38
760,15.07,64
760,15.15,63.33
760,15.780000000000001,64.525
760,15.82,63.79
760,15.91,66.875
760,16.09,65.17
760,16.66,65.88499999999999
760,16.740000000000002,65.155
760,16.82,64.57
771,13.030000000000001,77.96
771,13.97,68.5
771,14.01,67.33
771,14.040000000000001,76.745
771,14.44,67.57
771,15,64.58500000000001
771,15.040000000000001,64.945
771,15.09,64.82
771,15.610000000000001,65.12
771,15.67,65.69
771,15.73,66.54
771,15.790000000000001,66.93
771,15.94,65.78
771,15.96,68.465
771,16.65,66.025
771,16.75,67.59
771,16.76,66.9
771,16.88,66.70500000000001
771,16.96,68.89
775,12.1,68.1
775,13.16,65.43
775,13.75,65.82499999999999
775,14.16,66.715
775,14.22,64.21
775,14.73,62.685
775,14.82,62.185
775,15.040000000000001,62.535
775,15.17,63.685
775,15.22,62.31
775,15.73,61.93
775,15.82,61.75
775,16.17,61.065
775,16.240000000000002,60.474999999999994
775,16.72,62.03
775,16.8,62.92
775,16.88,61.26
775,16.92,61.17
775,16.96,61.31
775,17.06,60.3
775,17.09,62.16
775,17.21,59.835
775,17.76,62.595
775,17.82,62.345
775,17.89,63.54
775,17.92,61.66
775,17.95,64.31
775,18.76,61.53
775,18.79,61.825
775,18.85,61.41
775,18.89,61.18
775,18.97,61.73
775,19.93,61.87
776,13.290000000000001,71.46
776,14.21,68.23
776,14.33,68.03
776,15.36,64.92
776,15.950000000000001,68.58
776,16.07,66.13
776,16.36,65.18
776,16.93,68.15
776,17.03,67.72
776,17.240000000000002,67.81
776,17.34,65.84
776,17.38,65.035
776,17.78,69.39
776,17.93,68.58
776,18.02,67.17
776,18.330000000000002,65.52
776,18.37,68.18
776,19,68.59
776,19.29,71.24
781,13.370000000000001,67.77
781,13.42,65.42
781,13.46,67.36
781,13.48,66.25
781,13.6,67.02
781,13.77,68.32
781,13.83,67.53
781,14.290000000000001,64.56
781,14.38,67.73
781,14.48,67.89
781,14.56,65.7
781,14.71,67.27000000000001
781,14.790000000000001,67.81
781,14.83,65.47
781,15.38,65.58500000000001
781,15.42,66.07
781,15.46,66.55
781,15.52,65.035
781,15.71,64.205
781,15.81,63.54
781,15.82,65.24
781,16.38,64.51
781,16.44,66.55
781,16.490000000000002,65.72
781,16.76,66.73
781,17.38,64.59
781,17.47,65.49
790,13.950000000000001,66.08
790,14.01,65.26
790,14.09,67.13
790,14.620000000000001,66.7
790,14.83,65.04
790,14.870000000000001,66.25
790,15.02,66.25
790,15.6,64.57
790,15.69,67.31
790,15.9,64.83
790,16.04,65.285
790,16.1,64.1
790,16.79,65.29
790,17.04,65.74
790,17.1,66.19
790,17.75,66.41
790,17.77,66.37
793,13.780000000000001,75.95
793,14.44,73.77
793,14.61,75.04
793,14.65,72.52
793,14.74,71.385
793,14.780000000000001,71.05
793,15.24,73.52
793,15.36,75.13
793,15.39,71.74
793,15.49,71.25
793,15.68,70.72
793,15.74,71.52
793,15.780000000000001,70.17
793,16.34,73.12
793,16.35,72.8
793,16.53,73.93
793,16.72,70.75
793,17.240000000000002,71
793,17.330000000000002,70.08000000000001
793,17.39,71.505
793,17.45,71.47
793,17.51,69.49
793,17.62,69.16
793,17.73,68.91
793,19.46,71.38
794,10.15,83.78
794,11.07,74.945
794,11.18,73.04
794,12.07,68.66499999999999
794,12.08,69.515
794,12.25,66.83
794,13.06,65.35499999999999
794,13.18,64.59
794,13.25,63.41
794,13.75,63.56
794,13.85,63.065
794,13.98,63.325
794,14.05,62.99
794,14.19,62.015
794,14.23,63.23
794,15.94,62.09
794,16.86,62.27
796,14.17,66.47
796,14.19,67.75
796,14.76,67.13
796,14.85,66.71
796,15.07,66.16
796,15.76,66.31
796,15.85,65.46
796,15.93,66.16
796,15.97,68.225
796,16.04,65.68
796,16.2,65.66499999999999
796,16.85,65.34
796,16.89,65.815
796,16.93,66
796,17.1,64.81
796,17.2,65.41
797,10.92,80.25
797,12,76.57
797,13.07,71.325
797,13.72,69.465
797,14.01,68.38499999999999
797,14.07,68.29
797,14.76,66.48
797,14.85,65.66499999999999
797,15.01,63.765
797,15.1,63.98
797,15.18,64.81
797,15.6,63.93
797,15.790000000000001,63.36
797,15.85,64.21
797,15.870000000000001,64.33
797,16.04,63.67
797,16.14,64.04
797,16.18,64
797,16.23,63.28
813,12.01,75.99
813,12.85,71.95
813,12.97,74.07
813,13.73,68.31
813,13.81,69.05
813,13.97,68.44999999999999
813,14.02,68.8
813,14.08,66.3
813,14.67,67.1
813,14.77,70.76
813,14.790000000000001,74.81
813,14.96,69.78
813,15.14,65.97
813,15.540000000000001,69.01
813,15.790000000000001,65.69
813,15.96,68.34
813,16.04,67.31
813,16.07,65.83
813,16.12,66.26
815,13.8,71.28
815,14.64,65.78
815,14.72,66.39
815,14.780000000000001,67.64
815,14.8,66.34
815,15.370000000000001,67.53
815,15.47,68.21
815,15.51,69.88
815,15.68,66.36
815,16.43,67.04
815,16.56,70.49
815,16.64,71.34
815,17.35,70.61
815,18.42,71.04
815,18.69,70.12
815,18.77,70.19
815,18.81,71.07
815,19.27,70.87
815,19.71,77.18
819,13.26,67.84
819,13.3,64.36
819,13.36,64.78
819,13.59,64.3
819,13.68,63.705
819,13.74,63.59
819,14.24,63.97
819,14.3,63.96
819,14.38,64.58000000000001
819,14.41,63.33
819,14.59,63.56
819,14.64,64
819,14.68,63.695
819,14.74,62.93
819,15.27,62.68
819,15.33,62.99
819,15.41,63.099999999999994
819,15.59,64.46
819,15.66,61.96
819,16.27,61.16
819,16.37,61.91
819,16.41,62.67
819,16.64,62.445
819,16.72,62.86
819,16.76,60.94
823,13.75,70.93
823,14.63,72.02
823,15.700000000000001,67.05
823,15.780000000000001,67.59
823,16.7,66.785
823,16.78,67.12
823,17.35,68.53
823,17.66,66.33
823,17.76,64.86500000000001
823,17.79,66.59
823,18.19,66.98
823,18.44,68.18
823,18.75,65.82
823,18.79,67.54
823,19.48,65.82
823,19.71,66.3
823,19.79,65.78
825,12.91,68.8
825,13,70.12
825,13.72,65.82
825,13.75,65.69
825,13.81,65.39
825,13.83,65.89
825,14.040000000000001,65.46
825,14.14,63.48
825,14.19,66.64
825,14.71,63.405
825,15.040000000000001,63.28
825,15.08,63.4
825,15.13,63.365
825,15.19,64.19
825,15.59,63.6
825,15.860000000000001,64.63
825,16.05,64.465
825,16.13,63.89
825,17.11,63.87
825,17.740000000000002,67.93
828,12.9,70.28
828,13.530000000000001,68.95
828,13.94,65.355
828,14.67,63.67
828,14.9,62.995000000000005
828,14.94,62.31
828,14.99,62.56
828,15.66,61.59
828,15.790000000000001,63.57
828,15.91,63.3
828,16.01,62.53
828,16.6,64.28
828,16.62,62.605000000000004
828,16.66,61.84
828,16.93,63.585
828,16.97,62.120000000000005
828,17.64,62.215
835,12.38,64.985
835,12.530000000000001,63.85
835,13.15,63.85
835,13.25,63.375
835,13.33,62.68
835,13.48,63.075
835,13.530000000000001,63.47
835,13.63,62.48
835,14.17,63.16
835,14.26,61.93
835,14.3,62.035
835,14.35,61.51
835,14.49,62.775000000000006
835,14.55,61.435
835,14.63,61.82
835,15.16,62.8
835,15.26,62.36
835,15.3,61.155
835,15.55,61.805
835,15.610000000000001,61.489999999999995
835,15.65,60.67
835,16.3,61.88
835,16.6,61.21
835,16.65,60.64
839,10.55,85.72
839,11.53,76.95
839,11.620000000000001,79.27
839,12.48,73.74
839,12.6,71.97
839,14.38,65.24
839,14.59,65.3
839,15.280000000000001,62.875
839,15.42,62.675
839,15.44,60.96
839,15.47,61.73
839,15.74,61.74
839,16.28,63.135000000000005
839,16.34,62.695
839,16.48,61.02
839,16.78,62.19
839,17.32,61.44
839,17.44,60.84
839,17.67,63.224999999999994
839,18.32,62.28
839,18.43,62.25
839,18.66,62.7
845,12.39,73.29
845,12.540000000000001,73.125
845,13.24,71.67
845,13.290000000000001,70.41
845,13.370000000000001,70.32
845,13.41,70.18
845,13.64,68.53
845,13.68,71.6
845,14.27,67.78
845,14.31,68.67
845,14.370000000000001,68.05
845,14.700000000000001,67.65
845,15.31,68.95
845,15.370000000000001,68.49
845,15.44,69.35
845,15.69,67.2
845,16.3,67.99
845,16.38,69.35
845,16.63,67.4
851,12.38,70.31
851,13.26,67.29
851,13.370000000000001,64.87
851,14.14,63.775
851,14.24,65.9
851,14.41,62.295
851,14.47,61.85
851,15.040000000000001,62.625
851,15.14,61.69
851,15.19,61.91
851,15.39,61.650000000000006
851,15.47,62.31
851,16.14,60.78
851,16.44,61.015
851,16.490000000000002,61.17
851,16.98,61.22
851,17.07,63.52
851,17.17,60.12
851,17.330000000000002,61.96
851,17.38,62.265
851,17.490000000000002,60.09
862,11.99,70.06
862,13.76,66.79
862,13.83,68.22
862,13.93,65.14500000000001
862,13.97,65.78
862,14.05,65.39
862,14.540000000000001,66.61
862,14.58,64.94
862,14.620000000000001,63.9
862,14.69,65.1
862,14.75,65.275
862,14.870000000000001,65.67
862,15,63.495
862,15.58,64.07499999999999
862,15.620000000000001,63.74
862,15.69,63.625
862,15.9,64.9
862,15.92,64.625
862,15.96,65.89500000000001
862,16,65.005
862,16.46,65.045
862,16.59,64.43
862,16.65,65.66
862,16.92,66.1
862,16.98,66.09
863,13.51,68.12
863,13.67,68.155
863,13.950000000000001,66.15
863,14.09,65.78
863,14.13,68.39
863,14.59,66.1
863,14.74,64.71
863,14.84,65.34
863,14.950000000000001,64.59
863,15.09,64.87
863,15.17,63.36
863,15.76,65.83
863,15.870000000000001,63.9
863,16.080000000000002,62.955
863,16.19,62.16
863,16.73,64.52
863,16.85,63.13
863,17.12,64.76
863,17.71,65.14
863,17.92,65.7
863,18.1,66.15
863,19,68.12
864,14.200000000000001,65.435
864,14.24,66.04
864,14.280000000000001,65.7
864,14.33,65.16
864,14.85,65.23
864,14.89,64.25
864,14.97,63.465
864,14.99,64.725
864,15.27,63.515
864,15.32,64.43
864,15.83,67.36500000000001
864,15.9,69.14
864,15.96,64.65
864,16.02,65.63
864,16.16,67.71
864,16.19,63.925
864,16.27,63.305
864,16.88,64.035
864,16.92,63.839999999999996
864,16.98,64.415
864,17.19,64.15
864,17.23,70.05
864,17.88,69.43
873,11.28,78.06
873,11.49,74.71
873,11.66,75.435
873,11.76,71.45
873,12.290000000000001,77
873,12.39,74.07
873,12.43,71.3
873,12.49,72.63
873,12.68,74.38
873,12.73,73.03
873,12.81,71.78
873,13.370000000000001,71.7
873,13.52,71.66
873,13.6,70.88
873,13.66,72.25
873,13.81,71.1
873,15.31,76.05
873,15.42,76.26
873,15.8,75.1
873,16.3,71.06
873,16.53,73.19
873,16.66,74.88
873,16.75,75.14
873,16.82,72.68
873,18.3,73.35
873,19.3,73.26
873,19.55,75.28
885,15.16,65.47999999999999
885,15.83,62.165
885,16.01,61.77
885,16.12,61.5
885,16.19,62.28
885,16.27,61.27
885,16.67,60.89
885,16.81,61.5
885,16.9,60.105000000000004
885,16.92,60.09
885,16.990000000000002,59.55
885,17.05,60.01
885,17.19,61.04
885,17.27,59.980000000000004
885,17.78,60.47
885,17.94,60.47
885,17.990000000000002,60.75
885,18.07,59.38
885,18.13,61.33
885,18.17,61.44
885,18.76,62.18
885,18.86,61.89
885,19.07,61.23
885,19.11,62.4
885,19.19,63.03
885,19.61,66.25
885,19.76,64.58
891,14.08,68.45
891,14.120000000000001,68.46
891,14.16,69.21
891,14.77,67.41
891,15.120000000000001,67.26
891,15.15,68.22
891,15.73,66.38
891,15.860000000000001,66.575
891,15.9,67.69
891,16.05,65.44
891,16.15,67.11
891,16.72,66.89
891,16.78,66.98
891,16.88,66.35
891,17.07,65.65
891,17.150000000000002,65.36
903,12.6,69.5
903,13.1,68.18
903,13.25,67.7
903,14.09,67.9
903,14.27,68.54
903,15.11,67.37
903,15.24,68.61
903,15.36,67.81
903,15.610000000000001,66.93
903,15.63,68.71
903,16.22,67.68
903,16.43,65.85
903,16.61,65.19
903,16.63,65.715
903,17.2,64.76
903,17.3,65.52
903,17.51,66.25
903,18.04,66.83
903,18.2,65.86
903,18.29,65.47
903,18.6,69.63
905,13.91,65.055
905,13.94,64.76
905,14.450000000000001,65.26
905,14.790000000000001,62.94
905,14.870000000000001,65.62
905,14.98,62.52
905,15.39,61.12
905,15.52,62.24
905,15.64,62.065
905,15.870000000000001,63.115
905,15.96,61.88
905,16.87,68.95
905,17.63,65.34
905,17.900000000000002,69.82
905,18.61,64
905,18.71,63.84
905,18.900000000000002,67.43
905,19.47,65.08
908,13.89,66.76
908,13.93,65.55
908,14.01,64.68
908,14.370000000000001,66.745
908,14.52,66.81
908,14.620000000000001,67.36
908,14.72,67.18
908,14.96,66.215
908,15.01,64.89
908,15.67,66.305
908,15.96,64.34
908,16.54,65.23
908,16.61,65.84
908,16.65,65.22
908,16.69,64.135
908,16.88,64.71
908,16.96,62.8
908,17.02,62.54
908,17.55,67.25
908,17.59,65.69
908,17.67,63.825
913,10.72,79.615
913,11.35,73.34
913,11.53,72.1
913,11.64,71.08
913,11.68,72.55
913,12.31,68.4
913,12.66,66.47999999999999
913,12.700000000000001,66.83
913,12.790000000000001,66.36
913,12.870000000000001,64.38
913,13.5,64.56
913,13.56,64.625
913,13.81,64.88
913,13.9,62.650000000000006
913,13.96,62.22
913,14.6,61.56
913,14.64,61.8
913,14.66,61.14
913,14.81,62.075
913,14.96,62.14
913,15.48,61.74
913,15.56,61.295
913,15.63,60.41
913,15.68,60.16
913,15.98,60.84
913,16.59,60.305
913,16.63,59.78
913,16.86,60.82
913,16.94,60.165
913,16.990000000000002,59.74
913,17.51,59.91
913,17.59,59.625
913,17.63,59.019999999999996
913,17.67,58.84
913,17.86,60.405
913,17.93,59.459999999999994
916,13.34,69.21
916,13.39,69.61
916,13.49,68.96
916,13.76,68.495
916,14.33,67.345
916,14.450000000000001,68.34
916,14.68,64.24
916,14.76,64.175
916,15.35,65.10499999999999
916,15.46,64.53999999999999
916,15.68,63.129999999999995
916,15.77,63.644999999999996
916,16.35,63.195
916,16.39,62.615
916,16.42,62.35
916,16.68,61.900000000000006
916,16.71,63.894999999999996
916,16.77,62.989999999999995
916,16.84,62.71
916,17.38,63.86
916,17.5,63.34
916,17.67,62.425
916,17.71,63.370000000000005
916,17.77,62.385
916,18.34,63.03
916,18.5,62.38
926,10.15,87.58000000000001
926,12.280000000000001,69.07
926,12.34,69.12
926,13.3,66.69
926,13.97,64.9
926,14.07,63.43
926,14.11,61.540000000000006
926,14.15,61.365
926,14.16,61.59
926,14.3,62.675
926,14.36,62.055
926,14.44,61.61
926,14.93,62.235
926,14.99,61.745
926,15.14,61.55
926,15.33,62.195
926,15.370000000000001,61.835
926,15.44,61.08
926,15.99,62.535
926,16.04,62.75
926,16.1,61.445
926,16.330000000000002,61.165000000000006
926,16.37,61.769999999999996
926,16.41,60.56
926,16.46,60
930,12.38,74.26
930,13.24,69.19
930,13.38,70.06
930,14.07,67.14
930,14.15,65.46
930,14.42,66.62
930,15.05,66.62
930,15.11,65.945
930,15.15,64.8
930,15.34,66.38
930,15.39,65.66
930,16.080000000000002,66.66
930,16.1,66.87
930,16.37,65.3
930,16.45,66.03
930,17.1,66.37
934,13.290000000000001,65
934,13.35,65.57
934,13.88,65.55
934,14.35,63.91
934,14.86,62.629999999999995
934,15.13,63.84
934,15.17,64.07
934,15.3,64.83
934,15.35,64.16
934,15.860000000000001,63.19
934,15.950000000000001,62.65
934,16.28,65.28999999999999
934,16.3,64.81
934,16.87,64.5
934,16.97,64.26
934,16.990000000000002,64.79
934,17.03,64.72
934,17.3,63.875
936,12.24,72.63
936,13.1,68.38499999999999
936,13.24,68.61
936,13.77,67.03
936,13.950000000000001,67.93
936,14.16,67.75
936,14.27,66.155
936,14.31,67.28
936,14.790000000000001,66.45
936,14.92,65.99000000000001
936,15.040000000000001,66.2
936,15.17,65.98
936,15.290000000000001,65.68
936,15.31,68.195
936,16.02,67.84
936,16.11,68.47
936,16.29,69.41
936,16.31,70.88499999999999
936,17.32,67.66999999999999
936,18.09,67.27
944,12.16,77.58
944,12.93,70.89
944,13.02,71.9
944,13.16,72.42
944,13.75,71.19
944,13.81,69.64
944,13.83,69.01
944,13.870000000000001,69.63
944,13.88,69.93
944,14.16,69.16
944,14.18,69.25
944,14.75,68.47
944,14.790000000000001,69.745
944,14.86,69.58500000000001
944,14.9,67.97
944,15.13,68.84
944,15.17,68.18
944,15.76,71.59
944,15.82,68.905
944,15.84,70.76
944,16.19,71.735
944,16.78,70.63
944,16.9,68.91499999999999
944,17.13,70.76
944,17.19,70.35
944,17.8,70.72
944,17.900000000000002,69.21
944,18.09,67.31
944,18.85,67.05
944,19.1,66.89
944,19.77,68.9
949,14.69,63.19
949,14.85,65.7
949,14.91,66.49
949,15.42,65.56
949,15.52,65.12
949,15.73,64.18
949,15.860000000000001,62.175
949,15.93,60.98
949,16.26,62.34
949,16.42,62.49
949,16.48,62.29
949,16.51,61.06
949,16.72,60.72
949,16.76,63.27
949,16.93,60.12
949,17.47,62.41
949,17.75,61.44
949,18.47,63.12
949,18.67,61.14
949,18.85,61.15
949,19.66,58.584999999999994
954,11.77,80.82
954,12.59,76.83
954,13.71,68.49
954,14.43,69.13
954,14.530000000000001,64.03
954,14.65,64.08
954,14.72,63.83500000000001
954,14.780000000000001,64.2
954,14.82,67.6
954,15.41,64.11500000000001
954,15.530000000000001,63.82
954,16.37,65.49
954,16.53,64.02
954,16.72,64.56
954,16.78,64.235
954,16.830000000000002,64.68
959,10.97,84.91
959,13.71,65.42
959,13.75,65.66
959,13.780000000000001,65.76
959,14.040000000000001,63.86
959,14.13,64.315
959,14.19,63.27
959,14.76,62.004999999999995
959,14.84,62.04
959,14.86,60.019999999999996
959,14.88,60.19
959,15.030000000000001,61.215
959,15.13,60.96
959,15.18,60.77
959,15.72,62.075
959,15.780000000000001,61.375
959,15.9,60.775
959,16.05,61.805
959,16.2,60.64
959,16.68,62.86
959,16.740000000000002,62.335
959,16.78,61.965
959,16.85,60.785
959,17.01,60.68
959,17.080000000000002,61.97
959,17.16,60.510000000000005
959,17.21,59.519999999999996
959,17.73,60.98
959,17.77,60.655
959,17.85,59.975
959,18.02,64.39500000000001
959,18.16,60.945
979,13.68,74.71
979,13.81,75.21
979,13.950000000000001,72.94
979,14.1,73.45
979,14.790000000000001,69.18
979,14.81,70.125
979,14.83,68.02
979,15.1,68.61
979,15.67,68.035
979,15.73,68.42
979,15.81,67.61500000000001
979,15.83,65.06
979,16.02,65.845
979,16.79,67.16499999999999
979,16.82,63.5
979,17.05,63.769999999999996
979,17.13,64.83
979,17.76,63.035
979,17.82,62.21
979,18.01,66.33
979,18.05,64.495
979,18.13,66.97
985,12.56,68.13
985,13.26,69.28
985,13.34,69.4
985,13.66,68.975
985,14.33,68.51
985,14.450000000000001,68.43
985,14.66,70.395
985,14.73,67.43
985,15.31,66.17
985,15.370000000000001,64.62
985,15.58,65.12
985,15.68,65.64
985,15.74,64.64
985,16.330000000000002,63.53
985,16.54,64.02
985,16.68,65.495
985,16.740000000000002,62.95
985,18.330000000000002,66.57
985,18.53,64.67
985,18.67,68.78
985,19.38,67.28
985,19.42,67.38
985,19.44,67.76
988,13.99,67.66
988,14.280000000000001,67.19
988,14.41,68.6
988,14.91,65.265
988,15.27,64.91
988,15.450000000000001,65.63
988,16.080000000000002,63.69
988,16.19,63.41
988,16.41,63.769999999999996
988,16.45,63.019999999999996
988,16.92,63.81
988,18.02,64.76
988,18.04,64.46
988,18.150000000000002,63.85
988,18.25,63.78
988,19.01,65.37
988,19.11,66.305
993,11.91,75.39
993,13.65,66.45
993,13.780000000000001,66.7
993,13.94,67.34
993,14,65
993,14.51,67.19
993,14.61,68.18
993,14.73,67.16
993,14.82,63.195
993,14.96,64.22
993,15,62.64
993,15.36,63.5
993,15.51,62.81
993,15.610000000000001,63.19
993,15.700000000000001,63.17999999999999
993,15.77,63.06
993,15.81,62.25
993,15.950000000000001,63.95
993,16.02,62.25
993,16.68,67.45
994,10.46,88.12
994,10.540000000000001,82.47
994,11.58,72.34
994,13.17,62.394999999999996
994,13.34,61.82
994,13.36,62.04
994,13.47,63.36
994,13.51,62.855000000000004
994,13.61,64.28
994,13.66,62.7
994,14.34,60.92
994,14.38,60.68
994,14.530000000000001,60.985
994,14.67,59.94
994,15.16,61.32
994,15.22,60.885000000000005
994,15.33,60.565
994,15.48,60.93
994,16.16,62.43
994,16.29,60.97
994,16.330000000000002,60.394999999999996
994,16.46,61.07
994,16.69,59.75
1004,15.540000000000001,70.17
1004,16.04,65.925
1004,16.21,65.93
1004,16.42,64.755
1004,16.5,65.82
1004,16.54,65.44
1004,16.580000000000002,65.945
1004,17.05,66.17
1004,17.19,67.12
1004,17.3,66.02
1004,17.55,64.695
1004,17.57,65.81
1004,18.16,64.26
1004,18.28,64.59
1004,18.55,64.86
1004,18.57,65.58
1004,19.14,68.04
1006,11.31,68.95
1006,12.27,66.33
1006,12.3,66.11
1006,12.34,63.53
1006,13.030000000000001,63.745
1006,13.11,62.705
1006,13.15,68.5
1006,13.27,63.665
1006,13.3,63.96
1006,13.84,60.78
1006,14.15,60.58
1006,14.16,59.29
1006,14.32,61.55
1006,14.370000000000001,58.96
1006,14.44,59.575
1006,14.93,60.13
1006,15.040000000000001,59.72
1006,15.08,60.08
1006,15.14,57.915
1006,15.24,60.644999999999996
1006,15.31,59.8
1006,15.35,61.3
1006,15.44,58.345
1006,15.93,59.79
1006,16.02,58.31
1006,16.080000000000002,59.29
1006,16.14,56.925
1006,16.21,57
1006,16.23,57.27
1006,16.31,57.98
1006,16.4,57.19
1006,16.46,57.599999999999994
1009,12.41,79.81
1009,12.89,74.61
1009,13.52,69.52
1009,13.58,71.04
1009,13.77,71.03
1009,13.870000000000001,72.95
1009,14.75,68.4
1009,14.88,67.64500000000001
1009,15.52,69.24
1009,15.63,65.79
1009,15.69,65.28
1009,15.73,67.36500000000001
1009,15.92,68.35
1009,16,64.38
1009,16.63,64.84
1009,16.67,64.825
1009,16.92,65.36000000000001
1011,13.36,64.31
1011,14.34,60.760000000000005
1011,14.43,60.565
1011,14.64,60.42
1011,15.43,60.01
1011,15.6,59.98
1011,15.780000000000001,60.485
1011,16.35,59.83
1011,16.47,59.09
1011,16.5,59.72
1011,16.78,60.62
1011,17.39,60.87
1011,17.73,59.15
1011,17.77,59.85
1011,18.23,60.34
1011,18.35,60.27
1011,18.38,60.225
1011,18.71,60.55
1011,18.79,59.47
1011,19.25,58.96
1011,19.46,59.805
1011,19.51,59.16
1011,19.71,59.95
1011,19.79,60.485
1019,13.71,72.64
1019,14.700000000000001,73.13
1019,15.370000000000001,68.06
1019,15.58,66.44
1019,15.72,69.45
1019,16.12,67.18
1019,16.28,65.42
1019,16.72,66.61
1019,17.37,62.795
1019,17.43,65.25
1019,17.47,64.05
1019,17.67,64.73
1019,18.29,65.3
1019,18.41,63.96
1019,18.44,69.13
1019,18.64,63.74
1019,19.3,64.92
1022,14.33,65.765
1022,14.38,65.83
1022,14.4,66.28
1022,14.47,65.14
1022,14.99,65.37
1022,15.11,64.15
1022,15.4,63.575
1022,15.46,62.86
1022,15.97,61.33
1022,16.07,63.23
1022,16.28,62.14
1022,16.42,61.61
1022,16.48,60.599999999999994
1022,16.82,61.98
1022,16.97,61.04
1022,17.07,61.2
1022,17.41,60.595
1022,17.48,59.94
1022,17.97,62.02
1022,17.990000000000002,60.785
1022,18.03,60.465
1022,18.12,60.760000000000005
1022,18.23,60.24
1022,18.31,60.040000000000006
1022,18.41,60.89
1025,13.02,67.52
1025,13.620000000000001,68.26
1025,13.73,67.05
1025,13.83,67.56
1025,14,67.53
1025,14.02,67.76
1025,14.59,68.97
1025,14.69,68.99
1025,14.9,66.2
1025,15.040000000000001,72.91
1025,15.67,69.03
1025,15.82,68.35
1025,15.96,65.535
1025,16,65.47
1025,16.04,67.62
1025,16.75,65.84
1025,16.78,65.44
1025,16.94,66.28
1025,16.990000000000002,65.92
1025,17.03,67.31
1025,17.61,67.87
1025,17.66,67.68
1025,17.97,69.39
1025,18.03,70.04
1025,18.64,69.19
1025,19.75,65.445
1027,12.59,68.8
1027,13.17,67.87
1027,13.26,66.33
1027,14.17,62.26
1027,14.26,61.849999999999994
1027,14.36,63.53
1027,14.47,62.98
1027,14.51,63.33
1027,14.66,62.4
1027,15.18,63.47
1027,15.26,62.3
1027,15.34,63.79
1027,15.57,63.13
1027,15.610000000000001,63.955
1027,16.3,64.48
1027,16.56,64.315
1027,16.6,63.34
1027,17.5,64.07
1027,17.580000000000002,62.36
1027,18.21,60.765
1027,18.23,60.754999999999995
1027,18.29,60.47
1027,18.36,60.06
1027,18.490000000000002,64.08
1027,18.52,61.135
1032,13.75,69.97
1032,13.92,70.43
1032,14.13,70.07
1032,15.21,68.29
1032,15.280000000000001,69.13
1032,16.07,65.45
1032,16.2,64.66499999999999
1032,16.26,64.06
1032,16.85,64.765
1032,16.95,64.69
1032,17.16,64.565
1032,17.26,63.42
1032,17.7,64.72
1032,17.85,63.625
1032,17.95,64.24
1032,18.04,64.82
1034,12.65,72.89500000000001
1034,13.01,67.61
1034,13.07,68.18
1034,13.64,68.62
1034,13.72,67.20333333333333
1034,13.76,67.35
1034,13.8,68.03
1034,13.99,68.68
1034,14.01,68.44999999999999
1034,14.06,67.87
1034,14.72,68.04
1034,14.77,68.7
1034,15,67.78
1034,15.01,66.19
1034,15.08,65.625
1034,15.65,64.95
1034,15.73,66.15
1034,15.83,65.39
1034,15.99,64.44
1034,16,64.805
1034,16.080000000000002,65.15
1035,12.65,69.42
1035,13.15,67.18
1035,13.3,65.195
1035,13.4,64.95
1035,13.55,64.51
1035,13.65,64.06
1035,13.74,64.19
1035,14.17,61.955
1035,14.44,61.885000000000005
1035,14.61,60.25
1035,14.76,60.095
1035,15.16,59.645
1035,15.3,60.685
1035,15.43,60.21
1035,15.48,59.35
1035,15.55,59.86
1035,15.77,60.185
1035,16.28,59.21
1035,16.39,59.51
1035,16.43,58.445
1035,16.490000000000002,59.11
1035,16.56,58.73
1035,16.66,59.05
1035,16.69,58.519999999999996
1035,16.76,58.035
1035,17.6,58.535
1035,17.68,58.275
1035,18.1,60.7
1035,19.44,61.88
1035,19.51,59.31
1035,19.650000000000002,61.09
1037,12.58,75.93
1037,14.280000000000001,70.43
1037,14.44,69.48
1037,15.38,68.35
1037,15.72,68.525
1037,16.36,65.925
1037,16.45,64.8
1037,16.62,65.095
1037,16.66,64.955
1037,16.72,63.74
1037,17.31,66.91999999999999
1037,17.45,64.89
1037,17.53,66.49000000000001
1037,17.6,66.66499999999999
1037,17.64,65.305
1037,17.7,64.19
1037,18.39,63.885
1037,18.45,62.7
1037,18.68,64.315
1037,18.75,62.510000000000005
1039,14.200000000000001,66.575
1039,14.790000000000001,65.5
1039,14.91,65.94
1039,15,64.89
1039,15.18,64.425
1039,15.200000000000001,64.6
1039,15.870000000000001,66.25
1039,16.080000000000002,65.68
1039,16.21,65.23
1039,16.86,62.98
1039,16.96,63.06
1039,17.76,61.355
1039,17.82,62.435
1039,17.96,62.375
1039,18,62.3
1039,18.11,61.73
1039,18.21,61.845
1039,19.21,64.45
1040,13.040000000000001,66.74
1040,13.61,65.64
1040,13.780000000000001,64.58
1040,13.92,63.57
1040,14.01,64.125
1040,14.1,63.39
1040,14.61,62.59
1040,14.700000000000001,62.23
1040,14.91,61.07
1040,15.05,61.504999999999995
1040,15.1,61.535
1040,15.620000000000001,62.44
1040,15.700000000000001,61.61
1040,15.94,61.56
1040,16.080000000000002,61.9
1040,16.62,61.62
1040,16.72,62.07
1040,16.79,61.44
1040,16.86,62.49
1040,17.04,62.81
1040,17.1,63.03
1040,17.5,65.37
1040,17.64,64.17
1040,17.67,63.13
1040,17.73,64.32
1040,19.77,62.375
1041,14.36,62.25
1041,14.39,62.34
1041,14.43,62.28
1041,14.59,62.18
1041,14.64,61.485
1041,14.73,62.34
1041,15.280000000000001,61.64
1041,15.35,60.93
1041,15.39,60.615
1041,15.58,62.81
1041,15.6,61.01
1041,15.66,61.585
1041,15.75,60.17
1041,16.35,60.19
1041,16.43,59.87
1041,16.580000000000002,61.16
1041,16.75,60.79
1042,12.39,73.89
1042,13.39,67.36500000000001
1042,13.96,64.67500000000001
1042,14.06,64.58000000000001
1042,14.27,63.915000000000006
1042,14.41,64.16499999999999
1042,14.450000000000001,64.65
1042,14.96,64.305
1042,15.06,63.805
1042,15.16,64.31
1042,15.27,63.32
1042,15.41,66.465
1042,15.98,63.129999999999995
1042,16.04,63.839999999999996
1042,16.13,64.32
1042,16.4,62.54
1042,16.98,66.15
1042,17.09,65.62
1042,17.32,64.62
1042,17.400000000000002,67.32
1042,17.990000000000002,63.57000000000001
1042,19.03,66.17
1042,19.07,66.89
1043,14.18,69.86
1043,14.25,71.99
1043,15.040000000000001,69.67
1043,15.1,67.9
1043,15.18,69.83
1043,15.25,69.56
1043,16.19,70.18
1043,16.27,69.61
1043,16.96,64.89
1043,17.19,65.38
1043,17.23,65.39
1043,17.27,65.11500000000001
1043,17.92,67.47
1043,17.98,66.87
1043,18.03,66.93
1043,18.84,66.71
1043,18.97,66.305
1043,19.26,66.91499999999999
1047,13.64,74.78
1047,13.82,74.69
1047,13.950000000000001,73.96
1047,13.99,74.23
1047,14.450000000000001,75.045
1047,14.6,72.22
1047,14.700000000000001,72.13
1047,14.89,72.12
1047,14.950000000000001,73
1047,14.98,72.25
1047,15.44,70.37
1047,15.540000000000001,71.15
1047,15.56,70.18
1047,15.73,70
1047,15.96,69.9
1047,16.6,72.905
1047,16.71,71.83
1049,12.92,68.59
1049,13.88,66.12
1049,13.93,66.58
1049,13.950000000000001,66.05
1049,14.76,67.64
1049,14.93,66.13
1049,14.950000000000001,66.77
1049,15.52,65.76
1049,15.620000000000001,65.05
1049,15.68,65.71
1049,15.83,63.835
1049,15.93,65.25
1049,15.97,65.225
1049,16.37,65.89
1049,16.52,66.39
1049,16.62,66.16
1049,16.71,64.79
1049,16.93,64.61
1050,12.540000000000001,85.74
1050,13.540000000000001,77.76
1050,15.32,78.12
1050,16.2,74.72
1050,16.26,76.23
1050,16.41,75.3
1050,17.12,75.525
1050,17.39,74.43
1050,18.12,70.515
1050,18.16,71.47
1050,18.44,69.53
1050,19.150000000000002,68.86
1050,19.21,67.84
1050,19.400000000000002,68.6
1050,19.47,67.6
1050,19.56,71.43
1051,12.21,76.85
1051,13.25,72.345
1051,13.88,67.72
1051,13.92,67.81
1051,14.040000000000001,63.68
1051,14.21,65.09
1051,15,65.55
1051,15.17,64.345
1051,15.23,65.375
1051,15.92,64.15
1051,16.03,62.84
1051,16.22,67.8
1051,16.26,64.03
1051,16.3,64.065
1051,16.34,62.71
1051,16.78,66.67
1051,16.91,64.14
1051,16.990000000000002,65.94
1051,17.07,63.16
1051,17.22,67.76
1051,17.26,65.305
1051,17.39,62.81
1057,14.4,61.65
1057,14.94,62.58
1057,15.08,61.394999999999996
1057,15.19,60.75
1057,15.290000000000001,62.1
1057,15.38,60.510000000000005
1057,15.96,62.86
1057,16.05,62.11
1057,16.07,61.095
1057,16.15,61.08
1057,16.25,61.25
1057,16.4,61.4
1057,17.05,61.1
1057,17.12,61.47
1057,17.18,60.79
1057,17.92,62.13
1057,18.03,63.27
1057,18.13,61.74
1057,18.89,60.595
1057,19.2,60.63
1057,19.28,60.26
1057,19.32,60.61
1057,19.990000000000002,60.52
1058,12.26,71.17
1058,12.33,71.4
1058,13.200000000000001,67.975
1058,13.33,64.2
1058,13.950000000000001,67.16
1058,14.1,64.75
1058,14.370000000000001,63.545
1058,15.040000000000001,62.8
1058,15.1,62.38
1058,15.15,60.98
1058,15.35,65.13
1058,15.43,61.57
1058,16.04,63.394999999999996
1058,16.06,63.58
1058,16.1,62.51
1058,16.25,63.004999999999995
1058,16.4,63.54
1058,16.92,61.55
1058,16.98,60.995
1058,17.05,62.14
1058,17.09,61.79
1058,17.32,62.79
1058,17.400000000000002,62.64
1062,12.15,79.15
1062,13.1,68.5
1062,13.14,71.24
1062,13.64,66.35
1062,13.81,65.42
1062,13.89,65.00999999999999
1062,13.91,63.84
1062,14.1,63.95
1062,14.14,64.7
1062,14.18,64.2
1062,14.25,62.89
1062,14.65,63.805
1062,14.790000000000001,63.735
1062,14.88,62.370000000000005
1062,14.9,64.265
1062,15.040000000000001,63.23
1062,15.18,63.89
1062,15.24,63.26
1062,15.77,64.45
1062,15.88,64.47
1062,15.98,64.6
1062,16.02,64.28
1062,16.17,64.36
1062,16.25,62.95
1062,16.75,63.620000000000005
1062,16.84,63.43
1062,17.02,62.68
1062,17.05,62.83
1062,17.150000000000002,62.879999999999995
1062,17.19,62.86
1062,17.25,62.55
1062,17.59,61.8
1062,17.75,63.144999999999996
1062,17.84,62.575
1062,17.93,62.06
1062,18.09,62.56
1062,18.150000000000002,61.9
1062,18.19,64.75
1070,14.02,70.3
1070,14.4,67.63
1070,14.71,66.49
1070,14.84,64.9
1070,14.98,66.57
1070,15.02,66.2
1070,15.63,65.48
1070,15.73,67.66499999999999
1070,15.75,65.26
1070,15.98,68.36
1070,16.02,65.89500000000001
1070,16.490000000000002,65.5
1070,16.73,66.32499999999999
1070,17.02,64.61500000000001
1070,17.740000000000002,64.03999999999999
1070,17.990000000000002,64.63
1070,18.01,64.455
1073,13.36,75.47
1073,14.07,70.48
1073,15.06,67.08
1073,15.08,66.88
1073,15.120000000000001,67.21
1073,15.22,65.53
1073,15.370000000000001,64.95
1073,15.41,63.394999999999996
1073,15.52,63.16
1073,16.080000000000002,64.02
1073,16.12,64.34
1073,16.18,65.11
1073,16.19,63.835
1073,16.39,62.99
1073,16.41,63.165000000000006
1073,16.5,62.07
1073,17.080000000000002,62.725
1073,17.1,63.31
1073,17.27,65.71
1073,17.41,62.48
1073,17.5,62.666666666666664
1073,18.11,65.08
1073,18.150000000000002,64.37
1073,18.23,63.57
1073,18.29,65.47
1073,18.5,64.13
1074,14.76,68.9
1074,15.450000000000001,67.51
1074,15.6,66.35
1074,15.64,64.88
1074,16.46,65.32
1074,16.48,66.13
1074,16.52,64.7
1074,16.77,69.38
1074,16.81,68.33
1074,17.52,63.62
1074,17.59,63.59
1074,17.79,63.56
1074,17.81,62.865
1074,17.900000000000002,63.05
1074,18.5,63.35
1074,18.67,66.43
1074,18.81,62.1
1074,19.51,64.75
1074,19.55,63.35
1074,19.63,61.995000000000005
1074,19.69,63.66
1074,19.900000000000002,62.605000000000004
1076,13.69,69.49
1076,13.96,67.83
1076,13.98,67.83500000000001
1076,14.77,67.22
1076,14.790000000000001,65.805
1076,14.9,66.37
1076,14.98,66.05
1076,15.67,65.43
1076,15.76,66.81
1076,15.92,65.33500000000001
1076,15.98,67.49
1076,16.740000000000002,65.38
1076,16.98,64.2
1076,17.05,64.59
1076,17.8,65.81
1076,18.8,65
1076,18.990000000000002,68.76
1081,13.05,67.27
1081,13.08,66.88
1081,16.04,67.27
1081,16.12,65.82499999999999
1081,16.71,66.59
1081,16.82,64.565
1081,16.92,64.75
1081,17.09,66.3
1081,17.68,65.32
1081,17.78,66.44
1081,17.990000000000002,64.815
1081,18.09,66.06
1081,18.53,65.2
1081,18.68,65.34
1081,18.78,65.23
1081,19.09,66.85
1081,19.13,66.015
1081,19.84,66.25
1081,19.89,66.28
1081,19.91,65.03
1085,11.63,79.92
1085,11.870000000000001,77.93
1085,12.61,74.31
1085,12.75,72.6
1085,13.57,70.73
1085,13.61,68.88
1085,13.86,68.42
1085,14.43,67.29
1085,14.55,66.975
1085,14.59,65.82
1085,14.76,69.93
1085,14.86,67.97
1085,15.51,66.33
1085,15.59,66.92
1085,15.780000000000001,69
1085,15.84,66.45
1085,16.81,66.675
1086,11.8,73
1086,11.93,74.95
1086,12.870000000000001,68.5
1086,12.93,69.6
1086,13.620000000000001,66.67
1086,13.74,65.11500000000001
1086,13.780000000000001,64.59
1086,13.950000000000001,66.71000000000001
1086,14.05,63.85
1086,14.700000000000001,63.44
1086,14.780000000000001,63.62
1086,14.97,64.68
1086,15.02,63.614999999999995
1086,16.65,64.78
1086,16.77,63.93
1086,17,63
1086,17.080000000000002,62.89
1089,12.780000000000001,72.97
1089,13.01,72.06
1089,13.67,70.1
1089,13.74,68.67
1089,13.9,65.66
1089,13.97,66.47
1089,14.18,67.39
1089,14.74,65.05
1089,14.76,64.16
1089,14.84,63.51
1089,14.89,64.57
1089,15.14,65.9
1089,15.21,63.19
1089,15.66,66.91
1089,15.85,66.65
1089,15.89,65.64
1089,15.93,66.84
1089,16.16,69.15
1089,16.66,64.46
1089,16.75,64.12
1089,16.830000000000002,62.19
1089,16.91,62.93
1089,17.17,63.405
1089,17.63,63.54
1089,17.830000000000002,63.85
1089,18.98,65.82
1089,19.67,64.79
1097,12.91,72.33
1097,13,71.24
1097,13.83,68.535
1097,13.870000000000001,69.3
1097,13.98,67.16499999999999
1097,14.06,67.84
1097,14.15,68.49
1097,14.17,70.47
1097,14.73,69.96
1097,14.84,69.29
1097,14.88,69.67
1097,15.15,67.79
1097,15.17,77.37
1097,15.780000000000001,69.92
1097,15.82,69.33
1097,15.860000000000001,69.27
1097,16.16,69.815
1097,16.76,69.58
1097,16.82,71.02
1103,15.27,66.9
1103,15.96,62.035
1103,16.16,61.79
1103,16.240000000000002,63.2
1103,16.27,62.394999999999996
1103,16.34,62.17
1103,16.75,63.21
1103,16.87,64.17
1103,16.88,63.68
1103,17,62.29
1103,17.13,60.08
1103,17.23,60.44
1103,17.32,59.78666666666667
1103,17.75,60.72
1103,17.900000000000002,62.03
1103,18.02,60.82
1103,18.09,59.86
1103,18.27,61.05
1103,18.34,59.876666666666665
1103,18.75,59.51
1103,18.86,60.04
1103,18.88,60.120000000000005
1103,18.990000000000002,60.6
1103,19.07,59.17
1103,19.150000000000002,59.815
1103,19.21,60.53
1103,19.27,59.035
1103,19.86,63.28
1103,19.97,60.11
1106,11.94,79.48
1106,12.98,67.82
1106,13.05,67.55
1106,13.67,67.68
1106,13.71,65.92
1106,13.76,64.315
1106,13.84,65.66
1106,14,64.62
1106,14.01,67.57
1106,14.09,66.945
1106,14.15,64.11
1106,14.700000000000001,65.88
1106,14.82,64.3
1106,14.99,65.13
1106,15.030000000000001,65.535
1106,15.09,65.68
1106,15.68,65.8
1106,15.82,64.17
1106,16.01,64.74000000000001
1106,16.07,63.63
1106,18.080000000000002,70.35
1107,13.01,70.11
1107,13.030000000000001,72.54
1107,13.99,67.26
1107,14.05,66.39
1107,14.07,67.575
1107,14.66,68.02
1107,14.780000000000001,64.945
1107,14.91,65.44
1107,15.05,64.095
1107,15.07,64.475
1107,15.64,65.20500000000001
1107,15.73,62.545
1107,16.04,63.625
1107,16.48,64.34
1107,16.64,64.53
1107,17.650000000000002,63.45
1110,13.32,63.02
1110,13.85,62.23
1110,13.99,64.62
1110,14.1,62.36
1110,14.24,62.6
1110,14.38,63.489999999999995
1110,14.44,62.105
1110,14.950000000000001,62
1110,14.97,62.83
1110,15.08,61.71
1110,15.18,61.23
1110,15.25,59.78
1110,15.44,60.2
1110,15.950000000000001,61.03
1110,16.04,61.26
1110,16.37,60.45
1110,16.79,60.64
1110,16.95,61.21
1110,17.14,59.835
1110,17.21,59.61
1110,17.29,59.78
1110,18.02,62.575
1110,18.1,61.715
1110,18.13,61.61
1111,12.26,70.19
1111,12.35,71.31
1111,12.41,70.02
1111,12.58,68.6
1111,13.52,64.26
1111,13.56,64.1
1111,13.67,64.1
1111,14.25,62.655
1111,14.35,62.32
1111,14.540000000000001,62.795
1111,14.56,62.525000000000006
1111,14.65,62.025
1111,14.71,62.5
1111,15.23,62.39
1111,15.32,62.015
1111,15.540000000000001,64.865
1111,15.56,61.9
1111,15.65,65.41
1111,15.72,62.13
1111,16.3,63.57
1111,16.38,63.23
1111,16.55,62.935
1111,16.65,62.65
1111,17.28,62.504999999999995
1111,17.38,62.78
1112,13.15,67.18
1112,13.88,64.9
1112,13.98,65.94
1112,14.01,64.17
1112,14.05,64.77
1112,14.13,62.129999999999995
1112,14.21,62.155
1112,14.3,63.02
1112,14.35,61.94
1112,14.870000000000001,63.2
1112,14.92,63.14
1112,15.030000000000001,61.585
1112,15.09,61.8
1112,15.120000000000001,61.45
1112,15.22,60.705
1112,15.3,64.125
1112,15.33,60.67
1112,15.93,61.489999999999995
1112,15.97,61.114999999999995
1112,16.03,61.52
1112,16.1,61.28
1112,16.31,62.38
1112,16.38,62.18
1112,16.91,63.11
1112,16.97,62.7
1112,16.98,62.115
1112,17.22,61.95
1112,17.31,62.94
1112,17.38,60.97
1113,13.700000000000001,67.71
1113,13.91,67.22
1113,14.01,66.88
1113,14.05,68.31
1113,14.450000000000001,66.62
1113,14.61,66.24
1113,14.700000000000001,69.05
1113,14.91,64.38
1113,15.01,65.19
1113,15.05,64.845
1113,15.620000000000001,63.28
1113,15.700000000000001,61.985
1113,15.74,62.645
1113,15.790000000000001,62.435
1113,16.080000000000002,61.57
1113,16.73,66.68
1113,16.77,64.615
1113,16.88,65.46000000000001
1113,16.96,63.8
1113,17.650000000000002,64.18
1113,17.75,63.17
1124,12.950000000000001,70.19
1124,13.17,67.79
1124,14.040000000000001,67.14
1124,14.07,67.47
1124,14.23,67.29
1124,14.33,67.3
1124,14.9,65.33
1124,14.94,64.95
1124,15.01,65.44999999999999
1124,15.05,64.86
1124,15.07,64.65
1124,15.25,65.92
1124,15.32,64.725
1124,15.35,64.55
1124,15.950000000000001,66.2
1124,15.99,65.72
1124,16.03,65.19
1124,16.240000000000002,63.86
1124,16.34,65.77000000000001
1124,16.93,63.8
1124,16.97,64.08
1124,17.01,63.03
1124,17.240000000000002,63.595
1124,17.34,63.620000000000005
1124,17.990000000000002,63.245000000000005
1124,18.07,62.3
1124,18.2,65.46
1124,18.240000000000002,64.22
1124,18.34,64
1127,13.06,68.38
1127,13.780000000000001,65.565
1127,13.94,64.84
1127,14.040000000000001,62.86
1127,14.120000000000001,64.5
1127,14.76,62.135000000000005
1127,14.98,62.91
1127,15.07,62.7
1127,15.120000000000001,60.55
1127,15.530000000000001,62.715
1127,15.68,60.230000000000004
1127,15.72,61.06
1127,15.8,60.46
1127,15.860000000000001,59.894999999999996
1127,15.96,58.7
1127,16.02,60.89
1127,16.05,59.71
1127,16.55,61.58
1127,16.68,60.005
1127,16.76,60.105000000000004
1127,16.8,59.935
1127,16.86,60.53
1127,16.88,59.205
1127,17.12,61.95
1127,17.55,61.265
1127,17.7,60.82
1127,17.740000000000002,59.95
1127,17.77,59.49
1127,17.87,59.150000000000006
1127,18.68,59.965
1127,18.75,60.105000000000004
1127,18.830000000000002,60.03
1127,19.01,63.37
1127,19.650000000000002,60.96
1127,19.81,60.81
1131,13.99,65.44
1131,15.47,63.29
1131,15.620000000000001,64.24
1131,15.790000000000001,64.12
1131,15.97,64.5
1131,16.04,65.055
1131,16.15,63.53
1131,16.56,63.73
1131,16.7,64.2
1131,16.81,64.96
1131,17.04,64.00999999999999
1131,17.13,63.93
1131,17.56,64.42
1131,17.71,65.08
1131,17.79,63.25
1131,18.81,65.95
1131,19.06,65.6
1131,19.080000000000002,65.175
1131,19.78,65
1131,19.88,65.11
1132,12.52,69.62
1132,14.38,63.285
1132,14.57,63.605000000000004
1132,15.15,62.84
1132,15.24,62.03
1132,15.450000000000001,60.92
1132,15.49,60.28
1132,15.65,60.87
1132,16.15,61.24
1132,16.240000000000002,61.46
1132,16.65,61.68
1132,17.14,62.03
1132,17.240000000000002,60.955
1132,17.29,61.155
1132,17.400000000000002,60.07
1132,17.48,60.21
1132,17.580000000000002,58.49
1132,18.14,64.66999999999999
1137,12.08,73.63
1137,12.14,73.29
1137,12.290000000000001,70.78
1137,13.07,71.15
1137,13.3,67.4
1137,13.35,66.85
1137,14.01,67.41
1137,14.07,67.16
1137,15.01,66.59
1137,15.07,66.52
1137,15.19,65.32
1137,15.32,65.58
1137,15.4,68.27000000000001
1137,15.97,65.05
1137,16.01,64.78999999999999
1137,16.1,63.92
1137,16.32,63.73
1137,16.41,65.31
1137,16.48,64.14
1137,17.07,62.82
1137,17.240000000000002,62.81
1137,17.27,63.13
1137,17.3,63.17
1137,17.48,63.55
1137,17.990000000000002,63.25
1137,18.1,62.9
1137,18.27,63.77
1137,18.41,63.45
1137,19.06,63.54
1137,19.27,64.81
1137,19.330000000000002,64.825
1137,19.41,64.9
1138,11.620000000000001,77.79
1138,12.66,71.55
1138,13.35,65.57
1138,13.36,65.19
1138,13.48,65.6
1138,13.64,65.17
1138,13.73,66.18
1138,14.31,64.725
1138,14.38,64.965
1138,14.46,65.63
1138,14.73,64.77
1138,15.3,65.58000000000001
1138,15.46,63.79
1138,15.610000000000001,66.61
1138,15.67,65.43
1138,15.71,63.67
1138,16.68,68.22
1143,13.950000000000001,64.25
1143,14.09,64.9
1143,14.13,65.46000000000001
1143,14.19,64.37
1143,14.74,64.66
1143,15.09,61.11
1143,15.68,62.37
1143,15.85,61.29
1143,15.94,61.77
1143,16.04,61.71
1143,16.12,61.61
1143,16.6,62.62
1143,16.73,62.7
1143,16.85,62.54
1143,17.92,63.81
1143,18.1,62.615
1145,11.92,72.42
1145,12.92,69.12
1145,13.450000000000001,65.57
1145,13.620000000000001,66.44
1145,13.700000000000001,66.48
1145,13.950000000000001,67.14
1145,13.99,67.48
1145,14.47,66.01499999999999
1145,14.6,65.23
1145,14.72,65.695
1145,14.97,66.04
1145,14.99,67.1
1145,15.58,67.23
1145,15.69,65.79
1145,15.77,65.735
1145,15.790000000000001,65.49
1145,16.56,68.33
1145,16.65,66.57
1145,16.86,65.3
1145,17.400000000000002,65.18
1145,17.650000000000002,64.65
1147,13.040000000000001,78.77
1147,13.08,78.56
1147,13.120000000000001,78.47
1147,13.96,75.47
1147,14.040000000000001,74.24
1147,14.14,76.38
1147,14.77,71.22
1147,14.98,72.6
1147,15.08,74.26
1147,15.790000000000001,68.55
1147,15.84,68.13
1147,15.96,70.935
1147,16.03,70.7
1147,16.07,67.47
1147,16.7,67.47
1147,17.11,68.82
1147,17.150000000000002,68.65
1147,17.82,72.25
1154,13.27,66.235
1154,14.25,64.82
1154,14.27,65.22999999999999
1154,14.33,65.01
1154,14.84,64.905
1154,14.93,64.725
1154,15.15,63.285
1154,15.24,64.085
1154,15.280000000000001,64.73
1154,15.33,65.16
1154,15.68,65.09
1154,15.84,65.25
1154,15.93,65.83
1154,16.28,64.57499999999999
1154,16.35,63.93
1154,16.830000000000002,63.13
1154,16.89,64.43
1154,17.03,63.39
1154,17.18,62.68
1154,17.28,62.58
1154,17.6,64.57
1154,17.830000000000002,63.065
1154,17.85,63.099999999999994
1154,17.95,63.67
1154,18.02,63.4
1154,18.2,62.67
1154,18.27,62.11
1154,18.73,64.235
1154,18.87,63.37
1154,18.900000000000002,62.9
1154,18.96,61.93000000000001
1162,11.58,84.7
1162,11.75,72.21
1162,12.530000000000001,71.84
1162,12.59,70.49
1162,12.69,68.33
1162,12.74,68.6
1162,12.8,69.655
1162,12.88,68.58
1162,13.450000000000001,69.12
1162,13.59,69.04
1162,13.65,70
1162,13.8,69.06
1162,13.870000000000001,69.62
1162,14.780000000000001,70.45
1162,14.89,67.695
1162,15.43,69.075
1162,16.43,73.005
1169,15.83,67.35
1169,16.98,63.8
1169,17.04,63.73
1169,17.06,63.67
1169,17.1,64.21
1169,17.25,63.1
1169,17.29,63.349999999999994
1169,18,63.98
1169,18.04,63.43
1169,18.17,64.02
1169,18.26,63.5
1169,18.96,64.32
1169,19.09,62.605000000000004
1169,19.25,63.14
1169,19.35,62.11
1169,19.36,63.25
1176,14.16,64.105
1176,14.19,63.72
1176,14.540000000000001,65.645
1176,14.870000000000001,65.56
1176,15.120000000000001,64.53
1176,15.22,62.97
1176,15.64,63.86
1176,15.77,63.73
1176,15.870000000000001,63.84
1176,15.88,64.17
1176,16.12,62.95
1176,16.16,63.535
1176,16.21,64.74
1176,16.79,66.55
1176,17.12,65.28999999999999
1176,17.22,65.34
1176,18.07,64.765
1176,18.150000000000002,67.03
1182,12.620000000000001,73.21
1182,13.23,68.755
1182,13.41,68.485
1182,13.56,67.25
1182,13.65,68.15
1182,14.38,66.75
1182,14.44,69.69999999999999
1182,14.51,72.89
1182,14.56,67.38499999999999
1182,14.65,67
1182,15.21,66.04
1182,15.3,65.565
1182,15.34,65.4
1182,15.38,64.76
1182,15.57,65.92
1182,15.63,65.37
1182,16.55,66.32
1182,16.61,64.69
1182,16.68,64.16
1182,17.61,66.53
1186,11.39,72.185
1186,11.75,67.56
1186,12.75,64.82
1186,13.42,64.11
1186,13.46,63.905
1186,13.73,63.67
1186,13.75,63.99
1186,13.88,62.09
1186,14.4,60.754999999999995
1186,14.48,60.465
1186,14.57,59.69
1186,15.4,61.144999999999996
1186,15.530000000000001,62.05
1186,15.58,61.35
1186,16.42,63.36
1186,18.43,62.78
1186,18.51,62.315
1186,18.55,63.12
1190,11.58,73.74
1190,12.27,72.05
1190,13.31,69.34
1190,13.4,68.19
1190,13.64,67.63
1190,13.73,67.525
1190,14.34,66.84
1190,14.64,66.27
1190,14.73,65.44
1190,15.280000000000001,66.15
1190,15.34,64.34
1190,15.46,64
1190,15.63,63.46
1190,15.73,65.28
1190,15.76,62.49
1190,16.32,64.29
1190,16.4,63.135
1190,16.45,61.56
1190,16.64,60.364999999999995
1190,16.7,60.485
1190,16.8,60.94
1190,17.32,62.545
1190,17.41,61.43
1190,17.45,61.730000000000004
1190,17.76,62.005
1190,18.330000000000002,62.785
1190,18.41,61.94
1190,18.45,62.09
1190,18.76,61.675
1194,12.44,70.5
1194,13.19,70.19
1194,13.280000000000001,68.53
1194,13.3,68.64
1194,13.32,70.55
1194,13.44,69.33
1194,13.48,68.76
1194,14.16,69.1
1194,14.200000000000001,66.31
1194,14.32,64.03
1194,14.49,65
1194,14.57,64.52
1194,15.16,63.61
1194,15.200000000000001,64.11
1194,15.26,64.65
1194,15.280000000000001,64.55
1194,15.49,67.7
1194,15.59,64.21
1194,16.16,61.9
1194,16.18,62.94
1194,16.22,61.015
1194,16.28,60.735
1194,16.330000000000002,61.87
1194,16.65,61.25
1194,17.04,63.61
1194,17.23,61.535
1194,17.31,60.675
1194,17.5,62.955
1194,17.580000000000002,59.955
1194,17.61,61.07
1194,18.17,61.08
1194,18.18,61.55
1194,18.31,58.905
1194,18.46,60.519999999999996
1194,18.650000000000002,60.2
1194,19.19,61.14
1194,19.31,59.89
1194,19.44,60.95
1197,12.96,72.14
1197,13.950000000000001,74.96
1197,14.91,71.6
1197,15.91,66.55000000000001
1197,15.97,65.24
1197,15.99,65.06
1197,16.56,63.38
1197,16.65,64.6
1197,16.830000000000002,63.5
1197,16.87,63.129999999999995
1197,16.96,63.78999999999999
1197,17,63.73
1197,17.400000000000002,64.625
1197,17.56,64.64
1197,17.650000000000002,64.88
1197,17.75,65.66
1197,17.79,65.85
1197,17.96,63.92
1197,18,64.24
1197,18.57,64.74
1197,18.61,64.27000000000001
1197,18.650000000000002,63.9
1197,18.69,63.81
1197,18.75,62.85
1197,18.82,65.06
1197,18.96,62.965
1197,18.990000000000002,63.56
1197,19.57,66.21
1197,19.61,65.985
1197,19.69,66.29
1203,11.59,84.61
1203,11.73,82.32
1203,11.81,81.44
1203,11.88,78.17
1203,12.11,75.84
1203,12.86,76.59
1203,13.13,75.67
1203,13.59,75.06
1203,13.71,76.54
1203,13.780000000000001,73.41
1203,14.05,72.22
1203,14.59,72.52
1203,14.700000000000001,72.42
1203,14.81,72.93
1203,15.07,71.755
1203,15.56,72.29
1203,15.99,73.56
1203,16.07,74.49
1203,16.56,75.28
1204,11.84,65.78
1204,11.88,66.21
1204,12.68,64.115
1204,12.84,63.76
1204,13.39,64.91499999999999
1204,13.530000000000001,62.205
1204,13.61,62.144999999999996
1204,13.82,61.95
1204,13.97,62.95
1204,14.620000000000001,63.7
1204,14.82,60.865
1204,14.91,61.675
1204,14.97,61.06
1204,15.91,60.55
1204,15.94,61.17
1204,16.6,62.51
1204,16.68,61.31
1204,16.830000000000002,65.38
1204,16.98,62.82
1204,17.52,62.084999999999994
1204,17.580000000000002,61.56
1204,17.6,62.75
1204,17.64,61.775
1204,18.52,62.83
1204,18.59,62.92
1204,18.63,61.78
1210,10.31,86.94
1210,13.22,69.21
1210,13.32,70.66
1210,13.43,68.45
1210,14.08,67.08000000000001
1210,14.22,65.535
1210,14.26,65.81
1210,14.51,65.48
1210,15.08,65.715
1210,15.14,65.04
1210,15.18,65.33
1210,15.32,65.85
1210,15.48,64.6
1210,16.14,63.975
1210,16.35,64.975
1210,16.56,63.33
1212,12.31,74.48
1212,13.36,71.11
1212,14.02,66.74
1212,14.07,66.69
1212,14.11,68.18
1212,14.21,70.34
1212,14.44,67.27
1212,14.9,66.32
1212,15.05,69.48
1212,15.17,66.16
1212,15.22,67.07
1212,15.36,67.07
1212,16.03,65.04
1212,16.07,65.83
1212,16.13,66.56
1212,16.32,66.7
1212,17.12,73.3
1212,17.39,68.04
1216,10.120000000000001,77.71
1216,10.81,77.97
1216,11.18,72.43
1216,11.69,73.87
1216,11.83,75.15
1216,11.9,70.5
1216,12.23,69.35
1216,12.92,70.11
1216,13.11,67.51
1216,13.17,67.09
1216,13.77,67.12
1216,13.84,67.7
1216,14.76,66.45
1216,14.86,66
1216,15.780000000000001,69.19
1216,15.92,66.86
1216,16.22,67.74000000000001
1216,16.78,68.62
1216,16.93,67.67
1216,17.77,67.89
1216,18.1,68.69
1216,18.91,68.95
1216,19.77,68.91
1217,12.65,76.13
1217,13.38,73.25
1217,13.530000000000001,70.67
1217,13.66,71.14
1217,14.51,75.2
1217,14.530000000000001,71.99
1217,14.64,70.59
1217,14.8,71.59
1217,15.41,70.56
1217,15.49,69.205
1217,15.5,69.43
1217,15.64,70.66
1217,15.790000000000001,69.15
1217,16.68,69.85
1217,16.7,69.62
1217,17.38,70.67
1217,17.71,69.98
1217,18.400000000000002,72.48
1219,12.290000000000001,71.68
1219,12.58,69.06
1219,13.26,68.03
1219,14.280000000000001,66.09
1219,15.120000000000001,65.5
1219,15.26,67.27
1219,15.36,66.36
1219,15.47,67.36
1219,15.530000000000001,65.94
1219,16.28,68.52
1219,16.35,68.75
1219,16.44,64.765
1219,16.54,64.93
1219,17.23,64.23
1219,17.41,61.96
1219,17.5,62.51
1219,18.06,63.08
1219,19.23,65.895
1219,19.28,66.18
1219,19.42,66.93
1219,19.53,66.31
1221,13.27,67.02
1221,13.31,66.06
1221,14.31,63.66
1221,15.07,64.87
1221,15.09,63.29
1221,15.27,63.05
1221,15.31,63.85
1221,15.96,63.38
1221,16.07,62.94
1221,16.42,61.47
1221,16.93,62.79
1221,17.05,62.84
1221,17.09,63.03
1221,17.150000000000002,61.36
1221,17.34,64.44
1221,17.42,61.8
1221,17.72,64.44
1221,18.01,66.05
1222,13.38,68.24
1222,14.07,69.56
1222,14.42,70.64
1222,15.09,65.75
1222,15.17,65.75
1222,15.450000000000001,66.46
1222,15.93,64.86
1222,16.18,65.71
1222,16.43,66.27
1222,17.16,66.18
1222,17.25,66.05
1222,17.43,66.53
1222,18.02,65.87
1222,18.12,66.12
1222,18.25,66.36500000000001
1222,18.43,66.37
1222,18.47,67.42
1224,12.27,70.06
1224,12.33,72.31
1224,13.33,66.89
1224,13.36,66.99
1224,14.96,63
1224,15.09,64.55
1224,15.3,64.2
1224,15.450000000000001,62.2
1224,15.950000000000001,64.91
1224,15.99,63.614999999999995
1224,16.17,61.34
1224,16.47,61.27
1224,16.95,62.41
1224,17.05,63.480000000000004
1224,17.12,61.37
1224,17.330000000000002,64.06
1224,18.06,61.97
1224,18.12,61.5
1230,13.63,78.67
1230,13.71,73.16
1230,13.77,72.29
1230,14.33,66.88
1230,14.44,66.34
1230,14.5,65.87
1230,14.69,66.385
1230,14.75,65.1
1230,15.32,65.62
1230,15.44,64.71
1230,15.5,65.04
1230,15.530000000000001,64.63
1230,15.67,65.16
1230,15.73,65.41
1230,15.76,66.61
1230,15.81,63.83
1230,16.34,63.49
1230,16.44,65.33
1230,16.5,65.03
1230,16.72,63.3
1230,16.8,63.2
1235,10.82,72.83
1235,11.61,68.11
1235,11.84,68.45
1235,11.88,65.95
1235,12.61,65.74
1235,12.700000000000001,63.26
1235,12.93,65.685
1235,13,67
1235,13.55,64.49
1235,13.61,63.41
1235,13.64,64.61
1235,13.72,64.61
1235,13.85,67.75
1235,14,66.94
1235,14.55,63.865
1235,14.64,64.58
1235,14.780000000000001,64.54
1235,15.6,62.12
1235,15.81,62.35
1235,15.93,64.05000000000001
1235,16.52,61.45
1235,16.68,62.295
1235,16.84,60
1235,17.62,61.894999999999996
1235,17.67,61.05
1235,17.76,59.74
1238,12.05,75.24
1238,13.01,71.7
1238,13.92,65.485
1238,14,65.95
1238,14.08,65.95
1238,14.56,65.86
1238,14.69,66.25
1238,14.81,64.83
1238,14.94,64.85
1238,15.06,65.1
1238,15.08,66.16499999999999
1238,15.67,66.24
1238,15.88,65.82
1238,16.05,65.24
1238,16.07,65.785
1238,16.740000000000002,66.18
1238,16.95,65.19
1238,17.05,65.56
1238,17.09,66.8
1238,17.650000000000002,65.58
1238,17.740000000000002,66.16
1238,17.86,66.54
1238,18.05,66.67
1238,18.09,68.66999999999999
1238,18.66,65.87
1238,18.7,65.79
1238,18.8,65.01
1238,19.080000000000002,65.32
1238,19.66,68.185
1238,19.81,69.1
1241,13.73,66.08
1241,13.780000000000001,65.04
1241,13.88,64.55
1241,14.07,65.045
1241,14.13,63.36
1241,14.21,63.52
1241,14.82,64.375
1241,14.88,63.06
1241,15.11,63.25
1241,15.18,61.85
1241,15.21,61.9
1241,15.84,62.595
1241,15.870000000000001,62.36
1241,16.1,61.56
1241,16.18,61.515
1241,16.23,61.25
1242,12.9,67.39
1242,13.4,65.3
1242,13.56,63.855000000000004
1242,13.65,62.125
1242,13.77,62.335
1242,13.8,62.51
1242,13.9,62.97
1242,13.99,61.695
1242,14.42,61.260000000000005
1242,14.69,62.7
1242,14.86,62.46
1242,15.01,62.230000000000004
1242,15.42,62.2
1242,15.55,64.07
1242,15.67,62.95
1242,15.94,63.605000000000004
1242,16.02,62.46
1242,16.53,62.84
1242,16.64,62.71
1242,16.68,62.13
1242,16.740000000000002,62.57
1242,16.93,64.57
1242,17.01,62.88
1242,17.32,65.04
1242,17.51,64.82
1242,17.6,64.19
1246,13.700000000000001,65.52
1246,13.84,67.37
1246,14.01,63.93
1246,14.11,64.065
1246,14.15,63.27
1246,14.19,65.41
1246,14.55,63.93
1246,14.700000000000001,64.105
1246,14.8,63.655
1246,14.9,64.71
1246,15.01,63.75
1246,15.14,62.87
1246,15.19,63.23
1246,15.72,63.71
1246,15.83,63.675
1246,15.85,64.47
1246,15.89,63.115
1246,16.14,63.91
1246,16.580000000000002,65.545
1246,16.68,66.035
1246,16.72,64.53
1246,16.830000000000002,64.195
1246,16.87,63.855
1246,16.89,63.93
1246,17.06,63.655
1246,17.2,63.6
1246,17.6,64.945
1246,17.73,64.55
1246,17.79,65.32
1246,18.06,65.01
1246,18.73,65.44
1246,18.830000000000002,63.709999999999994
1246,19.71,66.46
1247,12.77,68.51
1247,12.81,66.92
1247,13.3,69.68
1247,13.81,68.06
1247,14.3,65.36
1247,14.47,65.7
1247,14.55,66.44
1247,14.84,65.375
1247,15.450000000000001,66.29499999999999
1247,15.82,64.715
1247,15.84,64.51
1247,16.55,63.68
1247,16.64,63.815
1247,16.82,63.195
1247,16.84,63.63
1247,17.5,65.48
1247,17.85,66.775
1250,12.23,94.05
1250,13.21,80.83
1250,14.25,75.94
1250,14.9,75.41
1250,15,74.06
1250,15.17,72.18
1250,15.23,72.66
1250,15.9,71.75
1250,16.09,70.33
1250,16.240000000000002,69.55
1250,16.26,69.9
1250,16.93,67.23
1250,16.990000000000002,68.62
1250,17.07,68.19
1250,17.240000000000002,67.555
1250,17.28,66.06
1250,17.990000000000002,68.02
1250,18.22,72.01
1255,10.49,92.8
1255,11.43,76.43
1255,11.49,77.74
1255,11.51,75.75
1255,12.43,73.86
1255,12.48,71.14500000000001
1255,13.16,66.60499999999999
1255,13.24,67.3
1255,13.27,65.05
1255,13.370000000000001,65.27000000000001
1255,13.450000000000001,66.065
1255,13.55,66.03
1255,14.18,65.93
1255,14.27,66.56
1255,15.23,65.98
1255,15.27,67.07
1255,15.5,67.03
1255,15.58,64.57
1255,16.4,65.35
1255,16.5,64.875
1261,10.84,78.63
1261,12.85,65.72
1261,13.46,65.22999999999999
1261,13.52,64.17
1261,13.56,64.43
1261,13.64,63.230000000000004
1261,13.870000000000001,63.730000000000004
1261,13.950000000000001,62.69
1261,13.98,62.19
1261,14.46,62.835
1261,14.52,61.730000000000004
1261,14.6,61.400000000000006
1261,14.64,60.6
1261,14.790000000000001,61.835
1261,14.9,61.69
1261,14.98,60.38
1265,10.8,81.695
1265,11.8,74.69
1265,13.47,69.485
1265,13.5,68.27
1265,13.81,70.31
1265,13.85,67.56
1265,14.33,68.49
1265,14.42,65.8
1265,14.44,65.34
1265,14.540000000000001,67.87
1265,14.6,64.53999999999999
1265,14.81,65.57
1265,14.85,66.85
1265,14.9,64.96
1265,14.93,60.925
1265,15.42,65.07
1265,15.48,63.59
1265,15.540000000000001,63.835
1265,15.59,62.36
1265,15.88,67.16
1265,15.9,61.97
1268,12.120000000000001,73.82
1268,13.88,68.06
1268,14.06,67.3
1268,14.1,67.72
1268,14.13,69.06
1268,14.69,66.94999999999999
1268,14.76,65.47999999999999
1268,14.84,66.51
1268,15,68.27
1268,15.030000000000001,66.88
1268,15.13,68.28999999999999
1268,15.8,70.86500000000001
1268,15.860000000000001,71.11
1268,15.96,71.28
1268,16.13,72.04
1268,16.84,73.41499999999999
1270,13.27,70.78
1270,14.09,70.21
1270,14.19,69.27
1270,14.23,65.715
1270,14.34,65.785
1270,14.4,65.2
1270,14.5,65.64
1270,15.09,65.52
1270,15.11,65.18
1270,15.26,65.28
1270,15.34,64.785
1270,16.22,65.86
1270,16.490000000000002,65.91
1270,17.080000000000002,65.62
1270,17.14,66.06
1270,17.16,64.63
1270,17.22,66.56
1270,17.37,67.18
1270,17.47,64.66
1271,13.82,70.34
1271,13.94,69.2
1271,14.040000000000001,66.82
1271,14.21,67.73
1271,14.23,67.75
1271,14.8,67.93
1271,14.9,68.39
1271,14.96,69.01
1271,15.11,66.39
1271,15.65,68.47
1271,15.8,66.92
1271,15.9,66.94
1271,15.93,67.37
1271,15.99,67.28
1271,16.87,67.88
1271,16.92,67.76
1273,11.34,72.25
1273,12.530000000000001,66.33
1273,13.16,64.38
1273,13.200000000000001,64.29
1273,13.32,63.65
1273,13.51,63.64
1273,13.620000000000001,62.84
1273,14.18,63.48
1273,14.280000000000001,63.39
1273,14.290000000000001,62.155
1273,14.51,62.34
1273,14.6,62.3
1273,14.66,60.91
1273,15.18,62.74
1273,15.19,61.655
1273,15.21,63.44
1273,15.23,62
1276,12.35,73.21
1276,13.39,67.11
1276,14.040000000000001,65.465
1276,14.4,61.845
1276,14.48,63.19
1276,14.99,61.34
1276,15.01,60.99
1276,15.13,61.385000000000005
1276,15.26,61.53
1276,15.42,61.86
1276,15.48,60.535
1276,16.09,60.83
1276,16.26,61.16
1276,16.3,61.72
1276,16.5,60.685
1276,17.080000000000002,61.96
1276,17.18,61.35
1276,17.25,61.16
1276,18.16,60.775
1279,13.08,66.4
1279,13.200000000000001,65.62
1279,13.27,65.33
1279,13.77,66.45
1279,13.96,66.89
1279,14.040000000000001,65.82
1279,14.23,65.62
1279,14.31,64.51
1279,14.9,64.875
1279,15.040000000000001,64.295
1279,15.290000000000001,64.04
1279,15.77,63.77
1279,15.92,63.58
1279,16.04,62.64
1279,16.19,63.44
1279,16.3,63.86
1279,16.35,63.8
1279,16.96,63.72
1279,17.04,63.62
1279,17.3,64.19
1279,17.34,63.08
1280,13.02,70.41
1280,13.89,66.97
1280,14.02,65.03999999999999
1280,14.06,66.04
1280,14.1,65.89
1280,14.5,66.06
1280,14.73,62.64
1280,14.85,64.67
1280,15.06,65.315
1280,15.1,64.08500000000001
1280,15.14,60.955
1280,15.67,65.42
1280,15.71,64.85
1280,15.82,62.519999999999996
1280,15.84,62.87
1280,15.96,62.91
1280,16.02,61.08
1280,16.03,62.42
1280,16.09,61.53
1280,16.15,61.79
1280,16.68,61.34
1280,16.9,60.16
1280,17.11,60.37
1280,17.18,60.3
1280,18.05,60.7
1280,18.11,61.005
1280,18.18,60.42
1280,19.02,63.135
1280,19.07,63.28
1283,11.76,73.07
1283,11.96,74.26
1283,12.99,71.05
1283,13.64,69.94
1283,13.76,66.33
1283,13.97,64.93
1283,14.07,64.78999999999999
1283,14.13,64.32
1283,14.64,66.79
1283,14.66,67.57
1283,14.74,66.36500000000001
1283,14.97,67.54
1283,15.07,71.17
1283,16.62,67.48500000000001
1283,16.65,67.21000000000001
1283,16.71,65.655
1283,16.98,67.41
1283,17,66.725
1283,17.04,66.12
1294,13.39,67.2
1294,13.92,66.72
1294,14.08,66.44
1294,14.290000000000001,65.035
1294,14.42,66.16
1294,14.46,67.05
1294,14.92,64.63
1294,15.09,64.87
1294,15.17,63.864999999999995
1294,15.3,64.535
1294,15.38,64.65
1294,15.42,64.885
1294,15.46,64.525
1294,15.530000000000001,63.37
1294,17.2,67.155
1294,17.38,65.36
1294,17.44,64.92
1294,17.45,67.06
1298,11.02,87.34
1298,11.450000000000001,84.32
1298,11.98,74.71
1298,13.040000000000001,68.7
1298,13.06,68.81
1298,13.1,67.72
1298,13.71,68.27
1298,13.75,67.36
1298,13.88,67.5
1298,14.040000000000001,65.77
1298,14.13,65.61
1298,14.69,64.19
1298,14.76,65.33000000000001
1298,14.86,63.46
1298,15.13,63.075
1298,15.72,64.535
1298,15.860000000000001,62.86
1298,16.01,63.99
1298,16.05,64.28999999999999
1298,16.11,62.59
1303,14.17,69.37
1303,14.31,67.555
1303,14.81,67.92
1303,14.96,66.7
1303,15.17,65.245
1303,15.31,65.24000000000001
1303,15.35,66.6
1303,15.8,65.38
1303,15.98,65.125
1303,16.05,65.47
1303,16.19,65.96
1303,16.3,67.54
1303,16.82,66.18
1303,18.05,68.16
1303,18.32,67.62
1303,18.34,67.35
1304,10.86,81.37
1304,11.75,73.3
1304,11.86,73.14
1304,12.69,69.93
1304,12.780000000000001,69.15
1304,12.86,67.28
1304,12.89,68.65
1304,13.49,67.05
1304,13.8,66.2
1304,13.9,66.4
1304,14.450000000000001,64.92
1304,14.51,65.22
1304,14.620000000000001,64.45
1304,14.75,64.11
1304,14.8,65.19999999999999
1304,14.85,67.13
1304,14.9,65.47
1305,12.64,69.77
1305,13.35,72.67
1305,13.42,68.87
1305,13.48,70.2
1305,13.63,69.2
1305,14.48,67.11
1305,15.25,65.025
1305,15.36,63.099999999999994
1305,15.42,62.22
1305,15.46,63.739999999999995
1305,15.85,63.27
1305,16.32,63.92
1305,16.44,63.11
1305,16.490000000000002,63.08
1305,16.53,63.51
1305,16.78,63.305
1305,17.43,64.03
1307,14.48,64.18
1307,14.99,65.95
1307,15.08,67.08
1307,15.290000000000001,64.15
1307,15.43,66.41
1307,15.48,63.54
1307,15.83,62.88
1307,15.99,64.22
1307,16.080000000000002,63
1307,16.18,62.465
1307,16.43,64.37
1307,16.490000000000002,62.66
1307,17.04,66.76
1307,17.13,66.75
1307,17.35,65.335
1307,19.02,62.510000000000005
1307,19.03,64.13
1307,19.05,63.55
1307,19.13,62.77
1307,19.34,64.46000000000001
1317,13.620000000000001,72.11
1317,13.67,70.26
1317,14.22,68.42
1317,14.38,66.52
1317,14.39,65.67
1317,14.57,63.335
1317,14.620000000000001,66.4
1317,14.66,64.89
1317,15.22,63.3
1317,15.33,62.68000000000001
1317,15.39,62.275000000000006
1317,15.52,62.23
1317,15.58,63.865
1317,15.64,62.63
1317,16.22,63.32
1317,16.27,65
1317,16.39,61.315
1317,16.54,63.05
1317,16.580000000000002,62.555
1317,16.62,62.980000000000004
1317,16.75,62.14
1317,17.27,63.05
1317,17.330000000000002,62.02
1317,17.37,61.974999999999994
1317,17.39,61.075
1317,17.5,61.485
1317,17.54,62.53
1317,17.580000000000002,62.295
1317,17.62,63.6
1317,17.69,61.504999999999995
1318,10.47,89.03
1318,13.18,70.78
1318,13.24,70.71000000000001
1318,13.43,68.91
1318,13.48,69.69
1318,14.120000000000001,67.42500000000001
1318,14.19,66.405
1318,14.44,63.63
1318,14.5,62.474999999999994
1318,14.58,63.4
1318,15.13,66.8
1318,15.19,64.07
1318,15.25,62.64
1318,15.44,64.32
1318,15.48,64.005
1318,15.56,63.735
1318,16.13,64.02
1318,16.19,61.85
1318,16.21,61.68
1318,16.23,61.870000000000005
1318,16.25,61.99
1318,16.36,62.18
1318,16.44,63.03
1318,16.48,61.125
1318,16.55,61.63
1318,16.6,60.8
1321,11.78,75.19
1321,12.780000000000001,69.35
1321,13.57,65.76
1321,13.72,64.565
1321,13.76,64.76
1321,13.84,65.44
1321,14.450000000000001,64.67
1321,14.84,64.5
1321,15.370000000000001,64.44
1321,15.42,62.875
1321,15.5,62.584999999999994
1321,15.52,62.84
1321,15.790000000000001,61.67
1321,15.83,62.46
1321,16.37,62.715
1321,16.48,62.555
1321,16.52,63.019999999999996
1321,16.67,63.33
1321,16.79,61.620000000000005
1321,16.85,61.18
1321,17.38,61.35
1321,17.44,61.474999999999994
1321,17.75,67.14
1321,18.38,65.14
1321,18.46,63.099999999999994
1323,14.39,70.22
1323,14.88,68.14
1323,15.040000000000001,67.71
1323,15.25,66.75
1323,15.38,67.05000000000001
1323,15.42,69.94
1323,15.88,67
1323,16.38,66.75
1323,16.9,66.31
1323,17.400000000000002,67
1323,17.42,66.66
1323,18.01,65.535
1323,18.12,65.52
1323,18.22,65.32
1323,18.39,64.115
1323,18.41,64.89
1323,19.43,67.72
1324,11.82,75.48
1324,12.02,73.23
1324,13.02,68.97
1324,13.63,67.82
1324,13.73,67.01
1324,13.780000000000001,66.47
1324,13.84,66.43
1324,14.05,65.71
1324,14.63,66.11
1324,14.65,66.87
1324,14.780000000000001,65.3
1324,14.97,66.225
1324,15.030000000000001,65.39
1324,15.68,66.72
1324,15.74,65.3
1324,15.85,65.87
1324,16.03,66.51
1328,13.25,69.22
1328,13.81,70.84
1328,13.98,68.205
1328,14.08,67.79
1328,14.32,66.34
1328,14.98,66.575
1328,15.030000000000001,65.2
1328,15.1,66.15
1328,15.17,67.86
1328,15.280000000000001,67.615
1328,15.97,72.19
1328,16.13,71.37
1328,17.01,68.8
1328,17.11,66.515
1328,17.28,65.555
1328,17.36,68.4
1328,17.8,67.21
1328,17.990000000000002,65.73500000000001
1328,18.03,65.51
1328,18.080000000000002,66.41499999999999
1328,18.32,67.755
1328,18.990000000000002,67.8
1328,19.12,71.54
1328,19.22,70.56
1328,19.3,70.28
1338,13.09,81.28
1338,14.08,75.32
1338,14.14,73.73
1338,14.73,70.87
1338,14.83,70.37
1338,15.040000000000001,67.605
1338,15.1,66.58
1338,15.120000000000001,70.25
1338,15.16,67.01
1338,15.73,65.99
1338,15.91,65.75
1338,16.080000000000002,66.99
1338,16.14,65.7
1338,16.18,68.11
1338,16.21,66.29
1338,16.73,67.52
1338,16.75,70.37
1338,17.13,68.21
1340,12.030000000000001,75.4
1340,12.280000000000001,74.34
1340,13.02,71.19
1340,14.040000000000001,69.27
1340,14.290000000000001,67.51
1340,14.870000000000001,69.54
1340,14.9,69.55
1340,14.94,68.9
1340,14.98,69.04
1340,15.120000000000001,73.09
1340,15.290000000000001,70.04
1340,15.73,69.82
1340,15.75,72.43
1340,15.9,71.14
1340,16.25,75.35
1340,16.28,72.44
1340,17.03,71.13
1345,11.64,71.21
1345,12.58,69.47
1345,12.63,67.52
1345,13.32,63.94
1345,13.4,62.96
1345,13.61,63.24
1345,13.76,62.93
1345,14.32,62.28
1345,14.34,62.135000000000005
1345,14.450000000000001,62.715
1345,14.61,61.545
1345,14.76,61.27
1345,15.43,60.325
1345,15.46,60.41
1345,15.55,61.57
1345,15.73,61.01
1345,16.43,59.93
1345,16.48,60.24
1345,16.68,60.605000000000004
1345,16.77,60.79
1349,13.61,67.22
1349,13.75,66.74
1349,13.96,66.09
1349,14.61,64.73
1349,14.700000000000001,63.2
1349,15.56,63.86
1349,15.68,62.775
1349,15.74,61.925
1349,16.62,60.945
1349,16.73,60.08
1349,16.97,59.425
1349,17.07,58.845
1349,17.56,59.49
1349,17.64,61.11
1349,17.73,59.33
1349,17.94,59.43
1349,18.080000000000002,58.84
1349,18.580000000000002,60.09
1349,18.71,59.255
1349,18.78,58.96
1349,19.03,59.153333333333336
1349,19.59,60.52
1349,19.63,59.995000000000005
1349,19.71,58.585
1349,19.92,60.78
1352,14.870000000000001,74.84
1352,15.870000000000001,68.2
1352,16.37,64.94
1352,16.62,65.03
1352,16.75,65.11500000000001
1352,16.87,66.07
1352,17.38,61.765
1352,17.52,63.25
1352,17.63,63.315
1352,17.79,63.2
1352,17.900000000000002,64.87
1352,18.5,66.24
1352,18.71,65.11
1352,19.47,65.19
1352,19.57,64.24000000000001
1352,19.63,66.77
1352,19.900000000000002,67.58
1352,19.92,67.71
1353,12.34,73.42
1353,12.35,75
1353,12.4,73.49
1353,13.36,69.91
1353,13.44,72.12
1353,14.11,67.08
1353,14.38,65.95
1353,14.47,65.84
1353,15.05,66.05
1353,15.15,65.81
1353,15.23,63.37
1353,15.530000000000001,63.37
1353,16.05,63.95
1353,16.2,62.16
1353,16.22,63.13
1353,16.25,62.58
1353,16.54,62.74
1353,17.1,62.07
1353,17.27,62.3
1353,17.45,62.975
1354,12.89,71.79
1354,13.81,68.21
1354,13.93,68.05
1354,14.88,66.39
1354,14.94,66.77
1354,14.96,67.36
1354,15.55,64.86
1354,15.67,65.07
1354,15.76,64.565
1354,15.94,65.61
1354,15.96,66.42
1354,16.53,66.49
1354,16.84,65.76
1354,16.94,66.45
1354,16.98,68.77
1354,17.38,67.32
1354,17.53,68.42
1354,17.62,69.31
1359,13.49,69.8
1359,13.64,69.61
1359,13.93,70.82
1359,14.07,69.1
1359,14.56,67.43
1359,14.72,66.68
1359,15.07,68.27
1359,15.56,65.28
1359,15.73,67.22
1359,15.950000000000001,66.955
1359,16.06,64.8
1359,18.1,63.13
1359,18.67,64.42
1359,18.76,63.32
1359,18.81,64.63
1359,18.98,63.64
1359,19.07,65.81
1359,19.11,62.42
1359,19.67,63.03
1359,19.76,63.83
1359,19.86,63.97
1363,11.75,72.465
1363,12.86,70.79
1363,12.870000000000001,70.25
1363,13,70.545
1363,13.11,67.96
1363,13.84,65.42
1363,14.15,65.64
1363,14.71,67.66
1363,14.74,66.42
1363,14.8,64.875
1363,14.88,63.94
1363,15.01,65.83
1363,15.07,64.03999999999999
1363,15.09,63.14
1363,15.13,62.955
1363,15.15,62.98
1363,15.76,65.37
1363,15.88,63.91
1363,16.03,65.38
1363,16.11,65.1
1363,16.15,65.54
1363,16.18,64.43
1363,16.7,65.54
1363,16.76,64.21
1363,16.87,63.23
1363,17.03,65.37
1363,17.080000000000002,64.59
1363,17.14,66.96
1363,17.18,63.65
1370,12.3,81.9
1370,13.13,71.99
1370,13.22,68.79
1370,13.41,67.5
1370,13.450000000000001,67.24
1370,13.47,67.66499999999999
1370,14.24,66.21
1370,14.26,65.035
1370,14.47,65.38
1370,14.49,67.31
1370,14.530000000000001,65.65
1370,14.56,64.9
1370,14.99,66.51
1370,15.18,64.94
1370,15.48,62.77
1370,15.540000000000001,64.9
1370,15.56,63.51
1371,12.35,67.32
1371,12.38,67.89
1371,13.42,67.85
1371,13.99,71
1371,14.05,69.31
1371,14.09,69.22
1371,14.11,67.7
1371,14.22,66.96
1371,14.36,68.29
1371,14.450000000000001,68.86
1371,14.91,68.08
1371,15.01,67.815
1371,15.1,67.4
1371,15.18,66.03
1371,15.34,68.24
1371,15.41,70.53
1371,15.450000000000001,67.46
1372,11,75.57
1372,11.73,70.03999999999999
1372,11.84,70.03
1372,12.67,67.825
1372,12.8,66.43
1372,12.92,64.455
1372,12.94,64.89
1372,13.01,64.33
1372,13.530000000000001,64.17500000000001
1372,13.63,64.14
1372,13.64,64.18
1372,13.68,64.79
1372,13.780000000000001,63.22
1372,13.8,62.85
1372,13.93,64.535
1372,13.950000000000001,63.465
1372,14.01,61.805
1372,14.030000000000001,61.65
1372,14.05,63.94499999999999
1372,14.07,61.76
1372,14.11,61.72
1372,14.14,61.32
1372,14.530000000000001,63.445
1372,14.72,65.07
1376,14.15,67.03
1376,14.27,69.16
1376,14.33,66.73
1376,14.42,68.33
1376,15.15,63.94
1376,15.34,64.315
1376,15.4,63.205
1376,15.48,63.07
1376,15.98,65.54
1376,16.15,64.43
1376,16.26,63.05
1376,16.34,65.15
1376,16.38,63.51
1376,16.42,63.74
1376,16.45,62.235
1376,16.97,65.58
1376,17.080000000000002,63.28
1376,17.1,62.57
1376,17.150000000000002,62.84
1376,17.330000000000002,62.375
1376,17.41,62.64
1376,17.45,62.025000000000006
1376,17.5,61.35
1377,13.950000000000001,63.63
1377,14.06,63.5
1377,14.16,63.405
1377,14.89,60.849999999999994
1377,15.09,60.63
1377,15.24,59.269999999999996
1377,15.68,60.69
1377,15.81,59.615
1377,15.89,60.09
1377,16.01,59.209999999999994
1377,16.080000000000002,59.9
1377,16.16,59.63
1377,16.25,60.03
1377,17,60.34
1377,17.28,60.11
1377,17.81,59.78
1377,17.96,59.4
1377,18.92,63.29
1381,15.19,67.44
1381,15.25,69.31
1381,15.290000000000001,68.72
1381,15.31,67.63
1381,15.33,67.89
1381,15.4,67.575
1381,15.540000000000001,70.3
1381,16.11,71.72
1381,16.25,70.1
1381,16.28,71.41
1381,16.53,70.75
1381,17.11,70.39
1381,17.28,68.83
1381,17.32,70.28999999999999
1381,17.51,71.37
1381,18.32,70.475
1381,19.240000000000002,68.96000000000001
1381,19.45,68.57
1383,13.24,71.43
1383,13.32,71.48
1383,13.47,70.9
1383,13.55,71.75
1383,14.22,69.96
1383,14.24,69.55
1383,14.370000000000001,66.335
1383,14.41,68.14
1383,14.450000000000001,68.58
1383,14.55,65.99000000000001
1383,15.14,64.73
1383,15.16,64.99
1383,15.200000000000001,65.46
1383,15.24,64.9
1383,15.27,63.64
1383,15.41,64.9
1383,15.47,65.27
1383,15.55,65.17500000000001
1383,15.6,66.09
1385,13.780000000000001,67.18
1385,13.91,67.12
1385,14.41,63.769999999999996
1385,14.66,64.035
1385,14.950000000000001,62.805
1385,14.99,61.345
1385,15.42,63.02
1385,16.02,61.019999999999996
1385,16.42,62.46
1385,16.56,61.91
1385,16.67,60.575
1385,16.8,61.12
1385,16.94,62.019999999999996
1385,17.02,60.175
1385,17.53,62.35
1385,17.650000000000002,61.59
1385,17.75,62.48
1385,17.94,67.38499999999999
1389,12.040000000000001,71.9
1389,13.040000000000001,66.62
1389,13.63,64.6
1389,13.81,62.405
1389,13.83,63.01
1389,14.08,62.62
1389,14.13,62.26
1389,14.700000000000001,60.605000000000004
1389,14.780000000000001,60.495000000000005
1389,14.93,60.67
1389,14.99,61.74
1389,15.09,63.43
1389,15.13,60.415
1389,15.64,61.629999999999995
1389,15.68,61.535
1389,15.8,59.760000000000005
1389,16.05,60.955
1389,16.16,62.14
1389,16.740000000000002,60.905
1389,16.8,60.05
1389,16.93,60.61
1389,17.05,60.135
1389,17.1,60.42
1389,17.150000000000002,59.91
1390,13.280000000000001,64.775
1390,13.3,63.209999999999994
1390,13.93,62.230000000000004
1390,14.08,61.94
1390,14.16,61.21
1390,14.27,62.47
1390,14.3,62.195
1390,15.040000000000001,59.185
1390,15.1,59.725
1390,15.19,58.075
1390,15.21,57.77
1390,15.370000000000001,57.54
1390,16,56.625
1390,16.11,56.03
1390,16.31,56.61
1390,16.330000000000002,57.2
1390,16.37,56.45
1390,16.39,57.11
1390,16.45,57.004999999999995
1390,16.51,57
1390,16.98,57.25
1390,17.11,56.843333333333334
1390,17.330000000000002,56.85
1390,17.400000000000002,57.29
1390,17.45,57.370000000000005
1390,17.48,56.575
1390,18.05,56.99
1390,18.16,56.28666666666667
1390,18.36,57.58
1390,19.16,56.74333333333333
1394,14.05,71.8
1394,14.11,72.2
1394,14.19,71.32
1394,14.42,70.51
1394,14.47,68.94
1394,15.05,68.97
1394,15.08,70.08
1394,15.41,66.26
1394,15.47,68.21
1394,16.03,65.59
1394,16.080000000000002,67.9
1394,16.37,66.72
1394,16.41,66.495
1394,17.06,65.56
1394,17.14,64.88
1394,17.38,67.63
1394,18.14,65.3
1395,11.43,76.56
1395,12.43,73.21
1395,12.91,70.67
1395,13.540000000000001,70.19
1395,13.6,68.79
1395,13.790000000000001,68.68
1395,13.89,69.29
1395,14.540000000000001,70.59
1395,14.65,66.58
1395,14.72,66.93
1395,14.77,70.25
1395,14.9,71.98
1395,14.96,67.39
1395,15.540000000000001,70.9
1395,15.65,68.27
1395,15.75,68.52
1395,15.94,68.85
1395,16.94,68.81
1396,10.52,93.75
1396,11.71,84.64
1396,13.38,71.82
1396,13.55,70.5
1396,14.36,69.44
1396,14.39,69.94
1396,14.47,71.49
1396,14.49,69.45
1396,14.780000000000001,67.45
1396,15.35,66.77
1396,15.43,69.35
1396,15.49,68.01
1396,15.56,66.94
1396,15.66,66.08
1396,15.74,66.49
1396,16.330000000000002,65.56
1396,16.66,66.4
1396,16.72,65.9
1396,16.75,66.31
1396,16.77,65.03999999999999
1396,17.330000000000002,65.16
1396,17.44,65.41
1396,17.46,63.87
1396,17.48,65.22
1396,17.71,64.99
1396,17.73,65.22
1396,17.77,66.76
1396,18.32,63.88
1396,18.38,63.92
1396,18.46,65.91
1396,18.48,64.02
1396,18.650000000000002,65.38
1396,18.69,63.98
1396,18.73,63.67
1396,18.77,64.62
1404,13.71,68.98
1404,13.84,67.64
1404,14.49,69.11
1404,14.700000000000001,65.775
1404,14.84,66.12
1404,15.36,66.13
1404,15.59,66.15
1404,16.35,64.57
1404,16.490000000000002,65.34
1404,16.6,63.83
1404,16.87,66.215
1404,16.96,64.96
1404,17.47,66.9
1404,17.68,64.79
1404,17.85,65.85
1404,18.44,65
1404,18.75,65.33
1404,18.85,67.33
1404,19.29,67.01
1404,19.44,67.94
1404,19.54,67.8
1404,19.85,67.35
1404,19.88,67.21
1407,11.620000000000001,71.28
1407,11.700000000000001,73.54
1407,12.73,65.51
1407,13.4,65.50999999999999
1407,13.44,65.41
1407,13.57,66.58500000000001
1407,13.67,65.48
1407,13.75,64.97
1407,14.38,65.65
1407,14.5,65.68
1407,14.59,65.64500000000001
1407,14.77,64.91
1407,15.74,64.94
1407,16.41,65.78
1407,16.45,67.24
1407,16.490000000000002,64.05
1407,16.72,66.99
1407,16.8,64.88
1409,12.26,85.29
1409,12.97,77.28
1409,13.98,68.815
1409,14.1,69.4
1409,14.14,71.07
1409,14.27,71.66
1409,14.84,71.28
1409,14.96,71.515
1409,15,69
1409,15.1,72.41
1409,15.290000000000001,70.92
1409,15.96,67.405
1409,15.99,66.34
1409,16.17,70.45
1409,16.31,67.18
1409,17.07,68.71000000000001
1409,17.19,67.45
1409,17.3,66.33
1409,17.95,65.255
1409,18.1,65.11000000000001
1409,19.35,66.23
1410,15.200000000000001,68.57
1410,15.35,67.67
1410,15.64,67.29
1410,15.780000000000001,66.15
1410,16.27,67.34
1410,16.43,67.29
1410,16.53,65.52
1410,16.64,68.01
1410,16.67,66.44
1410,16.77,67.81
1410,16.81,67.46
1410,17.27,67.13
1410,17.44,65.875
1410,17.52,64.9
1410,17.650000000000002,65.985
1410,17.81,65.5
1412,10.540000000000001,88.61
1412,11.49,75.73
1412,13.120000000000001,69.78
1412,13.22,68.13
1412,13.24,67.23
1412,13.3,66.21
1412,13.47,66.015
1412,13.530000000000001,67.41
1412,13.56,66.53
1412,13.61,67.52
1412,14.24,65.65
1412,14.26,65.83
1412,14.3,63.945
1412,14.450000000000001,66.595
1412,14.530000000000001,65.32
1412,14.56,67.12
1412,14.6,64.14
1414,13.26,71.32
1414,15.15,65.25
1414,15.27,65.64
1414,15.290000000000001,66.36500000000001
1414,15.88,65.51
1414,16,64.6
1414,16.09,64.23
1414,16.27,66.1
1414,16.86,65.31
1414,16.96,65.96
1414,17.3,67.29
1414,17.7,64.45
1414,17.86,64.78
1414,17.95,62.82
1414,18.05,61.935
1414,18.21,62.06
1416,13.4,66.54499999999999
1416,14.11,66.25
1416,15.14,63.11
1416,15.32,62.15
1416,15.46,61.915
1416,16.06,63.46
1416,16.16,62.3
1416,16.23,62.74
1416,16.32,62.49
1416,16.41,64.375
1416,16.42,62.37
1416,16.48,64.1
1416,17.04,63.95
1416,17.1,62.34
1416,17.22,61.9
1416,17.41,64.94999999999999
1416,18,64.95
1416,18.06,66.81
1417,11.09,74.36
1417,11.120000000000001,74.81
1417,12.09,66.21
1417,12.11,65.66
1417,12.23,65.95
1417,12.38,64.94
1417,12.61,63.52
1417,13.11,64.51
1417,13.280000000000001,62.91
1417,13.36,62.77
1417,13.700000000000001,62.5
1417,14.08,62.98
1417,14.200000000000001,63.46
1417,14.700000000000001,61.38
1417,15.200000000000001,61.23
1417,15.26,60.97
1417,15.42,61.33
1417,15.72,61.46
1417,16.240000000000002,61.01
1417,16.330000000000002,60.45
1417,16.37,60.975
1417,16.68,60.715
1417,16.73,60.15
1417,17.1,60.365
1417,17.21,60.525000000000006
1417,17.37,59.83
1417,17.52,59.92
1417,17.67,60.485
1421,12.120000000000001,74.86
1421,13.14,70.77
1421,13.200000000000001,71.19999999999999
1421,13.88,67.64
1421,13.96,66.7
1421,14.120000000000001,65.76
1421,14.18,66.52
1421,14.19,68.035
1421,14.27,66.34
1421,14.86,66.26
1421,14.9,68.27
1421,15.11,65.97
1421,15.18,66.12
1421,15.27,65.48
1421,15.73,67.33
1421,17.150000000000002,69.91
1423,13.94,69.09
1423,14.11,69.22
1423,15.88,67.37
1423,15.9,67.77
1423,16.05,65.33
1423,16.18,66.98
1423,16.22,65.92
1423,16.93,64.79
1423,16.990000000000002,66.2
1423,17.1,64.71
1423,17.26,63.58
1423,17.28,64.085
1423,17.330000000000002,64.7
1423,17.87,65.17
1423,17.990000000000002,66.91
1423,18.240000000000002,65.04
1423,18.25,65.25
1433,12.33,73.18
1433,13.38,69.45
1433,14.3,66.25999999999999
1433,14.36,67.78
1433,14.38,66.98
1433,14.950000000000001,65.86
1433,15.05,66.7
1433,15.26,66.41
1433,15.36,66.09
1433,15.4,65.225
1433,15.8,65.88
1433,15.950000000000001,67.61
1433,16.05,67.48
1433,16.15,66.22
1433,16.36,66.7
1433,16.39,67.295
1435,13,61.415000000000006
1435,13.21,60.84
1435,13.32,59.675
1435,13.36,59.08
1435,13.97,59.84
1435,14.13,57.769999999999996
1435,14.24,57.760000000000005
1435,14.42,59.875
1435,14.450000000000001,57.74
1435,15.030000000000001,60.61
1435,15.16,57.205
1435,16.07,58.665
1435,16.080000000000002,57.855000000000004
1435,16.18,57.73
1435,16.53,56.67
1435,19.02,57.86
1435,19.06,56.595
1435,19.51,56.485
1435,19.900000000000002,56.41
1437,11.290000000000001,73.06
1437,12.24,67.38
1437,12.27,66.965
1437,12.3,66.53
1437,13.21,64.01
1437,13.26,64.17
1437,13.92,67.73
1437,13.93,67.18
1437,13.99,67.65
1437,14.22,66.2
1437,14.26,67.99
1437,14.32,67.93
1437,14.97,69.16
1437,15.16,70.35
1437,15.22,66.97
1437,15.26,67.58
1440,12.4,77.92
1440,14.34,69.16
1440,14.41,69.36
1440,14.99,68.21
1440,15.1,68.29
1440,15.120000000000001,67.37
1440,15.280000000000001,66.72
1440,15.34,65.78999999999999
1440,15.41,65.53
1440,15.85,67.395
1440,15.99,67
1440,16.02,67.12
1440,16.1,65.075
1440,16.14,65.2
1440,16.16,64.66
1440,16.31,66.975
1440,16.330000000000002,66
1440,16.41,66.935
1440,16.87,66.02000000000001
1440,17.06,65.54
1440,17.12,65.82
1440,17.86,66.21000000000001
1440,18.04,67.03
1440,18.1,66.53
1449,14,67.04
1449,14.06,66.08
1449,14.08,66.78
1449,14.67,66.29
1449,14.780000000000001,64.37
1449,14.88,63.754999999999995
1449,14.92,63.85
1449,15.05,64.77000000000001
1449,15.07,64.07
1449,15.14,63.24
1449,15.65,62.57
1449,15.74,62.49
1449,15.92,61.82
1449,15.950000000000001,61.6
1449,15.99,61.69
1449,16.09,61.515
1449,16.15,61.41
1449,16.490000000000002,60.83
1449,16.65,61.01
1449,16.740000000000002,61.81
1449,16.84,62.05
1449,16.95,60.07
1449,17.09,62.21
1449,17.66,62.96
1449,17.76,62.135000000000005
1449,17.8,61.525000000000006
1449,17.830000000000002,61.82
1449,17.87,60.56
1449,18.080000000000002,62.47
1449,18.7,63.84
1449,18.78,63.23
1449,18.81,63.79
1458,11.290000000000001,74.76
1458,12.33,68.66
1458,12.36,68.89
1458,13.280000000000001,63.33
1458,13.33,63.46
1458,13.36,62.08
1458,13.96,61.435
1458,14.09,60.745000000000005
1458,14.16,60.87
1458,14.450000000000001,60.485
1458,14.950000000000001,61.07
1458,15.11,60.745000000000005
1458,15.18,60.7
1458,16.01,61.435
1458,16.07,61.73
1458,16.35,62.245
1458,16.48,60.91
1458,17.01,64.66
1460,11.620000000000001,67.89
1460,12.620000000000001,66.21
1460,12.69,67.01
1460,12.75,67.38
1460,13.35,67.23
1460,13.46,65.15
1460,13.67,63.83
1460,13.83,62.89
1460,14.42,63.655
1460,14.52,62.254999999999995
1460,14.67,64.56
1460,14.82,61.88
1460,15.34,62.870000000000005
1460,15.5,61.53
1460,15.76,61.385000000000005
1460,15.790000000000001,61.88
1460,16.36,64.65
1460,16.42,60.75
1460,16.490000000000002,63.06
1460,16.68,61.599999999999994
1460,16.740000000000002,60.22
1460,17.43,62.97
1460,17.490000000000002,62.015
1460,17.72,62.765
1461,11.98,80.15
1461,13.69,69.54
1461,13.77,68.925
1461,14.08,69.71
1461,14.15,68.29
1461,14.61,68.77
1461,14.71,67
1461,14.780000000000001,68.48
1461,14.9,66.63
1461,15.07,67.25
1461,15.09,68.745
1461,15.13,69.21
1461,15.75,65.02
1461,15.82,65.88
1461,15.84,65.88
1461,16.07,64.69
1461,16.11,67.31
1461,16.16,65.39
1461,16.72,65.36
1461,16.78,65.81
1461,16.9,65.54
1461,16.97,66.13499999999999
1461,17.07,66.66
1461,17.17,66.5
1463,12.65,73.84
1463,13.69,66.84
1463,14.280000000000001,66.93
1463,14.39,66.675
1463,14.67,66
1463,14.68,66.62
1463,15.26,67.47
1463,15.56,65.01
1463,15.66,64.21
1463,15.700000000000001,63.769999999999996
1463,16.1,64.86
1463,16.26,64.87
1463,16.45,64.88
1463,16.66,65.14
1463,16.7,66.42
1463,17.27,66.19
1465,15.23,68.97
1465,15.370000000000001,67.43
1465,15.41,67.96
1465,15.870000000000001,68.69
1465,16.02,68.485
1465,16.23,68.85
1465,16.37,68.345
1465,17.04,68.055
1465,17.12,67.13
1465,17.36,67.125
1465,17.41,65.52
1465,17.88,67.85
1465,18.01,67.78
1465,18.13,66.87
1465,18.990000000000002,68.75
1465,19.2,69.29
1468,13.49,65.87
1468,13.57,64.71
1468,13.72,66.41
1468,13.76,66.52
1468,13.8,65.86500000000001
1468,14.49,66.34
1468,14.620000000000001,68.065
1468,14.780000000000001,66.75
1468,14.8,68.88
1468,15.530000000000001,69.5
1468,15.790000000000001,71.08
1468,16.37,70.515
1468,16.44,71.43
1468,16.52,70.22
1468,16.69,71.34
1468,16.77,70.36
1468,16.81,68.72999999999999
1468,17.37,65.08000000000001
1468,17.52,65.44
1468,17.72,66.36
1469,12.09,75.7
1469,13.08,68.33
1469,13.120000000000001,69.03
1469,13.620000000000001,68.91
1469,14.120000000000001,66.39500000000001
1469,14.16,66.3
1469,14.64,67.11
1469,14.77,64.045
1469,15.02,64.89
1469,15.14,65.57
1469,15.22,66.82
1469,15.75,63.705
1469,15.96,62.325
1469,16.13,63.37
1469,16.23,64.09
1469,16.73,64.31
1469,16.82,62.59
1469,17,63.34
1469,17.03,63.72
1469,17.17,63.235
1469,17.23,63.55
1469,17.57,65.56
1469,17.73,66.25
1471,13.14,73.99
1471,14.02,73.25
1471,14.08,67.39
1471,14.16,66.84
1471,14.56,67.76
1471,14.72,67.21
1471,14.85,67.69
1471,15.16,66.24
1471,15.77,66.37
1471,15.870000000000001,66.52
1471,15.9,66.09
1471,15.92,66.03
1471,16.080000000000002,65.92
1471,16.15,69.08
1471,16.73,69.02
1471,16.78,68.38
1471,16.86,68.57
1471,16.88,68.67
1471,17.150000000000002,67.67
1471,17.73,69.7
1471,17.900000000000002,65.485
1471,18.07,65.42
1479,11.28,103.17
1479,11.38,98.94
1479,12.3,92.16
1479,13.790000000000001,74.88
1479,13.85,74.43
1479,14.6,71.9
1479,14.85,71.34
1479,15.48,71.16
1479,15.540000000000001,71.27
1479,15.620000000000001,69.89
1479,15.71,70.35
1479,15.75,70.03
1479,15.83,69.59
1479,16.5,69.38
1479,16.61,68.76
1479,16.77,68.195
1479,16.82,69.01
1479,17.53,70.74
1479,17.73,70.62
1479,17.84,70.8
1481,13.22,70.33
1481,13.97,67.96000000000001
1481,14.15,66.85
1481,14.200000000000001,66.45
1481,14.22,66.58500000000001
1481,14.790000000000001,66.01
1481,14.89,67.26
1481,15.1,65.35
1481,15.200000000000001,66.02
1481,15.24,66.59
1481,15.64,66.42
1481,15.790000000000001,67.55
1481,15.99,68.32
1481,16.2,70.02
1481,16.93,67.18
1481,16.95,67.35
1481,17.19,68.22
1486,14.49,69.56
1486,15.3,66.84
1486,15.41,65.91
1486,15.47,66
1486,15.49,67.5
1486,16.06,65.65
1486,16.47,64.71000000000001
1486,16.51,65.535
1486,16.91,64.12
1486,17.06,64.55
1486,17.16,64.87
1486,17.25,63.905
1486,17.5,64.155
1486,17.57,62.81
1486,18.150000000000002,64.31
1486,18.25,66.15
1486,18.400000000000002,65.98
1486,19.06,67.62
1486,19.17,66.13
1488,13.32,74.02
1488,13.36,73
1488,13.44,72.56
1488,13.75,71.58
1488,14.36,71.6
1488,14.63,74.58
1488,14.700000000000001,71.73
1488,14.74,70.39500000000001
1488,15.35,69.685
1488,15.49,69.475
1488,15.700000000000001,72.92
1488,15.76,73.21
1488,16.47,69.57
1488,16.51,69.525
1488,16.7,70.35
1488,16.76,71.66
1488,17.54,72.34
1488,18.54,75.2
1492,13.93,70.03
1492,14,73.8
1492,14.92,64.89500000000001
1492,15,63.97
1492,15.06,64.13
1492,15.57,65.29
1492,15.67,63.93
1492,16.02,67.02
1492,16.080000000000002,61.65
1492,16.57,64.04
1492,16.63,64.54
1492,16.67,64.46
1492,17.01,67.67
1492,17.57,66.17
1492,17.62,66.23
1492,17.72,64.11500000000001
1492,17.76,62.394999999999996
1492,17.94,67.39
1492,18.01,66.49000000000001
1492,18.6,68.035
1492,18.76,68.34
1501,13.07,69.49
1501,13.1,72.79
1501,13.6,69.59
1501,13.75,72.76
1501,13.96,70.13
1501,14.1,70.095
1501,14.77,68.66
1501,14.98,67.99
1501,15.73,68.9
1501,16.06,67.98
1501,16.13,65.71000000000001
1501,16.73,65.13999999999999
1501,16.84,66.06
1501,16.94,64.69
1501,17.11,64.71
1501,17.13,63.72
1501,17.7,65.19
1501,17.8,64.77
1501,17.93,64.975
1501,18.01,65.89
1501,18.11,67.29
1501,18.7,65.48
1501,18.8,65.78
1501,19.11,69.03
1501,19.150000000000002,64.47
1501,19.82,67.25
1501,19.85,66.08
1507,12.49,72.955
1507,12.65,70.61
1507,13.38,66.245
1507,13.57,65.46
1507,13.63,67.135
1507,14.26,64.355
1507,14.41,65
1507,14.57,64.83
1507,14.58,65.68
1507,14.66,64.21000000000001
1507,15.35,65.3
1507,15.39,64.3
1507,15.47,63.254999999999995
1507,15.52,62.47
1507,15.66,63.2
1507,16.64,64.56
1507,18.57,67.525
1512,12.67,79.86
1512,13.040000000000001,72.72
1512,13.75,69.52
1512,13.780000000000001,68.01
1512,14.01,67.79
1512,14.05,67.86
1512,14.74,66.21
1512,15.01,66.45
1512,15.11,65.71
1512,15.780000000000001,66.46
1512,15.84,65.42
1512,15.950000000000001,65.635
1512,16.1,65.97
1512,16.68,68.33
1512,16.85,66.07
1512,16.990000000000002,66.28
1512,17.02,64.805
1512,17.73,66.55
1512,17.91,66.31
1512,18.080000000000002,65.86
1516,14.06,67.49
1516,14.200000000000001,68.01
1516,14.72,64.97
1516,14.85,64.91
1516,14.98,64.69
1516,15.870000000000001,63.035
1516,15.96,63.86
1516,15.98,63.25
1516,16.15,63.21
1516,16.3,63.24
1516,16.71,62.65
1516,16.84,63.09
1516,16.94,63.99
1516,16.96,63.25
1516,17.09,62.56
1516,17.23,64.64
1516,17.31,63.17
1519,12.24,71.06
1519,12.42,70.53
1519,13.38,67.94
1519,14.13,65.17
1519,14.24,61.82
1519,14.52,61.39
1519,15.07,63.565
1519,15.13,62.09
1519,15.22,59.62
1519,15.42,60.224999999999994
1519,15.52,59.56
1519,15.93,60.185
1519,16.07,62.815
1519,16.15,60.66
1519,16.28,60.8
1519,16.32,59.58
1519,16.41,59.72
1519,16.54,58.26
1520,12.700000000000001,71.92
1520,13.620000000000001,67.91499999999999
1520,13.68,67.21
1520,13.700000000000001,65.44
1520,13.76,66.15
1520,14.27,67.18
1520,14.370000000000001,67.48
1520,14.68,65.81
1520,14.72,66.66
1520,15.120000000000001,70.03
1520,15.27,68.52
1520,15.370000000000001,64.59
1520,15.68,66.95
1520,15.72,65.9
1520,16.29,66.42
1520,16.41,68.06
1522,13.39,67.43
1522,13.43,67.135
1522,13.48,64.78
1522,13.5,64.905
1522,13.68,64.065
1522,13.780000000000001,65.36
1522,14.35,64.6
1522,14.46,64.4
1522,14.52,63.51
1522,14.700000000000001,62.80500000000001
1522,14.77,64.75
1522,14.8,62.82
1522,15.4,62.215
1522,15.46,62
1522,15.48,63.875
1522,15.69,63.09
1522,15.790000000000001,66.65
1522,15.860000000000001,63.04
1522,16.36,63.68
1522,16.44,63.46
1522,16.53,63.15
1522,17.34,65.11
1522,17.52,66.52
1523,12.6,75.04
1523,12.68,73.655
1523,13.540000000000001,69.94
1523,13.68,70.335
1523,13.83,70.79
1523,14.41,67.41
1523,14.44,69.11
1523,14.56,67.71
1523,14.75,69.56
1523,14.83,67.53
1523,15.69,65.44
1523,16.38,67.42
1523,16.69,65.225
1523,16.79,65.53
1523,16.86,64.88
1523,17.53,67.04
1525,11.84,75.58
1525,11.92,75.74
1525,12.950000000000001,70.71
1525,13.66,65.51
1525,13.790000000000001,66.36
1525,13.97,66.12
1525,14.68,65.38
1525,14.72,64.82
1525,14.81,66.22
1525,14.89,68.55
1525,14.99,63.86
1525,15.56,64.615
1525,15.64,64.35
1525,15.71,64.2
1525,15.96,63.91
1525,16.63,64.815
1525,16.67,68.21
1525,16.71,64.45
1525,16.76,64.98
1525,16.77,64.88
1525,16.94,66.59
1525,17.02,65.28
1526,13.23,72.23
1526,13.290000000000001,70.8
1526,13.33,71.31
1526,13.370000000000001,71.41
1526,13.5,70.84
1526,13.64,71.77
1526,14.21,67.69
1526,14.32,69.32
1526,14.36,67.39
1526,14.63,68.36
1526,15.21,68.08
1526,15.27,68.16
1526,15.34,69.33
1526,15.36,68.57
1526,15.610000000000001,69.11
1526,16.34,69.925
1526,16.36,69.69
1526,16.57,71.125
1526,16.65,71.87
1527,13.57,71.01
1527,13.85,70.99
1527,14.47,70.81
1527,14.6,69.28
1527,14.790000000000001,69.64
1527,14.85,70.56
1527,15.42,68.26
1527,15.46,67.07
1527,15.540000000000001,68.28
1527,15.58,65.69
1527,15.75,66.55
1527,15.790000000000001,67.75
1527,15.85,66.4
1527,16.44,64.92
1527,16.52,66.42
1527,16.76,67.33
1529,13.77,65.84
1529,13.92,65.85
1529,14.040000000000001,65.62
1529,14.450000000000001,64.55
1529,15.07,64.33
1529,15.280000000000001,64.61
1529,15.43,63.19
1529,15.860000000000001,63.48
1529,15.97,64.53
1529,16.01,63.52
1529,16.05,63.87
1529,16.2,62.56
1529,16.34,63.36
1529,16.45,64.29
1529,16.85,63.26
1529,16.990000000000002,62.98
1529,17.1,63.47
1529,17.38,65.82
1529,17.46,62.45
1529,17.93,64.91
1533,13.27,67.34
1533,13.4,68.45
1533,13.44,65.7
1533,14.01,64.64
1533,14.22,64.19
1533,14.38,62.915
1533,14.47,62.86
1533,14.530000000000001,62.59
1533,15.030000000000001,63.62
1533,15.13,63.945
1533,15.200000000000001,63.32
1533,15.47,62.16
1533,15.530000000000001,61.41
1533,16.16,62.97
1533,16.2,62.35
1533,16.25,61.98
1533,16.45,61.985
1533,16.54,62.37
1533,17.12,62.489999999999995
1533,17.2,60.445
1533,17.42,61.99
1533,17.5,64.11
1533,17.55,60.24
1533,18.02,60.575
1533,18.080000000000002,60.49
1533,18.13,59.83
1533,18.19,59.74
1533,18.42,62.565
1533,18.5,60.055
1535,13.02,71.72
1535,13.4,65.97
1535,14.05,64.485
1535,14.15,64.44
1535,14.38,63.705
1535,14.48,63.08
1535,14.530000000000001,61.245000000000005
1535,15.05,61.855000000000004
1535,15.09,61.55
1535,15.13,61.22
1535,15.17,61.45
1535,15.22,61.47
1535,15.38,62.33
1535,15.47,62.41
1535,16.05,62.94
1535,16.23,59.65
1535,16.5,60.98
1535,17.39,63.98
1535,17.45,63.8
1541,12.450000000000001,69.63
1541,12.56,70.08
1541,13.280000000000001,68.1
1541,13.31,68.18
1541,13.41,65.77000000000001
1541,13.450000000000001,66.71
1541,13.56,67.34
1541,13.6,69.17
1541,13.700000000000001,67.62
1541,14.27,65.89
1541,14.290000000000001,68.33
1541,14.33,68.24
1541,14.43,67.17
1541,14.58,68.51
1541,14.620000000000001,66.98
1541,14.700000000000001,66.98
1541,15.290000000000001,66.97
1541,15.33,65.53
1541,15.39,64.82
1541,15.56,68.66
1541,15.620000000000001,66.94
1541,16.4,71.71
1545,12.98,69.89
1545,13.63,67.33
1545,13.73,66.64
1545,13.96,68.05
1545,14.040000000000001,65.65
1545,14.52,64.71000000000001
1545,14.63,65.7
1545,14.74,62.385
1545,15.01,63.72
1545,15.11,63.7
1545,15.65,63.085
1545,15.72,62.165000000000006
1545,15.96,63.58
1545,16.05,63.260000000000005
1545,16.12,62.43
1545,16.62,63.28
1545,16.78,61.67
1545,16.95,62.495000000000005
1545,17.01,62.05
1545,17.05,61.725
1545,17.68,62.48
1545,18.12,60.68
1545,18.66,59.985
1545,18.98,60.22
1545,19.080000000000002,60.46
1545,19.13,58.99
1545,19.52,60.85
1545,19.61,60.44
1545,19.73,60.81
1545,19.81,59.04
1545,19.94,61.82
1545,19.98,60.6
1546,11.49,78.8
1546,12.42,71.92
1546,12.58,74.37
1546,13.23,70.47
1546,13.370000000000001,71.51
1546,13.5,68.51
1546,13.58,68.17
1546,14.25,66.56
1546,14.52,66.13499999999999
1546,14.58,66.82
1546,15.280000000000001,65.35
1546,15.38,66.72
1546,15.48,66.41
1546,15.55,66.275
1546,16.21,66
1546,16.28,65.78
1546,16.36,66.23
1547,11.07,75.78
1547,13.14,64.56
1547,13.85,64.805
1547,14.08,63.71000000000001
1547,14.23,62.95
1547,14.77,64.1
1547,14.83,62.28333333333333
1547,14.91,61.85
1547,14.950000000000001,61.73
1547,15.24,61.3
1547,15.73,63.14
1547,15.790000000000001,62.34
1547,15.84,62.77
1547,15.9,60.004999999999995
1547,16.13,62.125
1547,16.21,62.519999999999996
1547,16.26,59.95
1547,16.75,62.019999999999996
1547,16.78,60.165000000000006
1547,16.84,60.364999999999995
1547,16.86,59.905
1547,16.94,59.019999999999996
1547,17.03,60.28
1547,17.13,60.18
1547,17.26,59.150000000000006
1550,12.15,82.91
1550,13.02,78.52
1550,13.120000000000001,77.03
1550,13.14,75.91
1550,13.96,70.75999999999999
1550,14.040000000000001,72.55
1550,14.08,71.85
1550,14.14,71.47
1550,15.040000000000001,73.6
1550,15.1,67.715
1550,15.120000000000001,72.92
1550,16.07,71.17
1550,16.13,67.8
1550,16.17,71.75
1550,16.84,67.32
1550,17.05,66.14
1550,17.13,65.54
1551,12.780000000000001,68.57
1551,13.56,66.02
1551,13.58,65.985
1551,13.700000000000001,66.29
1551,13.73,67.08000000000001
1551,13.83,66.74
1551,13.870000000000001,65.78
1551,14.040000000000001,66.08
1551,14.08,68.02
1551,14.120000000000001,65.35499999999999
1551,14.15,63.76
1551,14.58,63.724999999999994
1551,14.72,64.73
1551,14.73,64.63
1551,15.040000000000001,64.86
1551,15.06,67.37
1551,15.1,64.94
1551,15.58,64.945
1551,15.71,64.68
1551,15.75,64.73
1551,15.81,65.26
1551,15.98,67.44
1551,16.04,65.88
1551,16.07,67.91
1551,17.13,67.92
1554,14.08,69.13
1554,14.19,67.48
1554,14.71,67.705
1554,14.84,67.74000000000001
1554,14.96,67.26
1554,15.23,70.15
1554,15.94,66.14
1554,16.03,66.31
1554,16.21,67.7
1554,16.23,67.69
1554,16.8,64.87
1554,16.9,64.74
1554,17.07,64.91
1554,17.11,65.26
1554,17.21,66
1554,17.240000000000002,67.985
1554,17.64,67.08
1554,17.8,65.18
1555,13.97,74.63
1555,14.1,71.86
1555,14.18,72.69
1555,14.91,67.98
1555,15.120000000000001,67.62
1555,15.16,65.45
1555,15.200000000000001,66.27
1555,15.85,63.63
1555,15.88,62.945
1555,16.05,62.54
1555,16.19,62.3
1555,16.26,62.07
1555,16.9,61.99
1555,16.92,61.894999999999996
1555,16.98,61.66
1555,17.09,61.72
1555,17.19,63.18
1555,17.23,61.6
1559,14.030000000000001,67.29
1559,14.09,67.8
1559,14.11,66.92
1559,14.26,66.75
1559,14.3,66.15
1559,14.34,67.17
1559,14.91,67.31
1559,14.99,67.61
1559,15.01,66.09
1559,15.030000000000001,65.49
1559,15.05,66.51
1559,15.16,68.48
1559,15.24,67.16
1559,15.34,66.05
1559,15.93,71.03
1559,15.99,68.82
1559,16.06,68.64
1559,16.2,69.73
1559,16.26,68.36
1559,16.330000000000002,71.2
1559,16.91,70.565
1559,16.97,70.14
1559,17.240000000000002,70.75
1563,13.88,65.9
1563,13.93,65.24
1563,13.950000000000001,65.88999999999999
1563,14.02,66.6
1563,14.55,66.25
1563,14.66,65.88499999999999
1563,14.76,66.33
1563,14.93,64.545
1563,14.950000000000001,65.27000000000001
1563,15.52,66.36
1563,15.83,67.25
1563,15.93,65.06
1563,15.97,65.85499999999999
1563,16.37,65.61
1563,16.52,66.53
1563,16.93,71.51
1563,17.92,71.07
1568,13.05,68.08
1568,13.59,67.16
1568,13.74,65.305
1568,13.84,66.16
1568,13.950000000000001,64.59
1568,13.99,63.74
1568,14.08,67.03
1568,14.13,66.1
1568,14.17,65.96
1568,14.6,65.01
1568,14.76,64.18
1568,14.870000000000001,62.94
1568,15.08,63.85
1568,15.19,62.58
1568,15.6,62.61
1568,15.73,62.24
1568,15.85,62.230000000000004
1568,15.98,62.38
1568,16.1,62.735
1568,16.12,65.89500000000001
1568,16.2,62.39
1568,16.71,62.17
1568,16.830000000000002,62.02
1568,16.87,61.325
1568,16.92,61.7
1568,17.2,61.43
1568,17.69,61.69
1568,17.79,61.56
1568,17.84,61.655
1568,17.86,61.474999999999994
1568,18,61.53
1568,18.04,62.17
1568,18.13,64.475
1568,18.53,62.61
1568,18.69,63.15
1568,18.78,61.58
1568,18.82,62.84
1568,18.88,61.765
1568,19.04,61.58
1568,19.13,62.445
1568,19.8,64.18
1568,19.82,62.905
1568,19.86,64.72
1568,19.990000000000002,63.37
1572,13.21,68.745
1572,13.27,67.37
1572,13.33,66.49
1572,13.48,66.52
1572,13.58,65.59
1572,14.15,65.36500000000001
1572,14.19,64.28
1572,14.27,63.95
1572,14.31,64.26
1572,14.5,63.54
1572,14.58,63.489999999999995
1572,14.61,62.51
1572,15.19,63.765
1572,15.22,61.965
1572,15.280000000000001,61.355000000000004
1572,15.38,61.26
1572,15.51,63.27
1572,15.66,62.82
1572,16.18,62.040000000000006
1572,16.22,62.595
1572,16.26,61.94
1572,16.39,64
1572,16.47,63.49
1572,16.5,62.38
1572,16.57,62.58
1572,17.2,64.825
1572,17.28,63.665
1572,17.32,64.42
1572,18.51,64.1
1572,19.14,63.160000000000004
1572,19.240000000000002,61.75
1572,19.31,60.97
1572,19.47,61.879999999999995
1572,19.54,60.97
1577,14.55,71.69
1577,14.620000000000001,70.11
1577,15.55,67.25
1577,15.620000000000001,67.29
1577,16.18,65.67
1577,16.240000000000002,64.37
1577,16.27,64.66
1577,16.330000000000002,64.7
1577,16.37,64.12
1577,16.54,67.6
1577,16.62,66.45
1577,17.19,69.75
1577,17.25,66.99
1577,17.29,66.25
1577,17.31,66.38
1577,17.37,66.63
1577,17.580000000000002,66.575
1577,17.62,67.06
1577,18.580000000000002,67.7
1577,18.63,67.39
1577,19.34,68.745
1587,12.05,78.55
1587,12.19,78.02
1587,12.92,72
1587,13.19,70.75
1587,13.780000000000001,71.23
1587,13.82,70.3
1587,13.9,70.38
1587,13.94,70.3
1587,14.17,66.675
1587,14.21,66.52
1587,14.8,66.60499999999999
1587,14.84,67.62
1587,14.86,65.16499999999999
1587,14.870000000000001,68.84
1587,15.13,64.14
1587,15.16,64.37
1587,15.22,64.945
1587,15.790000000000001,65.595
1587,15.870000000000001,65.61
1587,15.89,65.38
1587,16.13,64.72
1587,16.16,65.18
1587,16.22,65.34
1587,17.81,68.37
1587,18.13,67.81
1590,13.81,69.84
1590,14.040000000000001,67.49
1590,14.69,69.08
1590,14.75,68.34
1590,14.76,68.03
1590,14.9,65.51
1590,15.030000000000001,67.45
1590,15.610000000000001,63.61
1590,15.64,63.125
1590,15.72,61.565
1590,15.76,60.175
1590,15.870000000000001,61.15
1590,15.950000000000001,59.724999999999994
1590,16.03,60.945
1590,16.09,59.9
1590,16.61,59.125
1590,16.64,60.09
1590,16.72,60.055
1590,16.77,59.02
1590,16.84,60.09
1590,16.93,59.47
1590,17.05,59.965
1590,17.12,58.65
1590,17.6,58.3
1590,17.64,59.72
1590,17.7,59.510000000000005
1590,17.77,59.65
1590,17.79,57.795
1590,17.89,58.85
1590,18.04,57.834999999999994
1590,18.67,57.19
1590,18.73,57.485
1590,18.82,55.97333333333333
1590,19.02,57.35
1590,19.07,57.44
1590,19.52,57.58
1590,19.69,58.96
1590,19.75,58.46
1590,19.82,57.25
1590,19.990000000000002,59.32
1598,11.5,74.33
1598,13.3,68.34
1598,13.450000000000001,68.85
1598,13.72,69.36
1598,14.3,68.215
1598,14.450000000000001,65.875
1598,14.64,65.18
1598,14.72,65.1
1598,15.370000000000001,64.18
1598,15.64,65.16
1598,15.73,64.91
1598,16.31,67.29
1598,16.35,66.44
1598,16.39,63.445
1598,16.64,65.27
1598,16.73,64.6
1598,17.42,63.91
1598,17.46,63.89
1598,17.73,65.53
1600,13.09,66.92
1600,13.13,69.64
1600,13.620000000000001,66.86500000000001
1600,13.790000000000001,67.48
1600,14.01,64.275
1600,14.120000000000001,66.605
1600,14.16,65.63
1600,14.23,63.23
1600,14.64,64.66999999999999
1600,14.76,66.38
1600,14.870000000000001,64.03
1600,15.16,62.065
1600,15.22,64.89
1600,15.75,62.29
1600,15.870000000000001,61.45
1600,15.9,63.02
1600,15.96,62.07
1600,16,59.29
1600,16.03,59.89
1600,16.16,63.379999999999995
1600,16.240000000000002,61.29
1600,16.54,62.69
1600,16.73,62.05
1600,16.82,62.82
1600,16.9,61.974999999999994
1600,17,62.03
1600,17.04,62.09
1600,17.16,62.88
1600,17.17,64.15
1600,17.240000000000002,61.99
1600,17.57,64.94
1600,17.73,63.31
1603,11.620000000000001,73.34
1603,12.65,67.5
1603,12.69,67
1603,13.36,65
1603,13.67,62.974999999999994
1603,13.82,62.19
1603,14.34,62.355000000000004
1603,14.41,63.41
1603,14.67,62.15
1603,14.82,61.49
1603,15.370000000000001,61.96
1603,15.47,60.629999999999995
1603,15.66,61.405
1603,15.76,61.42
1603,15.790000000000001,61.31
1603,16.35,61.925
1603,16.41,61.41
1603,16.490000000000002,62.230000000000004
1603,16.68,62.57
1603,16.740000000000002,61.445
1603,16.830000000000002,62.03
1603,17.37,65.79
1603,17.41,63.05
1603,17.42,65.48
1603,17.48,62.11
1603,17.79,61.705
1603,18.36,63.31
1603,18.48,63.18
1607,14.86,69.78
1607,15.02,69.48
1607,15.17,66.88
1607,15.3,66.54
1607,15.44,65.66
1607,15.48,67.53
1607,15.94,68.47
1607,16.3,69.57
1607,16.44,67.19
1607,16.93,66.525
1607,17.11,66.98
1607,17.32,68.73
1607,17.44,66.51499999999999
1607,17.95,66.61
1607,18.080000000000002,68.02
1607,18.2,66.92
1607,18.45,64.58
1607,18.47,65.42
1607,19.06,66.06
1607,19.18,68.3
1607,19.27,67.87
1607,19.45,73.51
1607,19.47,66.28
1611,14.02,63.605000000000004
1611,14.16,63.595
1611,14.22,63.68
1611,14.3,63.629999999999995
1611,14.81,64.49
1611,15.06,62.86
1611,15.3,63.32
1611,15.38,62.96
1611,16.06,62.56
1611,16.080000000000002,65.13
1611,16.4,62
1611,16.81,65.64
1611,17.330000000000002,65.715
1611,17.41,63.78
1611,17.92,63.81
1611,18.04,63
1611,18.13,62.54
1611,18.31,63.415000000000006
1611,18.330000000000002,63.394999999999996
1611,18.900000000000002,62.89
1611,18.990000000000002,62.32
1611,19.21,61.73
1611,19.25,62.21
1611,19.34,62.980000000000004
1611,19.740000000000002,62.09
1611,19.900000000000002,62.34
1611,19.990000000000002,62
1620,13.15,68.82
1620,13.84,65.05
1620,13.85,65.88
1620,13.93,65.47
1620,13.950000000000001,66.61
1620,14.16,64.37
1620,14.22,65.17
1620,14.26,64.78
1620,14.790000000000001,63.870000000000005
1620,14.83,63.495000000000005
1620,14.85,64.88
1620,14.870000000000001,64.095
1620,14.89,64.32
1620,15.16,63.48
1620,15.200000000000001,65.4
1620,15.22,64.34
1620,15.25,63.455
1620,16.85,65.61
1620,16.88,65.83
1620,16.94,64.435
1620,16.98,63.78
1620,17.19,64.56
1620,17.23,63.74
1624,12.040000000000001,69.66
1624,12.08,68.74
1624,13.08,68.32
1624,13.58,63.58
1624,13.84,62.565
1624,14.71,60.53
1624,14.82,60.785
1624,14.97,60.62
1624,15.11,60.93
1624,16.19,59.84
1624,16.86,59.35
1624,16.95,59.21
1624,17.03,60.1
1624,17.11,59.65
1624,17.68,62.09
1624,17.87,61.120000000000005
1624,18.03,61.52
1624,18.12,64
1624,18.7,63.54
1624,18.85,62.44
1624,19.85,65.58
1629,13.23,67.78
1629,13.76,66.195
1629,14.02,66.22
1629,14.16,64.38
1629,14.31,65.46
1629,14.780000000000001,65.9
1629,15.26,64.81
1629,15.780000000000001,65.43
1629,15.91,64.475
1629,16.03,64.655
1629,16.16,64
1629,16.28,63.355000000000004
1629,16.38,63.78
1629,17.01,64.91
1629,17.1,63.65
1629,17.14,63.39
1629,17.38,63.67
1634,11.370000000000001,81.62
1634,11.450000000000001,79.84
1634,12.14,75.61
1634,12.370000000000001,72.23
1634,13.11,70.58
1634,13.13,72.56
1634,13.25,70.88
1634,13.33,69.61
1634,13.4,71.22
1634,13.63,69.49
1634,14.13,69.76
1634,14.23,71.9
1634,14.3,69.95
1634,14.38,70
1634,14.42,67.09
1634,14.65,69.33
1637,14.14,65.88
1637,14.57,60.959999999999994
1637,15.11,64.11
1637,15.23,62.305
1637,15.33,61.11
1637,15.46,61.94
1637,15.55,59.915
1637,16.13,61.68
1637,16.23,61.45
1637,16.32,60.7
1637,16.42,59.61
1637,16.45,60.95
1637,16.57,59.56666666666666
1637,16.97,62.09
1637,17.11,60.68
1637,17.21,61.82
1637,17.29,60.11
1637,17.38,62.39
1637,17.580000000000002,59.665
1637,19.080000000000002,61.739999999999995
1637,19.25,60.57
1637,19.32,64.05
1637,19.35,60.61
1641,12.120000000000001,71.16
1641,13.11,64.83
1641,13.780000000000001,66.19
1641,13.86,63.885
1641,13.88,63.185
1641,13.98,65.41
1641,14.05,62.945
1641,14.15,63.03
1641,14.21,62.95
1641,14.88,63.06
1641,15.07,63.185
1641,15.13,62.44
1641,15.21,62.79
1641,15.88,62.595
1641,16.11,62.12
1641,16.18,63.58
1641,16.87,61.8
1643,10.18,86.18
1643,11.16,80.78
1643,12.19,72.89
1643,13.81,66.98
1643,13.82,65.15
1643,14.15,65.47
1643,14.96,61.260000000000005
1643,15.030000000000001,62.25
1643,15.15,63.01
1643,15.21,63.44
1643,15.290000000000001,61.28
1643,15.84,62.57
1643,15.89,62.695
1643,16.11,61.79
1643,16.14,62.07
1643,16.18,62.095
1643,16.31,60.37
1649,11.99,72.34
1649,13.280000000000001,65.83
1649,14.1,63.07
1649,14.24,64.46
1649,14.83,63.5
1649,15,62.1
1649,15.08,62.02
1649,15.41,62.595
1649,15.81,61.02
1649,16,60.66
1649,16.16,60.62
1649,16.35,60.55
1649,16.79,61.36
1649,16.81,60.55
1649,17.11,60.13
1649,17.150000000000002,60.09
1649,17.27,60.48
1649,17.36,60.94
1649,17.43,59.465
1649,17.52,59.55
1649,17.8,59.97
1649,18.04,59.64
1649,18.09,59.78
1649,18.17,62.19
1649,18.28,59.54
1649,18.36,61.605000000000004
1649,18.8,60.13
1649,19.09,60.45
1649,19.17,59.31
1649,19.34,61.485
1649,19.82,59.11
1649,19.93,59.06
1652,12.21,77.79
1652,13.84,66.56
1652,14.18,65.575
1652,14.950000000000001,64.655
1652,15.26,62.205
1652,15.34,61.43
1652,15.83,63.17
1652,15.950000000000001,60.78
1652,16.01,59.975
1652,16.04,59.8
1652,16.23,61.775
1652,16.27,61.835
1652,16.36,59.86
1652,16.85,61.56
1652,16.94,63.63
1652,16.96,60.3
1652,17.04,60.14
1652,17.23,61.03
1652,17.36,58.34
1656,12.83,73.08
1656,13.33,69.98
1656,13.530000000000001,65.985
1656,13.56,65.39
1656,13.620000000000001,65.88999999999999
1656,13.93,64.10499999999999
1656,14.01,63.12
1656,14.66,64.41
1656,14.75,64.16
1656,14.83,62.305
1656,15,62.5
1656,15.52,64.57
1656,15.66,61.5
1656,15.73,63.52
1656,15.83,62.525
1656,15.88,64.67
1656,16.02,63.34
1656,16.65,63.239999999999995
1656,16.75,63.1
1656,16.85,62.565
1656,16.88,65.05
1656,17.59,67.11
1662,12.48,73.04
1662,12.65,74.41
1662,13.280000000000001,68.555
1662,13.59,67.27
1662,13.63,67.33500000000001
1662,14.24,67.57
1662,14.3,64.39
1662,14.42,63.620000000000005
1662,14.55,64.99
1662,14.59,63.17
1662,14.65,62.305
1662,14.69,62.815
1662,14.74,62.08
1662,15.24,63.305
1662,15.34,62.495
1662,15.42,60.165
1662,15.46,61.17
1662,15.55,60.99
1662,15.63,62.91
1662,15.67,60.14
1662,15.76,61.53
1662,16.240000000000002,64.11
1662,16.28,60.9
1662,16.35,61.205
1662,16.41,59.375
1662,16.56,60.49
1662,16.64,62.150000000000006
1662,16.68,62.894999999999996
1662,16.72,60.73
1662,16.77,60.28
1662,17.240000000000002,63.72
1662,17.35,61.834999999999994
1662,17.37,59.79
1662,17.41,59.25
1662,17.45,59.78
1662,17.64,63.705
1662,17.68,62.224999999999994
1662,17.77,59.59
1665,13.13,71.94
1665,13.19,72.48
1665,13.86,69.00999999999999
1665,13.92,69.11
1665,14.11,68.46
1665,14.18,67.005
1665,14.790000000000001,65.51
1665,14.870000000000001,65.03
1665,14.97,67.92
1665,15.1,65.77
1665,15.16,66.21000000000001
1665,15.790000000000001,65.17
1665,15.870000000000001,65.55
1665,16.04,66.11
1665,16.1,65.32
1665,16.2,65.39500000000001
1665,16.93,66.64
1666,12.97,77.21
1666,13.120000000000001,72.87
1666,13.290000000000001,73.09
1666,13.99,72.56
1666,14.08,72.96
1666,14.24,71.67
1666,14.94,69.66499999999999
1666,15.1,67.185
1666,15.25,67.84
1666,15.27,66.35
1666,15.370000000000001,69.31
1666,16.36,67.81
1666,17.02,65.1
1666,17.27,65.73
1666,17.36,64.43
1666,18.28,66
1669,11.72,81.82
1669,11.85,80.63
1669,12.69,76.41
1669,12.89,76.98
1669,13.5,72.715
1669,13.59,70.725
1669,13.77,70.16
1669,13.92,72.14
1669,14.59,69.305
1669,14.75,68.86500000000001
1669,14.82,67.73
1669,14.92,67.43
1669,15.55,69.47
1669,15.610000000000001,68.545
1669,15.76,67.5
1669,15.84,68.65
1669,15.93,68.42
1669,16.53,67.04
1669,16.61,68.725
1669,16.9,68.21
1669,17.490000000000002,68.41
1669,17.580000000000002,68.28
1669,17.89,68.8
1669,17.91,69.15
1671,14.07,68.34
1671,14.13,66.83500000000001
1671,14.200000000000001,65.53
1671,14.450000000000001,67.78
1671,15.07,66.43
1671,15.15,67.04
1671,15.18,65.33
1671,15.36,66.74
1671,15.450000000000001,65.29
1671,16.04,66.44
1671,16.12,66.07
1671,16.36,66.59
1671,16.43,65.12
1671,17.04,64.25
1671,17.12,64.845
1671,17.18,64.23
1671,17.41,64.52
1671,17.48,64.97
1671,18.06,63.265
1671,18.18,64.6
1671,18.400000000000002,63.864999999999995
1671,18.48,65.01
1673,12.15,77.03
1673,12.74,75.82
1673,12.91,71.25
1673,13.26,70.44
1673,13.91,70.1
1673,14.91,69.285
1673,14.98,68.12
1673,15.06,69.715
1673,15.290000000000001,65.845
1673,15.950000000000001,67.935
1673,16,67.56
1673,16.04,66.81
1673,16.21,67.64
1673,16.29,66.22
1673,17.02,66.565
1673,17.330000000000002,67.735
1675,15.200000000000001,62.76
1675,15.34,64.62
1675,15.870000000000001,61.515
1675,15.99,62.82
1675,16.080000000000002,62.18
1675,16.85,61.55
1675,17.16,61.535
1675,17.29,60.84
1675,17.36,60.625
1675,17.69,60.01
1675,17.85,60.93
1675,18.04,61.900000000000006
1675,18.11,60.19
1675,18.19,60
1675,18.29,61.105
1675,18.86,60.41
1675,18.900000000000002,60.375
1675,18.96,59.205
1675,19.03,59.59
1675,19.11,59.93
1675,19.18,59.730000000000004
1675,19.29,61.325
1676,11.65,74.53
1676,12.65,72.5
1676,13.82,69.56
1676,14.01,68.265
1676,14.1,67.97
1676,14.21,68.65
1676,14.870000000000001,67.63
1676,14.93,66.8
1676,15.120000000000001,66.435
1676,15.18,66.18
1676,15.75,65.42
1676,15.870000000000001,64.65
1676,15.93,64.62
1676,16.06,68.54
1676,16.1,67.26
1676,16.16,63.105000000000004
1676,16.240000000000002,63.63
1676,16.28,61.4
1676,16.75,68.155
1676,16.87,66.95
1676,16.93,63.63
1676,17.080000000000002,66
1676,17.19,66.25999999999999
1676,17.28,62.35
1677,13.55,66.52
1677,13.72,67.07499999999999
1677,13.76,66.96
1677,13.85,65.52
1677,14.41,64.6
1677,14.51,63.08
1677,14.55,62.43000000000001
1677,14.700000000000001,63.935
1677,14.84,63.11
1677,15.370000000000001,62.86
1677,15.41,64.31
1677,15.55,63.64
1677,15.72,63.7
1677,15.790000000000001,64.345
1677,17.39,65.95
1677,17.46,67.155
1680,12.120000000000001,65.34
1680,12.96,65.66
1680,13.11,64.825
1680,13.19,62.62
1680,13.82,64.7
1680,13.84,63.975
1680,13.88,63.39
1680,14.25,64.75
1680,14.280000000000001,61.91
1680,14.84,64.67
1680,14.86,64.085
1680,14.93,63.129999999999995
1680,14.950000000000001,63.129999999999995
1680,15.22,68.46
1680,15.26,63.14
1680,15.32,63.04
1680,15.8,64.03
1683,12.530000000000001,66.82
1683,13.1,68.75
1683,13.19,67.89
1683,13.41,67.48
1683,13.5,66.83
1683,13.540000000000001,66.44
1683,13.94,65.74
1683,14.1,65.12
1683,14.19,65.4
1683,14.290000000000001,64.76
1683,14.5,64.51
1683,15.09,63.16
1683,15.15,64.02
1683,15.290000000000001,64
1683,15.540000000000001,63.72
1683,16.21,66
1683,17.16,67.81
1693,12.99,71.935
1693,13.290000000000001,68.49666666666667
1693,13.39,68.42
1693,13.41,69.30000000000001
1693,13.450000000000001,68.96
1693,14.01,67.045
1693,14.120000000000001,66.14
1693,14.14,65.72
1693,14.200000000000001,66.285
1693,14.370000000000001,68.02
1693,14.450000000000001,65.83
1693,14.48,66.05
1693,15.08,64.99
1693,15.15,65.425
1693,15.370000000000001,65.51
1693,15.46,64.12
1693,16.04,65.45
1697,11.07,81.77
1697,11.41,76.6
1697,11.540000000000001,75.86
1697,11.620000000000001,73.02
1697,12.18,73.46
1697,12.35,70.23
1697,12.41,71.72
1697,13.370000000000001,72.98
1697,13.450000000000001,70.56
1697,14.18,69.1
1697,14.27,68.38
1697,14.42,67.39
1697,14.5,67.81
1697,15.27,67.29
1697,15.35,68.06
1697,16.27,68.45
1697,16.38,67.56
1697,16.5,68.79
1697,17.19,68.62
1697,17.55,71.55
1708,12.26,73.84
1708,13.25,70.8
1708,14.02,67.33
1708,14.24,67.1
1708,14.33,66.08500000000001
1708,14.92,64.52
1708,15,64.84
1708,15.06,65.7
1708,15.24,64.06
1708,15.33,65.065
1708,16.330000000000002,62.47
1708,16.92,62.93
1708,17.05,62.355000000000004
1708,17.3,62.63
1708,17.88,63.5
1708,17.93,62.4
1708,18.05,63.129999999999995
1719,13.030000000000001,66.06
1719,13.57,65.85
1719,13.72,64.92
1719,13.85,65.01
1719,13.93,66.98
1719,14.74,63.61
1719,14.83,63.88
1719,14.85,64.14
1719,15.02,62.5
1719,15.58,63.65
1719,15.72,63.29
1719,15.81,62.55
1719,15.83,63.38
1719,15.96,61.42
1719,16.69,63.46
1719,16.85,61.21
1719,16.9,63.32
1719,16.98,62.43
1719,17.18,62.61
1719,17.84,60.745000000000005
1719,17.98,62.27
1719,18.76,61.9
1719,18.86,60.07
1719,18.93,61.77
1719,19.02,62.33
1719,19.11,83.02
1720,13.64,65.765
1720,13.94,65.22
1720,14.21,65.555
1720,14.25,66.33
1720,14.71,67.05
1720,14.96,65.07499999999999
1720,15.21,63.81
1720,15.25,66.18
1720,15.3,64.78
1720,15.71,64.485
1720,15.96,62.825
1720,16.25,64.07499999999999
1720,16.72,63.2
1720,16.86,61.4
1720,16.97,61.540000000000006
1720,17.22,61.56
1720,17.330000000000002,62.01
1720,18.05,62.23
1720,18.18,62.74
1722,12.68,70.24
1722,13.26,70.56
1722,14.39,67.95
1722,14.700000000000001,67.99
1722,15.41,67.65
1722,15.56,66.465
1722,15.700000000000001,65.47999999999999
1722,16.27,66.58
1722,16.38,65.955
1722,16.42,65.75
1722,16.44,64.81
1722,16.62,65.91
1722,16.69,66.47
1722,17.3,65.805
1722,17.38,64.705
1722,17.400000000000002,64.135
1722,17.61,64.37
1722,17.71,67.5
1722,18.3,66.47
1722,19.61,69.3
1728,12.19,74.53
1728,12.56,71.56
1728,13.32,66.65
1728,13.530000000000001,65.15
1728,13.57,65.745
1728,14.22,64.49000000000001
1728,14.26,64.43
1728,14.3,63.315
1728,14.68,62.96
1728,15.36,62.43
1728,15.620000000000001,63.48
1728,16.22,64.35
1728,16.35,63.17
1728,16.55,64.255
1728,16.6,64.17
1728,17.22,66.01
1729,13.25,61.64
1729,13.88,61.730000000000004
1729,14.02,60.95
1729,14.19,60.07
1729,14.23,60.34
1729,14.290000000000001,61.13
1729,15.040000000000001,60.69
1729,15.06,60.135
1729,15.07,59.71
1729,15.15,60.25
1729,15.22,59.97
1729,15.33,61.644999999999996
1729,15.370000000000001,59.78
1729,15.92,64.72
1729,15.94,66.02
1729,15.950000000000001,65.5
1729,16.05,65.24
1729,16.07,62.865
1729,16.12,61.82
1729,16.14,61.5
1730,13.46,65.51
1730,14.19,66.53999999999999
1730,14.23,66.52
1730,14.5,65.58
1730,15.06,64
1730,15.23,62.64
1730,15.42,64.49
1730,15.48,68.8
1730,15.56,62.83
1730,16.05,65.155
1730,16.23,62.595
1730,16.32,65.24
1730,17.11,64.13
1730,17.18,62.51
1730,17.41,65.36
1730,17.53,61.519999999999996
1740,10.08,95.9
1740,12.1,75.87
1740,12.94,72.25
1740,13.05,70.58
1740,13.82,68.56
1740,14.05,68.57
1740,14.11,69.47
1740,14.17,68.74
1740,14.76,70.22
1740,14.86,67.41
1740,14.88,67.06
1740,15.05,68.28
1740,15.15,66.77
1740,15.620000000000001,70.59
1740,15.870000000000001,66.91
1740,16.05,69.8
1741,10.08,100.15
1741,12.1,80.99
1741,12.94,73.85
1741,13.05,75.51
1741,13.82,68.9
1741,14.05,70.06
1741,14.11,68.46000000000001
1741,14.76,70.04
1741,14.86,67.64
1741,14.88,65.05
1741,15.05,69.53
1741,15.15,63.075
1741,15.23,65.43
1741,15.620000000000001,68.22
1741,15.780000000000001,68.07
1741,15.870000000000001,65.11
1741,15.89,64.07
1741,16.12,69.4
1741,16.16,68.99
1743,12.47,71.9
1743,13.27,65.075
1743,13.46,68.57
1743,14.040000000000001,66.25
1743,14.13,65.52
1743,14.21,65.82
1743,14.34,65.165
1743,14.48,66.47
1743,14.530000000000001,65.16
1743,14.88,67.56
1743,15.25,66.24
1743,15.44,65.72
1743,16.05,65.04
1743,16.11,64.61
1743,16.17,63.605000000000004
1743,16.2,63.385
1743,16.38,63.575
1743,16.47,64.39
1743,17.05,66.49000000000001
1744,11.540000000000001,72.44
1744,12.5,70.78
1744,13.540000000000001,71.24
1744,13.56,69.86
1744,14.17,67.69
1744,14.21,65.59
1744,14.27,65.36
1744,14.3,64.285
1744,14.46,64.52
1744,14.52,65.69
1744,14.55,64.9
1744,15.030000000000001,66.19
1744,15.18,64.51
1744,15.280000000000001,63.16
1744,15.3,63.695
1744,15.51,64.185
1744,15.57,65.49
1744,15.610000000000001,63.22
1744,16.03,65.23
1744,16.18,65.18
1746,14.01,70.055
1746,14.040000000000001,71.37
1746,14.120000000000001,71.03
1746,14.16,69.42
1746,14.290000000000001,69.91
1746,14.43,71.23
1746,15.02,69.1
1746,15.08,69.39
1746,15.120000000000001,67.58
1746,15.33,67.13
1746,15.44,73.26
1746,16.02,67.6
1746,16.1,66.98
1746,16.12,64.85
1746,16.19,67.51
1746,16.35,67.79
1746,16.44,69.37
1746,17.05,68.87
1746,17.13,69.55
1746,17.28,72.81
1746,17.34,66.245
1746,17.44,79.66
1746,18.03,74.53
1752,11.72,69.69
1752,11.9,69.11
1752,11.97,67.42
1752,12.24,69.97
1752,12.82,65.9
1752,13.81,62.68
1752,13.92,62.09
1752,13.93,61.83
1752,14.030000000000001,60.745000000000005
1752,14.040000000000001,60.51
1752,14.07,60.2
1752,14.18,60.239999999999995
1752,14.32,59.025000000000006
1752,14.73,60.47
1752,14.81,65.11
1752,14.89,58.57
1752,15.02,58.36
1752,15.18,60.235
1752,15.32,58.84
1752,15.81,63.14
1752,15.860000000000001,59.45
1752,15.92,58.89
1752,15.96,57.96
1752,16.02,58.745000000000005
1752,16.25,59.39
1752,16.34,59.22
1755,13.59,65.63499999999999
1755,13.700000000000001,65.75
1755,13.92,64.56
1755,13.950000000000001,66.2
1755,14.01,64.63
1755,14.58,64.975
1755,14.620000000000001,64.67
1755,14.92,63.7
1755,15.01,62.545
1755,15.07,62.14
1755,15.74,63.045
1755,15.91,63.125
1755,16.01,62.68
1755,16.580000000000002,67.46
1755,16.73,62.78
1755,16.93,64.18
1755,16.96,69.37
1755,18.92,63.535
1757,10.46,84.295
1757,11.52,71.775
1757,12.63,65.92
1757,12.88,64.71
1757,13.5,63.54
1757,13.61,62.66
1757,13.65,62.57
1757,13.67,62.48
1757,13.82,63.295
1757,13.88,66.15
1757,13.92,63.82
1757,13.97,61.82
1757,14.47,62.28
1757,14.49,63.495000000000005
1757,14.63,61.995000000000005
1757,14.65,61.675
1757,14.84,62.05
1757,14.9,61.855000000000004
1757,14.98,61.44
1757,15.49,61.2
1757,15.64,60.535
1757,15.790000000000001,60.95
1757,15.82,60.035
1757,15.84,61.459999999999994
1757,15.870000000000001,61.870000000000005
1757,15.950000000000001,60.565
1757,16,60.33
1757,16.48,60.2
1757,16.580000000000002,60.56
1757,16.64,59.745000000000005
1757,16.77,60
1757,16.830000000000002,60.465
1757,16.87,60.92
1757,16.95,59.585
1757,17,59.47
1758,14.44,72.86
1758,14.72,70.28
1758,14.86,70.655
1758,15.36,68.43
1758,15.49,69.05
1758,15.51,68.31
1758,15.72,66.92
1758,15.9,67.39
1758,16.35,67.21
1758,16.53,65.93
1758,16.61,65.72
1758,16.740000000000002,65.19
1758,16.81,63.27
1758,16.9,65.24
1758,17.37,64.56
1758,17.5,66.07
1758,17.62,65.09
1758,17.87,66.08
1758,18.48,68.54
1758,18.6,71.24
1758,18.69,65.57
1758,18.87,66.53
1758,19.46,67.05
1758,19.56,69.22
1758,19.87,67.36
1766,13.18,70.47
1766,13.77,68.45
1766,13.89,67.54
1766,13.98,66.95
1766,14.16,67.68
1766,14.18,69.22
1766,14.75,66.66
1766,14.85,67.55
1766,14.98,65.6
1766,15.06,65.68
1766,15.16,64.93
1766,15.19,64.955
1766,15.59,64.67
1766,15.75,63.955
1766,15.84,64.275
1766,15.94,64.96
1766,16.15,64.28
1766,16.19,64.7
1766,16.65,63.895
1766,16.76,65.11
1766,16.92,63.29
1766,17.09,62.91
1766,17.19,63.09
1766,17.67,64.19
1766,17.8,64.35
1766,17.88,63.8
1770,13.780000000000001,79.31
1770,13.89,75.62
1770,14.64,74.62
1770,14.77,74.91
1770,14.88,72.6
1770,15.75,71.89
1770,16.02,69
1770,16.59,69.63499999999999
1770,16.63,68.355
1770,16.73,68.19
1770,16.77,68.17
1770,16.88,67.92500000000001
1770,16.96,67.9
1770,17.04,66.71
1770,17.740000000000002,68.09
1770,17.78,67.795
1770,17.88,68.515
1770,18.03,66.58500000000001
1770,18.93,69.34
1770,18.95,70.665
1770,18.97,69.98
1770,19.72,69.21
1770,19.89,69.3
1770,19.95,68.82
1788,12.19,76.04
1788,12.82,76.785
1788,12.94,77.39
1788,13.33,75.55
1788,13.94,73.99
1788,13.96,70.39
1788,14.3,69
1788,14.34,68.65
1788,14.96,67.69
1788,15.030000000000001,67.48
1788,15.05,68.13
1788,15.32,68.345
1788,15.38,67.515
1788,15.99,67.14
1788,16.11,67.55
1788,16.28,67.45
1788,16.32,68.50999999999999
1795,11.14,84.77
1795,12.14,74.45
1795,12.6,73.85
1795,12.66,72.3
1795,13.290000000000001,72.095
1795,13.44,70.255
1795,13.69,70.71
1795,14.25,70.88
1795,14.33,70.41
1795,14.41,70.06
1795,14.59,66.38
1795,15.290000000000001,66.04
1795,15.35,65.81
1795,15.4,66.02
1795,15.610000000000001,66
1795,15.65,67.75
1795,15.67,65.59
1795,16.240000000000002,67.48
1795,16.3,66.03
1795,16.55,66.505
1795,16.65,66.26
1795,16.73,65.97
1795,17.240000000000002,67.62
1814,13.27,68.76
1814,13.8,68.44
1814,13.97,69.73
1814,14.18,67.12
1814,14.3,66.69
1814,15.26,65.72999999999999
1814,15.32,65.11
1814,15.34,65.74
1814,15.93,65.45
1814,16.32,65.42
1814,16.330000000000002,64.11
1814,16.91,65.22
1814,17,64.375
1814,17.21,63.58
1814,17.31,65.11
1814,17.35,64.005
1814,17.91,65.78
1814,18,65.21
1816,10.98,87.63
1816,11.48,81.03
1816,12.46,71.5
1816,12.97,66.67
1816,13.11,67.41
1816,13.15,69.22
1816,13.21,65.96
1816,13.36,66.48
1816,13.44,66.58
1816,13.47,67.805
1816,13.530000000000001,68.17
1816,14.14,67.69
1816,14.22,68.66
1816,14.26,66.84
1816,14.34,65.75
1816,14.47,66.94999999999999
1816,14.49,67.85
1816,14.530000000000001,66.7
1816,15.08,65.84
1816,15.200000000000001,65.89
1816,15.26,65
1816,15.51,64.89
1816,16.19,65.29
1816,16.43,67.205
1816,16.48,66.47
1816,16.52,67.16
1825,12.82,67.88
1825,13.450000000000001,67.11
1825,13.47,67.62
1825,13.530000000000001,67.86
1825,13.76,65.64
1825,13.85,66.555
1825,14.55,65.93
1825,14.58,64.61
1825,14.76,65.12
1825,14.85,65.89
1825,15.77,66.03
1825,15.83,64.67
1825,16.580000000000002,65.11
1825,16.65,65.4
1825,17.75,70.24
1825,17.81,65.78
1827,11.35,73.18
1827,12.38,66.9
1827,13.19,65.28
1827,13.38,66.69
1827,13.950000000000001,67.03
1827,14.05,65.8
1827,14.13,65.87
1827,14.26,64.75
1827,14.4,67.38
1827,14.44,65.33
1827,14.8,65.73
1827,15.05,65.74
1827,15.39,64.405
1827,15.44,63.93
1827,15.8,66.85
1827,15.97,64.46000000000001
1827,16.14,65.08
1827,16.25,64.91
1827,16.39,65.16
1829,13.82,73.19
1829,14.84,67.15
1829,14.870000000000001,67.26
1829,14.91,69.46
1829,15.31,67.74
1829,15.47,66.02
1829,15.56,65.05
1829,15.66,66.07
1829,15.75,65.53
1829,15.870000000000001,66.69
1829,15.91,67.59
1829,16.48,64.36
1829,16.62,63.74
1829,16.66,62.95
1829,16.87,66.155
1829,16.91,63.53
1829,17.48,63.269999999999996
1829,17.830000000000002,65.495
1829,17.900000000000002,64.17
1835,11.3,94
1835,12.27,81.24
1835,13.08,74.52
1835,13.19,72.47
1835,13.23,75.25
1835,14.41,69.02
1835,14.46,68.49
1835,15.17,67.99
1835,15.370000000000001,66.62
1835,16.15,67.55000000000001
1835,16.36,66.93
1835,17.11,68.07
1835,17.22,69.2
1835,17.32,69.06
1835,17.38,67.28
1835,17.44,68.4
1838,11.66,72.71
1838,11.870000000000001,70.35
1838,12.790000000000001,66.62
1838,12.9,66.16
1838,13.540000000000001,64.12
1838,13.6,65.1
1838,13.85,63.94
1838,14,63.73
1838,14.59,65.6
1838,14.67,63.42
1838,14.84,64.58
1838,14.86,63.915
1838,14.94,63.58
1838,15.57,62.129999999999995
1838,15.67,62.98
1838,15.860000000000001,63.519999999999996
1838,15.92,62.725
1838,16.55,63.685
1838,16.61,62.09
1838,16.67,62.39
1838,16.9,62.47
1838,16.97,62.125
1838,17.62,63.06
1838,17.66,62.39
1838,17.97,63.34
1841,12.83,68.42
1841,13.5,65.38
1841,13.61,64.5
1841,13.77,63.86
1841,13.86,64.16999999999999
1841,13.92,63.39
1841,14.530000000000001,63.785
1841,14.59,62.120000000000005
1841,14.86,62.415
1841,14.92,61.76
1841,15.44,67.54
1841,15.450000000000001,63.11
1841,15.59,61.31
1841,15.64,61.64
1841,15.780000000000001,63.4
1841,15.84,62.04
1841,15.93,62.11
1848,11.07,73.71000000000001
1848,13.1,68.6
1848,13.19,68.375
1848,13.25,68.78
1848,13.9,67.71
1848,13.94,69.82
1848,14,68.02
1848,14.02,69.56
1848,14.23,65.63
1848,14.33,65.45
1848,14.9,65.24
1848,14.92,64.85
1848,14.96,64.85
1848,15.07,64.13
1848,15.09,64.91
1848,15.21,64.92
1848,15.23,64.63
1848,15.860000000000001,64.72
1848,15.9,63.864999999999995
1848,15.93,64.73
1848,15.97,64.52
1848,16.05,63.905
1848,16.21,67.265
1848,16.32,62.95
1848,16.990000000000002,62.92
1848,17.05,62.795
1854,13.870000000000001,62.8
1854,13.89,61.285
1854,14.040000000000001,63.47
1854,14.120000000000001,65.86
1854,14.16,62.935
1854,14.23,61.61
1854,14.64,61.98
1854,14.77,61.97
1854,16.12,62.165
1854,16.77,61.025
1854,16.86,63.09
1854,16.95,61.13
1854,17.240000000000002,60.075
1854,17.75,60.265
1854,17.86,61.01
1854,17.900000000000002,60.510000000000005
1854,17.96,60.165
1854,18.03,60.25
1854,19.07,61.39
1855,13.32,64.32
1855,13.34,65.13
1855,13.57,65.01
1855,14.09,63.32
1855,14.22,62.82
1855,14.34,62.14
1855,14.61,63.22
1855,14.67,62.260000000000005
1855,15.200000000000001,61.69
1855,15.32,62.95
1855,15.41,63.42
1855,15.610000000000001,62.39
1855,15.68,63.77
1855,16.18,63.56
1855,16.39,64.05
1855,16.48,65.53
1855,17.18,65.56
1855,17.27,65.7
1855,17.37,65.84
1855,17.62,68.29
1855,19.3,68.95
1860,15.120000000000001,66.25
1860,15.16,67.21
1860,15.200000000000001,65.86
1860,15.6,65.28
1860,15.76,65.96
1860,15.85,66.09
1860,16.16,65.77
1860,16.2,64.695
1860,16.77,64.82
1860,16.81,63.855
1860,16.91,64.88
1860,16.95,67.09
1860,17.19,66.525
1860,17.77,67.83
1860,17.88,64.93
1860,17.92,66.22
1860,17.94,64.15
1860,18.19,66.4
1861,14.27,73.54
1861,14.42,71.27000000000001
1861,14.68,68.69
1861,15.23,68.81
1861,15.41,66.34
1861,15.58,67.25
1861,15.68,65.25
1861,16.27,64.66
1861,16.330000000000002,63.78
1861,16.4,63.53
1861,16.56,65.92
1861,16.59,67.4
1861,16.65,65.07
1861,17.22,66.22
1861,17.34,66.43
1861,17.57,65.93
1861,17.63,65.24
1861,17.67,67.18333333333334
1861,18.62,69.51
1865,14.49,62.91
1865,14.84,62.82
1865,15,62.43
1865,15.17,62.19
1865,15.530000000000001,62.55
1865,15.94,62.63
1865,16.07,63.75
1865,16.21,63.56
1865,16.32,62.3
1865,16.51,62.21
1865,17.18,61.224999999999994
1865,17.2,62.035
1865,17.27,61.14
1865,17.38,60.99
1865,17.42,62.9
1865,17.45,61.69
1865,17.53,60.86
1865,18.07,62.23
1865,18.16,61.715
1865,18.25,60.36
1865,18.34,62.1
1867,13.22,72.15
1867,13.85,68.38
1867,14.18,67.73
1867,14.24,68.52
1867,14.26,67.88
1867,15.18,67.015
1867,15.25,66.26
1867,15.64,64.57
1867,15.83,65.78
1867,15.92,65.08
1867,16.1,63.27
1867,16.13,63.614999999999995
1867,16.67,64.33
1867,16.830000000000002,65.79
1867,16.88,63.09
1867,16.92,64.73
1867,18.01,69.42
1874,12.56,73.36
1874,12.85,70.47
1874,13.4,72.27
1874,13.530000000000001,69.58
1874,13.65,68.975
1874,13.75,69.39
1874,14.65,65.89
1874,14.8,65.29
1874,14.88,67.41
1874,14.99,62.43
1874,15.39,63.11
1874,15.530000000000001,66.38
1874,15.63,65.055
1874,15.74,63.02
1874,15.8,65.95
1874,16,65.06
1876,13.94,71.83
1876,14.17,66.72
1876,14.21,66.42
1876,14.24,68.21
1876,14.65,65.66
1876,14.8,67.54
1876,14.9,68.05
1876,14.99,68.01
1876,15.21,64.845
1876,15.24,65.95
1876,15.8,64.68
1876,15.85,65.655
1876,15.89,64.64
1876,15.93,65.85
1876,15.99,65.82
1876,16.07,64.9
1876,16.11,65.42
1876,16.7,68.515
1876,18.69,64.325
1876,19.080000000000002,70.57
1877,11.43,87.59
1877,11.84,82.11
1877,12.790000000000001,73.26
1877,13.6,69.37
1877,13.65,70.64
1877,13.790000000000001,70.195
1877,13.98,68.75
1877,14.69,67.95
1877,14.870000000000001,68.53
1877,14.94,69.00999999999999
1877,15.02,68.56
1877,15.63,66.91
1877,15.71,68.78
1877,15.75,66.68
1877,15.870000000000001,66.515
1877,16.02,66.09
1877,16.68,64.17
1877,16.8,64.92500000000001
1877,16.88,64.765
1877,16.93,64.22
1877,16.990000000000002,64.33
1877,17.57,65.88
1877,17.68,65.44
1877,17.78,65.42
1877,17.88,63.72
1877,17.97,65.39500000000001
1877,18.01,66.13
1880,11.34,72.22
1880,11.52,73.7
1880,12.52,67.35
1880,13.030000000000001,64.57
1880,13.15,67
1880,13.280000000000001,65.16
1880,13.41,65.83
1880,13.530000000000001,65.28
1880,13.55,66.235
1880,13.61,65.92
1880,14.14,65.03999999999999
1880,14.26,63.870000000000005
1880,14.3,64.88
1880,14.35,65.8
1880,14.39,63.86
1880,14.55,66.655
1880,14.93,66.98
1880,15.120000000000001,64.72
1880,15.22,66.5
1880,15.43,66.13
1881,11.790000000000001,69.6
1881,12.61,65.83000000000001
1881,13.52,64.14
1881,13.55,62.74
1881,13.75,63.724999999999994
1881,13.8,62.705
1881,13.88,63.11
1881,14.42,61.71
1881,14.450000000000001,61.64
1881,14.51,60.89
1881,14.55,61.16
1881,14.63,61.56
1881,14.8,61.095
1881,14.86,61.205
1881,14.89,60.775000000000006
1881,15.3,61.285
1881,15.39,62.07
1881,15.43,60.855000000000004
1881,15.59,60.09
1881,15.700000000000001,61.58
1881,15.76,60.04
1881,15.780000000000001,60.879999999999995
1881,15.9,60.56
1882,12.280000000000001,70.67
1882,13.14,68.515
1882,13.3,66.98
1882,13.370000000000001,66.37
1882,14.02,68.65
1882,14.1,66.375
1882,14.120000000000001,69.28
1882,14.33,70.64
1882,14.43,67.03999999999999
1882,15.08,65.76
1882,15.33,66.02000000000001
1882,15.35,64.47
1882,16.1,66.63
1882,17.09,68.4
1882,17.13,66.96
1882,17.17,65.56
1882,17.44,65.96
1882,17.990000000000002,67.96
1882,18.32,67.74
1886,10.39,96.5
1886,11.38,83.43
1886,12.36,73.12
1886,13.3,69.81
1886,13.36,70.975
1886,13.38,68.95
1886,13.99,69.32
1886,14.01,68.4
1886,14.07,68.28
1886,14.09,68.84
1886,14.32,67.68
1886,14.36,68.16
1886,14.41,67.68
1886,14.99,69.06
1886,15.1,69.59
1886,15.32,71.97
1894,11.76,71.32
1894,12.780000000000001,64.17
1894,12.85,64.09
1894,13.5,63.260000000000005
1894,13.6,63.045
1894,13.64,61.22
1894,13.73,60.38
1894,13.88,61.67
1894,13.94,60.3
1894,14.48,60.32
1894,14.540000000000001,60.95
1894,14.64,59.59
1894,14.71,58.725
1894,14.88,60.629999999999995
1894,14.98,58.96
1894,15.48,59.73
1894,15.52,59.79
1894,15.56,59.075
1894,15.67,59.9
1894,16.59,61.525
1894,16.65,60.695
1894,17.47,61.004999999999995
1894,17.650000000000002,59.675
1894,17.900000000000002,60.21
1894,19.8,61.435
1896,15.18,70.8
1896,16.19,71.6
1896,16.95,70.32
1896,16.98,69.64
1896,17.19,70.48
1896,17.77,68.9
1896,17.88,68.3
1896,18.02,69.45
1896,18.06,68.43
1896,18.19,68.08
1896,18.73,68.67
1896,18.8,68.56
1896,18.92,68.455
1896,18.98,68.08
1896,19.150000000000002,70.03
1896,19.19,69.85499999999999
1896,19.93,72.1
1896,19.98,72.135
1898,11.71,76.3
1898,12.700000000000001,69.05
1898,13.280000000000001,68.88
1898,13.370000000000001,66.69
1898,13.41,66.86
1898,13.58,65.41
1898,13.68,66.59
1898,13.72,66.79
1898,13.77,66.41
1898,14.120000000000001,68.23
1898,14.370000000000001,68.39
1898,14.47,72.9
1898,14.5,73.35
1898,14.68,68.3
1898,14.72,67.67
1898,15.290000000000001,66.09
1898,15.33,65.86500000000001
1898,15.41,65.525
1898,15.47,66.59
1898,15.540000000000001,68.705
1898,15.64,68.93
1898,15.68,69.02
1898,15.71,69.42
1904,11.81,79.48
1904,12.8,70.95
1904,13.3,70.19
1904,13.47,69.36
1904,13.8,70.39
1904,14.84,67.26
1904,15.83,65.64
1904,16.81,65.4
1904,17.25,65.11
1904,17.5,65.38
1904,17.81,62.095
1904,18.46,68.48
1904,19.44,64.65
1904,19.51,63.24
1904,19.57,63.5
1904,19.59,63.53
1904,19.76,62.57
1909,11.9,86.95
1909,12.81,81.14
1909,12.92,77.89
1909,14.23,73.21
1909,14.92,71.2
1909,14.98,71.75
1909,15.05,70.23
1909,15.88,67.36
1909,15.93,66.65
1909,16.05,66.96
1909,16.2,66.43
1909,16.87,65.93
1909,16.97,65.75
1909,17.07,64.87
1909,17.240000000000002,64.31
1909,17.28,65.65
1909,17.32,64.13
1909,17.89,62.91
1909,17.97,62.72
1909,18.01,62.84
1909,18.04,62.5
1909,18.18,63.31
1909,18.240000000000002,62.665
1909,18.31,63.47
1910,14.36,74.09
1910,15.07,69.61
1910,15.3,67.58
1910,15.370000000000001,72.86
1910,16.12,68.39
1910,16.29,67.35
1910,16.330000000000002,66.65
1910,16.94,67.26
1910,16.98,67.64
1910,17.19,68.275
1910,17.23,69.25
1910,17.330000000000002,68.11500000000001
1910,17.36,68.54
1910,17.900000000000002,68.525
1910,18.09,67.095
1910,18.150000000000002,67.135
1915,13.4,75.08
1915,13.44,70.87
1915,13.52,70.44
1915,13.82,71.37
1915,14.450000000000001,70.29
1915,14.51,69.83
1915,14.57,70.92
1915,14.780000000000001,69.845
1915,14.82,69.34
1915,15.41,66.77
1915,15.47,66.41
1915,15.51,66.86
1915,15.74,64.61
1915,15.84,69.94
1915,16.41,67.38
1915,16.45,67.465
1915,16.51,67.89
1915,17.5,67.6
1915,17.56,68.25
1915,17.830000000000002,70.24
1916,11.620000000000001,84.09
1916,12.030000000000001,79.5
1916,13.02,73.6
1916,13.96,68.23
1916,14.040000000000001,68.98
1916,14.96,65.855
1916,15,64.13
1916,15.09,64.99
1916,15.65,65.95
1916,15.73,64.205
1916,15.75,63.475
1916,15.780000000000001,63.43
1916,15.94,63.974999999999994
1916,16.04,63.724999999999994
1916,16.67,64.32
1916,16.78,65.5
1916,16.92,64.73
1916,17.03,67.89
1916,17.78,66.44
1916,17.900000000000002,66.47
1916,17.990000000000002,66.61
1924,12.98,68.87
1924,13.96,67.63
1924,14.02,69.12
1924,14.040000000000001,68.98
1924,14.96,66.22
1924,15.01,64.11
1924,15.030000000000001,66.18
1924,15.1,65.95
1924,15.42,66.59
1924,15.610000000000001,65.58
1924,15.700000000000001,66.26
1924,15.91,65.14
1924,16.01,65.06
1924,16.05,65.69
1924,16.45,65.67
1924,16.61,67.06
1924,16.7,66.54
1924,16.8,66.2
1924,17.01,65.33
1924,17.05,66.06
1924,18.04,72.45
1924,19,71.87
1924,19.02,70.67
1928,12.9,77.13
1928,13.52,70.16
1928,13.67,69.26
1928,14.51,69.87
1928,14.61,70.5
1928,14.8,69.46
1928,14.86,67.28
1928,14.950000000000001,68.61
1928,15.6,77.13
1928,15.66,68.96000000000001
1928,15.84,71.63
1928,15.870000000000001,68.21
1928,16.87,69.58
1928,16.91,66.49
1928,16.990000000000002,65.56
1928,17.62,69.19
1928,17.91,66.14
1930,10.4,98.38
1930,12.44,72.3
1930,14.06,68.93
1930,14.18,64.39
1930,15.02,69.32
1930,15.08,66.37
1930,15.14,65.55
1930,15.18,64.42
1930,15.31,68.9
1930,15.370000000000001,65.86500000000001
1930,15.43,65.15
1930,16.14,65.07
1930,16.18,64.75
1930,16.41,66.43
1930,16.44,70.82
1930,16.48,65
1938,13.620000000000001,64.52
1938,14,64.01
1938,14.44,61.945
1938,14.5,61.93
1938,14.58,62.64
1938,14.620000000000001,62.535
1938,14.68,60.3
1938,15.1,60.11
1938,15.42,59.35
1938,15.48,59.85
1938,15.67,58.49666666666666
1938,16.09,58.855000000000004
1938,16.36,57.885
1938,16.43,57.894999999999996
1938,16.68,57.595
1938,16.69,57.67
1938,17.09,57.905
1938,17.21,58.474999999999994
1938,17.22,58.47
1938,17.34,57.445
1938,17.41,57.47
1938,17.5,58.355000000000004
1938,17.61,58.894999999999996
1938,18.2,57.7
1938,18.32,58.42
1938,18.41,57.629999999999995
1938,18.48,57.045
1938,18.55,57.405
1938,18.56,57.715
1938,18.59,57.375
1938,18.61,58.07
1938,19.18,57.295
1938,19.28,57.015
1938,19.400000000000002,57.155
1938,19.490000000000002,56.29
1938,19.53,56.099999999999994
1938,19.61,56.15
1938,19.73,56.57
1939,13.83,68.005
1939,13.96,66.3
1939,14,65.81
1939,14.040000000000001,67.27
1939,14.59,63.32
1939,14.73,62.745
1939,14.780000000000001,65.32
1939,15.040000000000001,65.38
1939,15.610000000000001,63.06
1939,15.67,65.21
1939,15.76,65.65
1939,15.96,64.2
1939,16.66,62.315
1939,16.72,64.25
1939,16.84,60.78
1939,17.12,60.88
1939,18.62,62.47
1939,18.78,61.629999999999995
1943,13.33,67.53
1943,13.870000000000001,67.8
1943,14.02,67.4
1943,14.23,67.08
1943,14.370000000000001,67.595
1943,15.040000000000001,67.5
1943,15.120000000000001,64.19999999999999
1943,15.25,64.815
1943,15.33,65.22
1943,15.370000000000001,65.285
1943,15.41,65.06
1943,15.88,65.47
1943,16.02,66.07
1943,16.13,66.41
1943,16.38,65.31
1943,16.990000000000002,66.33
1943,17.11,68.49
1943,17.21,67.63
1943,17.400000000000002,68.93
1950,13.59,70.49
1950,13.71,68.39
1950,13.81,67.55
1950,13.84,70.34
1950,14.040000000000001,64.69
1950,14.11,65.275
1950,14.14,66.35
1950,14.6,67.185
1950,14.700000000000001,66.68
1950,14.74,65.97
1950,15.030000000000001,64.45
1950,15.09,66.63
1950,15.700000000000001,67.23
1950,15.72,66.16
1950,15.8,65.46
1950,16.03,65.7
1950,16.7,66.49
1950,16.85,63.74
1950,17.03,65.465
1950,17.12,64.42
1950,17.75,65.13
1950,18.04,66.43
1950,18.1,65.71
1950,18.73,66.38
1950,18.79,65.8
1950,19.080000000000002,66.405
1953,11.77,71
1953,12.23,66.72
1953,13.280000000000001,62.06
1953,13.88,62.47
1953,14.08,63.12
1953,14.13,62.96
1953,14.22,63.09
1953,14.32,64.04
1953,14.870000000000001,62.379999999999995
1953,15.3,62.515
1953,15.870000000000001,62.9
1953,15.91,62.04
1953,16.05,63.17
1953,16.35,62.885000000000005
1953,16.98,64.165
1953,17.04,63.81
1957,11.82,82.09
1957,11.950000000000001,83.38
1957,12.450000000000001,81.17
1957,12.950000000000001,74.94
1957,13.44,69.06
1957,13.56,70.27
1957,13.6,68.64
1957,13.64,69.48
1957,13.96,68.48
1957,14.44,66.39
1957,14.540000000000001,67.55
1957,14.58,66.31
1957,14.67,68.41
1957,14.82,67.41
1957,14.9,67.6
1957,15,68.69
1957,15.610000000000001,66.97
1957,15.69,74.09
1957,15.81,68.82
1957,15.9,70.14
1957,15.94,68.445
1957,16.55,68.42
1957,16.65,67.61
1957,16.78,69.255
1957,16.92,67.205
1958,13.36,74.23
1958,14.07,67.79
1958,14.3,67.84
1958,14.38,66.84
1958,14.94,67.55
1958,15.030000000000001,65.88
1958,15.13,63.6
1958,15.200000000000001,63.77
1958,15.34,64.755
1958,15.38,63.84
1958,15.43,64.64
1958,15.950000000000001,66.42
1958,16.07,64.83
1958,16.13,64.89
1958,16.240000000000002,66.22
1958,16.37,66.1
1958,16.84,66.39
1958,16.91,66.375
1958,16.95,65.4
1958,16.990000000000002,65.155
1958,17.07,65.42
1958,17.27,66.555
1958,17.330000000000002,64.945
1958,17.37,67.065
1959,14.540000000000001,62.555
1959,14.89,63.015
1959,15.040000000000001,63.21
1959,15.22,61.83
1959,15.39,62.44
1959,15.52,62.095
1959,15.58,61.425
1959,15.98,61.45
1959,16.12,62.230000000000004
1959,16.23,62.065
1959,16.36,61.58
1959,16.47,61.695
1959,16.55,61.77
1959,17.13,62.73
1959,17.21,62.43
1959,17.25,61.69
1959,18.23,63.74
1959,18.48,62.065
1961,14.370000000000001,67.87
1961,14.43,67.09
1961,14.450000000000001,67.25
1961,15.040000000000001,65.58
1961,15.16,64.14500000000001
1961,15.450000000000001,65.495
1961,15.51,65
1961,16.02,63.105000000000004
1961,16.19,63.67
1961,16.42,63.67
1961,16.46,64.35
1961,16.53,62.48
1961,16.86,63.08
1961,17.02,63.65
1961,17.11,62.78
1961,17.32,61.59
1961,17.46,63.195
1961,17.53,62.19
1961,18.01,64.2
1961,18.07,66.35
1961,18.17,64.33
1971,13.15,63.19
1971,13.91,65.59
1971,14,64.19
1971,14.14,64.72
1971,14.280000000000001,63.41
1971,14.83,62.730000000000004
1971,14.91,61.82
1971,14.950000000000001,60.915
1971,15.02,62.1
1971,15.25,62.269999999999996
1971,15.280000000000001,61.6
1971,15.83,62.59
1971,15.9,61.94
1971,15.950000000000001,61.76
1971,16.12,65.10499999999999
1971,16.25,62.34
1973,10.88,89.37
1973,11.8,74.59
1973,11.9,76.83
1973,11.92,75.33
1973,12.81,71.63
1973,12.88,74.95
1973,13.74,69
1973,13.82,71.39
1973,13.870000000000001,67.065
1973,13.89,70.46
1973,13.93,67.09
1973,14.620000000000001,65.58
1973,14.68,66.23
1973,14.81,64.97999999999999
1973,14.85,68.59
1973,14.91,66.33500000000001
1973,14.950000000000001,69.9
1973,14.99,66.38
1973,15.620000000000001,66.2
1973,15.83,66.86
1973,15.91,64.45
1973,15.98,66.72
1976,13.5,67.49
1976,13.61,69.62
1976,14.57,65.28
1976,14.63,64.6
1976,15.36,63.41
1976,15.450000000000001,64.11
1976,15.49,61.59
1976,15.63,63.895
1976,15.73,62.88
1976,16.22,62.49
1976,16.32,61.73
1976,16.490000000000002,61.67
1976,16.53,62
1976,16.73,62.09
1976,17.06,62.07
1976,17.22,62.05
1976,17.31,61.72
1976,17.56,62.5
1976,17.66,63.765
1976,18.240000000000002,62.739999999999995
1976,18.27,61.31
1976,18.35,61.935
1976,18.37,63.47
1976,18.45,61.34
1976,19.650000000000002,66.03
1978,12.05,84.12
1978,12.700000000000001,71.57
1978,12.76,71.36
1978,13.01,73.17
1978,13.700000000000001,71.43
1978,13.780000000000001,68.515
1978,13.85,67.44
1978,13.99,67.22
1978,14.09,66.88
1978,14.790000000000001,66.11500000000001
1978,14.84,67.035
1978,15.01,65.185
1978,15.08,66.6
1978,15.73,63.88
1978,15.77,63.14
1978,15.81,63.425
1978,16.02,63.98
1978,16.05,63.115
1978,16.14,63.535
1978,16.79,66.23
1978,16.85,65.47999999999999
1978,16.87,65.36
1978,17.04,65.56
1978,17.14,64.79
1978,18.06,64.89
1978,18.080000000000002,64.63
1978,18.82,63.39
1978,19.09,64.42
1978,19.82,66.7
1980,13.26,72.98
1980,13.97,65.68
1980,14.14,68.92
1980,14.200000000000001,64.42
1980,14.290000000000001,64.28999999999999
1980,14.35,63.6
1980,15.02,63.095
1980,15.15,66.8
1980,15.290000000000001,63.61
1980,15.35,62.79
1980,16.02,62.5
1980,16.15,66.29
1980,16.21,64.34
1980,16.27,62.76
1980,16.36,62.93
1980,16.88,61.23
1980,17.02,60.945
1980,17.37,60.75
1980,18.01,60.495
1980,18.240000000000002,61.26
1980,18.32,60.79
1983,12.14,71.5
1983,12.18,69.45
1983,12.65,67.88
1983,13.1,64.12
1983,13.120000000000001,64.6
1983,13.17,65.03
1983,13.77,62.455
1983,13.86,63.09
1983,13.9,62.84
1983,14.120000000000001,64.13
1983,14.27,60.69
1983,14.76,60.155
1983,14.81,59.745000000000005
1983,14.88,60.535
1983,14.99,59.86
1983,15.13,62.16
1983,15.27,60.16
1983,15.69,59.644999999999996
1983,15.8,59.495000000000005
1983,15.88,59.635000000000005
1983,15.9,59.44
1983,15.97,58.725
1983,16.15,60
1983,16.22,59.98
1983,16.29,59.46
1983,16.67,60.019999999999996
1983,16.68,59.84
1983,16.76,60
1983,16.78,59.69
1983,16.85,59.1
1983,16.92,58.85
1983,16.97,57.945
1983,17.16,60.14
1983,17.29,58.35
1984,14.96,69.64
1984,15.030000000000001,71.255
1984,15.19,69.08
1984,15.200000000000001,69.155
1984,15.24,67.11
1984,15.88,65.91
1984,15.99,64.37
1984,16.01,65.48
1984,16.07,66.315
1984,16.18,66.59
1984,16.22,63.34
1984,16.3,63.26
1984,16.95,64.585
1984,16.990000000000002,64.02
1984,17.18,67.8
1984,17.22,64.69
1984,17.3,63.67
1987,12.65,69.19
1987,12.76,71.37
1987,12.82,69.02
1987,13.51,68.65
1987,13.63,69.34
1987,13.76,68.89
1987,13.8,66.54
1987,14.530000000000001,67.17
1987,14.57,66.68
1987,14.61,65.935
1987,14.620000000000001,65.03
1987,14.780000000000001,67.52
1987,14.82,68.32
1987,14.84,66.935
1987,15.49,67.52
1987,15.530000000000001,65.85
1987,15.58,65.54
1987,15.6,67.14
1987,15.76,66.3
1987,15.82,66.95
1987,15.83,66.495
1987,16.5,65.54
1987,16.75,67.05
1987,16.82,65.93
1987,17.6,66.4
1987,17.830000000000002,69.02
1988,12.3,69.495
1988,13.05,66.27
1988,13.8,66.43
1988,14.24,64.98
1988,14.32,64.18
1988,14.35,64.18
1988,14.8,64.845
1988,14.91,66.17
1988,15.02,64.97
1988,15.24,62.89
1988,15.39,62.32
1988,15.93,62.175
1988,16,62.155
1988,16.240000000000002,62.445
1988,16.330000000000002,63.230000000000004
1988,16.39,61.29
1988,16.9,61.51
1988,17.06,60.17
1988,17.19,60.88
1988,17.29,60.66
1988,17.330000000000002,59.61
1988,17.36,60.92
1988,17.900000000000002,61.175
1988,17.96,60.94
1988,18.05,59.74
1988,18.28,58.81
1988,18.3,58.85
1988,18.400000000000002,60.48
1988,18.94,60.504999999999995
1988,19.05,59.615
1991,15.42,60.04
1991,15.6,60.473333333333336
1991,16.53,59.125
1991,16.73,59.75
1991,17.080000000000002,60.04
1991,17.23,60.084999999999994
1991,17.400000000000002,58.96
1991,17.490000000000002,58.64
1991,17.56,58.084999999999994
1991,17.66,60.725
1991,17.71,59.75
1991,17.76,59.155
1991,17.77,58.12
1991,18.17,59.885000000000005
1991,18.31,60.135000000000005
1991,18.490000000000002,58.24
1991,18.650000000000002,62.525
1991,18.69,61.69
1991,19.32,60.045
1991,19.44,59.49
1991,19.51,58.385000000000005
1992,11.59,76.53
1992,12.6,69.11
1992,12.620000000000001,69.81
1992,13.58,67.78
1992,13.64,65.3
1992,13.66,66.08
1992,13.72,66.52
1992,14.25,64.365
1992,14.36,65.65
1992,14.46,64.91
1992,14.64,65.26
1992,14.65,66.02
1992,14.72,64.65
1992,15.23,64.81
1992,15.32,63.864999999999995
1992,15.38,64.25999999999999
1992,15.530000000000001,64.28
1992,15.63,65.5
1992,15.65,66.66499999999999
1992,15.67,65.09
1992,16.07,66.38
1992,16.32,66.41
1992,16.36,65.3
1993,13.44,61.42
1993,14.370000000000001,59.795
1993,14.57,60.1
1993,16.01,61.01
1993,16.15,60.724999999999994
1993,16.26,60.365
1993,16.330000000000002,59.01
1993,16.39,59.44
1993,16.44,59.7
1993,16.5,61.5
1993,16.53,61.629999999999995
1993,16.580000000000002,59.185
1993,16.59,58.91
1993,17.01,61.87
1993,19.330000000000002,60.92
1993,19.47,63.23
1993,19.53,63.30499999999999
1997,16.92,69.15
1997,17.52,67.01
1997,17.63,65.4
1997,17.73,65.49
1997,17.900000000000002,65.45
1997,17.92,65.27
1997,18.490000000000002,65.78
1997,18.59,65.66
1997,18.8,64.74
1997,18.900000000000002,65.7
1997,18.94,69.55
1997,19.34,65.3
1997,19.490000000000002,66.59
1997,19.59,66.56
1997,19.8,67.08
1997,19.900000000000002,64.92
1997,19.93,66.2
2003,14.16,67.46
2003,14.55,66.47
2003,14.700000000000001,66.74000000000001
2003,14.85,65.84
2003,14.99,65.19999999999999
2003,15.13,65.87
2003,15.620000000000001,65.85
2003,15.780000000000001,63.989999999999995
2003,15.88,65.13
2003,16.13,66.28999999999999
2003,16.17,63.775
2003,16.79,64.62
2003,16.87,63.61
2003,16.91,65.14
2003,17.12,66.6
2003,17.16,64.09
2004,11.450000000000001,80.45
2004,11.96,76.6
2004,12.02,74.96
2004,12.450000000000001,73.8
2004,12.9,70.64
2004,12.98,69.265
2004,13,69.2
2004,13.06,69.33
2004,13.42,72.23
2004,13.71,68.38
2004,13.75,68.86
2004,13.82,67.21
2004,14.040000000000001,67.2
2004,14.13,66.69
2004,14.42,68.04
2004,14.71,65.03
2004,14.75,65.96
2004,14.780000000000001,64.65
2004,15.040000000000001,64.52
2004,15.13,64.65
2004,15.69,63.42
2004,15.76,63.5
2004,15.860000000000001,63.04
2004,15.99,63.92
2004,16.03,63.24
2004,16.07,63.705
2004,16.13,62.18
2004,16.16,62.35
2004,16.72,63.83
2004,16.78,62.91
2004,16.84,63
2004,16.86,62.56
2004,16.990000000000002,63.54
2004,17.01,63.215
2004,17.05,62.364999999999995
2004,17.11,62.77
2004,17.68,64.145
2004,17.740000000000002,63.385000000000005
2004,17.78,63.099999999999994
2004,17.85,63.1
2004,18.080000000000002,62.1
2005,14.38,70.32
2005,15.32,66.61500000000001
2005,15.36,66.61
2005,15.4,66.28
2005,15.8,66.65
2005,15.96,67.65
2005,16.05,66.61
2005,16.15,66.48
2005,16.39,66.62
2005,16.93,65.42
2005,16.97,64.31
2005,17.080000000000002,65.42
2005,17.11,65.33
2005,17.39,64.855
2005,18.080000000000002,70.19
2005,18.12,68.77
2005,18.14,68.71
2006,11.03,80.15
2006,11.3,77.28
2006,11.540000000000001,73.83
2006,12.19,70.7
2006,12.25,69.71
2006,12.32,71.36
2006,12.39,70.24
2006,12.5,70.98
2006,12.56,68.6
2006,13.19,70.23
2006,13.27,75.02
2006,13.35,74.6
2006,13.48,72.97
2006,14.23,73.55
2006,14.280000000000001,74.75
2006,14.33,75.72
2006,14.5,79.56
2006,18.27,70.89
2010,13.530000000000001,69.25
2010,13.67,69.49
2010,14.16,69.49
2010,14.55,69.25
2010,14.67,66.92
2010,15.620000000000001,63.825
2010,15.68,63.61
2010,15.700000000000001,63.98
2010,16.29,66.11
2010,16.41,65.69
2010,16.7,64.265
2010,17.27,66.34
2010,17.37,65.45
2010,17.580000000000002,64.51
2010,17.68,66.65
2010,17.72,68.69
2010,18.46,68.52
2012,13.02,67.37
2012,13.59,70.62
2012,13.68,64.69
2012,13.9,63.22
2012,14.08,62.195
2012,14.43,62.54
2012,14.59,63.33
2012,14.89,60.95
2012,14.93,60.72
2012,15.08,60.405
2012,15.610000000000001,61.269999999999996
2012,15.68,60.68
2012,15.74,62.065
2012,15.82,61.34
2012,15.92,60.77
2012,15.99,60.98
2012,16.07,61.15
2012,16.62,60.834999999999994
2012,16.7,62.56
2012,16.78,61.125
2012,17.080000000000002,61.06
2020,13.39,76.01
2020,13.67,73.21
2020,13.96,72.92
2020,14.5,74.62
2020,14.57,73.85
2020,14.86,72.96
2020,14.92,74.01
2020,14.96,69.95
2020,15.42,68.88
2020,15.610000000000001,68.38
2020,15.67,69.84
2020,15.93,70.58
2020,16.41,67.93
2020,16.55,67.15
2020,16.65,67.05
2020,16.9,69.935
2020,16.97,69.2
2020,17.580000000000002,67.3
2024,12.780000000000001,75.93
2024,13.700000000000001,71.38
2024,13.780000000000001,70.64
2024,14.48,71.1
2024,14.72,68.3
2024,14.790000000000001,66.93
2024,15.540000000000001,69.06
2024,15.610000000000001,69.63
2024,15.71,65.32
2024,15.75,65.57
2024,16.32,69.09
2024,16.36,68.29
2024,16.48,68.61
2024,16.5,65.47
2024,16.54,64.97
2024,16.65,69.63
2029,11.69,88.74
2029,13.450000000000001,68.49
2029,13.67,68.13
2029,13.72,68.19
2029,13.73,69.53
2029,13.77,65.93
2029,14.32,66.45
2029,14.49,63.27
2029,14.74,63
2029,14.82,62.57
2029,15.32,63.775000000000006
2029,15.49,61.415
2029,15.57,62.42
2029,15.85,61
2029,16.490000000000002,61.24
2029,16.62,61.09
2029,16.72,63.325
2029,16.79,60.82
2029,16.84,60.93
2031,13.35,65.08
2031,13.93,64.695
2031,14.02,66.25
2031,14.200000000000001,64.08
2031,14.370000000000001,65.675
2031,14.42,65.66
2031,14.77,63.94500000000001
2031,14.93,64.07
2031,15.02,64.11
2031,15.370000000000001,65.35
2031,15.98,64.995
2031,16.02,64.45
2031,16.080000000000002,64.255
2031,16.12,63.33
2031,16.29,62.845
2031,16.36,63.7
2031,16.4,62.1
2031,16.94,65.45
2031,17.11,63.6
2031,17.28,64.88
2031,17.3,65.30000000000001
2031,17.36,64.97
2032,13.43,64.64
2032,13.49,63.73
2032,13.530000000000001,66.24
2032,13.55,64.23
2032,13.8,65.87
2032,13.89,64.49
2032,13.950000000000001,62.24
2032,14.35,62.385000000000005
2032,14.450000000000001,61.43
2032,14.540000000000001,62.17
2032,14.620000000000001,62.05500000000001
2032,14.65,61.66
2032,14.780000000000001,62.245000000000005
2032,14.89,61.8
2032,14.950000000000001,61.65
2032,15.44,64.63999999999999
2032,15.48,65.35
2032,15.52,65.75
2032,15.58,63.5
2032,15.620000000000001,64.02
2032,15.77,65.08
2032,15.870000000000001,64.01
2032,15.89,65.22
2032,16.44,63.105
2032,16.5,63.95
2032,16.56,63.864999999999995
2032,16.62,62.81999999999999
2032,16.92,64.21
2032,17.44,64.37
2032,17.5,64.37
2032,17.53,64.41
2032,17.59,64.56
2032,17.84,63.29
2032,17.88,64.12
2032,17.92,63.03
2035,10.13,97.3
2035,10.26,96.18
2035,10.51,89.78
2035,11.64,77.1
2035,13.14,72.36
2035,13.25,72.06
2035,13.48,72.4
2035,13.64,71.22
2035,14.370000000000001,68.91
2035,14.44,67.52
2035,14.58,71.06
2035,15.31,67.55
2035,15.36,65.77
2035,15.57,65.445
2035,15.610000000000001,65.66
2035,17.38,68.65
2035,18.22,72.12
2035,18.3,76.49
2040,11.67,71.21000000000001
2040,12.76,70.99000000000001
2040,13.61,66.12
2040,13.780000000000001,65.57
2040,13.88,64.94
2040,14.540000000000001,65.41
2040,14.6,65.57
2040,14.790000000000001,65.91
2040,14.85,64.21
2040,15.6,65.05
2040,15.73,65.39
2040,15.83,65.86500000000001
2040,15.870000000000001,66.43
2040,15.91,64.7
2040,16.56,64.985
2040,16.82,64.775
2045,13.43,79.59
2045,14.02,75.16
2045,14.08,75.86
2045,14.18,72.4
2045,14.31,72.21000000000001
2045,14.44,72.48
2045,15.040000000000001,71.87
2045,15.08,71.52
2045,15.13,69.05
2045,15.46,69.14
2045,16.03,68.42
2045,16.07,68.42
2045,16.13,68.13
2045,16.46,70.75
2045,17.07,69.84
2045,17.150000000000002,68.15
2045,17.400000000000002,66.67
2045,18.05,67.16
2045,18.11,68.41
2045,18.37,65.91
2045,19.07,70.59
2045,19.41,67.72
2047,12.09,71.13
2047,13.08,70.1
2047,14.14,67.86
2047,14.16,66.88
2047,14.24,66.36
2047,14.83,69.805
2047,14.870000000000001,67.49
2047,14.97,66.5
2047,15.22,66.94
2047,15.790000000000001,64.83000000000001
2047,15.85,66.185
2047,15.96,63.94
2047,16.27,63.77
2047,16.79,65.21
2047,16.84,64.29
2047,16.85,64.94
2047,16.96,64.51
2047,17.13,63.705
2047,17.27,62.54
2056,13.02,63.37
2056,13.39,62.11
2056,13.47,62.375
2056,13.48,62.57
2056,13.950000000000001,61.605
2056,14.02,61.67
2056,14.08,62.35
2056,14.19,61.89
2056,14.21,61.875
2056,14.33,62.16
2056,14.43,62.62
2056,14.51,61.43
2056,15.1,62.83
2056,15.19,61.864999999999995
2056,15.21,61.81
2056,15.38,60.98
2056,15.42,62.540000000000006
2056,15.530000000000001,60.385000000000005
2056,15.94,61.49
2056,16.07,61.1
2056,16.17,60.905
2056,16.19,60.805
2056,16.26,61.21
2056,16.32,61.31
2056,16.46,60.84
2056,16.54,60.155
2056,17.05,60.025
2056,17.17,60.004999999999995
2056,17.21,59.400000000000006
2056,17.26,60.24
2056,17.3,60.07
2056,17.330000000000002,59.64
2056,17.46,60.085
2056,17.54,58.805
2056,18.13,60.18
2056,18.34,60.379999999999995
2056,18.38,60.25
2056,18.46,60.31
2056,18.87,59.849999999999994
2056,19.12,60.084999999999994
2056,19.29,59.95
2056,19.38,60.62
2059,13.08,66.58
2059,13.16,64.04
2059,13.790000000000001,66.875
2059,14.14,67.34
2059,15.23,63.195
2059,15.85,60.08
2059,16.79,60.815
2059,16.94,60.980000000000004
2059,17.78,61.7
2059,17.86,60.47
2059,17.94,59.62
2059,18,58.55
2059,18.150000000000002,60.915
2059,18.240000000000002,60.6
2059,18.86,59.03
2059,18.88,60.129999999999995
2059,19.18,59.485
2059,19.22,65.25
2059,19.31,59.66
2059,19.830000000000002,58.695
2059,19.87,59.69499999999999
2059,19.95,59.3
2059,19.990000000000002,59.63
2061,11.93,76.78
2061,12.85,71.67
2061,12.950000000000001,71.61
2061,13.68,67.7
2061,13.700000000000001,66.99
2061,13.76,68.01
2061,13.93,67.24
2061,13.99,66.55
2061,14.08,65.6
2061,14.68,64.51
2061,14.72,64.93
2061,14.83,64.53
2061,14.93,64.885
2061,14.99,64.84
2061,15.08,66.315
2061,15.540000000000001,65.19
2061,15.64,66.88
2061,15.73,65.93
2061,15.81,65.66
2061,15.96,65.55
2061,16,66.14
2061,16.67,64.04
2061,16.75,64.48
2061,16.81,63.68
2061,16.92,65.29
2061,16.96,63.785
2061,17.06,63.78
2061,17.63,65.05
2061,17.69,65.06
2061,17.75,64.89
2061,17.81,64.26
2061,17.94,66.16
2061,18.01,65.935
2061,18.04,64.97
2066,10.34,91.65
2066,11.41,79.8
2066,11.52,78.43
2066,11.64,78.65
2066,12.1,73.36
2066,12.25,72.48
2066,12.64,70.65
2066,12.66,69.3
2066,13.33,67.23
2066,13.4,67.4
2066,13.48,66.72
2066,13.56,66.12
2066,13.620000000000001,66.28
2066,13.65,66.83
2066,13.71,65.39
2066,14.38,63.57
2066,14.59,65.59
2066,15.36,63.77
2066,16.4,62.775000000000006
2072,11.950000000000001,80.72
2072,12.94,72.56
2072,13.08,72.34
2072,13.65,74.17500000000001
2072,13.73,73.77
2072,14.05,73.17
2072,14.65,69.62
2072,14.780000000000001,69.25
2072,15.09,70.66
2072,16.76,66.28
2072,17.01,67.21
2072,17.03,71.59
2072,17.990000000000002,67.76499999999999
2072,18.77,66.8
2072,18.97,66.58
2072,19.04,66.215
2074,13.790000000000001,66.44
2074,13.85,67.26
2074,14.030000000000001,63.91
2074,14.07,65.25
2074,14.68,67.18
2074,14.75,65.87
2074,14.790000000000001,64.63999999999999
2074,14.81,66.32
2074,14.83,64.96000000000001
2074,15.1,65.73
2074,15.68,65.5
2074,15.790000000000001,65.28
2074,15.83,64.77
2074,16.02,62.84
2074,16.1,63.525
2074,16.69,66.01
2074,16.79,63.77
2074,17.02,62.955
2084,12.59,72.86
2084,12.77,72.82
2084,12.81,72.47
2084,12.84,72.44
2084,13.08,71.53
2084,13.17,69.22
2084,13.19,71.095
2084,13.23,70.63
2084,13.81,71.14
2084,13.92,69.995
2084,13.98,69.81
2084,14.23,72.11500000000001
2084,14.88,65.8
2084,14.93,66.4
2084,15.15,65.47
2084,15.24,67.985
2084,15.99,67.76
2085,12.8,63.08
2085,13.41,64.89
2085,13.450000000000001,64.42
2085,13.51,62.335
2085,13.780000000000001,61.85
2085,13.9,61.74
2085,14.450000000000001,61.795
2085,14.530000000000001,62.94
2085,14.57,61.105000000000004
2085,14.59,60.57
2085,14.74,59.78
2085,14.84,60.845
2085,14.89,59.125
2085,15.43,61.85
2085,15.51,60.260000000000005
2085,15.610000000000001,59.50666666666667
2085,15.790000000000001,60.88
2085,15.91,60.82
2085,16.43,60.93
2085,16.52,60.21
2085,16.6,60.04
2085,16.79,61.615
2085,16.92,58.955
2085,17.5,61.95
2085,17.6,59.43
2085,17.92,60.09
2087,13.25,72.34
2087,14.17,68.78
2087,14.24,71.27
2087,15.18,66.75
2087,15.26,66.29
2087,15.66,64.86
2087,15.82,65.71
2087,15.91,65.11
2087,16.22,66.01
2087,16.26,68.39
2087,16.830000000000002,67.67
2087,16.990000000000002,66.14
2087,17.25,65.99000000000001
2087,18.88,64.3
2087,18.96,64.21
2087,19.17,64.14
2087,19.86,64.2
2093,14.26,68.22
2093,15.14,65.03
2093,15.26,66.065
2093,15.3,65.84
2093,15.77,64.705
2093,15.91,65.83
2093,16.02,65.67
2093,16.27,63.815
2093,16.29,63.29
2093,17.1,64.455
2093,17.27,62.925
2093,17.29,64.71
2093,17.37,63.43
2093,17.96,64.395
2093,18.17,65.71
2093,19.27,64.91
2093,19.71,66.23
2094,13.120000000000001,73.29
2094,14,68.03
2094,15.07,61.475
2094,15.21,61.72
2094,15.74,61.81
2094,16.1,61.31
2094,16.15,62.325
2094,16.23,61.175
2094,16.72,62.28
2094,16.82,60.56
2094,16.95,60.465
2094,17.03,60.81
2094,17.150000000000002,61.92
2094,17.23,60.47
2094,17.56,60.46
2094,17.72,60.71
2094,17.81,59.644999999999996
2094,17.98,59.16
2094,18.07,59.8
2094,18.080000000000002,60.41
2094,18.62,59.225
2094,18.98,57.349999999999994
2094,19.05,58.974999999999994
2094,19.87,58.44
2094,19.95,58.02
2098,13.68,74.06
2098,13.84,73.34
2098,14.13,72.84
2098,14.85,65.55
2098,14.97,70.19
2098,15.030000000000001,67.86
2098,15.120000000000001,66.75
2098,15.68,70.57
2098,15.77,70.53
2098,16.04,65.475
2098,16.68,70.91
2098,17.04,70.56
2098,17.080000000000002,66.13
2098,17.79,66.87
2098,17.81,65.205
2098,18.04,65.365
2098,18.080000000000002,65.2
2098,18.12,67.64
2100,14.24,67.78
2100,15.38,65.12
2100,15.99,64.255
2100,16.1,63.7
2100,16.240000000000002,64.67
2100,16.38,64.44999999999999
2100,16.39,64.55
2100,16.97,63.215
2100,17.06,63.28
2100,17.18,63.37
2100,17.27,63.82
2100,17.37,64.54
2100,17.41,64.47
2100,17.81,64.13
2100,18.06,64.86
2100,18.41,66.41
2100,19.400000000000002,65.15
2102,13.6,67.88
2102,14.56,65.88
2102,14.69,64.1
2102,14.74,62.32
2102,15.09,63.93
2102,15.25,64.13
2102,15.34,64.41
2102,15.44,62.88
2102,15.69,64.97
2102,15.76,61.3
2102,16.27,65.08500000000001
2102,16.3,63.74
2102,16.4,61.834999999999994
2102,16.44,61.375
2102,16.580000000000002,62.22
2102,16.69,62.29
2102,16.73,61.01
2102,17.28,64.3
2102,17.32,63.82
2102,17.44,63.5
2105,13.950000000000001,71.79
2105,13.99,69.92
2105,14.01,70.12
2105,14.370000000000001,70.7
2105,14.950000000000001,68.53
2105,14.96,67.71000000000001
2105,15.02,66.95
2105,15.040000000000001,66.23
2105,15.08,66.36
2105,15.27,66.24
2105,15.370000000000001,65.905
2105,15.92,67.35
2105,16.080000000000002,68.15
2105,16.330000000000002,69.29
2105,16.37,64.98
2105,17.28,68.52
2105,17.35,67.7
2106,12.790000000000001,75.41
2106,13.52,74.31
2106,13.620000000000001,73.1
2106,13.67,71.34
2106,14.52,67.22
2106,14.55,69.18
2106,14.84,66.94
2106,15.94,66
2106,16.490000000000002,64.405
2106,16.65,64.65
2106,16.67,64.05
2106,16.84,65.905
2106,17.53,67.15
2106,18.54,63.84
2106,18.55,64.15
2106,18.66,67.51
2106,18.79,69.59
2114,14.620000000000001,64.705
2114,14.68,64.09
2114,14.700000000000001,65.705
2114,14.76,65.39
2114,15.290000000000001,63.97
2114,15.4,63.93
2114,15.5,63.23
2114,15.69,64.06
2114,15.77,63.6
2114,16.36,63.62
2114,16.57,64.17
2114,16.71,63.64
2114,16.77,63.47
2114,17.11,63.245000000000005
2114,17.36,63.57
2114,17.71,64.81
2114,18.7,66.98
2117,13.43,69.48
2117,13.58,71.29
2117,13.870000000000001,67.09
2117,14.01,69.01
2117,14.5,68.56
2117,15.01,64.59
2117,15.040000000000001,64.465
2117,15.52,66.77
2117,15.67,66.19
2117,15.75,64.035
2117,15.790000000000001,64.77
2117,16,64.935
2117,16.04,64.32
2117,16.52,63.394999999999996
2117,16.77,64.30000000000001
2117,16.9,64.08
2117,17.02,63.425
2117,17.04,65
2117,17.63,64.585
2117,17.75,64.22
2117,18.04,65.31
2126,13.42,67.53
2126,14.22,68.97
2126,14.26,68.24000000000001
2126,14.36,70.37
2126,14.4,67.88
2126,14.47,66.92
2126,15.07,68.66
2126,15.08,69.49
2126,15.16,67.21
2126,15.18,68.64
2126,15.26,67.61500000000001
2126,15.39,66.5
2126,15.49,66.83
2126,16.07,67.32
2126,16.080000000000002,67.06
2126,16.37,69.66
2130,12.83,68.405
2130,13.65,66.935
2130,13.73,64.84
2130,13.77,65.53
2130,13.790000000000001,64.59
2130,13.81,65.18
2130,13.94,67.56
2130,14.08,65.24000000000001
2130,14.65,63.875
2130,14.67,65.05
2130,14.69,63.690000000000005
2130,14.700000000000001,67.21000000000001
2130,14.8,64.05
2130,15.1,63.24
2130,15.67,65.95
2130,15.71,64.53
2130,15.73,64.99
2130,15.76,64.31
2130,15.99,64.25
2130,16.02,65.35
2130,16.09,63.71
2130,16.7,63.44
2130,16.990000000000002,64.4
2130,17.64,63.38
2130,17.82,62.81
2130,17.990000000000002,63.165
2130,18.080000000000002,64.02
2132,12.22,72.74
2132,13.290000000000001,67.49
2132,13.870000000000001,69.56
2132,13.91,68.33
2132,14.24,66.12
2132,14.33,65.39
2132,14.9,66.74
2132,14.94,67.55
2132,14.98,69.51
2132,15.06,64.605
2132,15.21,68.46
2132,15.33,65.69
2132,15.88,66.91
2132,15.92,66.7
2132,15.96,68.27
2132,16.06,66.5
2132,16.27,68.89
2135,13.39,73.56
2135,14.33,66.67
2135,14.370000000000001,67.36
2135,14.41,65.815
2135,14.450000000000001,65.67
2135,14.96,67.07
2135,15.06,65.22
2135,15.370000000000001,66.23
2135,15.41,65.105
2135,16.02,65.855
2135,16.09,66.19
2135,16.12,70.53
2135,16.4,67.58
2135,16.98,68.12
2135,17.07,70.5
2135,17.150000000000002,65.54
2135,17.32,66.1
2135,17.400000000000002,68.065
2135,18.03,66.25
2142,12.82,68.905
2142,12.86,67.84
2142,13.48,62.435
2142,13.52,63.345
2142,13.65,62.94
2142,13.81,61.765
2142,13.9,63.19
2142,13.96,62.56
2142,14.51,61.2
2142,14.63,61.24
2142,14.65,61.92
2142,14.8,62.09
2142,14.9,61.63
2142,14.950000000000001,60.585
2142,15.450000000000001,61.010000000000005
2142,15.59,59.730000000000004
2142,15.67,59.050000000000004
2142,15.76,59.13
2142,15.97,59.39
2142,16.490000000000002,61.35
2142,16.55,61.62
2142,16.66,60.21
2142,16.77,59.55
2142,16.85,60.785
2142,16.98,59.24
2142,17.44,60.42
2142,17.56,59.12
2142,17.66,58.9
2142,17.79,59.97
2142,17.91,60.15
2142,17.98,59.61
2143,12.530000000000001,73.02
2143,12.59,71.41
2143,13.02,72.62
2143,13.25,70.92
2143,13.69,66.67
2143,13.99,69.55
2143,14.32,66.35
2143,14.38,67.05
2143,14.61,66.15
2143,14.700000000000001,66.275
2143,15.35,66.15
2143,15.610000000000001,63.8
2143,15.700000000000001,64.495
2143,16.26,65.67
2143,16.43,65.05
2143,16.56,64
2143,16.7,64.26
2143,17.29,66.56
2143,17.35,67.57
2149,11.07,85.39
2149,12.11,74.66
2149,13.73,65.945
2149,13.790000000000001,65.14
2149,13.91,64.39
2149,14.030000000000001,64.24
2149,14.18,63.48
2149,14.73,64.385
2149,14.85,64.605
2149,14.950000000000001,63.51
2149,15.16,62.83
2149,15.24,63.78
2149,15.73,64.98
2149,15.81,63.44
2149,15.9,63.23
2149,16.03,63.23
2149,16.04,64.845
2149,16.080000000000002,62.78
2149,16.13,65.64
2149,16.26,61.85
2149,16.73,63.325
2149,17.05,61.79
2165,14.05,71.38
2165,14.120000000000001,70.8
2165,14.19,70.15
2165,14.94,67.1
2165,15.05,67.97
2165,15.09,68.09
2165,15.19,68.86
2165,15.780000000000001,69.52
2165,15.82,67.26
2165,15.92,68.45
2165,16.07,67.68
2165,16.19,70.24
2165,17.05,69
2165,17.2,66.24
2165,17.740000000000002,65.805
2165,17.79,66.3
2165,17.81,66.84
2165,18.04,66.25
2165,18.14,65.64
2165,18.2,65.525
2165,19.12,68.08
2171,11.86,67.41499999999999
2171,12.69,66.11
2171,13.05,65.82
2171,13.71,66.89
2171,13.73,65.78
2171,13.780000000000001,65.195
2171,14.030000000000001,64.17
2171,14.11,63.94499999999999
2171,14.14,64.19
2171,14.82,65.1
2171,15.13,65.515
2171,15.72,65.75
2171,15.74,65.77
2171,16.03,64.52
2171,16.07,65.78
2171,16.12,65.005
2171,16.7,65.75999999999999
2171,16.81,64.1
2171,16.85,63.67
2171,17.12,64.56
2174,13.38,69.71
2174,14.01,67.34
2174,14.11,70.78
2174,14.17,67.09
2174,14.36,65.76
2174,14.44,65.065
2174,14.47,65.23
2174,15.05,65.42
2174,15.07,64.69
2174,15.13,65.41
2174,15.15,65.27000000000001
2174,15.36,65.15
2174,15.450000000000001,65.12
2174,16.03,63.67
2174,16.07,63.815
2174,16.1,62.72
2174,16.2,63.215
2174,16.36,63.15
2174,16.45,64.06
2174,17.18,63.6
2174,17.28,66.41
2174,17.35,63.94
2174,17.45,64.59
2176,13.13,71.01
2176,13.790000000000001,68.79
2176,14.01,70.43
2176,15.16,68.04
2176,15.96,65.41
2176,16.14,68.25
2176,16.16,65.77000000000001
2176,16.73,62.790000000000006
2176,16.82,62.845
2176,17,61.93
2176,17.04,62.43
2176,17.13,61.4
2176,17.17,62.335
2176,17.240000000000002,61.95
2176,17.57,62.16
2176,17.82,61.97
2176,18.07,61.66
2176,18.17,62.635000000000005
2176,18.82,62.605000000000004
2176,18.900000000000002,62.31
2181,12.67,71.07
2181,13.17,68.76
2181,14.67,62.32
2181,15.18,63.03
2181,15.3,63.12
2181,15.32,62.62
2181,15.700000000000001,60.965
2181,15.790000000000001,61.05
2181,16.3,60.55
2181,16.41,60.43
2181,16.45,59.75
2181,16.51,60.269999999999996
2181,16.55,58.85
2181,16.580000000000002,59.22
2181,16.78,59.629999999999995
2181,17.080000000000002,63.6
2181,17.45,59.974999999999994
2181,17.580000000000002,59.39
2181,17.62,58.26
2181,18.12,60.16
2181,18.330000000000002,61.99
2181,18.5,61.510000000000005
2181,18.53,61.91
2181,18.72,61.945
2181,19.330000000000002,62.42
2181,19.46,61.535
2181,19.5,60.51
2185,10.23,85.54
2185,11.19,74.78
2185,11.94,69.08
2185,12.17,68.58
2185,12.21,69.25
2185,12.3,68.73
2185,13.24,63.925000000000004
2185,13.38,63.13
2185,14.11,63.155
2185,14.17,62.71
2185,14.32,62.78
2185,14.47,62.74
2185,15.01,63.27
2185,15.07,62.72
2185,15.14,62.085
2185,15.33,63.6
2185,15.47,63.08
2185,16.1,62.735
2185,16.14,63.16
2185,16.37,62.26
2185,16.41,62.57
2185,16.45,62.84
2185,17.02,63.26
2185,17.1,63.71
2185,17.14,63.33
2185,17.41,63.96
2190,10.450000000000001,85.92
2190,11.11,79.28
2190,11.21,79.32
2190,11.42,77.06
2190,11.5,75.01
2190,12.07,72.64
2190,12.11,72.52
2190,13.07,68.33
2190,13.370000000000001,65.83
2190,13.39,66.12
2190,13.49,64.615
2190,13.56,64.24
2190,14.08,64.43
2190,14.200000000000001,63.01
2190,14.370000000000001,62.13
2190,14.51,63.94
2190,14.55,62.11
2190,15.08,63.38
2202,13.450000000000001,68.07
2202,13.48,69.81
2202,13.620000000000001,68.01
2202,13.66,69.55
2202,13.69,69.78
2202,14.27,66.89
2202,14.44,65.495
2202,14.52,66.69
2202,14.56,70.4
2202,14.69,67.43
2202,15.23,67.50999999999999
2202,15.27,68.59
2202,15.3,66.535
2202,15.42,67.34
2202,15.610000000000001,69.67
2202,15.65,70.49
2202,15.69,69.69
2202,16.28,67.62
2202,16.34,69.46
2202,16.38,69.35
2202,16.67,68.38
2202,17.55,66.18
2204,12.96,67.8
2204,13.780000000000001,65.63
2204,13.9,65.67
2204,13.99,64.51
2204,14.08,64.39
2204,14.43,64.05
2204,14.58,63.86
2204,14.61,63.015
2204,14.74,63.084999999999994
2204,14.780000000000001,62.010000000000005
2204,14.92,62.46
2204,15.07,62.46
2204,15.6,63.22
2204,15.620000000000001,63.075
2204,15.66,62.07
2204,15.75,63.01
2204,15.84,60.84
2204,15.91,62.66
2204,15.950000000000001,61.1
2204,16.080000000000002,60.37
2204,16.62,60.16
2204,16.65,60.205
2204,16.72,60.445
2204,16.75,59.084999999999994
2204,16.76,61.66
2204,16.830000000000002,60.15
2204,16.88,61.78
2204,16.95,60.8
2204,17.04,60.38
2204,17.11,60.35
2204,17.62,61.394999999999996
2204,17.63,61.965
2204,17.71,61.13
2204,17.73,61.26
2204,17.79,60.88
2209,10.41,70.2
2209,10.47,70.67
2209,11.01,70.36
2209,12.01,67.82
2209,12.08,66.76
2209,12.16,66.01
2209,12.24,65.88
2209,13.01,64.72
2209,13.120000000000001,64.28
2209,13.22,63.4
2209,14.1,63.28
2209,14.46,63.845
2209,14.51,61.68
2209,15.02,64.4
2209,15.09,63.855
2209,15.38,74.27
2209,15.49,64.75
2219,13.26,69.18
2219,13.3,72.83
2219,13.790000000000001,70.78
2219,13.950000000000001,70.46
2219,14.16,67.83
2219,14.96,66.56
2219,15.17,63.61
2219,15.33,63
2219,15.81,63.85
2219,15.94,64.44
2219,16.05,63.71
2219,16.330000000000002,64.21000000000001
2219,16.41,63.34
2219,16.92,62.56
2219,17.03,61.95
2219,17.32,63.335
2219,17.400000000000002,62.58
2219,17.900000000000002,70.01
2219,17.990000000000002,60.7
2219,18.07,61.94
2219,18.2,60.13
2219,18.240000000000002,60.06
2219,18.32,60.51
2219,18.34,60.974999999999994
2219,18.740000000000002,61.57
2219,18.900000000000002,60.175
2219,18.990000000000002,60.46
2219,19.09,59.34
2219,19.16,59.56
2219,19.240000000000002,59.12
2219,19.34,60.760000000000005
2219,19.91,61.03
2221,13.61,63.39
2221,13.66,63.57
2221,13.780000000000001,64
2221,13.84,62.67
2221,13.93,62.39
2221,13.99,62.76
2221,14.530000000000001,63.93
2221,14.68,62.06
2221,14.71,60.7
2221,14.81,63.06
2221,14.85,63.535
2221,14.99,60.455
2221,15.41,59.15
2221,15.52,61.025
2221,15.620000000000001,59.205
2221,15.69,58.519999999999996
2221,15.81,59.38
2221,15.91,59.635000000000005
2221,16.01,58.955
2221,16.38,59.5
2221,16.41,58.97
2221,16.5,60.34
2221,16.54,60.465
2221,16.62,59.510000000000005
2221,16.69,58.175
2221,16.79,59.1
2221,16.87,59.665000000000006
2221,16.88,59.435
2221,17.01,58
2228,14.14,74.44
2228,14.47,73.73
2228,14.56,71.09
2228,15.14,72.08
2228,15.290000000000001,72.86
2228,15.46,71.15
2228,15.540000000000001,72.86
2228,15.58,70.54
2228,16.54,73.95
2228,17.13,72.52
2228,17.29,71.09
2228,17.42,72.395
2228,17.48,68.075
2228,17.53,68.15
2228,18.13,68.35
2228,18.25,66.27
2228,18.57,73.86
2230,13.01,69.48
2230,13.540000000000001,67.64
2230,14.86,64.56
2230,14.9,64.78
2230,15.040000000000001,64.445
2230,15.63,63.81
2230,15.73,63.23
2230,15.94,63.11
2230,16.47,63.52
2230,16.63,61.86
2230,16.93,62.86
2230,17.07,62.135000000000005
2230,18.07,60.96
2230,18.76,61.504999999999995
2230,18.8,60.745000000000005
2230,18.86,58.62
2230,19.64,60.14
2230,19.66,61.045
2230,19.81,58.23
2230,19.87,58.355000000000004
2234,14.48,64.53
2234,14.58,64.81
2234,14.6,64.72
2234,14.620000000000001,63.63
2234,15.14,63.32
2234,15.27,63.3
2234,15.39,63.22
2234,15.48,63.05
2234,15.52,63.81
2234,15.620000000000001,62.39
2234,15.71,61.57
2234,16.13,62.43
2234,16.29,62.45
2234,16.38,62.19
2234,16.4,61.9
2234,16.59,61.8
2234,16.62,62.614999999999995
2234,17.25,62.25
2234,17.580000000000002,62.1
2234,17.650000000000002,62.864999999999995
2234,19.47,63.5
2234,19.59,62.68
2238,10.21,93.96000000000001
2238,11.200000000000001,85.31
2238,11.21,88.76
2238,12.950000000000001,77.08
2238,13.200000000000001,70.89
2238,13.22,71.615
2238,13.97,68.875
2238,14.200000000000001,70.75
2238,14.21,71.49
2238,14.22,72.13
2238,14.88,68.71
2238,14.96,67.255
2238,15.21,72.725
2238,15.23,67.19
2238,15.31,65.25
2238,15.88,67.06
2238,15.96,67.4
2238,16.17,68.66
2238,16.23,68.04
2238,16.25,71.14500000000001
2240,11.67,72.64
2240,11.870000000000001,72.47
2240,12.620000000000001,72.85
2240,12.65,69.19
2240,12.67,71.38
2240,12.88,68.17
2240,12.93,65.25
2240,13.58,67.38
2240,13.84,63.96
2240,13.98,65.34
2240,14.040000000000001,64.89
2240,14.65,63.21
2240,14.73,64.32
2240,14.82,64.19
2240,15.59,68.33
2240,15.620000000000001,67.31
2240,15.99,67.355
2240,16.55,65.78
2240,16.59,66.85
2240,16.65,66.78
2240,16.990000000000002,70.375
2245,10.15,77.67
2245,10.25,74.82
2245,10.290000000000001,76.57
2245,11.23,70.45
2245,11.34,67.23
2245,11.67,66.35
2245,12.17,66.81
2245,12.25,68.55
2245,12.38,65.17
2245,12.46,64.75
2245,12.52,65.32
2245,13.17,67.9
2245,13.280000000000001,69.27
2245,13.34,63.89
2245,13.51,63.75
2245,13.59,63.02
2245,13.66,63.504999999999995
2245,13.73,65.94
2245,14.16,62.65
2245,14.39,62.27
2245,14.49,61.76
2245,14.52,62.47
2245,14.61,63.81
2245,14.68,61.900000000000006
2245,14.73,61.57
2245,15.14,62.13
2245,15.16,64.07
2245,15.24,61.99
2245,15.33,61.85
2245,15.39,64.15
2245,15.450000000000001,60.09
2245,15.64,59.835
2245,15.74,61.25
2245,16.16,62.78
2245,16.27,61.32
2245,16.35,59.96
2245,16.43,59.62
2245,16.48,60.72
2245,16.51,60.85
2245,16.62,58.8
2245,16.65,59.56999999999999
2245,16.76,59.03
2245,17.16,60.75
2245,17.25,59.62
2245,17.330000000000002,58.43
2245,17.44,59.66
2245,17.48,59.18
2245,17.67,60.875
2245,18.25,62.29
2245,18.400000000000002,60.760000000000005
2245,18.59,63.62
2245,18.72,61.45
2246,12.13,70.29
2246,12.34,70.36
2246,13.24,67.04
2246,13.280000000000001,66.51
2246,13.66,66.61
2246,14.22,68.48
2246,14.66,64.63
2246,15.16,64.04
2246,15.24,66.74
2246,15.5,64.94
2246,16.27,63.09
2246,16.330000000000002,62.52
2246,16.42,61.54
2246,16.5,65.03
2246,16.65,62.144999999999996
2246,17.150000000000002,67.42
2246,17.46,69.13
2246,18.240000000000002,65.58
2250,15.23,62.72
2250,15.27,64.01
2250,15.57,61.26
2250,15.58,62.7
2250,15.620000000000001,62.864999999999995
2250,16.1,62.445
2250,16.23,63.29
2250,16.29,62.655
2250,16.31,62.25
2250,16.35,61.41
2250,16.4,59.815
2250,16.43,59.78
2250,16.580000000000002,61.02
2250,16.67,60.625
2250,17.28,60.775000000000006
2250,17.32,60.93
2250,17.34,61.9
2250,17.53,61.38
2250,17.56,61.17
2250,17.59,61.41
2254,13.93,67.22
2254,13.99,67.49
2254,14.01,68.19
2254,14.950000000000001,65.095
2254,14.99,67.03
2254,15.030000000000001,66.7
2254,15.43,67.44
2254,15.58,68.53
2254,15.68,67.17
2254,15.790000000000001,68.56
2254,16.6,66.4
2254,16.65,66.21000000000001
2254,16.92,67.58
2254,17.02,65.49
2254,17.6,68.515
2254,17.67,65.14
2254,17.71,64.33
2254,17.75,64.09
2255,13.44,62.855000000000004
2255,13.950000000000001,62.7
2255,14.030000000000001,64.06
2255,14.22,63.7
2255,15.07,61.72
2255,16.06,60.835
2255,16.18,59.48
2255,16.27,59.035
2255,16.35,59.46
2255,17.22,59.3
2255,17.26,59.97
2255,18.23,62.39
2255,19.1,58.56
2255,19.22,57.519999999999996
2255,19.3,56.236666666666665
2255,19.38,58.735
2255,19.44,59.305
2255,19.46,59.1
2255,19.580000000000002,57.03
2262,11.36,75.88
2262,13.39,66.34
2262,14.24,62.43
2262,14.31,62.09
2262,15.06,63.83
2262,15.15,61.745000000000005
2262,15.22,60.61
2262,15.41,66.02
2262,15.96,64.285
2262,15.98,63.61
2262,16.13,62.64
2262,16.22,59.74
2262,16.4,62.925
2262,16.44,59.465
2262,16.98,62.575
2262,17.09,61.11
2262,17.150000000000002,60.285
2262,17.22,58.82
2262,17.46,62.44
2262,18.11,61.739999999999995
2262,18.21,59.26
2262,18.41,63.510000000000005
2262,18.97,60.66
2262,19.01,62.215
2262,19.07,60.75
2262,19.14,58.79
2262,19.16,59.56
2262,19.35,59.57
2262,19.36,59.01
2262,19.41,62.61
2262,19.490000000000002,57.655
2262,19.97,60.26
2265,10.67,87.9
2265,11.09,84.4
2265,11.700000000000001,79.92
2265,12.09,82.42
2265,12.72,72.4
2265,13.35,70.65
2265,13.43,70.13
2265,13.51,68.09
2265,13.65,69.31
2265,13.700000000000001,68.26
2265,13.8,67.83
2265,14.35,68.21
2265,14.450000000000001,67.92
2265,14.52,66.52
2265,14.66,67.48
2265,14.71,66.3
2265,14.77,66.38
2265,15.35,69.515
2265,15.44,67.21
2265,15.75,66.99
2265,16.48,68.11
2265,16.75,68.38
2266,12.08,83.09
2266,12.57,81.92
2266,13.120000000000001,75.2
2266,13.55,74.17
2266,13.98,69.28999999999999
2266,14.25,67.64
2266,14.540000000000001,66.97
2266,14.83,65.42
2266,14.870000000000001,66.48
2266,14.9,65.9
2266,15.16,65.22
2266,15.81,65.28
2266,15.88,64.47
2266,15.96,64.465
2266,16.11,65.58
2266,16.15,64.16
2266,16.25,64.93
2266,16.98,64.05
2266,17.11,64.42
2266,17.13,65.65
2266,17.23,63.75
2266,17.8,66.60499999999999
2266,17.900000000000002,65.9
2268,13.19,68.5
2268,13.33,68.23
2268,13.35,67.03
2268,13.48,66.52
2268,13.58,67.305
2268,14.040000000000001,69.85
2268,14.13,67.925
2268,14.25,65.75
2268,14.5,65.58
2268,14.58,65.81
2268,15.21,63.8
2268,15.27,64.975
2268,15.5,64.61
2268,15.59,63.015
2268,15.88,64.25
2268,16.16,63.03
2268,16.21,63.974999999999994
2268,16.240000000000002,63.68
2268,16.34,63.635000000000005
2268,16.5,62.65
2268,16.59,65.405
2275,13.02,71.19
2275,13.68,69.79
2275,13.98,65.84
2275,14.01,64.85
2275,14.07,66.91
2275,14.66,65.61
2275,14.8,65.4
2275,14.98,64.33
2275,15.01,63.65
2275,15.05,63.365
2275,15.66,64.9
2275,15.700000000000001,65.34
2275,15.8,63.36
2275,16.01,63.185
2275,16.03,64.51
2275,16.1,64.09
2275,16.64,63.93
2275,16.68,61.75
2275,16.76,62.32
2275,16.79,62.095
2275,16.93,61.34
2275,17.02,61.69
2275,17.06,62.08
2275,17.150000000000002,60.2
2276,11.99,70.53
2276,13.07,64.61500000000001
2276,13.68,64.215
2276,13.8,63.2
2276,13.84,64.35
2276,14.05,62.815
2276,14.09,63.584999999999994
2276,14.17,63.4
2276,14.8,62.84
2276,14.84,62.510000000000005
2276,15.1,62.965
2276,15.14,62.445
2276,15.72,64.14
2276,15.780000000000001,62.64
2276,15.83,61.39
2276,16.01,63.155
2276,16.06,63.75
2276,16.14,61.44
2276,16.19,60.93
2285,13.11,68.12
2285,13.32,66.74
2285,13.36,67.55
2285,13.86,66.16499999999999
2285,13.99,66.13
2285,14.07,64.45
2285,14.38,65.34
2285,14.41,64.25
2285,15.01,63.05
2285,15.08,62.355000000000004
2285,15.3,63.58
2285,15.450000000000001,61.94
2285,15.99,62.2
2285,16.07,62.33
2285,16.3,62.17
2285,16.37,62.519999999999996
2285,16.46,61.88
2285,17.12,61.33
2285,17.39,62.95
2285,18.02,64.56
2285,18.080000000000002,65.1
2285,18.12,62.87
2285,18.31,66.18
2285,18.37,64.05
2289,14.530000000000001,65.02
2289,15.47,64.48
2289,15.58,64.6
2289,15.6,64.35
2289,15.700000000000001,64.14
2289,15.72,63.93
2289,15.85,64.11
2289,15.950000000000001,65.6
2289,15.99,64.125
2289,16.46,64.07
2289,16.62,63.88
2289,16.73,62.85
2289,16.9,62.32
2289,16.95,65.28
2289,17.05,62.96
2289,17.69,62.629999999999995
2289,17.71,62.754999999999995
2289,17.98,63.01
2291,12.46,68.3
2291,13.11,66.75
2291,13.32,67.25
2291,13.42,66.55
2291,13.450000000000001,66.6
2291,13.61,67.67
2291,13.700000000000001,65.47
2291,14.280000000000001,64.88
2291,14.32,65.26
2291,14.33,65.12
2291,14.43,64.24
2291,14.620000000000001,63.685
2291,14.700000000000001,63.83
2291,15.290000000000001,64.84
2291,15.41,64.88
2291,15.620000000000001,64.16499999999999
2291,15.72,64.11
2291,16.29,64.06
2291,16.31,63.61
2291,16.330000000000002,64.2
2291,16.35,63.65
2291,16.45,64.41
2291,16.72,63.38
2291,17.17,63.25
2291,17.29,63.8
2291,17.44,62.86
2291,17.63,63
2291,17.71,66.27
2295,12.88,77.59
2295,13.31,73.3
2295,14.13,68.51
2295,14.42,62.93
2295,15.02,63.58
2295,15.09,62.735
2295,15.34,62.905
2295,15.42,61.42
2295,15.96,64.54
2295,16.05,62.75
2295,16.09,62.155
2295,16.32,62.79
2295,16.4,61.61
2295,16.45,60.82
2295,16.97,62.43
2295,17.05,62.09
2295,17.09,61.41
2295,17.32,62.315
2295,17.39,61.754999999999995
2295,17.44,61.4
2298,11.34,82.45
2298,12.530000000000001,74.07
2298,13.22,73.69
2298,13.32,71.23
2298,13.55,68.86
2298,13.59,69.61
2298,14.200000000000001,67.42500000000001
2298,14.290000000000001,64.59
2298,14.49,63.845
2298,14.51,63.715
2298,14.6,63.955
2298,14.66,63.99
2298,15.19,62.815
2298,15.27,62.46
2298,15.48,63.36
2298,15.51,61.565
2298,15.540000000000001,63.44
2298,15.67,61.62
2298,16.330000000000002,62.32
2298,16.5,61.155
2298,16.6,62.1
2298,17.27,63.075
2298,17.52,62.99
2298,17.54,64.565
2299,12.14,82.21
2299,12.27,81.91
2299,12.6,77.64
2299,12.700000000000001,78.32
2299,13.39,69.9
2299,13.450000000000001,68.53
2299,13.52,68.55
2299,13.65,69.71
2299,14.41,65.44999999999999
2299,14.48,64.38
2299,14.52,65.22
2299,14.67,64.745
2299,14.73,63.765
2299,15.44,63.755
2299,15.48,63.07
2299,15.63,62.239999999999995
2299,15.71,65.14
2299,15.790000000000001,62.885000000000005
2299,16.36,61.92
2299,16.44,62.25
2299,16.48,61.445
2299,16.71,61.980000000000004
2299,16.78,62.4
2299,16.830000000000002,60.97
2302,13.81,74.23
2302,13.9,72.14
2302,14.21,68.82
2302,14.81,67.9
2302,14.84,71.83
2302,14.9,69.72
2302,15.16,67.13
2302,15.25,69.84
2302,15.860000000000001,69.19
2302,15.94,67.96
2302,16.13,69.63
2302,16.21,66.41
2302,16.86,67.82
2302,16.92,66.86
2302,17.13,67.02
2302,17.2,66.59
2304,10.76,80.23
2304,11.71,72.67
2304,12.75,69.12
2304,13.42,67.69
2304,13.56,65.04
2304,13.75,65.695
2304,13.81,63.76
2304,14.42,62.95
2304,14.5,66.475
2304,14.56,64.63
2304,15.44,65.19
2304,15.5,65.58500000000001
2304,15.55,64.06
2304,15.73,65.25
2304,15.74,65.13
2304,15.780000000000001,66.19
2305,13.280000000000001,69.09
2305,14.200000000000001,65.735
2305,14.32,64.47
2305,14.36,64
2305,14.42,64.08
2305,14.83,65.405
2305,15.06,67.78
2305,15.35,63.05
2305,15.41,63.77
2305,15.94,64.97
2305,16.06,64.98
2305,16.35,62.785
2305,16.43,65.57
2305,16.92,64.98
2305,17.02,64.49
2305,17.23,65.26
2305,17.36,65.85
2305,17.76,63.85
2305,17.92,65.33
2305,18.01,68.9
2310,13.66,68
2310,13.68,69.08
2310,13.72,70.03
2310,13.81,69.29
2310,13.97,69.28
2310,14.01,67.56
2310,14.08,66.74
2310,14.67,65.47
2310,14.71,65.62
2310,14.77,65.45
2310,14.790000000000001,65.09
2310,14.98,64.55
2310,15.1,64.69
2310,15.67,61.49
2310,15.69,61.845
2310,15.84,61.82
2310,15.870000000000001,61.06
2310,16,61.879999999999995
2310,16.1,61.15
2310,16.16,61.39
2310,16.67,62.055
2310,16.75,62.885000000000005
2310,16.82,61.905
2310,16.88,61.22
2310,17.09,61.185
2310,17.68,64.26
2310,17.78,61.57
2310,17.82,62.55
2310,17.98,60.894999999999996
2310,18.07,61.394999999999996
2312,12.38,70.62
2312,14.41,67.63
2312,15.01,64.37
2312,15.31,63.8
2312,15.450000000000001,65.02
2312,15.5,63.75
2312,15.85,62.974999999999994
2312,16.1,63.519999999999996
2312,16.2,64.19
2312,16.31,66.71
2312,16.45,64.00999999999999
2312,16.51,62.65
2312,17,64.45
2312,17.06,63.25
2312,17.16,63.28
2312,17.18,62.510000000000005
2312,17.19,63.4
2312,17.41,62.730000000000004
2312,17.44,62.09
2312,18.04,64.59
2312,18.17,62.67
2312,18.26,61.84
2312,18.330000000000002,64.57
2312,18.44,62.75
2315,13.88,67.38
2315,14.26,68.62
2315,14.38,67.13
2315,15.34,69.605
2315,15.39,65.34
2315,15.41,66.32
2315,16.22,66.25
2315,16.39,64.55
2315,16.41,66.025
2315,16.98,65.46
2315,17.080000000000002,66.59
2315,17.29,67.48
2315,17.39,64.76
2315,17.43,65.64
2315,17.98,66.3
2315,18.080000000000002,65.72
2315,18.17,65.33
2316,12.040000000000001,71.025
2316,13.06,68.66
2316,13.83,68.52
2316,14.040000000000001,71.9
2316,14.73,68.77
2316,14.75,67.78
2316,14.88,67.5
2316,15.13,67.14500000000001
2316,15.81,65.77
2316,15.860000000000001,65.24
2316,16.04,66.49
2316,16.09,68.35
2316,16.13,65.57
2316,16.76,65.78
2316,16.82,65.67
2316,19.12,74.92
2317,11.46,76.37
2317,11.540000000000001,77.77
2317,12.540000000000001,71.67
2317,13.17,72.4
2317,13.27,70.4
2317,13.540000000000001,67.57
2317,13.58,70.1
2317,14.22,69.15
2317,14.280000000000001,66.86
2317,14.34,67.17
2317,14.530000000000001,67.74
2317,14.57,67.14
2317,14.65,69.19
2317,15.3,66.71
2317,15.55,67.6
2317,15.57,66.42
2331,13.55,67.77
2331,13.67,67.75
2331,13.700000000000001,68.51
2331,14.14,66.255
2331,14.3,63.9
2331,14.39,64.735
2331,14.43,64.32
2331,14.49,64.14
2331,14.700000000000001,64.73
2331,14.74,64.555
2331,14.790000000000001,62.85
2331,15.370000000000001,63.54
2331,15.43,64.19
2331,15.450000000000001,63.455
2331,15.56,62.56
2331,15.74,61.290000000000006
2331,15.780000000000001,63.71
2331,16.330000000000002,64.23
2331,16.39,62.58
2331,16.46,62.364999999999995
2331,16.52,62.19
2331,16.66,61.845
2331,16.79,62
2331,17.330000000000002,63.28
2331,17.37,61.97
2331,17.42,62
2331,17.44,60.445
2331,17.46,60.77
2331,17.54,60.33
2331,18.32,60.87
2331,18.36,60.06
2331,18.42,60.075
2331,18.47,59.92
2331,18.5,59.230000000000004
2331,19.38,60.375
2331,19.52,59.27
2333,11.64,78.63
2333,12.58,75.02
2333,12.64,70
2333,13.27,72.3
2333,13.42,70.655
2333,13.58,71.81
2333,13.61,73.6
2333,13.63,72.39
2333,14.34,69.97
2333,14.59,69.97
2333,14.61,69.91
2333,15.36,68.29
2333,15.610000000000001,66.17
2333,15.63,65.685
2333,16.36,65.74
2333,16.64,64.58
2333,16.72,64.8
2333,17.37,64.3
2333,17.64,64.61
2340,12.91,73.76
2340,13.93,72.35
2340,14.030000000000001,68.36
2340,14.1,68.4
2340,14.22,69.67
2340,14.39,69.81
2340,14.450000000000001,69.81
2340,14.93,69.08
2340,15.06,67.37
2340,15.1,66.69999999999999
2340,15.16,66.6
2340,15.39,66.86
2340,15.41,67.32
2340,15.48,68.38
2340,16.04,67.86
2340,16.1,66.06
2340,16.21,66.08
2340,16.38,67.065
2340,16.48,67.03
2340,17.04,67.19
2340,17.150000000000002,66.06
2340,17.27,65.565
2340,17.400000000000002,66.35499999999999
2340,18.150000000000002,66.23
2340,18.240000000000002,66.455
2340,18.34,67.29
2340,19.150000000000002,67.19
2341,11.32,83.85
2341,12.790000000000001,70.88499999999999
2341,13.42,68.62
2341,13.6,65.3
2341,13.77,65.81
2341,13.870000000000001,64.48
2341,14.42,62.879999999999995
2341,14.540000000000001,63.045
2341,14.6,62.64
2341,14.790000000000001,68.38499999999999
2341,14.85,62.64
2341,14.93,62.73
2341,15.42,65.11
2341,15.530000000000001,62.2
2341,15.59,62.85
2341,15.82,68.5
2341,15.9,63.63
2341,16.53,61.675
2341,16.59,61.144999999999996
2341,16.82,62.825
2341,16.9,64.65
2344,11.950000000000001,72.9
2344,12.540000000000001,69.19
2344,12.81,69.07666666666667
2344,12.93,69.59
2344,13.040000000000001,69.22
2344,13.700000000000001,69.92
2344,13.790000000000001,69.76
2344,14.69,68.89
2344,14.84,66.705
2344,15.02,67.3
2344,15.11,68.48
2344,15.71,68.47
2344,15.77,67.81
2344,16.11,70.38
2344,17.7,74.94
2344,17.88,74.81
2348,12.040000000000001,71.35
2348,12.14,70.85
2348,13.23,65.7
2348,13.92,64.4
2348,13.98,64.73
2348,14.02,64.95
2348,14.25,62.655
2348,14.290000000000001,62.56
2348,14.32,61.67
2348,14.98,62.364999999999995
2348,15.92,61.15
2348,16.3,61.275
2348,16.37,61.31
2348,16.91,62.754999999999995
2348,16.990000000000002,60.715
2348,17.330000000000002,60.51
2348,17.89,62.425
2348,17.97,62.69
2348,18.37,60.75
2348,18.89,66.42
2348,18.990000000000002,62.19
2348,19.02,63.16
2348,19.91,61.07
2348,19.98,64.105
2358,13.88,79.27
2358,14.25,74.09
2358,15.26,72.72
2358,16.01,68.96
2358,16.13,67.695
2358,16.22,68.035
2358,16.26,68.475
2358,16.87,66.42
2358,16.97,67.775
2358,16.990000000000002,69.05
2358,17.1,65.8
2358,17.18,68.69
2358,17.240000000000002,66.4
2358,17.87,63.985
2358,17.98,64.405
2358,18.080000000000002,64.255
2358,18.22,65.245
2373,14.93,66.55
2373,15.31,66.565
2373,15.47,65.83
2373,15.64,64.78
2373,15.75,66.31
2373,15.89,64.91
2373,15.93,64.74
2373,16.41,64.09
2373,16.54,64.3
2373,16.64,63.32
2373,16.65,63.42
2373,16.67,63.03
2373,16.88,63.755
2373,16.93,63.254999999999995
2373,17.400000000000002,63.26
2373,17.64,62.82
2373,17.67,62.65
2373,19.63,63.01
2373,19.72,62.855000000000004
2374,13.07,67.88
2374,13.57,67.695
2374,14.31,64.625
2374,14.46,63.79
2374,14.6,62.995000000000005
2374,14.67,63.15
2374,15.19,63.1
2374,15.31,63.05
2374,15.35,61.62
2374,15.41,62.69
2374,15.44,62
2374,15.68,61.82
2374,16.17,61.03
2374,16.27,61.61
2374,16.48,60.46
2374,16.68,60.565
2374,17.17,61.12
2374,17.36,61.480000000000004
2374,17.43,60.96
2374,17.52,61.71
2381,11.9,72.06
2381,13.3,66.595
2381,13.69,67.84
2381,13.88,66.06
2381,13.97,66.5
2381,14.32,65.185
2381,14.72,65.81
2381,14.88,63.934999999999995
2381,14.97,65.65
2381,15.07,63.54
2381,15.32,63.790000000000006
2381,15.370000000000001,63.16
2381,15.89,65.18
2381,15.93,64.88
2381,16.01,64.23
2381,16.03,64.275
2381,16.06,63.84
2381,16.22,64.32
2381,16.89,65.18
2381,16.93,64.61
2381,16.95,64.825
2381,17,65.47
2381,17.04,65.38
2381,17.06,65.77
2381,17.240000000000002,64.17
2381,17.94,65.72
2381,17.98,65.5
2381,18.02,65.82499999999999
2381,18.92,64.32
2381,19,65.41
2381,19.23,65.26
2384,12.74,71.16
2384,13.47,70.46
2384,13.620000000000001,70.01
2384,13.870000000000001,68.43
2384,14.48,68.215
2384,14.58,68.05
2384,14.620000000000001,66.535
2384,14.790000000000001,66.68
2384,14.89,70.61
2384,15.89,66.12
2384,16.62,64.41
2384,16.81,65.35499999999999
2384,16.88,65.21
2384,17.44,65.58
2384,17.55,65.58
2384,17.77,65.54
2384,18.61,64.92
2384,19.84,65.18
2385,12.21,74.88499999999999
2385,13.24,71.24000000000001
2385,13.280000000000001,70.43
2385,13.39,68.92
2385,13.59,67.31
2385,13.66,67.245
2385,14.25,67.03
2385,14.32,67.24
2385,14.35,69.62
2385,14.58,66.1
2385,14.68,67.225
2385,15.25,67.72
2385,15.290000000000001,68.14
2385,15.68,66.115
2385,16.25,67.25
2385,16.580000000000002,65.83
2388,14.24,64.35
2388,14.26,64.54
2388,14.620000000000001,65.74
2388,14.77,66.02
2388,14.94,64.44
2388,15.19,64.555
2388,15.3,63.14
2388,15.71,65.55
2388,15.84,64.79
2388,15.94,65.51
2388,15.96,64.44
2388,16.19,66.82
2388,16.23,65.82
2388,16.86,64.8
2388,16.94,63.785
2388,16.98,63.65
2388,17.19,62.365
2388,17.23,61.735
2388,17.3,61.18
2388,17.7,63.14
2388,18.82,65.87
2388,18.93,64.77
2388,19.03,65.57
2388,19.2,64.18
2397,11.99,74.55
2397,12.07,74.2
2397,12.15,74.25
2397,12.41,73.53
2397,12.870000000000001,70.73
2397,12.99,72.13
2397,13.07,71.39
2397,13.870000000000001,66.7
2397,13.99,67.25
2397,14.35,66.005
2397,14.91,67.33
2397,14.98,67
2397,15.06,66.06
2397,15.27,67.42500000000001
2397,15.35,66.47
2397,15.84,70.16
2397,15.98,66.74
2397,16.1,66.73
2397,16.13,68.41
2397,16.42,69.7
2398,13.41,67.78
2398,13.94,67.38
2398,14.09,66.78
2398,14.3,65.88
2398,14.44,66.63
2398,14.48,67.74
2398,14.94,65.09
2398,15.19,64.80000000000001
2398,15.21,65.24
2398,15.32,64.61
2398,15.44,65.015
2398,15.48,64.88
2398,15.950000000000001,63.53
2398,16.2,64.685
2398,16.45,64.375
2398,16.47,64.49000000000001
2398,17.07,65.1
2399,13.040000000000001,70.65
2399,13.700000000000001,65.305
2399,13.72,65.74
2399,14.08,64.55
2399,14.14,63.33
2399,14.81,62.275000000000006
2399,14.83,61.91
2399,15.08,62.155
2399,15.13,61.5
2399,15.65,62.57
2399,15.82,62.02
2399,16.15,61.26
2399,16.71,63.73
2399,16.8,60.05500000000001
2399,16.88,62.06
2399,17.16,60.12
2399,17.8,59.715
2399,17.84,59.7
2399,17.95,61.69
2399,18.11,59.995000000000005
2399,18.16,59.19
2409,13.13,67.32
2409,13.17,67.9
2409,13.67,67.09
2409,14.030000000000001,67.29
2409,14.17,65.2
2409,14.21,65.84
2409,14.67,66.725
2409,14.92,66.54
2409,15.05,64.99000000000001
2409,15.17,66.64500000000001
2409,15.21,66.55
2409,15.93,65.71
2409,16.06,65.9
2409,16.18,64.76
2409,16.2,65.34
2409,17.2,68.66
2413,15.96,65.16
2413,16.23,63.79
2413,16.27,65.1
2413,16.75,65.71
2413,16.88,66.02
2413,16.98,66.13
2413,17.23,63.36
2413,17.27,65.4
2413,17.900000000000002,65.49
2413,17.98,64.95
2413,18.01,64.99
2413,18.23,64.47
2413,18.27,63.49
2413,18.740000000000002,63.144999999999996
2413,18.88,64.39
2413,18.990000000000002,63.025
2413,19.240000000000002,64.56
2413,19.26,64.46
2413,19.85,65.69
2413,19.97,65.15
2419,14.34,73.71
2419,14.42,73.44
2419,14.52,75.53
2419,14.69,73.24
2419,14.8,74.53
2419,15.26,70.94
2419,15.36,68.785
2419,15.55,68.42
2419,15.59,69.83500000000001
2419,16.26,67.96
2419,16.39,66
2419,16.490000000000002,65.26
2419,16.72,66.15
2419,17.43,66.4
2419,17.55,65.54
2419,17.82,65.42
2419,18.37,71.48
2419,18.48,69.71
2421,12.22,68.39
2421,12.5,67.2
2421,13.24,68.02
2421,13.26,66.62
2421,13.3,65.92
2421,13.450000000000001,64.41
2421,13.49,67.045
2421,14.200000000000001,65.52
2421,14.26,65.15
2421,14.46,65.74
2421,15.16,64.9
2421,15.18,64.38
2421,15.24,63.67
2421,15.56,64.8
2421,15.65,64.98
2421,16.18,63.36
2421,16.23,63.47
2421,16.35,63.85
2421,16.48,66.94
2421,16.56,63.84
2421,17.18,63.010000000000005
2421,17.21,64.22
2421,17.580000000000002,63.894999999999996
2423,11.71,73.9
2423,11.89,72.39
2423,11.950000000000001,70.67
2423,12.540000000000001,68.52
2423,12.71,67.655
2423,12.81,66.87
2423,13.06,66.41
2423,13.77,64.71
2423,13.83,64.60000000000001
2423,13.9,63.73
2423,14.18,62.73
2423,14.71,63.95
2423,14.780000000000001,65.25999999999999
2423,14.86,64.00999999999999
2423,15,62.925
2423,15.09,63.545
2423,15.16,62.32
2423,15.8,62.96
2423,16.01,61.56
2423,16.09,62.230000000000004
2423,16.22,60.68
2423,16.53,62.05
2423,16.72,60.415
2423,16.76,60.66
2423,16.82,61.06999999999999
2423,16.89,60.24
2423,17.03,59.43
2423,17.05,60.685
2423,17.13,60.155
2423,17.21,59.85
2423,18.080000000000002,58.79
2423,18.17,58.695
2423,18.830000000000002,58.394999999999996
2423,19.21,58.489999999999995
2423,19.73,57.41
2423,19.830000000000002,58.12
2423,19.900000000000002,56.785
2426,15.9,68.8
2426,16.86,67.99
2426,16.94,67.3
2426,17.740000000000002,66.34
2426,17.86,67.41
2426,17.93,66.69
2426,18.01,67.28
2426,18.51,66.89
2426,18.6,66.39
2426,18.81,65.55
2426,18.91,66.87
2426,18.95,66.74
2426,19.580000000000002,70.02
2426,19.6,66.58
2426,19.740000000000002,68.12
2426,19.81,68.63
2426,19.87,65.595
2426,19.91,65.7
2426,19.95,67.44
2430,10.65,78.19
2430,11.61,74.44
2430,11.8,72.75
2430,12.620000000000001,69.86
2430,12.68,70.83
2430,12.8,65.75
2430,13.56,66.01
2430,13.74,65.15
2430,13.84,67.14
2430,14.46,67.69
2430,14.56,66.02
2430,14.68,68.44
2430,14.75,66.83
2430,15.48,66.48
2430,15.81,65.59
2430,16.5,66
2430,16.56,65.91
2430,16.81,65.25999999999999
2434,13.23,80.05
2434,14.17,72.89
2434,14.46,74.2
2434,14.48,73.94
2434,15.06,72.3
2434,15.09,73.41
2434,15.17,73.49
2434,15.35,72.10499999999999
2434,15.48,70.83
2434,16.07,70.485
2434,16.13,70.17
2434,16.21,70.87
2434,16.5,69.83000000000001
2434,17.07,69.53
2434,17.17,68.79
2434,17.490000000000002,69.86
2434,18.1,68.1
2434,18.18,66.67
2434,18.39,64.495
2434,18.490000000000002,64.86
2435,12.92,68.99
2435,12.98,67.36
2435,13.67,64.91
2435,13.75,65.16
2435,13.96,63.83
2435,14.11,64.54
2435,14.65,62.205
2435,14.69,62.05
2435,14.96,61.32
2435,15.11,61.28
2435,15.63,62.09
2435,15.72,61.96
2435,15.780000000000001,60.57
2435,15.81,61.42
2435,15.9,60.735
2435,16.05,60.335
2435,16.080000000000002,60.29
2435,16.62,61.13
2435,16.64,61.099999999999994
2435,16.740000000000002,60.89
2435,16.78,60.260000000000005
2435,16.8,60.73
2435,16.82,59.91
2435,16.97,61.355000000000004
2435,17.03,60.16
2435,17.12,59.54
2435,17.64,60.635
2435,17.68,60.91
2435,17.740000000000002,61.72
2435,17.78,59.825
2435,17.85,60.6
2435,18.080000000000002,60.935
2440,13.02,71.78
2440,13.94,68.74
2440,14.01,69.35
2440,14.74,70.28
2440,14.84,69.98
2440,14.950000000000001,68.15
2440,15.030000000000001,68.12
2440,15.72,66.74
2440,15.780000000000001,64.34
2440,15.950000000000001,64.065
2440,15.99,64.185
2440,16.03,63.445
2440,16.09,62.75
2440,16.6,64.97
2440,16.68,63.105000000000004
2440,16.72,63.185
2440,16.73,63.1
2440,16.76,63.665
2440,17.01,65.31
2440,17.02,64.13
2440,17.62,64.04
2440,17.64,63.769999999999996
2440,17.72,64.22
2440,17.75,63.925
2440,17.95,63.515
2440,18.02,64.52000000000001
2440,18.61,65.63
2440,18.67,64.34
2441,12.73,69.89
2441,13.58,67.22
2441,13.69,66.63
2441,13.81,67.09
2441,13.85,65.97999999999999
2441,14.44,66.29
2441,14.5,65.48
2441,14.540000000000001,66.03
2441,14.55,66.22
2441,14.71,65.055
2441,14.75,64.8
2441,14.84,65.36500000000001
2441,15.450000000000001,67.705
2441,15.530000000000001,66.50999999999999
2441,15.57,66.61
2441,15.68,66.75
2441,15.76,65.24
2441,15.84,65.1
2441,16.43,64.7
2441,16.47,64.83
2441,16.55,63.97
2441,16.76,64.33
2441,16.82,64.93
2441,17.43,64.9
2441,17.45,65.52
2441,17.51,65.32
2441,17.53,65.77
2441,17.76,66.84
2441,17.78,66.715
2441,17.85,66.39
2441,18.490000000000002,64.465
2441,18.55,68.26
2443,13.23,74.52
2443,13.4,73.35
2443,14.07,68.66
2443,14.280000000000001,68.42
2443,14.4,67.36
2443,15.36,66.72
2443,15.44,67.46000000000001
2443,16.14,65.92
2443,16.240000000000002,64.41
2443,16.41,65.11
2443,16.43,65.35499999999999
2443,17.01,65.51
2443,17.1,64.7
2443,17.31,64.24
2443,17.41,62.855000000000004
2443,17.45,64.06
2443,17.51,63.77
2443,17.85,64.37
2443,18.01,65.41
2443,19.02,67.96
2443,19.1,67.58
2448,13.22,70.31
2448,13.950000000000001,70.02
2448,14.05,68.775
2448,14.200000000000001,67.61
2448,14.22,67.06
2448,14.280000000000001,68.99
2448,14.93,69.01
2448,14.950000000000001,69.31
2448,14.99,68.27
2448,15.290000000000001,67.025
2448,15.89,67.82
2448,15.99,67.01
2448,16.04,66.1
2448,16.16,68.77
2448,16.27,68.005
2448,16.31,65.52
2448,16.94,68.61
2448,17.23,67.42
2449,12.38,71.27
2449,13.370000000000001,69.16
2449,13.41,71.4
2449,13.91,68.06
2449,14.08,67.46
2449,14.290000000000001,66.26
2449,15.370000000000001,68.52
2449,15.44,68.14
2449,16.23,67.61
2449,16.36,67.77
2449,16.44,66.44
2449,17.01,70.24
2449,17.46,67.93
2449,18.38,70.57
2449,19.240000000000002,66.8
2449,19.45,67.68
2456,13.07,70.15
2456,13.8,68.32
2456,13.89,67.35
2456,14.01,67.7
2456,14.05,67.71
2456,14.09,67.16
2456,15.08,69.67
2456,15.66,69.5
2456,15.73,69.38
2456,15.77,69.41
2456,15.790000000000001,68.24
2456,15.94,67.315
2456,15.99,67.3
2456,16.080000000000002,68.46
2456,16.64,68.89
2456,16.69,70.245
2456,16.77,69.22
2456,16.81,68.47
2456,16.94,68.51
2456,17.080000000000002,69.27
2456,17.67,69.985
2456,17.73,68.6
2465,15.700000000000001,61.769999999999996
2465,16.830000000000002,61.15
2465,17.18,59.894999999999996
2465,17.330000000000002,60.53
2465,17.5,61.015
2465,17.59,59.41
2465,17.86,59.76
2465,17.87,59.14
2465,18.27,58.97
2465,18.52,59.825
2465,18.59,58.12
2465,18.79,61.18
2465,18.84,59.986666666666665
2465,19.27,58.334999999999994
2465,19.42,58.815
2465,19.54,59.04
2465,19.61,57
2465,19.79,59.08
2468,11.88,76.89
2468,12.56,73.22
2468,12.9,72.215
2468,12.92,72.82
2468,13.58,71.27
2468,13.67,72.18
2468,13.98,70.21
2468,14.94,68.69
2468,14.98,71.48
2468,15.610000000000001,66.155
2468,15.67,65.89
2468,15.9,68.19
2468,15.99,67.59
2468,16.66,67.64
2468,16.72,67.43
2468,16.89,67.68
2468,16.990000000000002,66.43
2468,17.68,68.32
2468,17.91,67.15
2478,13.31,64.66499999999999
2478,13.83,64.81
2478,14.040000000000001,63.29
2478,14.08,63.05
2478,14.18,62.75
2478,14.21,62.254999999999995
2478,14.47,64.5
2478,14.51,63.87
2478,15.040000000000001,63.57
2478,15.15,62.815
2478,15.19,64.93
2478,15.280000000000001,61.96
2478,15.39,61.835
2478,15.44,62.29
2478,15.49,60.620000000000005
2478,16.06,61.31
2478,16.2,60.52
2478,17.01,62.08
2478,17.11,60.675
2478,17.54,60.23
2478,18.05,62.14
2478,18.21,60.75
2478,18.5,61.46
2480,10.33,74.48
2480,11.39,75.1
2480,12.08,76.31
2480,12.99,69.76
2480,13.07,68.2
2480,13.92,66.29
2480,14.040000000000001,66.25
2480,15.38,67.245
2480,15.93,72.16
2480,16.01,66.605
2480,16.09,73.86
2480,16.12,64.96
2480,16.3,71.38
2480,16.43,75.19
2480,16.93,70.87
2480,16.97,71.09
2480,17.25,74.92
2484,10.64,70.97
2484,11.63,67.11
2484,11.71,67.35
2484,12.67,63.37
2484,12.74,64.55
2484,13.36,63.51
2484,13.44,61.980000000000004
2484,13.780000000000001,62.245000000000005
2484,13.84,61.64
2484,14.41,61.58
2484,14.51,61.165
2484,14.530000000000001,59.86
2484,14.83,60.925
2484,15.370000000000001,61.095
2484,15.49,62.075
2484,15.700000000000001,61.955
2484,15.790000000000001,61.33
2484,15.85,60.64
2484,16.54,60.88
2484,16.86,60.55
2484,17.66,60.965
2484,17.73,61.805
2484,17.81,61.385
2489,11.97,71.44
2489,12.120000000000001,68.74
2489,13.120000000000001,66.92
2489,13.16,65.72
2489,13.81,66.59
2489,13.83,67.6
2489,13.96,67.51
2489,14.200000000000001,65.71
2489,14.77,67.63
2489,14.81,66.54
2489,14.85,67.04
2489,14.93,65.98
2489,15.08,67.32
2489,15.16,65.955
2489,15.19,65.19
2489,15.790000000000001,65.41
2489,16.17,65.74
2490,13.01,71.04
2490,13.950000000000001,64.47999999999999
2490,13.99,64.88
2490,14.030000000000001,65.78
2490,14.07,64.29
2490,14.43,63.8
2490,14.58,64.42
2490,14.68,63.855
2490,14.77,63.805
2490,14.88,63.75
2490,14.99,64.87
2490,15.02,66.66999999999999
2490,15.07,64.42
2490,15.58,65.235
2490,15.64,66.68
2490,15.65,64.53
2490,15.73,63.83
2490,15.77,63.91
2490,15.92,64.36
2490,16.02,64.295
2490,16.59,65.89
2490,16.69,65.17
2490,16.71,65.44
2490,16.77,66.2
2490,16.94,65.59
2490,17.02,65.275
2492,14.84,65.04499999999999
2492,15.35,64.79
2492,15.6,64.69
2492,15.84,63.88
2492,15.92,63.48
2492,16.35,64.93
2492,16.62,65.3
2492,16.830000000000002,64.585
2492,16.94,62.75
2492,17.48,62.59
2492,17.6,63.235
2492,17.87,62.54
2492,18.46,63.73
2492,18.580000000000002,64.055
2492,18.67,63.97
2492,18.85,64.125
2492,19.84,67.44
2499,13.96,71.07
2499,14.96,64.775
2499,15.05,64.715
2499,15.09,64.72999999999999
2499,15.36,64.65
2499,15.4,67.9
2499,15.450000000000001,64.47
2499,16.07,66.08
2499,16.09,66.1
2499,16.22,66.46000000000001
2499,16.26,62.03
2499,16.3,64.66
2499,16.4,62.78
2499,16.990000000000002,65.27
2499,17.01,64.34
2499,17.05,64.755
2499,17.09,62.87
2499,17.13,62.885000000000005
2499,17.19,62.99
2499,17.32,62.25
2499,17.400000000000002,62.91
2499,17.45,63.27
2499,17.990000000000002,67.12
2499,18.1,72.1
2501,14.290000000000001,70.63
2501,14.42,69.88
2501,14.92,68.83
2501,15.08,66.25
2501,15.290000000000001,65.91999999999999
2501,15.42,66.22
2501,15.46,66.41
2501,15.92,65.83500000000001
2501,16.09,66.155
2501,16.3,65.35
2501,16.42,67.42500000000001
2501,16.46,66.8
2501,17.07,65.805
2501,17.19,65.13499999999999
2501,17.32,64.63
2501,17.44,64.76
2501,17.46,65.74
2501,18.05,67.37
2501,18.16,66.31
2501,19.28,66.28
2501,19.39,67.49000000000001
2502,12.6,72.44
2502,12.620000000000001,72.51
2502,13.38,65.655
2502,13.58,64.895
2502,13.63,65.83
2502,13.65,66.095
2502,13.72,63.39
2502,14.24,63.765
2502,14.36,63.16
2502,14.4,62.21
2502,14.65,63.615
2502,14.71,63.23
2502,15.22,63.43
2502,15.32,64.16
2502,15.530000000000001,61.69
2502,15.67,66.005
2502,15.73,63.49
2502,16.22,63.05
2502,16.32,63.99
2502,16.48,62.52
2511,13.01,70.86
2511,13.09,72.99000000000001
2511,13.82,69.41
2511,13.88,66.67
2511,14.09,67.205
2511,14.15,66.17
2511,14.24,67.01
2511,14.89,66.27
2511,14.97,65.185
2511,15.24,65.27
2511,15.870000000000001,67.78
2511,15.91,68.84
2511,15.97,66.3
2511,16.1,66.065
2511,16.79,67.53
2511,16.91,67.53
2511,17.1,68.74
2514,12.26,70.08
2514,13.13,67.015
2514,13.35,65.36
2514,14.030000000000001,64.9
2514,14.1,64.705
2514,14.14,64.195
2514,14.33,64.18
2514,14.44,67.18
2514,15.040000000000001,63.964999999999996
2514,15.08,63.379999999999995
2514,15.120000000000001,62.345
2514,15.33,61.595
2514,15.42,64.03999999999999
2514,15.48,62.6
2514,16.02,61.364999999999995
2514,16.080000000000002,60.57
2514,16.17,59.88
2514,16.31,60.49
2514,16.42,59.755
2514,16.490000000000002,59.86
2514,17.12,60.254999999999995
2514,17.150000000000002,59.47
2514,17.18,59.61
2514,17.28,60.05
2514,18.07,62.61
2514,18.400000000000002,60.834999999999994
2514,19.11,62.48
2514,19.150000000000002,61.53
2514,19.3,61.51
2514,19.990000000000002,60.56
2517,14.77,67.04
2517,15.42,67.32
2517,15.57,66
2517,15.67,65.17
2517,15.72,65.91
2517,15.82,64.24000000000001
2517,15.860000000000001,65.655
2517,16.26,63.67
2517,16.42,63.35
2517,16.51,62.85
2517,16.61,64.35
2517,16.72,63.89
2517,16.86,64.19
2517,16.92,63.48
2517,17.43,64.35
2517,17.51,63.985
2517,17.55,63.34
2517,17.56,64.655
2517,18.45,65.605
2517,18.47,68.79
2517,18.55,65.27
2517,18.580000000000002,67.45
2518,12.06,72.12
2518,13.11,71.45
2518,14.09,67.31
2518,14.11,68.72
2518,14.68,67.68
2518,14.780000000000001,66.78
2518,14.99,65.02
2518,15.09,62.595
2518,15.13,62.965
2518,15.17,62.370000000000005
2518,15.530000000000001,64.25
2518,15.780000000000001,62.64
2518,15.870000000000001,62.71
2518,16.07,61.5
2518,16.12,62.9
2518,16.19,60.98
2519,14.1,69.55
2519,14.18,66.65
2519,14.77,68.65
2519,14.98,68.79
2519,15.16,67.5
2519,15.18,67.38
2519,16.12,63.894999999999996
2519,16.15,63.55
2519,16.19,63.79
2519,16.25,63.17
2519,16.59,62.894999999999996
2519,16.75,63.25
2519,16.84,63.125
2519,17.150000000000002,62.7
2519,17.19,63.09
2519,17.25,63.57
2519,17.88,63.135000000000005
2519,17.93,62.115
2519,18.09,62.2
2520,12.72,70.28
2520,13.780000000000001,67.63
2520,14.370000000000001,66.26
2520,14.58,65.08
2520,14.76,65.8
2520,14.780000000000001,66.9
2520,15.44,65.46
2520,15.65,64.89
2520,15.75,66.11
2520,16.35,67.73
2520,16.44,68.86
2520,16.65,69.97
2520,16.75,67.92
2520,16.79,69.83
2520,17.36,70.72
2520,17.400000000000002,70.29
2520,17.52,71.03
2520,17.650000000000002,71.3
2520,18.53,71.05
2520,18.67,72.75
2525,10.9,76.76
2525,12.93,68.245
2525,13.540000000000001,66.08
2525,13.620000000000001,64.45
2525,13.72,64.19
2525,13.9,66.6
2525,13.96,64
2525,14.05,63.4
2525,14.540000000000001,63.115
2525,14.64,64.255
2525,14.65,64.67
2525,14.67,63.13
2525,14.75,64.15
2525,14.88,64.30000000000001
2525,14.94,63.83
2525,15.05,62.01
2525,15.55,64.23
2525,15.67,62.79
2525,15.71,61.675
2525,15.84,61.56
2525,15.88,64.845
2525,15.94,63.345
2525,16.02,61.045
2525,16.07,60.36
2528,12.530000000000001,68.93
2528,13.24,70.94
2528,13.370000000000001,68.525
2528,13.58,67.75
2528,13.6,68.35
2528,13.68,69.74
2528,14.14,68.12
2528,14.27,65.49
2528,14.31,65.32
2528,14.6,65.39
2528,15.27,64.35
2528,15.31,64.29
2528,15.6,64.04
2528,15.69,64.12
2528,16.25,64.46
2528,16.4,65
2528,16.42,64.37
2528,16.59,64.25
2528,16.69,64.52
2528,17.34,66.2
2543,12.72,73.30000000000001
2543,13.47,70.7
2543,13.55,70.51
2543,13.700000000000001,73.03
2543,13.86,70.48500000000001
2543,14.49,65.67
2543,14.56,67.54
2543,14.780000000000001,64.67
2543,14.84,67.04
2543,15.47,64.69
2543,15.620000000000001,64.785
2543,15.780000000000001,65.29
2543,15.790000000000001,65.28
2543,15.870000000000001,64.86500000000001
2543,16.5,64.3
2543,16.56,66.06
2543,16.6,63.81
2543,16.68,63.614999999999995
2543,16.77,65.18
2543,16.87,63.96
2543,17.67,64.685
2543,17.75,65.825
2545,13.34,78.23
2545,14.26,72.17
2545,14.33,73.63
2545,14.72,70.84
2545,14.99,65.8
2545,15.14,64.265
2545,15.27,63.620000000000005
2545,15.35,70.96000000000001
2545,15.4,64.92
2545,15.75,62.92
2545,15.91,63.79
2545,16,62.33
2545,16.1,62.364999999999995
2545,16.35,65.63
2545,16.41,62.55
2545,16.92,61.56
2545,17.06,63.69
2545,17.13,59.995000000000005
2545,17.240000000000002,60.9
2545,17.35,60.16
2545,17.38,59.575
2545,17.92,60.59
2545,17.96,60.545
2545,18.07,60.650000000000006
2545,18.16,60.18
2545,18.27,61.635000000000005
2545,18.28,60.58
2545,18.34,62.3
2545,18.95,61.879999999999995
2545,19.01,64.145
2545,19.05,61.68
2545,19.150000000000002,61.04
2545,19.26,62.48
2545,19.36,62.83
2549,13.19,67.935
2549,13.35,69.13499999999999
2549,13.36,66.95
2549,13.94,67.47
2549,13.99,67.345
2549,14.07,65.66
2549,14.3,66.66
2549,14.4,67.94
2549,15.13,67.82
2549,15.25,71.45
2549,15.4,67.41
2549,15.950000000000001,67.92
2549,16.05,68.39
2549,16.09,67.11
2549,16.13,66.13
2549,16.32,68.61500000000001
2549,16.38,66.76
2552,12.17,75.25999999999999
2552,13.17,70.88
2552,13.21,70.98
2552,13.93,69.14
2552,14.030000000000001,69.67
2552,14.870000000000001,69.32
2552,14.88,69
2552,15.01,70.36
2552,15.16,69.7
2552,15.200000000000001,72.1
2552,15.85,71.58
2552,15.91,67.26
2552,16.05,67.98
2552,16.2,67.045
2552,16.240000000000002,69.15
2552,16.91,71.76
2552,17.19,67.91
2554,11.76,74.62
2554,13.030000000000001,67.98
2554,13.14,67.11
2554,13.33,65.755
2554,13.35,65.61
2554,14.040000000000001,65.43
2554,14.14,63.83
2554,14.16,64.33
2554,14.370000000000001,64.545
2554,14.41,64.77
2554,14.44,62.75
2554,15,63.48
2554,15.040000000000001,63.165
2554,15.120000000000001,62.665
2554,15.42,61.92
2554,15.48,61.95
2554,16.02,61.925
2554,16.05,62.24
2554,16.17,61.105000000000004
2554,16.330000000000002,60.285
2554,16.36,60.75
2554,16.38,63.48
2554,16.42,60.57
2554,16.490000000000002,60.18
2554,17.03,60.81
2554,17.150000000000002,60.065
2554,17.18,59.95
2554,17.3,60.980000000000004
2554,17.45,60.13
2554,18.01,59.53
2554,18.05,60.685
2554,18.11,59.19
2554,18.150000000000002,58.16
2554,18.19,59.08
2554,18.400000000000002,60.245000000000005
2554,18.490000000000002,59.48
2554,19.03,59.96
2554,19.13,59.085
2554,19.18,59.51
2554,19.41,59.73
2554,19.5,58.98
2554,19.87,60.05
2556,11.83,89.8
2556,12.83,73.88499999999999
2556,13.620000000000001,68.965
2556,13.77,73.74
2556,13.790000000000001,69.82
2556,14.48,67.44
2556,14.76,69.8
2556,14.88,67.18
2556,15.450000000000001,69.73
2556,15.55,67.94
2556,15.610000000000001,66.19
2556,15.780000000000001,67.19
2556,15.88,68.6
2556,16.45,69.81
2556,16.57,69.25
2556,16.82,70.69
2556,17.490000000000002,70.44
2559,11.3,80.41
2559,14,65.41
2559,14.14,63.91
2559,14.35,67.39
2559,14.450000000000001,63.92
2559,15,63.82
2559,15.14,62.12
2559,15.27,61.935
2559,15.35,63.239999999999995
2559,15.44,59.655
2559,16.02,62.155
2559,16.16,59.754999999999995
2559,16.46,61.03
2559,16.87,59.870000000000005
2559,17.05,59.879999999999995
2559,17.09,60.09
2559,17.150000000000002,59.92
2573,11.39,77.87
2573,12.39,71.95
2573,13.23,66.06
2573,13.31,64.9
2573,13.41,65.84
2573,13.620000000000001,65.255
2573,14.11,64.92
2573,14.290000000000001,63.89
2573,14.4,63.13
2573,14.55,62.74
2573,14.65,64.56
2573,14.84,61.89
2573,15.11,61.65
2573,15.3,61.6
2573,15.35,61.16
2573,15.38,60.8
2573,15.58,60.644999999999996
2573,15.67,62.265
2573,16.09,62.02
2573,16.3,61.92
2573,16.330000000000002,61.209999999999994
2573,16.4,60.71
2573,16.53,60.1
2573,16.59,62.215
2573,17.34,62.13
2573,17.39,60.85
2573,17.5,61.7
2577,15.59,62.84
2577,16.52,62.47
2577,16.72,63.09
2577,17.22,61.625
2577,17.38,61.58
2577,17.42,60.945
2577,17.69,60.94
2577,17.76,61.04
2577,18.3,60.05
2577,18.41,59.72
2577,18.48,59.82
2577,18.650000000000002,60.69
2577,18.68,61.89
2577,18.73,59.65
2577,18.740000000000002,60.19
2577,19.16,59.53
2577,19.32,60.42
2577,19.43,59.06
2577,19.5,58.88
2577,19.64,59.49
2577,19.68,59.87
2578,13.27,68.61
2578,13.3,69.33
2578,13.8,66.485
2578,13.96,67.125
2578,14.05,67.17
2578,14.17,70.36
2578,14.3,71.74
2578,14.8,70.51
2578,14.97,66.66
2578,15.05,66.49
2578,15.18,64.91
2578,15.34,66.81
2578,15.82,64.86
2578,15.950000000000001,64.98
2578,16.07,63.845
2578,16.32,64.76
2578,16.34,64.32
2578,16.93,67.47
2578,17.04,65.03
2578,17.32,65.3
2578,18,64.22
2585,11.9,77.43
2585,13.85,69.13
2585,13.93,68.39
2585,14.64,66.02
2585,14.870000000000001,65.005
2585,14.91,65.28
2585,14.94,63.89
2585,15.59,63.43000000000001
2585,15.69,64.07
2585,15.9,62.504999999999995
2585,15.94,63.3
2585,16.01,62.68
2585,16.48,63.13
2585,16.52,61.94
2585,16.63,61.555
2585,16.65,61.72
2585,16.73,61.23
2585,16.86,63.73
2585,16.98,61.68
2585,17.38,64.225
2585,17.52,63.205
2585,17.63,61.035
2585,17.67,64.12
2585,17.73,61.82
2585,17.86,63.84
2585,17.93,62.144999999999996
2585,18.39,63.06
2585,18.53,61.56
2585,18.59,62.43
2585,18.86,65.46
2585,18.91,63.015
2585,19.39,65.14500000000001
2585,19.53,62.69
2585,19.56,63.96
2585,19.62,65.49
2585,19.85,63.02
2586,11.9,75.91
2586,14.64,73.13
2586,14.870000000000001,67.67
2586,14.94,72.2
2586,15.59,66.72
2586,15.69,67.29
2586,15.9,64.525
2586,15.94,64.1
2586,16.48,64.48
2586,16.52,63.525000000000006
2586,16.63,63.06
2586,16.65,63.015
2586,16.69,63.91
2586,16.87,63.58
2586,16.94,63.379999999999995
2586,17.55,68.78999999999999
2586,17.63,66.41
2586,17.67,68.7
2586,17.84,68.4
2586,17.93,64.66499999999999
2586,18.39,69.56
2586,18.53,64.23
2586,18.59,64.48
2589,13.13,69.41
2589,14.11,67.3
2589,14.17,68.38
2589,14.19,68.15
2589,14.99,67.06
2589,15.030000000000001,65.61
2589,15.17,67.3
2589,15.19,68.29
2589,15.76,67.56
2589,16.07,67.48
2589,17.16,67.46
2589,17.66,68.36
2589,17.85,67.27
2589,17.93,67.31
2589,18.79,68.365
2589,18.89,68.13
2599,12.05,72.01
2599,13.58,64.735
2599,13.76,64.095
2599,14.040000000000001,64.43
2599,14.13,65.4
2599,14.19,63.09
2599,14.85,66.005
2599,15.120000000000001,66.03
2599,15.18,65.17
2599,15.71,65
2599,15.83,65.81
2599,15.92,64.61
2599,16.12,66.81
2599,16.69,66.54
2599,16.79,66.82
2599,17,65.89
2599,17.53,66.89
2603,13.15,69.25
2603,13.65,68.74
2603,13.84,65.805
2603,13.88,65.57
2603,14.17,64.545
2603,14.32,63.89
2603,14.94,64.03
2603,14.98,63.535
2603,15.07,65.04
2603,15.15,64.175
2603,15.32,63.76
2603,15.84,64.07
2603,15.98,63.025
2603,16.05,63.45
2603,16.15,62.85
2603,16.2,64.62
2603,16.85,63.3
2603,16.91,64.33
2603,16.97,63.405
2603,17.07,64.17
2603,17.16,64.98
2604,13.11,66.03
2604,13.21,65.23
2604,14.11,64.63
2604,14.14,64.41
2604,14.24,64.08
2604,14.33,63.1
2604,15.01,60.870000000000005
2604,15.030000000000001,61.364999999999995
2604,15.200000000000001,60.81
2604,15.35,60.11
2604,15.76,60.83
2604,15.89,60.2
2604,15.99,59.945
2604,16.01,59.935
2604,16.080000000000002,59.42
2604,16.14,59.32
2604,16.36,59.315
2604,16.87,60.74
2604,16.98,60.385
2604,17.02,62.85
2604,17.12,59.5
2604,17.150000000000002,59.57
2604,17.35,58.945
2604,17.85,59.010000000000005
2604,17.94,58.94
2604,18.02,58.9
2604,18.150000000000002,59.525
2604,18.19,58.82
2604,18.27,59.75
2604,18.94,59.45
2604,19.04,59.545
2604,19.11,58.57
2604,19.86,59.035
2604,19.94,59.315
2613,12.700000000000001,71.82
2613,13.08,73.02
2613,13.76,67.92
2613,14.06,67.49
2613,14.22,67.42
2613,14.35,66.26
2613,14.39,66
2613,14.44,65.48
2613,14.68,66.14
2613,15.06,64.59
2613,15.35,62.85
2613,15.42,63.66
2613,15.68,63.58
2613,15.84,62.26
2613,16.5,62.175
2613,16.67,63.739999999999995
2613,16.77,62.98
2613,17.36,68.42
2624,14.44,70.18
2624,14.51,70.73
2624,15.26,66.88
2624,15.51,66.82
2624,16.080000000000002,65.97
2624,16.14,66.91
2624,16.240000000000002,65.33
2624,16.43,65.06
2624,16.51,64.82
2624,17.14,65.42
2624,17.18,65.345
2624,17.21,65.155
2624,17.52,65.38
2624,18.12,65.52
2624,18.18,65.83
2624,18.23,65.33500000000001
2624,19.21,67.355
2624,19.38,67.305
2624,19.42,68.97
2625,10.77,83.69
2625,11.15,80.23
2625,12.17,76.4
2625,13.17,71.41
2625,13.93,67.98
2625,14.200000000000001,68.42
2625,14.780000000000001,67.26
2625,14.950000000000001,70.15
2625,15.08,68.78
2625,15.120000000000001,67.99000000000001
2625,15.83,67.32
2625,15.89,67.64
2625,16.18,66.83
2625,16.240000000000002,66.37
2625,16.81,68.64
2625,17.12,66.53
2625,17.16,64.74000000000001
2627,12.49,77.14
2627,12.89,76.57
2627,13.68,69.72
2627,13.72,70.41
2627,13.93,72.79
2627,13.97,74.03
2627,14.07,73.405
2627,14.1,75.06
2627,14.64,73.33500000000001
2627,14.72,73.29
2627,14.83,71.55
2627,14.89,71.745
2627,15.06,71.75
2627,15.1,70.34
2627,15.56,69.64
2627,15.66,70.685
2627,15.73,71.035
2627,15.89,70.405
2627,16,69.63499999999999
2627,16.080000000000002,68.8
2627,16.56,73.4
2627,16.830000000000002,70.75
2627,16.96,72.19
2628,11.36,73.68
2628,12.39,68.15
2628,12.43,67.49
2628,13.24,66.69
2628,13.35,66.455
2628,13.43,62.78
2628,14.02,64.45
2628,14.120000000000001,63
2628,14.200000000000001,62.07
2628,14.22,61.51
2628,14.35,63.185
2628,14.52,61.44
2628,15.06,61.345
2628,15.19,60.01
2628,15.24,59.22
2628,15.31,62.845
2628,15.4,61.17
2628,15.530000000000001,59.455
2628,16.23,59.93
2630,13.620000000000001,68.295
2630,13.82,64.33500000000001
2630,13.86,65.82
2630,13.94,64.62
2630,14.3,65.235
2630,14.450000000000001,66.36
2630,14.55,65.745
2630,14.75,67.18
2630,14.89,67.355
2630,14.94,65.96
2630,15.47,66.46
2630,15.58,66.16
2630,15.64,66.21
2630,15.89,66.945
2630,16.47,69.06
2630,16.580000000000002,67.71
2634,11.85,66.83
2634,12.98,66.18
2634,13.52,63.845
2634,13.63,63.335
2634,14.05,62.85
2634,14.1,62.27
2634,14.530000000000001,63.045
2634,14.65,62.955
2634,14.67,62.745000000000005
2634,14.75,62.120000000000005
2634,14.870000000000001,60.89
2634,15.08,60.34
2634,15.64,60.644999999999996
2634,15.780000000000001,60.114999999999995
2634,15.860000000000001,59.93
2634,15.99,60.96
2634,16.14,61.99
2634,16.740000000000002,61.665
2634,16.95,62.21
2634,17.13,61.88
2634,18.06,62.9
2634,18.64,62.77
2634,18.79,62.47
2644,13.23,75.18
2644,14.19,71.5
2644,14.86,70.08
2644,14.97,66.77
2644,15.19,66.81
2644,15.24,66.01
2644,15.26,65.48
2644,15.3,67.25
2644,15.34,66.28
2644,15.85,68.37
2644,15.950000000000001,68.25
2644,16.01,65.85499999999999
2644,16.16,65.76
2644,16.26,63.38
2644,16.3,62.94
2644,16.34,64
2653,12.17,78.32
2653,12.65,75.76
2653,13.11,71.9
2653,13.18,71.175
2653,13.21,71.32
2653,13.26,70.38
2653,13.92,68.81
2653,14.01,66.94
2653,14.24,67.65
2653,14.91,67.89
2653,14.950000000000001,67.95
2653,15.08,67.45
2653,16.04,66.93
2653,16.23,65.99
2653,16.93,67.2
2653,17.94,68.12
2653,18.23,68.84
2654,10.36,98.13
2654,11.4,89.11
2654,12.36,71.56
2654,12.4,71.33
2654,14.07,67.31
2654,14.120000000000001,67.37
2654,14.35,66.78
2654,14.39,68.48
2654,14.450000000000001,65.09
2654,15.200000000000001,66.55
2654,15.5,66.37
2654,16.04,66.07
2654,16.16,64.43
2654,16.19,64.1
2654,16.36,63.825
2654,16.5,64.96
2655,15.01,66.95
2655,15.08,67.155
2655,15.68,63.38
2655,15.790000000000001,62.53
2655,15.89,63.33
2655,15.93,63.55
2655,16.080000000000002,63.480000000000004
2655,16.16,61.94
2655,16.65,62.54
2655,16.75,61.75
2655,16.830000000000002,61.855000000000004
2655,16.93,61.49
2655,16.96,61.79
2655,17.1,63.065
2655,17.16,61.8
2655,17.5,61.03
2655,17.650000000000002,61.24
2655,17.75,61.62
2655,17.84,61.644999999999996
2655,18,61.15
2655,18.75,64.69
2655,18.88,62.78
2655,18.96,65.18
2655,19.02,61.585
2655,19.09,62.545
2655,19.67,60.22
2655,19.82,60.364999999999995
2655,19.88,60.8
2655,19.91,60.59
2658,11.31,72.88
2658,11.47,73.36
2658,11.540000000000001,74.03
2658,11.63,74.2
2658,11.73,71.5
2658,12.42,68.9
2658,12.59,65.95
2658,12.65,65.23
2658,12.69,64.88
2658,13.25,65.46
2658,13.42,65.265
2658,13.52,65.19
2658,14.42,64.41999999999999
2658,14.47,62.58
2658,14.540000000000001,64.075
2658,14.61,63.13
2658,14.72,62.775
2658,14.89,62.81
2658,15.41,64.99000000000001
2658,15.49,64.66499999999999
2661,12.790000000000001,66.58
2661,13.15,65.215
2661,13.8,65.96
2661,13.88,64.08
2661,13.96,63.44
2661,14.13,65.04
2661,14.27,63.26
2661,14.82,62.995000000000005
2661,14.9,62.405
2661,15.25,61.28
2661,15.93,60.135000000000005
2661,16.03,59.575
2661,16.18,60.34
2661,16.31,59.87
2661,16.87,58.845
2661,16.91,57.42
2661,16.990000000000002,57.35
2661,17.150000000000002,58.394999999999996
2661,17.3,58.155
2661,17.81,58.65
2661,17.87,58.230000000000004
2661,17.95,57.815
2661,18.01,57.03
2661,18.18,58.49
2661,18.27,58.42
2661,19.01,57.040000000000006
2661,19.25,57.37
2661,19.31,57.215
2661,19.72,57.370000000000005
2661,19.87,57.915
2661,19.92,58.24
2666,13.950000000000001,67.12
2666,13.99,66.08
2666,14.08,65.68
2666,14.24,65.39
2666,14.280000000000001,65.06
2666,14.36,65.24
2666,14.39,66.05
2666,14.950000000000001,64.08
2666,14.97,65.75
2666,14.99,64.87
2666,15.06,62.75
2666,15.26,64.92
2666,15.280000000000001,63.62
2666,15.370000000000001,62.84
2666,15.43,61.92
2666,15.950000000000001,63.55
2666,15.96,63.205
2666,15.98,61.87
2666,16.14,61.37
2666,16.28,61.125
2666,16.37,61.69
2666,16.830000000000002,63.52
2666,16.98,62.9
2666,17.02,62.349999999999994
2666,17.16,61.87
2666,17.29,62.375
2666,17.37,62.81
2666,17.94,64.57
2666,18.06,62.05
2666,18.92,64.22
2670,11.14,94.34
2670,12.88,77.08
2670,13.17,73.92
2670,13.84,73.08
2670,14.200000000000001,71.09
2670,14.280000000000001,69.61
2670,14.74,72.2
2670,14.84,71.39
2670,14.89,72.14
2670,14.93,72.84
2670,15.18,71.35
2670,15.22,72.84
2670,15.870000000000001,70.26
2670,15.93,69.695
2670,16.2,68.1
2670,16.22,67.015
2670,16.830000000000002,68.33
2670,16.89,68.24
2670,16.95,68.96
2670,17.2,69.42
2670,17.240000000000002,67.4
2670,17.94,70.12
2670,17.96,67.88
2683,14.19,75.07
2683,14.86,72.71
2683,14.98,72.03
2683,15.19,68.29
2683,15.23,67.88
2683,15.98,69.83
2683,16.19,66.6
2683,16.240000000000002,65.92
2683,16.27,64.9
2683,16.3,65.935
2683,16.34,65.21
2683,16.86,65.92
2683,16.95,66.57
2683,17.01,67.195
2683,17.16,66.43
2683,17.26,65.55
2683,17.3,65.59
2684,13.92,69.84
2684,14.040000000000001,71.73
2684,15,68.87
2684,15.67,66.89
2684,15.780000000000001,67.27
2684,16.05,65.81
2684,16.07,67.39
2684,16.65,67.17
2684,16.740000000000002,65.71
2684,16.95,66.89
2684,17.05,65.86
2684,17.09,67.18
2684,17.650000000000002,66.65
2684,17.740000000000002,65.87
2684,17.84,65.21
2684,18.05,64.97
2684,18.09,65.735
2684,18.66,65.825
2684,18.7,65.03
2684,18.78,65.78
2684,18.84,64.755
2684,19.7,70.1
2684,19.72,68.12
2684,19.77,68.63
2693,12.25,75.76
2693,13.4,69.97
2693,14.450000000000001,67.47999999999999
2693,15.16,67.47
2693,15.84,65.49
2693,16.02,63.13
2693,16.12,62.99
2693,16.25,62.61
2693,16.330000000000002,61.82
2693,16.47,61.96
2693,16.53,61.69
2693,16.87,60.79
2693,17.02,62.45
2693,17.080000000000002,61.37
2693,17.12,61.13
2693,17.22,60.845
2693,17.47,61.894999999999996
2693,17.53,61.08
2693,18.04,61.79
2693,18.14,61.215
2693,18.18,60.635
2693,18.19,60.769999999999996
2693,18.25,60.52
2693,18.36,61.09
2693,19.04,61.209999999999994
2693,19.150000000000002,60.72
2693,19.19,60.35
2693,19.25,59.67
2693,19.26,60.35
2693,19.28,60.56
2714,13.08,72.86500000000001
2714,13.950000000000001,69.565
2714,14.01,68.45
2714,14.08,70.3
2714,14.66,67.83
2714,14.75,66.27
2714,15.06,67.78
2714,15.5,68.23
2714,15.66,69.33
2714,15.72,67.47
2714,15.75,67.52
2714,15.85,69.27
2714,16.73,67.465
2714,16.79,67.86
2714,17.67,68.57
2714,17.79,66.45
2714,17.82,67.06
2717,13.98,72.42
2717,15.19,68.91
2717,15.84,66.87
2717,15.94,65.71
2717,16.02,66.08
2717,16.15,65.53
2717,16.28,66.7
2717,16.84,68.25
2717,16.93,66.16
2717,17.03,65.3
2717,17.900000000000002,68.54
2717,18.03,66.42
2717,19.01,68.7
2717,19.16,71.04
2717,19.28,69.7
2717,19.87,67.74
2717,19.91,67.49
2723,13.67,74.18
2723,15.450000000000001,72.58
2723,16.45,68.125
2723,16.64,68.65
2723,17.12,66.96
2723,17.28,69.34
2723,17.37,69.37
2723,17.47,69.07
2723,17.68,68.36
2723,18.29,68.44
2723,18.41,69.21
2723,18.68,71.73
2723,19.330000000000002,71.26
2723,19.400000000000002,71.19
2723,19.67,72.75
2723,19.71,72.175
2724,12.540000000000001,77.24
2724,13.57,68.03
2724,13.61,67.51
2724,13.65,68.55
2724,14.26,70.79
2724,14.36,69.12
2724,14.4,68.85
2724,14.57,69.98
2724,14.65,72.4
2724,15.24,70.15
2724,15.35,71.955
2724,15.64,71.22
2724,16.2,70.565
2724,16.27,71.59
2724,16.37,72.03999999999999
2724,16.39,67.91999999999999
2724,17.25,74.33
2724,17.39,71.72
2724,17.41,69.33
2725,13.51,68.04
2725,13.59,66.36
2725,13.76,67.11
2725,14.52,66.465
2725,14.71,64.4
2725,14.77,65.42
2725,14.83,64.15
2725,14.92,63.84
2725,15.5,64.54
2725,15.58,63.46
2725,15.81,65.255
2725,16.46,63.49
2725,16.52,64.25
2725,16.54,65.89
2725,16.75,65.10499999999999
2725,16.81,66.52
2725,16.93,63.06
2729,14.780000000000001,63.91
2729,14.81,63.09
2729,15.16,63.35
2729,15.31,62.275000000000006
2729,15.46,60.53
2729,15.48,60.465
2729,15.5,60.349999999999994
2729,15.57,61.13
2729,15.66,60.88
2729,15.73,61.04
2729,15.780000000000001,60.900000000000006
2729,15.790000000000001,61.004999999999995
2729,15.84,60.19
2729,15.85,60.22
2729,16.25,61.45
2729,16.39,61.955
2729,16.5,60.935
2729,16.57,60.64
2729,16.63,61.02
2729,16.73,61.13
2729,16.77,62.114999999999995
2729,16.82,60.67
2729,17.400000000000002,62.35
2729,17.52,62.54
2729,17.59,62.61
2749,10.950000000000001,93.72
2749,13.08,72.11
2749,13.790000000000001,68.23
2749,13.81,68.31
2749,13.83,67.24
2749,14.75,66.62
2749,14.790000000000001,66.81
2749,14.81,64.81
2749,14.84,64.95
2749,15.120000000000001,63.63
2749,15.67,66.73
2749,15.76,65.9
2749,15.790000000000001,67.14
2749,15.860000000000001,66.29
2749,16.13,68.26
2749,16.8,68.36500000000001
2749,16.88,65.46
2749,16.9,64.67
2749,17.67,63.02
2749,17.76,65.24
2749,17.87,64.33
2749,17.93,62.379999999999995
2749,18.07,62.53
2749,18.14,63.54
2749,18.240000000000002,62.845
2749,18.81,65.19
2749,18.82,63.9
2749,18.93,64.23
2752,13.34,64.39
2752,13.89,63.760000000000005
2752,14.030000000000001,63.355000000000004
2752,14.11,63.504999999999995
2752,14.32,63.46
2752,14.38,64.77000000000001
2752,14.48,62.16
2752,15.01,61.730000000000004
2752,15.030000000000001,61.985
2752,15.09,61.620000000000005
2752,15.35,61.67
2752,15.4,61.769999999999996
2752,15.47,61.48
2752,16.12,61.045
2752,16.15,60.79
2752,16.17,60.76
2752,16.41,60.01
2752,16.44,60.66
2752,16.990000000000002,61.45
2752,17.04,61.370000000000005
2752,17.19,60.58
2752,17.27,60.32
2752,17.330000000000002,62.09
2752,17.48,60.78
2752,18.080000000000002,61.6
2752,18.14,60.435
2754,13.4,67.78999999999999
2754,13.540000000000001,66.385
2754,14.040000000000001,63.915
2754,14.17,64.48
2754,14.19,65.61
2754,14.3,64.6
2754,15.05,62.14
2754,15.3,62.89
2754,15.32,62.105000000000004
2754,15.51,62.63
2754,15.64,61.68
2754,16.05,64.55
2754,16.17,63.04
2754,16.3,63.86
2754,16.52,62.86
2754,17.37,63.39
2755,13.08,71.89
2755,14.24,70.14
2755,14.290000000000001,69.05
2755,14.39,69.28
2755,14.5,68.66
2755,15.120000000000001,71.6
2755,15.23,68.41499999999999
2755,15.36,70.09
2755,15.52,67.3
2755,16.15,68.38
2755,16.27,68.57
2755,16.36,69.38
2755,16.52,71.33
2755,17.17,69.27
2755,17.42,70.16
2755,17.44,68.96
2757,11.33,79
2757,11.46,78.45
2757,11.790000000000001,74.82
2757,11.85,74.35
2757,12.48,74.075
2757,13.51,68.88
2757,13.61,66.78
2757,13.84,64.74
2757,13.94,65.12
2757,14.51,64.3
2757,14.55,63.739999999999995
2757,14.59,63.76
2757,14.84,63.3
2757,15.84,64.055
2757,16.64,63.35
2757,16.85,64.57
2757,16.91,63.76
2757,17.5,63.79
2757,17.54,64.43
2757,17.85,64.32
2757,17.89,65.67
2757,18.5,64.81
2757,18.650000000000002,63.79
2757,18.85,65.08500000000001
2757,18.88,64.46
2759,12.57,70.94
2759,12.59,70.84
2759,13.26,69.09
2759,13.34,68.08
2759,13.57,68.69
2759,13.66,71.2
2759,14.25,69.17
2759,14.33,69.12
2759,14.56,68.15
2759,14.66,67.9
2759,15.35,68.26
2759,15.56,64.88499999999999
2759,16.39,64.57
2759,16.64,64.44
2759,17.25,67
2759,17.580000000000002,67.82
2759,17.61,64.41499999999999
2762,12.01,68.075
2762,12.82,66.65
2762,13.1,63.69
2762,13.200000000000001,64.29
2762,13.83,64.25999999999999
2762,13.950000000000001,64.29
2762,14.200000000000001,63.53
2762,14.89,62.355000000000004
2762,14.96,63.225
2762,15.33,61.91
2762,15.870000000000001,62.36
2762,15.9,61.97
2762,16.21,62.3
2762,16.23,64.7
2762,16.27,61.26
2762,16.34,62.17
2762,17.900000000000002,63.425
2762,19.72,63.25
2762,19.91,62.67
2763,12.02,73.27
2763,13.02,66.99
2763,13.61,67.81
2763,13.790000000000001,65.37
2763,13.96,65.55
2763,14.06,65.34
2763,14.68,66.07499999999999
2763,14.780000000000001,63.28
2763,14.98,63.655
2763,15.030000000000001,62.97
2763,15.07,65.55
2763,15.120000000000001,63.58
2763,15.780000000000001,63.16
2763,15.97,64.81
2763,16.03,65.06
2763,16.09,64.28
2763,16.78,63.28
2764,14.83,66.13
2764,15.32,66.455
2764,15.5,67.26
2764,15.71,67.47
2764,15.82,65.86
2764,16.34,65.06
2764,16.47,64.285
2764,16.59,64.18
2764,16.84,63.64
2764,16.86,64.49
2764,17.57,63.71
2764,17.66,61.945
2764,17.8,62.52
2764,17.84,62.51
2764,17.86,62.195
2764,18.43,62.92
2764,18.53,61.85
2764,18.78,60.59
2764,18.87,61
2764,19.27,61.54
2764,19.43,62.83
2764,19.52,61.5
2764,19.78,60.83
2764,19.87,61.825
2766,13.74,69.18
2766,14.24,68.75
2766,14.39,66.94
2766,14.74,66.44
2766,15.24,67.24
2766,15.41,67.08500000000001
2766,15.620000000000001,66.375
2766,15.700000000000001,64
2766,16.25,62.47
2766,16.37,61.91
2766,16.48,62.11
2766,16.5,62.58
2766,16.64,63.59
2766,16.86,62
2766,17.37,61.54
2766,17.52,61.085
2766,17.580000000000002,61.239999999999995
2766,17.72,61.32
2766,17.75,61.605
2766,18.35,61.77
2766,18.44,62.02
2766,18.69,61.64
2766,19.69,59.73
2768,12.07,78.15
2768,13.73,68.77
2768,14.06,67.61
2768,14.120000000000001,67.74
2768,14.14,68.38499999999999
2768,14.84,66.71
2768,14.94,68.02
2768,15.120000000000001,68.61
2768,15.71,68.37
2768,15.8,68.76
2768,15.94,67.76
2768,16.01,69.09
2768,16.71,68.21
2768,16.8,68.57
2768,17.82,71.24
2768,17.88,68.52
2770,13.05,69.75
2770,14.030000000000001,66.46
2770,14.08,66.98
2770,14.1,65.87
2770,15.1,65.86
2770,15.67,65.92
2770,15.98,66.04
2770,16.080000000000002,66.64
2770,16.12,66.29
2770,17.080000000000002,63.185
2770,17.18,63.9
2770,17.73,64.22999999999999
2770,17.82,65.16
2770,17.86,66.06
2770,17.98,63.885000000000005
2770,18.02,66.32
2770,18.11,64.72
2776,12.19,65.55
2776,13.19,63.14
2776,13.82,63.41
2776,13.99,63.09
2776,14.19,62.98
2776,14.33,61.045
2776,14.74,62.56
2776,14.88,62.56
2776,14.97,61.545
2776,14.99,62.38
2776,15.120000000000001,61.49
2776,15.26,62.285
2776,15.33,60.849999999999994
2776,15.97,62.17
2776,16.01,61.16
2776,16.07,62.09
2776,16.1,62.15
2776,16.26,62.5
2776,16.34,61.19
2776,16.830000000000002,63.06
2776,16.97,63.22
2776,17.01,62.07
2777,15.34,62.555
2777,16.27,61.39
2777,16.47,60.29
2777,16.82,61.53
2777,17.23,61.42
2777,17.32,60.84
2777,17.400000000000002,61.42
2777,17.51,60.596666666666664
2777,18.48,60.41
2777,18.490000000000002,59.87
2777,18.91,60.595
2777,19.07,61.44
2777,19.16,61.275
2777,19.18,62.28
2777,19.25,61.14
2777,19.5,60.775
2777,19.91,60.9
2778,13.38,66.89
2778,13.42,69.06
2778,14.280000000000001,66.58
2778,14.42,66.75
2778,14.91,65.46000000000001
2778,15.08,67.945
2778,15.16,64.91499999999999
2778,15.3,65.62
2778,15.41,65.245
2778,15.450000000000001,63.485
2778,15.52,62.89
2778,15.93,64.08500000000001
2778,16.06,64.28999999999999
2778,16.18,63.69
2778,16.43,63.675
2778,16.45,63.959999999999994
2778,16.53,61.53
2778,17.04,63.12
2778,17.16,62.81
2778,17.25,61.77
2778,17.29,61.74
2778,17.45,63.675
2778,17.53,61.46
2778,18.02,62.06
2778,18.12,63.15
2778,18.330000000000002,60.94
2778,18.37,60.94
2778,18.46,61.45
2778,18.86,62.2
2778,19.46,64.92
2793,12.120000000000001,74.225
2793,13.83,65.36
2793,13.870000000000001,64.92
2793,13.93,64.4
2793,13.97,63.795
2793,14.120000000000001,64.38
2793,14.22,64.24
2793,14.9,64.69
2793,14.96,63.905
2793,15.17,64.095
2793,15.23,65.38
2793,15.27,64.13499999999999
2793,15.790000000000001,63.96
2793,15.88,62.48
2793,15.96,61.815
2793,16.19,65.23
2793,16.23,64.31
2793,16.27,62.99
2793,16.32,61.84
2794,10.85,93.985
2794,12.6,78.75
2794,12.85,72.16
2794,12.870000000000001,72.28999999999999
2794,13.620000000000001,69.955
2794,13.85,70.97
2794,13.86,69.75
2794,13.870000000000001,71.26
2794,14.530000000000001,69.42
2794,14.61,66.62
2794,14.88,78.31
2794,15.530000000000001,66.05
2794,15.610000000000001,64.94
2794,15.65,65.14
2794,15.82,68.08
2794,15.88,65.025
2794,15.9,69.70500000000001
2794,15.96,64.21
2795,12.450000000000001,75
2795,12.68,76.34
2795,12.84,78.95
2795,13.34,70.32
2795,13.41,75.06
2795,13.57,71.5
2795,13.780000000000001,71.2
2795,14.33,70.54
2795,14.41,71.16
2795,15.33,69.01
2795,15.450000000000001,70.18
2795,15.52,70.02
2795,15.6,71.04
2795,15.83,73.33
2795,16.42,71.79
2795,16.5,70.9
2795,16.580000000000002,71.83
2795,16.84,72.54
2800,14.88,66.7
2800,14.950000000000001,67.16
2800,15.870000000000001,61.41
2800,15.93,61.724999999999994
2800,15.950000000000001,61.78
2800,16.03,62.28
2800,16.52,61.73
2800,16.830000000000002,61.37
2800,16.95,62.31
2800,17.03,62.93
2800,17.37,62.23
2800,17.52,64.38
2800,17.62,61.8
2800,17.78,60.77
2800,17.87,59.55
2800,17.91,67.54
2800,17.92,63.12
2800,18.42,64.525
2800,18.580000000000002,63.06
2800,18.61,65.27
2800,18.78,61.52
2800,19.63,63.21
2800,19.650000000000002,64.05
2806,14.15,67.99
2806,14.27,68.78
2806,15.23,68
2806,15.290000000000001,66.96
2806,15.31,67.95
2806,15.9,65.04
2806,16.01,64.01
2806,16.11,64.33
2806,16.3,67.17
2806,16.38,64.11
2806,16.88,63.57
2806,16.97,63.23
2806,17.18,62.83
2806,17.32,64.715
2806,17.38,65.74
2806,17.97,65.41
2806,18.07,64.995
2806,18.28,65.22
2806,18.89,65.58
2806,19.01,66.3
2806,19.07,64.81
2807,12.39,70.09
2807,12.43,69.68
2807,13.39,66.25
2807,13.43,66.99
2807,13.93,65.94999999999999
2807,14.1,66.48
2807,14.18,66.52
2807,14.31,65.61
2807,14.47,64.94
2807,14.94,65.685
2807,15.08,64.605
2807,15.19,63.7
2807,15.44,62.625
2807,15.46,62.85
2807,15.530000000000001,62.51
2807,16.17,63
2807,16.27,63.28
2807,16.46,62.73
2807,16.54,62.3
2807,17.03,64.2
2807,17.34,64.41
2807,17.48,63.305
2807,17.82,67.46
2807,17.88,65.78
2807,18.240000000000002,64.42
2814,12.08,68.28
2814,13.02,65.5
2814,13.73,65.78
2814,13.84,65.05000000000001
2814,14.14,64.47
2814,14.49,64.07
2814,14.700000000000001,63.589999999999996
2814,14.82,63.629999999999995
2814,14.99,62.815
2814,15.13,62.26
2814,15.66,62.365
2814,15.68,64.18
2814,15.72,64.36
2814,15.81,61.739999999999995
2814,15.84,62.47
2814,15.870000000000001,62.05
2814,15.9,62.66
2814,16.14,62.36
2814,16.77,63.79
2815,10.08,74.575
2815,11.14,70.13499999999999
2815,11.98,65.25999999999999
2815,12.06,66.86
2815,12.17,64.71
2815,13.13,63.765
2815,13.92,63.31
2815,13.98,62.45
2815,14.27,63.95
2815,14.67,63.625
2815,14.82,63.36
2815,14.92,62.99
2815,14.97,63.09
2815,15.200000000000001,62.166666666666664
2815,15.27,61.85
2815,15.76,62.31
2815,15.81,61.89
2815,15.85,62.86
2815,15.93,62.36
2815,16.2,62.67
2815,16.240000000000002,61.435
2815,16.29,60.79
2816,11.96,78.19
2816,13.620000000000001,68.67
2816,13.72,67.84
2816,13.8,66.73
2816,13.93,67.05
2816,13.99,67.5
2816,14.620000000000001,65.23
2816,14.700000000000001,64.96
2816,14.870000000000001,63.01
2816,14.93,62.065
2816,15.030000000000001,63.47
2816,15.08,62.17
2816,15.76,63.87
2816,15.780000000000001,64.18
2816,15.93,63.42
2816,16.03,64.17
2816,16.65,67.56
2816,16.75,62.67
2816,16.95,63.65
2816,17,63.68
2816,17.75,62.56
2816,18.06,62.295
2817,14.290000000000001,71.52
2817,14.35,70.6
2817,15.02,69.53
2817,15.120000000000001,69.98
2817,15.14,67.9
2817,15.16,67.57
2817,15.35,67.97
2817,15.43,67.2
2817,16.04,67.85
2817,16.16,68.2
2817,16.17,66.87
2817,16.35,65.41
2817,16.42,67.04
2817,17.080000000000002,66.17
2817,17.150000000000002,64.69
2817,17.34,69.6
2827,13.67,63.7
2827,13.85,62.83
2827,13.88,64.2
2827,14.02,62.895
2827,14.57,64.1
2827,15.59,63.61
2827,15.67,62.51
2827,15.72,62.725
2827,15.75,61.47
2827,15.8,61.09
2827,15.91,61.96
2827,15.98,63.52
2827,16.05,61.2
2827,16.63,64.29
2827,16.68,62.42
2827,16.740000000000002,62.66
2827,16.8,61.43
2827,16.830000000000002,62.02
2827,16.9,63.39
2827,16.93,61.48
2827,17.01,62.379999999999995
2827,17.07,61.46
2827,17.64,61.92
2827,17.93,62.405
2832,14.06,69.41
2832,14.19,68.63
2832,14.69,66.735
2832,14.84,65.28999999999999
2832,14.94,65.035
2832,15.05,65.81
2832,15.19,65.56
2832,15.23,65.33
2832,15.280000000000001,63.13
2832,15.860000000000001,63.9
2832,15.94,62.775000000000006
2832,15.98,63.46
2832,16.19,63.75
2832,16.23,64.56
2832,16.3,63.55
2832,16.7,68.37
2832,16.84,66.79
2832,16.95,64.2
2832,17.31,65.01
2832,17.93,64.33
2832,18.2,63.07
2838,12.950000000000001,73.27
2838,14.27,64.39500000000001
2838,14.33,62.754999999999995
2838,14.41,63.73
2838,14.73,64.06
2838,14.92,61.36
2838,15.02,61.7
2838,15.19,60.76
2838,15.23,61.56
2838,15.370000000000001,62.82
2838,15.41,60.91
2838,15.77,60.71
2838,15.92,60.655
2838,15.98,60.36
2838,16.02,60.46
2838,16.12,61.185
2838,16.18,60.21
2838,16.22,59.75
2838,16.27,59.91
2838,16.36,61.385000000000005
2838,16.43,60.15
2838,16.94,60.02
2838,16.98,60.599999999999994
2838,17.05,60.24
2838,17.18,59.68
2838,17.26,60.2
2838,17.3,60.065
2838,17.36,60.515
2838,17.400000000000002,60.14
2838,17.93,60.35
2838,17.98,60.785
2838,18.11,61.295
2838,18.18,59.53
2838,18.28,60.045
2838,18.36,60.86
2838,19.38,62.44
2839,14.21,64.77
2839,14.56,63.365
2839,14.71,62.7
2839,15.06,62.2
2839,15.14,61.519999999999996
2839,15.24,62.105000000000004
2839,15.65,62.49
2839,15.790000000000001,62.39
2839,15.9,62.58
2839,15.92,61.364999999999995
2839,16.04,64.22
2839,16.13,61.879999999999995
2839,16.22,61.78
2839,16.65,60.54
2839,16.81,61.735
2839,16.9,60.715
2839,16.92,60.035
2839,16.990000000000002,60.69
2839,17.09,61.02
2839,17.13,61.21
2839,17.17,62.09
2839,17.240000000000002,61.88
2839,17.650000000000002,60.73
2839,17.78,62.03
2839,17.88,62.625
2839,17.900000000000002,62.97
2839,17.97,62.79
2839,18.05,62.58
2839,18.76,64.45
2839,18.88,65.07
2839,19.740000000000002,65.17
2839,19.84,66.08
2840,13.76,68.51
2840,14.25,68.36
2840,14.41,69.04
2840,14.620000000000001,67
2840,14.76,67.58
2840,15.25,66.77
2840,15.42,66.69
2840,15.64,64.535
2840,15.75,65.845
2840,15.790000000000001,65.17
2840,16.4,65.33
2840,16.52,63.09
2840,16.87,62.5
2840,17.38,64.78
2840,17.59,64.12
2840,17.77,65.58
2840,17.79,64.58
2840,18.67,67.65
2840,18.8,70.66
2857,14.36,71.98
2857,15.27,69.765
2857,15.3,67.93
2857,15.38,69.88
2857,16.11,69.65
2857,16.13,69.48
2857,16.15,69.955
2857,16.22,70.51
2857,16.3,68.76
2857,16.38,70.41
2857,16.95,71.48
2857,17.07,71.4
2857,17.11,71.08
2857,17.240000000000002,69.77
2857,17.38,71.01
2857,17.990000000000002,72.95
2857,18.1,72.51
2857,18.22,70.445
2857,18.37,72.625
2857,19.35,73.17
2858,12.16,78.83
2858,13.08,75.32
2858,13.19,73.17
2858,13.88,66.65
2858,13.96,66.435
2858,14.18,66.735
2858,14.27,67.42
2858,14.92,65.735
2858,14.98,67.2
2858,15.02,66.62
2858,15.19,65.78
2858,15.27,67.25
2858,15.92,68.57
2858,15.98,66.4
2858,15.99,66.48
2858,17.01,65.52000000000001
2858,17.05,65.38
2858,17.32,66.67
2862,13.89,68.53
2862,14.06,66.07
2862,14.1,66.53
2862,14.14,64.78
2862,14.19,65.09
2862,14.870000000000001,63.61
2862,15.06,64.68
2862,15.120000000000001,64.86
2862,15.13,63.629999999999995
2862,15.71,64.145
2862,15.75,64.225
2862,15.81,63.075
2862,15.860000000000001,62.685
2862,16.05,63.88
2862,16.13,63.08
2862,16.19,63.32
2862,16.72,64.00999999999999
2862,16.76,63.04
2862,16.84,62.93
2862,17.05,64.37
2862,17.11,64.6
2862,17.76,63.9
2862,17.82,64.27
2862,18.05,63.94
2863,12.870000000000001,68.39
2863,13.57,65.045
2863,13.65,64.175
2863,13.94,65.98
2863,14.01,64.12
2863,14.42,65.33
2863,14.55,65.26
2863,14.94,63.94
2863,15,64.58
2863,15.530000000000001,63.05
2863,16.81,62.21
2863,17.35,62.73
2863,17.6,61.87
2863,17.95,63.065
2863,18.52,61.95
2863,18.580000000000002,62.47
2863,19.54,66.81
2863,19.59,65.365
2867,12.97,68.81
2867,13.05,68.89
2867,13.700000000000001,70.44
2867,13.74,69.34
2867,13.76,68.5
2867,14.030000000000001,65.91
2867,14.120000000000001,66.37
2867,14.700000000000001,67.44
2867,14.780000000000001,64.93
2867,15.030000000000001,67.02
2867,15.120000000000001,66.08
2867,15.73,65.91
2867,15.81,64.33
2867,15.85,64.47
2867,15.96,66.02
2867,16.02,64.42
2867,16.12,64.17
2867,16.79,63.985
2867,16.85,63.53
2867,16.87,66.005
2867,17.04,64.565
2867,17.1,63.67
2867,17.19,64.48
2867,17.73,67
2867,17.94,69.2
2867,18.07,67.37
2869,11.44,81.5
2869,11.64,79.41
2869,11.72,76.66
2869,12,74.13
2869,12.42,68.34
2869,13.67,63.73
2869,13.73,63.53
2869,13.83,63.74
2869,13.94,62.82
2869,14.63,62.12
2869,14.73,61.85
2869,14.76,62.29
2869,15.030000000000001,61.79
2869,15.06,60.735
2869,15.44,61.08
2869,15.56,61.37
2869,15.68,61.8
2869,15.76,60.79
2869,16.080000000000002,61.14
2873,11.24,86.7
2873,12.35,72.32
2873,13.27,69.82
2873,13.42,66.58
2873,14.1,66.46
2873,14.19,66.16
2873,14.35,67.8
2873,14.41,63.68
2873,14.56,63.71
2873,15.040000000000001,62.67
2873,15.11,61.974999999999994
2873,15.13,62.16
2873,15.17,63.1
2873,15.35,63.980000000000004
2873,15.41,61.754999999999995
2873,15.44,62.72
2873,15.5,62.945
2873,15.56,60.91
2873,16.11,65.17
2873,16.23,61.785
2873,16.42,63.21
2873,16.5,61.150000000000006
2873,16.53,61.49
2873,17.07,64.285
2873,17.22,63.965
2873,17.47,62.935
2873,18.22,66.99
2875,13.69,67.64500000000001
2875,13.73,67.28
2875,13.77,66.36
2875,14,66.24
2875,14.09,66.775
2875,14.63,65.61
2875,14.68,65.955
2875,14.75,64.7
2875,14.99,63.86
2875,15.09,65.015
2875,15.64,63.730000000000004
2875,15.780000000000001,64.075
2875,15.82,63.54
2875,15.99,66.025
2875,16.09,62.81
2875,16.64,64.235
2875,16.72,64.36
2875,16.78,64.08
2875,16.82,63.46
2875,17.01,63.55
2875,17.07,62.65
2875,18.64,63.879999999999995
2875,18.77,63.25
2875,18.81,63.66
2880,10.44,81.14
2880,12.07,68.19
2880,12.24,69.42
2880,13.200000000000001,68.38
2880,13.3,66.28999999999999
2880,13.34,66.11
2880,13.49,66.325
2880,13.57,67.23
2880,13.6,67.1
2880,13.64,67.37
2880,14.22,68.57
2880,14.3,66.41
2880,14.33,64.97
2880,14.49,67.79
2880,14.51,69.15
2880,14.56,67.65
2880,14.64,65.73
2886,12.11,80.05
2886,14.06,69.87
2886,14.14,69.88
2886,14.77,70.1
2886,15.08,68.32
2886,15.16,68.725
2886,15.71,67.34
2886,15.81,66.72
2886,16.12,65.28
2886,16.15,65.53999999999999
2886,16.71,66.72
2886,16.78,66.28
2886,16.86,65.455
2886,17.02,70.34
2886,17.150000000000002,67.49
2886,17.84,68.47
2886,17.88,68.745
2886,17.96,69.08
2886,18.150000000000002,67.755
2886,18.78,68.685
2886,18.86,67.36500000000001
2886,18.93,67.36
2886,19.13,68.31
2886,19.740000000000002,67.91999999999999
2886,19.830000000000002,67.875
2886,19.87,67.42
2889,11.73,76.06
2889,11.870000000000001,76.5
2889,11.9,75.15
2889,12.82,69.86
2889,12.9,67.79
2889,13.55,66.68
2889,13.84,69.145
2889,13.94,63.92
2889,14.530000000000001,64.21000000000001
2889,14.59,64.345
2889,14.67,63.625
2889,14.86,64.815
2889,14.92,62.91
2889,15,62.5
2889,15.66,64.68
2889,15.82,65.12
2889,15.89,62.92
2889,15.93,65.36
2889,15.97,62.245000000000005
2889,16.02,61.71
2889,16.54,63.59
2889,16.6,63.010000000000005
2889,16.93,62.68
2889,16.97,62.24
2891,12.3,72.71
2891,13.32,67.47
2891,13.94,66.99
2891,13.99,67.65
2891,14.05,66.81
2891,14.11,64.61500000000001
2891,14.24,65.73
2891,14.32,64.785
2891,14.38,64.38
2891,14.42,65.04
2891,14.450000000000001,63.84
2891,14.93,65.46
2891,14.99,66.935
2891,15.030000000000001,63.96
2891,15.11,64.89
2891,15.280000000000001,64.92
2891,15.38,65.64
2893,10.27,86.95
2893,11.3,81.8
2893,13.26,68.08
2893,13.97,65.19
2893,14.02,65.72
2893,14.1,63.77
2893,14.16,63.91
2893,14.290000000000001,65.73
2893,14.35,63.245000000000005
2893,14.43,64.63
2893,14.92,67.36
2893,15.040000000000001,66.15
2893,15.1,64.095
2893,15.98,64.8
2893,16.32,67.51
2893,16.36,66.975
2894,13.23,80.24
2894,13.91,73.93
2894,14.06,73.55
2894,14.19,73.39
2894,15.06,69.71
2894,15.23,68.19
2894,15.35,66.275
2894,15.92,63.62
2894,15.96,63.575
2894,16.02,62.790000000000006
2894,16.09,63.08
2894,16.22,62.85
2894,16.25,63.6
2894,16.27,65.4
2894,16.34,64.125
2894,16.41,62.77
2894,16.95,65.5
2894,16.990000000000002,66.145
2894,17.07,63.68
2894,17.2,62.51
2894,17.240000000000002,63.370000000000005
2894,17.28,64.155
2894,17.34,62.665
2894,17.93,63.66
2894,17.990000000000002,62.57
2894,18.07,62.705
2894,18.32,63.24
2894,18.95,65.55
2894,19.07,64.41
2894,19.3,64.235
2894,19.330000000000002,63.760000000000005
2894,19.37,63.08
2894,19.95,63.835
2895,14.01,67.42
2895,14.11,67.51
2895,14.85,66.11500000000001
2895,15.01,65.095
2895,15.1,64.655
2895,15.14,65.2
2895,15.41,63.41
2895,15.5,64.26
2895,16.02,65.42
2895,16.080000000000002,62.74
2895,16.12,61.48
2895,16.18,63.35
2895,16.240000000000002,61.86
2895,16.35,64.33
2895,16.45,65.48333333333333
2895,16.490000000000002,65.07
2895,17.04,67.4
2895,17.1,67.37
2895,17.14,66.23
2895,17.18,65.86
2895,17.35,65.98
2895,17.37,64.34
2899,15,68.06
2899,15.02,69.09
2899,15.040000000000001,68.91
2899,15.25,68.555
2899,15.92,65.78
2899,16.17,68.4
2899,16.25,66.56
2899,16.96,64.17
2899,17.17,62.795
2899,17.26,63.175
2899,17.8,61.849999999999994
2899,17.88,61.82
2899,17.94,60.620000000000005
2899,17.96,61.53
2899,18.01,61.49
2899,18.17,64.05
2899,18.26,65
2899,18.91,62.04
2899,18.990000000000002,62.08
2899,19.16,63.87
2899,19.26,62.150000000000006
2899,19.95,62.47
2899,19.990000000000002,62.230000000000004
2906,10.75,72.87
2906,11.71,69.11500000000001
2906,11.81,66.04499999999999
2906,12.67,64.165
2906,12.9,62.76
2906,13.530000000000001,64.14
2906,13.69,62.41
2906,13.75,62.69
2906,13.780000000000001,62.2
2906,13.99,60.23
2906,14.59,60.545
2906,14.63,59.68
2906,14.68,59.925
2906,14.700000000000001,60.11
2906,14.76,60.4
2906,15.56,61.075
2906,15.620000000000001,60.855000000000004
2906,15.66,60.215
2906,15.72,60.74
2906,15.88,61.93
2906,16.04,61.27
2906,16.66,62.435
2906,16.7,61.85
2906,16.79,62.025000000000006
2906,16.830000000000002,61.66
2906,16.87,61.754999999999995
2906,16.97,61.334999999999994
2906,17.62,61.24
2906,17.7,61.489999999999995
2906,17.830000000000002,61.114999999999995
2906,17.89,60.795
2906,17.95,62.19
2907,11.61,82.94
2907,14.73,66.48
2907,14.790000000000001,66.24
2907,14.81,77.78
2907,15.38,66.81
2907,15.48,67.75
2907,15.69,64.95
2907,15.790000000000001,64.56
2907,15.83,65.245
2907,16.23,65.64
2907,16.38,65.035
2907,16.580000000000002,63.82
2907,16.79,65.57
2907,16.82,65.03999999999999
2907,17.5,66.79
2907,17.53,64.15
2907,17.73,66.89500000000001
2911,10.99,84.01
2911,11.97,79.25
2911,12.01,82.13
2911,12.040000000000001,76.65
2911,12.96,68.58
2911,12.98,67.985
2911,13.040000000000001,66.62
2911,13.69,63.76
2911,13.73,63.76
2911,13.790000000000001,62.84
2911,13.81,62.94
2911,14,63.515
2911,14.08,62.08
2911,14.13,63.67
2911,14.67,62.09
2911,14.71,62.355000000000004
2911,14.77,61.790000000000006
2911,15,62.375
2911,15.02,61.480000000000004
2911,15.14,60.870000000000005
2911,15.71,60.26
2911,15.75,59.84
2911,15.76,62.37
2911,15.84,59.78
2911,16.03,61.06
2911,16.07,60.989999999999995
2911,16.09,59.46
2911,16.16,59.084999999999994
2911,16.68,59.13
2911,16.740000000000002,61.825
2911,16.76,59.775000000000006
2911,16.990000000000002,61.019999999999996
2911,17.02,59.92
2911,17.03,60.57
2911,17.16,59.35
2912,13.38,66.14
2912,13.950000000000001,67.24
2912,14.39,64.62
2912,14.44,64.66
2912,14.790000000000001,63.315
2912,15.040000000000001,63.75
2912,15.14,63.26
2912,15.39,63.620000000000005
2912,15.44,64.63
2912,16,63.87
2912,16.1,63.24
2912,16.14,62.63
2912,16.39,63.895
2912,16.96,63.54
2912,17.02,61.585
2912,17.14,62.34
2912,17.18,61.21
2912,17.21,62.02
2912,17.31,63.93
2912,17.44,63.31
2912,17.98,61.730000000000004
2912,18.02,61.144999999999996
2912,18.04,61.33
2912,18.07,62.065
2912,18.09,61.08
2912,18.31,61.105000000000004
2912,18.35,65.095
2912,18.400000000000002,64.84
2912,18.98,62.405
2912,19.03,61.004999999999995
2912,19.05,61.435
2912,19.31,60.775000000000006
2912,19.94,61.885000000000005
2917,15.67,73.33
2917,16.38,69.29
2917,16.41,69.39
2917,16.53,69.35
2917,16.66,67.94
2917,17.51,66.99
2917,17.53,67.52
2917,17.68,67.34
2917,17.72,67.78
2917,17.740000000000002,67.46000000000001
2917,17.8,69.97
2917,18.43,66.07
2917,18.48,66.49
2917,18.73,65.535
2917,19.650000000000002,65.17
2917,19.75,64.98
2923,12.280000000000001,78.48
2923,13.32,72.16
2923,13.99,73.27
2923,14.14,72.79
2923,14.18,73.49
2923,14.99,74.06
2923,15.08,72.2
2923,15.33,71.99
2923,15.370000000000001,71.42
2923,15.43,72.48
2923,16.02,72.4
2923,16.080000000000002,72.69
2923,16.31,73.19
2923,16.41,73.72
2923,17.1,69.12
2923,17.39,69.37
2923,17.42,72.77
2926,12.66,72.84
2926,13.1,71.60499999999999
2926,13.16,70.18
2926,13.83,70.49
2926,13.950000000000001,69.7
2926,14.030000000000001,69.51
2926,14.120000000000001,69.08
2926,14.16,68.41
2926,14.18,68.93
2926,14.22,68.83
2926,14.77,67.06
2926,14.870000000000001,68.765
2926,15.14,69.02
2926,15.88,67.16
2926,16.12,68.17
2926,16.17,66.81
2926,16.21,66.9
2926,16.79,66.93
2926,16.88,66.23
2926,17.17,66.8
2926,17.21,74.18
2931,11.33,71.3
2931,12.33,65.73
2931,13.38,62.96
2931,13.98,62.24
2931,14.05,61.62
2931,14.11,62.92
2931,14.18,61.16
2931,14.48,61.26
2931,15.02,60.98
2931,15.11,60.855000000000004
2931,15.200000000000001,60.175
2931,15.48,60.475
2931,16.01,60.465
2931,16.05,59.5
2931,16.09,59.86
2931,16.18,59.269999999999996
2931,16.32,59.835
2931,16.38,59.87
2931,16.5,59.37
2931,16.990000000000002,60.5
2931,17.1,60.33
2931,17.18,59.13
2931,17.5,59.95
2938,11.31,78.22
2938,12.26,68.71
2938,12.46,68.52
2938,13.280000000000001,65.98
2938,13.34,65.68
2938,13.450000000000001,63.69
2938,14.22,62.06
2938,14.25,63.21
2938,14.39,63.230000000000004
2938,14.49,63.62
2938,14.55,63.71
2938,15.120000000000001,63.565
2938,15.22,61.91
2938,15.27,63.19
2938,15.33,65.06
2938,15.41,62.96
2938,15.55,62.91
2942,12.77,71.3
2942,12.83,65.61
2942,13.48,64.955
2942,13.5,64.51
2942,13.77,64.33
2942,13.870000000000001,65.13499999999999
2942,14.52,64.67
2942,14.75,68.84
2942,14.82,69.49
2942,14.86,64.89
2942,14.92,62.63
2942,15.450000000000001,65.045
2942,15.75,66.82
2942,16.32,65.33
2942,16.47,62.82
2942,16.8,64.27
2942,16.95,61.69
2942,17.41,64.2
2942,17.51,63.95
2942,17.85,62.35
2944,13.97,63.96
2944,14.01,65.06
2944,14.1,63.78
2944,14.450000000000001,64.94
2944,14.620000000000001,64.255
2944,14.68,62.644999999999996
2944,14.76,62.67
2944,14.8,62.78
2944,15.05,61.685
2944,15.09,60.795
2944,15.620000000000001,65.26
2944,15.66,64.08
2944,15.780000000000001,62.545
2944,15.790000000000001,62.78
2944,15.91,62.8
2944,15.97,62.555
2944,16.04,63.14
2944,16.64,63.96
2944,16.67,63.8
2944,16.69,61.535
2944,16.73,62.480000000000004
2944,16.75,62.845
2944,16.85,60.81
2944,16.96,64.37
2944,17,66.655
2944,17.06,62.07
2944,17.13,60.86
2944,17.64,62.04
2944,17.69,63.295
2944,17.71,63.815000000000005
2944,17.96,64.825
2948,11.01,80.425
2948,11.61,74.98
2948,12.15,72.15
2948,12.620000000000001,70
2948,13.76,66.35
2948,13.790000000000001,66.07
2948,13.84,65.24000000000001
2948,13.870000000000001,63.39
2948,14.08,64
2948,14.24,63.16
2948,14.77,62.86
2948,14.83,62.975
2948,14.85,62.629999999999995
2948,15.08,63.224999999999994
2948,15.24,62.31
2948,15.83,64.17500000000001
2948,15.870000000000001,63.405
2948,15.91,63.15
2948,16.080000000000002,63.64
2948,16.18,64.8
2948,16.830000000000002,63.7
2948,16.9,63.67
2949,13.700000000000001,67.64
2949,13.85,67.76
2949,14.200000000000001,64.16
2949,14.27,62.91
2949,15.040000000000001,64.37
2949,15.27,62.18
2949,15.36,62.004999999999995
2949,15.790000000000001,61.65
2949,15.870000000000001,62.09
2949,15.94,62.175
2949,16.06,60.870000000000005
2949,16.23,60.88
2949,16.27,62.13
2949,16.31,63.6
2949,17.11,60.92
2949,17.25,60.39
2949,17.39,59.295
2949,18.05,59.125
2949,18.18,59.82
2949,19.93,60.79
2953,12.55,76.6
2953,13.280000000000001,68.98500000000001
2953,13.4,69.305
2953,13.42,69.23
2953,13.530000000000001,69.95
2953,13.59,69.36
2953,13.69,68.21
2953,14.26,67.29
2953,14.280000000000001,68.41
2953,14.530000000000001,71.79
2953,14.59,68.84
2953,14.68,68.24
2953,15.59,68.6
2953,16.27,68.92
2953,16.28,71.92
2953,16.54,68.26
2953,16.55,71.48
2953,16.56,67.32
2953,16.6,66.89
2953,16.62,69.94
2953,17.54,69.19
2955,14.68,61.04
2955,15.65,61.63
2955,16.51,60.33
2955,16.69,60.82
2955,17.62,60.18
2955,17.82,60.72
2955,18.17,61.405
2955,18.32,60.72
2955,18.490000000000002,61.07
2955,18.580000000000002,59.31
2955,18.75,59.37
2955,18.85,59.44
2955,18.86,59.27
2955,19.26,59.165000000000006
2955,19.38,59.724999999999994
2955,19.400000000000002,59.795
2955,19.51,60.245000000000005
2955,19.580000000000002,59.31
2961,11.99,77.36
2961,13.030000000000001,71.64
2961,13.700000000000001,68.63
2961,13.85,67.10499999999999
2961,14.05,69.04
2961,14.07,71.55
2961,14.15,67.51
2961,14.700000000000001,69.49
2961,14.790000000000001,67.95500000000001
2961,14.870000000000001,66.52
2961,14.99,67.13499999999999
2961,15.05,66.53
2961,15.14,65.82
2961,15.790000000000001,69.555
2961,16.06,66.45
2961,16.1,67.57
2961,16.96,73.95
2961,17.02,70.56
2961,17.69,72.3
2964,11.06,76.22
2964,11.66,73.88
2964,12.18,69.83
2964,13.17,64.32
2964,13.76,63.83
2964,13.96,63.18
2964,14.26,62.7
2964,14.84,64.175
2964,15.22,65.36
2964,15.780000000000001,63.78
2964,16.18,62.605000000000004
2964,16.240000000000002,66.01
2964,16.81,63.71
2964,16.87,63.16
2964,16.93,63
2964,17.18,63.44
2964,17.240000000000002,62.56
2965,12.74,69.57
2965,13.51,69.67
2965,13.59,68.03
2965,13.8,66.95
2965,13.82,67.72
2965,14.51,67.34
2965,14.56,66.7
2965,14.76,65.77
2965,14.82,64.56
2965,14.91,65.215
2965,15.6,67.24000000000001
2965,15.64,65.57
2965,15.81,65.83
2965,15.91,66.18
2965,16.64,64.14
2965,16.830000000000002,66.48
2965,16.89,66.54
2967,13.63,67.9
2967,14.27,67.05
2967,14.65,66.67500000000001
2967,14.67,67.03
2967,14.73,65.88
2967,15.26,62.44
2967,15.47,62.019999999999996
2967,15.51,62.76
2967,15.65,62.64
2967,15.67,63.275
2967,15.75,61.91
2967,16.05,63.12
2967,16.68,65.24
2967,16.75,64.47
2967,17.240000000000002,67.39
2967,17.330000000000002,62.955
2967,17.43,62.815
2967,17.47,65.85
2967,17.68,63.125
2974,12.42,68.82
2974,13.42,65.96
2974,13.46,65.87
2974,13.96,64.595
2974,14.13,63.739999999999995
2974,14.21,65.55
2974,14.34,63.575
2974,14.5,63.74
2974,14.56,63.93
2974,14.97,63.995
2974,15.11,65.12
2974,15.22,63.525000000000006
2974,15.35,62.35
2974,15.49,62.13
2974,15.56,61.805
2974,16.080000000000002,64.81
2974,16.3,63.98
2974,16.37,63.99
2974,16.57,64.18
2979,14.57,67.59
2979,14.75,69.82
2979,15.030000000000001,66.44
2979,15.07,67.67
2979,15.120000000000001,67.36
2979,16.03,65.195
2979,16.09,65.44
2979,16.11,69.67
2979,16.7,65.84
2979,16.82,64.36500000000001
2979,16.91,64.7
2979,17.09,64.085
2979,17.11,64.605
2979,17.68,67.28
2979,17.78,68.2
2979,17.990000000000002,66.85
2979,19.73,64.54
2979,19.81,63.81
2979,19.87,63.83
2981,12.43,68.09
2981,12.97,68.96
2981,13.120000000000001,68.82
2981,13.33,67.41
2981,13.47,66.77
2981,13.51,66.44
2981,13.96,66.025
2981,14.14,65.5
2981,14.22,65.29
2981,14.35,65.475
2981,14.47,65.485
2981,14.5,65.82
2981,15.42,63.955
2981,15.48,63.825
2981,15.5,64.425
2981,16.09,65.235
2981,16.21,64.03
2981,16.3,64.19
2981,16.48,63.78
2981,16.5,64.33500000000001
2981,17.07,65.38
2981,17.17,65.05
2981,17.22,65.04
2981,17.38,64.79
2981,18.07,64.36
2981,18.26,64.07
2981,19.330000000000002,66.99000000000001
2982,12.98,71.13
2982,13.02,72.97
2982,13.69,70.25
2982,14.02,67.87
2982,14.98,64.91
2982,15.030000000000001,64.96
2982,15.64,65.01
2982,15.76,64.39
2982,15.84,64.81
2982,15.85,65.37
2982,16.13,63.96
2982,16.62,63.79
2982,16.72,64.4
2982,16.78,63.035
2982,16.87,63.125
2982,16.93,62.45
2982,17.07,62.3
2982,17.13,63.14
2982,17.62,63.44
2982,17.72,64.23
2982,17.81,63.71
2982,18.06,65.56
2987,13.55,66.7
2987,13.73,66.44
2987,13.76,66.33
2987,13.8,65.29
2987,13.85,65.71
2987,14.38,67.54
2987,14.450000000000001,65.73
2987,14.530000000000001,64.03999999999999
2987,14.8,65.22
2987,15.41,63.57
2987,15.47,62.93
2987,15.530000000000001,61.95
2987,15.620000000000001,62.85
2987,15.68,63.09
2987,15.8,62.785
2987,15.85,62.88
2987,16.43,63.56
2987,16.5,61.87
2987,16.72,62.635000000000005
2987,16.76,63.035
2987,17.43,63.730000000000004
2987,17.45,62.91
2987,17.56,62.175
2987,18.54,65.56
2987,18.650000000000002,62.54
2987,18.71,62.67
2987,18.81,60.835
2987,19.38,61.52
2987,19.54,59.254999999999995
2987,19.580000000000002,59.12
2987,19.73,61.144999999999996
2987,19.79,59.81999999999999
2987,19.88,59.92
2998,12.43,77.71
2998,12.450000000000001,74.94
2998,13.43,72.735
2998,14.24,73.16
2998,14.39,72.75
2998,14.43,70.88
2998,14.47,71.35499999999999
2998,15.08,67.57
2998,15.14,66.79
2998,15.38,69.02
2998,15.42,65.24
2998,15.5,65.75
2998,16.080000000000002,69.28
2998,16.13,66.815
2998,16.42,66.68
2998,16.44,69.19
3003,13.18,67.54499999999999
3003,13.75,69.3
3003,14.05,68.28
3003,14.24,68.17
3003,14.94,64.84
3003,15.76,66.24
3003,15.88,63.52
3003,15.92,60.64
3003,16.080000000000002,59.97
3003,16.16,61.33
3003,16.8,59.59
3003,16.86,59.86
3003,16.9,58.85
3003,16.98,58.67
3003,17,59.43
3003,17.18,58.73
3003,17.27,57.83
3003,17.29,58.1
3003,17.92,58.81
3003,17.990000000000002,57.815
3003,18.18,57.44
3003,18.25,57.835
3003,18.26,59.03
3003,18.75,59.89
3003,18.79,59.03
3003,18.830000000000002,58.06
3003,18.92,57.23
3003,18.95,58.65
3003,19.21,56.31
3003,19.77,57.545
3003,19.87,57.41
3003,19.97,56.995000000000005
3010,13.91,64.48
3010,14.02,64.31
3010,14.06,63.535
3010,14.200000000000001,62.695
3010,14.24,62.69
3010,14.27,62.64
3010,14.32,61.81
3010,14.88,63.94
3010,14.98,64.38
3010,15,61.3
3010,15.02,62.46
3010,15.06,62.01
3010,15.17,62.03
3010,15.27,63.93000000000001
3010,15.32,60.765
3010,15.84,66.23
3010,16,63.82
3010,16.19,62.505
3010,16.27,62.84
3010,16.88,60.6
3010,17,60.095
3010,17.07,59.94
3010,17.28,60.53
3016,13.85,67.97
3016,14.290000000000001,68.63
3016,14.42,67.535
3016,14.92,69.74
3016,15.07,66.34
3016,15.17,66.66
3016,15.280000000000001,67.61
3016,15.42,67.85
3016,15.94,67.09
3016,16.09,69.42
3016,16.3,66.455
3016,16.42,67.245
3016,16.46,66.33
3016,16.93,66.93
3016,17.07,66.545
3016,17.18,66.96
3016,17.44,67.22
3016,17.45,67.07
3016,18.45,67.27
3020,12.89,71.1
3020,13.92,66.39
3020,13.96,68.18
3020,14.42,66.62
3020,14.59,65.08500000000001
3020,14.67,65.85
3020,14.92,66.065
3020,14.96,66.24
3020,15.44,64.285
3020,15.69,64.655
3020,15.94,65.39
3020,15.96,62.900000000000006
3020,16.04,64.1
3020,16.55,64.69
3020,16.67,63.94
3020,16.76,63.66
3020,16.8,62.93
3020,16.96,64.235
3020,17.04,63.47
3020,17.53,63.175
3020,17.62,62.685
3020,17.97,64.53
3020,19.68,66.05
3035,16.81,63.63
3035,17.13,62.87
3035,17.150000000000002,62.185
3035,17.490000000000002,62.38
3035,17.900000000000002,63.02
3035,18.04,63.92
3035,18.13,62.74
3035,18.17,63.31
3035,18.38,63.96
3035,18.42,63.285
3035,18.900000000000002,62.41
3035,19.05,64.3
3035,19.13,62.65
3035,19.150000000000002,63.22
3035,19.17,63.75
3035,19.42,62.769999999999996
3035,19.900000000000002,63.94
3037,12.02,65.83
3037,13.08,63.83
3037,13.14,64.45
3037,13.67,64.39
3037,13.780000000000001,63.67
3037,13.82,62.87
3037,13.88,62.585
3037,13.92,62.19
3037,14.07,62.6
3037,14.14,62.045
3037,14.65,61.845
3037,14.74,61.575
3037,14.82,60.295
3037,14.92,59.86
3037,14.950000000000001,60.620000000000005
3037,14.99,58.489999999999995
3037,15.07,59.14
3037,15.14,57.815
3037,15.49,59.93
3037,15.65,59.379999999999995
3037,15.82,57.91
3037,15.91,57.085
3037,15.950000000000001,57.86
3037,15.99,57.849999999999994
3037,16.06,58.05
3037,16.12,57.11
3037,16.17,56.335
3037,16.18,56.5
3037,16.66,57.605000000000004
3037,16.8,57.58
3037,16.830000000000002,57.54
3037,16.9,55.89
3037,16.91,56.08
3037,16.98,57.010000000000005
3037,17.04,57.64
3037,17.06,59.23
3037,17.09,57.85
3037,17.53,57.004999999999995
3037,17.66,59.515
3037,17.7,58.885
3037,17.79,57.47
3037,17.81,58.06
3037,17.88,56.72666666666667
3037,17.900000000000002,56.485
3037,18.080000000000002,60.775
3037,18.17,58.86
3037,18.66,58.379999999999995
3037,18.69,59.03
3037,18.82,58.54
3037,18.89,57.655
3037,19.650000000000002,60.29
3037,19.73,58.724999999999994
3037,19.77,59.165
3037,19.82,58.004999999999995
3037,19.84,57.815
3039,12.950000000000001,69.25
3039,13.700000000000001,69.01
3039,13.870000000000001,65.50999999999999
3039,13.93,66.24
3039,14.01,66.43
3039,14.52,66.55
3039,14.620000000000001,66.45
3039,14.67,64.88999999999999
3039,14.790000000000001,64.17
3039,14.83,65.04
3039,14.93,63.81
3039,15.01,64.67
3039,15.36,63.415
3039,15.52,64.19
3039,15.610000000000001,64.48
3039,15.71,64.095
3039,16.65,63.8
3039,16.67,64.18
3039,16.82,63.035
3039,16.96,64.56666666666666
3043,11.6,71.48
3043,11.84,69.02
3043,12.43,66.46
3043,12.6,65.53999999999999
3043,12.700000000000001,65.62
3043,12.950000000000001,64.9
3043,13.6,63.735
3043,13.66,63.61
3043,13.72,63.699999999999996
3043,13.790000000000001,63.33
3043,13.91,63.85
3043,14.07,61.96
3043,14.6,63.019999999999996
3043,14.67,63.335
3043,14.75,63.44
3043,14.84,63.38
3043,14.89,63.56
3043,14.98,63.275
3043,15.05,62.61
3043,15.64,61.945
3043,15.69,61.575
3043,15.73,61.995000000000005
3043,15.83,61.36
3043,15.98,61.76
3043,16.11,60.21
3043,16.13,60.455
3043,16.42,65.04
3043,16.61,61.575
3043,16.65,62.08
3043,16.71,61.965
3043,16.78,61.02
3043,16.94,63.405
3043,17.02,61.94
3043,17.1,60.91
3043,17.75,63.43000000000001
3043,17.92,64.315
3045,11.48,72.45
3045,13.13,69.11
3045,13.25,67.42
3045,13.540000000000001,66.95
3045,14.11,65.125
3045,14.42,64.54
3045,14.55,68.05
3045,14.6,66.31
3045,14.950000000000001,65.34
3045,15.200000000000001,64.77000000000001
3045,16.13,69.72
3045,16.16,66.53
3045,16.26,65.93
3045,16.3,65.32
3045,16.41,66.59
3045,16.45,65.65
3048,12.4,66.72
3048,14.08,63.4
3048,14.18,64.57
3048,14.200000000000001,63.5
3048,14.33,61.96
3048,14.530000000000001,61.315
3048,15.18,62.05
3048,15.27,61.72
3048,15.31,60.6
3048,15.35,60.62
3048,15.530000000000001,61.480000000000004
3048,16.04,61.29
3048,16.19,62.239999999999995
3048,16.21,63.67
3048,16.29,59.51
3048,16.31,59.84
3048,16.39,60
3048,16.47,59.35
3048,16.48,60.34
3048,16.55,59.8
3048,16.88,59.72
3048,17.13,59.705
3048,17.17,62.31
3048,17.23,61.870000000000005
3048,17.3,60.43
3048,17.39,61.37
3049,11.88,84.37
3049,12.76,80.44
3049,12.92,77.99000000000001
3049,13.780000000000001,73.56
3049,13.88,74.35
3049,14.66,71.35
3049,14.68,71.34
3049,14.870000000000001,71.01
3049,15.65,68.58
3049,15.68,69.33
3049,15.92,67.29
3049,16.54,70.35
3049,16.59,70.205
3049,16.69,69.12
3049,16.88,68.97
3049,16.94,68.98
3052,13.700000000000001,74.23
3052,13.8,74.37
3052,14.09,72.98
3052,14.700000000000001,71.24
3052,14.73,74.08
3052,14.790000000000001,71.57
3052,15.01,75.51
3052,15.1,70.27
3052,15.66,74.21
3052,15.76,71.96
3052,15.99,72.52
3052,16.1,71.91
3052,16.66,69.71
3052,16.79,70.61
3052,16.96,70.42
3052,17.1,70.47
3052,17.67,73.03
3052,17.75,71.41
3052,17.81,71.25
3052,17.900000000000002,71.02
3052,17.96,69.7
3052,18.1,74.035
3052,18.67,76.86
3052,18.81,73.07
3054,13.15,70.35
3054,14.15,68.12
3054,14.72,65.76
3054,14.82,66.44
3054,15.030000000000001,63.83
3054,15.16,65.27
3054,15.21,64.72
3054,15.56,64.05
3054,15.72,65.345
3054,15.81,65.79
3054,15.91,64.44
3054,16.03,64.53
3054,16.12,62.715
3054,16.16,65.16
3054,16.23,62.64
3054,16.56,66.36
3054,16.740000000000002,63.07
3054,16.78,63.545
3054,16.87,65.74
3054,16.91,64.8
3054,17.02,66.75
3054,17.06,65.65
3054,17.1,67.44
3054,17.16,66.13
3054,17.75,65.17
3054,17.79,64.76
3054,18.080000000000002,67.12
3054,18.16,66.51
3054,18.77,68.66
3063,14,68.32
3063,14.96,64.265
3063,15.1,64.97
3063,15.620000000000001,63.655
3063,15.74,63.765
3063,15.84,63.730000000000004
3063,16.01,64.45
3063,16.11,62.43
3063,16.6,62.3
3063,16.7,61.455
3063,16.91,61.28
3063,17.05,60.965
3063,17.11,60.07
3063,17.45,59.855000000000004
3063,17.6,60.275
3063,17.86,59.68
3063,17.95,59.625
3063,18.04,61.035
3063,18.650000000000002,60.3
3063,18.75,61.255
3063,18.79,60.18
3063,18.86,59.47
3063,18.94,59.81
3063,19.04,62.364999999999995
3063,19.61,64.28
3064,13.32,70.32
3064,13.47,70.76
3064,13.49,68.78
3064,14.34,69.87
3064,14.49,70.11500000000001
3064,14.57,69.94
3064,15.16,71.41
3064,15.25,71.55
3064,15.3,72.56
3064,15.47,72.44
3064,15.48,71.695
3064,15.56,72.18
3064,16.16,72.77
3064,16.31,72.65
3064,16.47,73.67
3064,16.48,74.05000000000001
3064,16.54,75.28
3064,17.16,74.79
3064,17.330000000000002,72.3
3069,14.05,71.34
3069,14.11,70.4
3069,14.280000000000001,69.06
3069,14.36,67.95
3069,14.93,65.77
3069,15.01,65.29
3069,15.05,64.17
3069,15.09,65.61
3069,15.36,65.74
3069,15.97,67.83
3069,16.01,67.16
3069,16.080000000000002,68.3
3069,16.28,64.75
3069,16.36,66.35499999999999
3069,16.95,69.65
3069,17.06,65.06
3069,17.28,64.9
3069,17.37,68.82
3073,13.85,64.37
3073,13.93,63.355
3073,14.1,63.61
3073,14.120000000000001,63.16
3073,14.23,63.66
3073,15,63.95
3073,15.120000000000001,62.42
3073,15.290000000000001,61.39
3073,15.84,60.425
3073,15.98,60.71
3073,16.07,60.175
3073,16.09,60.525
3073,16.16,60.2
3073,16.22,60.2
3073,16.36,60.585
3073,16.45,60.8
3073,16.96,61
3073,17.07,60.045
3073,17.240000000000002,59.35
3073,17.34,59.745
3073,17.44,59.739999999999995
3073,17.93,61.61
3073,18.03,61.29
3073,18.11,59.765
3073,18.240000000000002,59.21
3073,18.36,59.24
3073,18.990000000000002,59.66
3073,19.03,59.84
3073,19.35,59.93
3077,11.64,73.965
3077,12.83,64.15
3077,13.450000000000001,62.325
3077,13.63,62.54
3077,13.76,62.47
3077,14.46,62.925
3077,14.540000000000001,63.01
3077,14.65,60.93
3077,14.71,64.53
3077,14.72,63.88
3077,14.870000000000001,62.835
3077,14.93,61.6
3077,15.48,61.685
3077,15.6,61.97
3077,15.9,60.879999999999995
3077,15.950000000000001,60.58
3079,12.8,62.525000000000006
3079,13.74,62.04
3079,13.8,62.769999999999996
3079,13.84,61.9
3079,13.88,63.935
3079,13.93,61.655
3079,14.450000000000001,61.755
3079,14.49,62.425
3079,14.540000000000001,63.23
3079,14.59,62.205
3079,14.620000000000001,60.635000000000005
3079,14.66,59.769999999999996
3079,14.77,61.06
3079,14.870000000000001,61.614999999999995
3079,14.92,61.175
3079,15.450000000000001,64.72
3079,15.49,64.07
3079,15.540000000000001,64.1
3079,15.620000000000001,61.91
3079,15.870000000000001,62.235
3079,15.93,61.96
3079,16.580000000000002,62.06
3079,16.61,60.35
3079,16.68,60.25
3079,17.48,60.405
3079,17.5,60.265
3079,17.63,59.87
3079,17.81,60.989999999999995
3079,17.88,62.92
3079,17.96,64.55
3079,18.5,61.26
3079,18.53,61.96
3079,18.66,61.33
3079,18.77,62.755
3079,18.88,63.78
3079,18.91,61.08
3079,19.51,63.5
3081,13.200000000000001,65.64
3081,14.02,62.64
3081,14.200000000000001,60.769999999999996
3081,14.24,62.74
3081,14.280000000000001,63.165000000000006
3081,14.33,62.4
3081,14.85,61.9
3081,14.93,61.785
3081,14.98,61.084999999999994
3081,15.06,60.25
3081,15.17,60.76
3081,15.24,63.97
3081,15.27,60.245000000000005
3081,15.32,60.375
3081,15.85,61.5
3081,15.94,60.715
3081,16.06,60.28
3081,16.09,60.87
3081,16.27,60.129999999999995
3081,16.330000000000002,59.825
3081,16.87,61.15
3081,16.9,62.39
3081,16.96,62.76
3082,13.08,67.44
3082,13.16,66.69
3082,13.700000000000001,64.235
3082,13.81,65.25
3082,13.85,65.33
3082,13.89,64.43
3082,14.24,63.504999999999995
3082,14.280000000000001,63.52
3082,14.72,66.97
3082,14.85,67.97
3082,14.93,66.46
3082,14.98,67.4
3082,15.16,64.8
3082,15.91,67.87
3082,15.94,67.88
3082,16.84,65.37
3082,16.9,65.24
3082,16.92,63.225
3082,17,61.44
3082,17.16,62.205
3082,17.23,61.519999999999996
3082,17.32,62.32
3082,17.94,60.68
3082,17.98,60.675
3082,18.25,60.93
3084,12.280000000000001,71.96
3084,13.26,70
3084,13.280000000000001,71.85
3084,13.8,70.46
3084,13.93,70.02
3084,14.3,67.58
3084,14.32,69.87
3084,14.91,67.2
3084,15.02,66.365
3084,15.3,66.07
3084,15.32,67.14
3084,15.89,63.52
3084,15.98,66.41
3084,16.19,64.62
3084,16.39,64.39
3084,16.73,66.43
3084,16.89,65.07
3084,16.98,64.45
3084,17.330000000000002,65.91
3084,17.39,64.09
3085,11.73,75.8
3085,12.73,67.34
3085,13.51,65.85
3085,13.55,64.72
3085,13.73,68.37
3085,13.82,65.22
3085,14.38,65.705
3085,14.530000000000001,62.61
3085,14.55,62.73
3085,14.74,64.015
3085,14.8,62.65
3085,14.88,63.66
3085,15.43,65.29
3085,15.55,65.33
3085,15.700000000000001,64.61
3085,15.74,64.13
3085,15.780000000000001,63.655
3085,15.82,64.87
3085,15.85,63.15
3085,16.37,65.03
3085,16.55,63.05
3085,16.7,63.980000000000004
3085,16.76,63.38
3085,16.78,63.34
3085,16.81,65.94
3085,16.85,62.98
3087,13.38,66.44
3087,13.950000000000001,66.97
3087,14.05,66.17
3087,14.26,64.29
3087,14.4,64.80000000000001
3087,14.44,65.38
3087,14.8,65.5
3087,14.950000000000001,64.295
3087,15.05,64.87
3087,15.14,65.23
3087,15.39,65.48
3087,15.44,64.64
3087,16.04,65.88
3087,16.1,65.2
3087,16.14,64.87
3087,16.39,67.27
3087,16.72,70.15
3090,10.78,86.71
3090,11.77,79.26
3090,12.81,68.18
3090,12.88,70.21
3090,13.52,68.36
3090,13.58,68.86
3090,13.67,67.61
3090,13.83,67.45
3090,13.92,67.625
3090,14.49,65.78
3090,14.55,68.545
3090,14.65,64.31
3090,14.73,63.21
3090,14.82,63.32
3090,14.92,63.724999999999994
3090,15.51,68.03
3090,15.57,64.595
3090,15.72,63.16
3090,15.780000000000001,62.52
3090,15.84,64.765
3090,15.9,62.83
3090,16.53,64.21000000000001
3090,16.59,63.644999999999996
3090,16.64,63.75
3090,16.87,64.1
3090,16.95,64.13
3090,17.53,65.48
3090,17.6,66.11
3092,13.290000000000001,72.8
3092,13.96,68.65
3092,14.17,67.16
3092,14.33,67.84
3092,14.8,65.94
3092,14.93,65.755
3092,15.05,63.980000000000004
3092,15.18,64.13
3092,15.3,63.584999999999994
3092,15.32,63.69
3092,15.38,64.75
3092,15.91,62.93
3092,16.03,62.94
3092,16.12,62.33
3092,16.32,61.61
3092,16.4,61.8
3092,16.89,63.56
3092,16.990000000000002,63.23
3092,17.16,62.53
3092,17.2,62.58
3092,17.330000000000002,62.599999999999994
3092,17.400000000000002,62.07
3092,17.73,62.505
3092,17.89,62.465
3092,17.98,62.425
3092,18.080000000000002,62.6
3092,18.98,65.945
3092,19.04,64.355
3092,19.94,65.03999999999999
3098,13.09,77.4
3098,13.13,77.14
3098,13.780000000000001,69.06
3098,13.8,69.73
3098,14.620000000000001,69.82
3098,14.74,67.69
3098,14.82,69.59
3098,15.74,66.595
3098,15.76,65.57
3098,17.1,66.67
3098,17.12,66.66
3098,17.14,67.305
3098,17.81,66.34
3098,17.87,66.055
3098,18.12,66.47
3098,18.18,67.09
3099,11.44,71.56
3099,12.33,65.51
3099,13.55,65.005
3099,13.73,63.09
3099,14.23,60.76
3099,14.280000000000001,60.955
3099,14.34,62.29
3099,14.4,60.83
3099,14.55,61.44
3099,14.71,61.894999999999996
3099,14.74,60.61
3099,15.32,61.65
3099,15.38,60.6
3099,15.44,60.53
3099,15.530000000000001,64.13
3099,15.59,62.25
3099,15.75,61.87
3104,10.16,92.19
3104,11.35,84.55
3104,11.69,75.18
3104,12.15,72.95
3104,12.27,73.58
3104,12.35,72.67
3104,13.27,68.53
3104,13.5,67.35
3104,13.63,66.31
3104,14.13,63.66
3104,14.19,65.79
3104,14.27,64.04
3104,14.34,62.91
3104,14.44,62.980000000000004
3104,14.55,63.81999999999999
3104,14.63,62.32
3104,14.780000000000001,61.44
3104,15.13,62.67
3104,15.26,62.85
3104,15.38,62.31
3104,15.42,60.81
3104,15.700000000000001,61.705
3104,15.790000000000001,60.35
3105,12.27,75.66
3105,13.16,70.35
3105,13.950000000000001,69.36
3105,14.09,69.27000000000001
3105,14.17,72.66
3105,14.22,69.89
3105,14.280000000000001,67.88
3105,14.91,67.2
3105,15.16,66.78
3105,15.200000000000001,66.535
3105,15.26,66.535
3105,15.3,69.2
3105,15.34,66.12
3105,15.97,66.615
3105,15.99,65.64
3105,16.18,66.18
3105,16.26,65.345
3113,12.84,76.33
3113,13.66,71.94
3113,13.68,73.81
3113,13.700000000000001,73.36
3113,13.85,72.45
3113,13.99,70.13
3113,14.56,69.97
3113,14.72,68.14
3113,14.89,69.84
3113,14.99,68.86
3113,15.56,71
3113,15.72,70.95
3113,15.88,74.06
3113,16.59,72.99
3113,16.71,75.35
3113,16.96,77.72
3117,11.48,87.55
3117,13.32,70.55
3117,13.38,69.51499999999999
3117,13.51,69.72
3117,13.74,69.16
3117,14.450000000000001,64.97
3117,14.68,65.64
3117,14.780000000000001,64.4
3117,15.39,63.635
3117,15.47,64.88
3117,15.51,63.65
3117,15.68,64.535
3117,15.72,66.11500000000001
3117,15.780000000000001,64.04
3117,16.330000000000002,64.96
3117,16.45,65.91
3117,16.51,64.37
3118,12.39,65.98
3118,13.02,64.72
3118,13.25,65.31
3118,13.38,63.56
3118,13.94,65.23
3118,14.02,62.75
3118,14.19,61.650000000000006
3118,14.38,60.6
3118,14.46,61.225
3118,14.530000000000001,60.265
3118,14.93,59.715
3118,15.18,58.655
3118,15.25,58.53
3118,15.32,59.12
3118,15.450000000000001,61.335
3118,15.5,58.175
3118,15.52,59.144999999999996
3118,16.26,60.735
3118,16.330000000000002,58.61
3118,16.4,61.15
3118,16.48,58.61
3118,16.53,59.55
3118,17.02,59.95
3118,17.12,60.06999999999999
3118,17.240000000000002,59.375
3118,17.330000000000002,59.065
3118,17.45,58.57
3118,17.53,59.45
3118,17.87,58.825
3118,18.02,60.395
3118,18.12,59.1
3118,18.22,60.11
3118,18.28,57.56
3118,18.37,58.665
3118,18.56,58.98
3118,19.04,59.87
3118,19.13,58.46
3118,19.28,58
3118,19.36,58.66
3118,19.42,60.77
3119,13.71,69.31
3119,13.88,68.27
3119,13.94,68.31
3119,13.96,68.66
3119,14.530000000000001,67.4
3119,14.61,66.78
3119,14.65,66.66
3119,14.69,66.71
3119,14.73,66.81
3119,14.88,65.68
3119,14.92,66.58
3119,14.96,66.68
3119,15.44,65.10499999999999
3119,15.57,63.95
3119,15.610000000000001,65.37
3119,15.65,63.74
3119,15.88,63.325
3119,15.950000000000001,62.635
3119,16.93,62.595
3119,17.56,62.96
3119,17.62,63.92
3119,17.87,62.724999999999994
3119,17.95,64.995
3125,14.290000000000001,66.2
3125,14.68,66.955
3125,14.83,67.51
3125,14.98,65.82
3125,15.18,65.41
3125,15.26,66.04
3125,15.3,65.42
3125,15.75,62.68
3125,15.91,63.230000000000004
3125,16.01,62.9
3125,16.12,64.125
3125,16.15,63.71
3125,16.25,64.695
3125,16.29,64.22
3125,16.34,64.07
3125,17.04,64.53
3125,17.25,66.535
3125,17.88,65.78
3125,18.02,66.26
3128,12.91,67.87
3128,13.56,65.58
3128,13.66,64.97
3128,13.870000000000001,65.06
3128,13.89,64.54
3128,13.99,63.76
3128,14.05,64.34
3128,14.56,64.14
3128,14.89,61.955
3128,15.040000000000001,61.92
3128,15.540000000000001,62.7
3128,15.56,63.87
3128,15.6,62.37
3128,15.72,64.71
3128,15.74,61.68
3128,15.84,62.02
3128,16.54,64.38
3130,11.48,89.32
3130,13.19,74.39
3130,13.34,76.42
3130,13.55,75.75
3130,14.530000000000001,72.65
3130,14.57,75.28
3130,15.22,73.13
3130,15.280000000000001,72.43
3130,15.51,74.11
3130,15.610000000000001,74.8
3130,16.3,69.8
3130,16.55,68.75
3130,16.580000000000002,68.7
3130,17.29,68.99
3130,17.580000000000002,70.31
3130,17.62,74.62
3138,13.3,66.4
3138,13.74,67.66
3138,13.89,65.24
3138,13.99,65.8
3138,14.1,63.795
3138,14.14,64.67
3138,14.24,64.06
3138,14.32,62.71
3138,14.83,64.53
3138,14.91,64.68
3138,15.02,64.39
3138,15.24,64.005
3138,15.75,63.825
3138,15.88,65.04
3138,16,65.39
3138,16.25,62.01
3138,16.27,62.17
3138,16.86,62.91
3138,16.98,63.12
3138,17.07,64.66
3138,17.27,64.28999999999999
3138,17.35,63.03
3138,17.84,63.15
3138,17.94,62.489999999999995
3138,18.150000000000002,61.35
3138,18.19,60.68
3138,18.25,61.31
3138,18.28,61.09
3138,18.68,60.394999999999996
3138,18.84,60.405
3138,18.93,59.89
3138,19.1,60.19
3138,19.19,60.34
3138,19.28,61.07
3138,19.68,63.06
3138,19.84,61.05
3138,19.900000000000002,61.32
3145,13.11,70.11
3145,13.92,66.03
3145,13.98,65.715
3145,14.07,64.9
3145,14.09,64.84
3145,14.11,64.11
3145,14.26,65.35
3145,14.36,65.4
3145,14.41,64.35
3145,15.36,65.03
3145,15.950000000000001,64.53
3145,15.99,63.98
3145,16.06,64.775
3145,16.28,64.15
3145,16.3,63.935
3145,16.95,64.6
3145,16.96,65.29
3145,17.25,65.27000000000001
3145,17.28,65.65
3145,17.31,66.53
3145,17.37,65.81
3151,11.86,69.42
3151,12.85,64.07
3151,13.450000000000001,64.39
3151,13.58,63.465
3151,13.8,64.52
3151,14.55,62.22
3151,14.67,61.73
3151,14.950000000000001,61.485
3151,15.450000000000001,60.2
3151,15.52,59.88
3151,15.58,60.71
3151,15.65,60.09
3151,15.790000000000001,61.1
3151,15.85,60.459999999999994
3151,15.98,60.51
3151,16.35,63.57
3151,16.46,63.1
3151,16.580000000000002,63.28
3151,16.65,60.43
3151,16.85,60.575
3151,16.97,59.98
3157,13.83,64.22
3157,13.98,64.63
3157,14,62.785
3157,14.05,63.2
3157,14.19,63.879999999999995
3157,14.25,62.239999999999995
3157,14.33,62.71
3157,14.83,63.925
3157,15,62.82
3157,15.23,61.14
3157,15.31,60.51
3157,15.34,60.585
3157,15.96,61.885000000000005
3157,16,61.095
3157,16.13,61.33
3157,16.23,63.629999999999995
3157,16.35,62.12
3159,11.870000000000001,72.03
3159,11.9,77.55
3159,12.88,67.92
3159,13.86,65.92
3159,13.92,65.65
3159,13.94,67.23500000000001
3159,14,66.73
3159,14.530000000000001,64.955
3159,14.64,64.41
3159,14.68,63.63
3159,14.93,68.06
3159,15,65.54
3159,15.51,62.33
3159,15.6,63.72
3159,15.81,63.3
3159,15.950000000000001,64.64500000000001
3159,16.01,63.56
3159,16.35,66.76
3159,16.51,65.66
3159,16.6,64.37
3159,16.64,64.85
3159,16.7,64.86
3159,16.81,66.59
3159,16.95,67.6
3159,17.01,66.66
3161,12.71,70.59
3161,13.040000000000001,66.52
3161,13.23,65.91666666666667
3161,13.290000000000001,65.27
3161,13.32,65.88
3161,13.94,66.275
3161,13.98,65.3
3161,14.05,66.15
3161,14.11,64.1
3161,14.3,66.04
3161,14.38,63.3
3161,14.41,64
3161,14.97,63.010000000000005
3161,15.01,62.55
3161,15.07,62.07
3161,15.3,60.709999999999994
3161,15.450000000000001,61.04
3161,15.97,60.535
3161,16.05,60.394999999999996
3161,16.14,61.44
3161,16.28,60.69
3161,16.3,60.474999999999994
3161,16.39,60.83
3161,16.46,59.345
3161,16.95,62.065
3161,17.01,60.894999999999996
3161,17.1,60.835
3161,17.12,59.99
3161,17.29,60.72
3161,17.39,60.12
3161,17.42,59.73
3161,18.04,60.97
3161,18.1,60.15
3161,18.12,60.18
3161,18.37,63.45
3168,11.040000000000001,82.71
3168,12.11,71.81
3168,13.21,65.59
3168,13.94,65
3168,14.01,64.23
3168,14.21,65.39
3168,14.97,63.44
3168,15.01,63.435
3168,15.24,64.74
3168,15.32,64.2
3168,15.89,64.26
3168,15.97,62.63
3168,16.01,61.55
3168,16.240000000000002,62.275000000000006
3168,16.32,61.81
3168,16.36,60.8
3173,12.73,71.1
3173,13.4,66.62
3173,13.61,65.48
3173,13.75,66.8
3173,13.790000000000001,65.5
3173,14.15,67.3
3173,14.4,67.17
3173,14.75,65.55
3173,14.790000000000001,63.56
3173,15.15,65.37
3173,15.450000000000001,64.275
3173,15.49,64.82
3173,15.74,63.91
3173,16.37,65.04
3173,16.47,65.39
3173,16.490000000000002,63.99
3173,16.740000000000002,64.19
3173,16.8,63.47
3173,17.37,63.07
3173,17.43,63.44
3173,17.45,63.53
3173,17.66,64.61500000000001
3173,17.76,64.62
3173,18.35,63.57
3173,18.41,63.71
3173,18.43,62.93
3173,18.7,64.5
3178,12.43,69.04
3178,12.61,66.09
3178,12.72,64.1
3178,12.84,63
3178,12.950000000000001,62.62
3178,13.43,61.91
3178,13.67,61.400000000000006
3178,13.77,60.76
3178,13.9,59.16
3178,13.98,60.985
3178,14.040000000000001,59.39
3178,14.620000000000001,60.53
3178,14.65,60.565
3178,14.76,59.08
3178,14.9,60.2
3178,15.040000000000001,59.7
3178,15.65,59.38
3178,15.76,57.940000000000005
3178,15.870000000000001,60.47
3178,16.44,58.83
3178,16.75,59.19
3178,17.01,58.980000000000004
3178,17.75,57.58
3179,12.96,70.31
3179,13.120000000000001,68.68
3179,13.41,65.61500000000001
3179,13.540000000000001,67.295
3179,13.58,68.7
3179,14.040000000000001,66.7
3179,14.19,68.67
3179,14.290000000000001,66.4
3179,14.4,67.03
3179,14.540000000000001,65.36500000000001
3179,14.58,66.56
3179,15.040000000000001,66.08
3179,15.21,67.83
3179,15.290000000000001,67.09
3179,15.42,65.82
3179,15.540000000000001,67.505
3180,12.620000000000001,71.2
3180,13.83,67.97
3180,13.9,68.49
3180,13.96,68.78
3180,14.21,69.58
3180,14.82,67.58
3180,14.84,68.14
3180,14.92,66.25
3180,15,67.34
3180,15.22,66.72
3180,15.860000000000001,65.76
3180,15.9,66.03
3180,16.93,66.88
3180,17.11,66.39
3180,17.16,67.035
3180,17.26,65
3180,17.85,63.65
3180,17.990000000000002,61.69
3180,18.14,61.44
3180,18.240000000000002,62.9
3180,18.85,61.62
3180,18.89,61.38
3180,18.990000000000002,60.845
3180,19.29,60.565
3180,19.87,59.150000000000006
3180,19.98,58.94
3182,11.78,75.06
3182,12.780000000000001,70.38
3182,13.35,71.03
3182,13.44,71.05
3182,13.65,70.25
3182,13.75,71
3182,13.790000000000001,68.56
3182,14.19,69.04
3182,14.35,67.21
3182,14.44,66.59
3182,14.540000000000001,66.91
3182,14.75,65.22
3182,14.790000000000001,65.99000000000001
3182,15.36,65.285
3182,15.44,64.49
3182,15.5,64.235
3182,15.540000000000001,64.39
3182,15.69,64.2
3182,15.790000000000001,63.245000000000005
3182,16.36,64.06
3182,16.45,63.17
3182,16.52,63.935
3182,16.71,63.98
3182,16.78,63.575
3182,17.39,62.69
3182,17.47,63.894999999999996
3182,17.7,65.28
3191,15.610000000000001,81.63
3191,15.700000000000001,83.99
3191,15.93,78.73
3191,16.61,78.27
3191,16.740000000000002,79.46
3191,16.91,79.03
3191,17.62,75.81
3191,17.7,73.47
3191,17.76,73.94
3191,17.91,72.49
3191,18.04,72.85
3191,18.62,75.5
3191,18.75,75.59
3191,18.81,76.22
3191,18.96,74.14
3191,19.04,76.64
3191,19.64,76.39
3194,11.44,74.33
3194,11.72,70.87
3194,12.55,68.97
3194,12.72,68.4
3194,12.76,68.01
3194,13.39,67
3194,13.450000000000001,67.83
3194,13.49,66.63499999999999
3194,13.57,65.75
3194,13.74,66.035
3194,13.780000000000001,68.43
3194,13.84,65.88
3194,14.39,67.3
3194,14.43,70.6
3194,14.48,66.76
3194,14.76,66.15
3194,14.81,66.85
3194,15.39,69.84
3202,13.290000000000001,71.3
3202,13.33,70.92
3202,14.96,65.48
3202,15.280000000000001,65.83
3202,15.34,66.45
3202,16.16,63.56999999999999
3202,16.44,65.27
3202,16.740000000000002,64.96
3202,16.93,64.05
3202,17.02,64.38
3202,17.240000000000002,65.21
3202,17.37,66.305
3202,17.44,64.96
3202,17.77,65.49
3202,17.93,65.45
3202,17.990000000000002,65.78
3202,18.02,65.51
3202,18.12,65.755
3202,18.37,68.54
3202,18.98,65.04
3202,19.080000000000002,64.92
3202,19.12,64.68
3202,19.14,65.995
3202,19.27,67.415
3202,19.94,67.91
3202,19.98,68.76
3214,12.74,74.91
3214,13.55,70.24000000000001
3214,14.41,66.65
3214,14.48,65.19
3214,14.72,66.13
3214,14.81,67.215
3214,15.47,65.2
3214,15.540000000000001,64.17
3214,15.72,65.65
3214,15.81,64.57
3214,16.48,63.675
3214,16.54,62.215
3214,16.73,63.379999999999995
3214,16.79,63.43
3214,17.5,62.61
3214,17.54,62.69
3214,17.69,63.39
3214,17.84,64.05
3214,18.53,63.06
3214,18.69,63.37
3214,18.76,63.41
3214,18.84,65.88
3215,12.66,77.5
3215,13.5,67.89
3215,13.540000000000001,69.325
3215,13.61,67.09
3215,13.69,65.78
3215,13.73,66
3215,13.77,66.405
3215,14.35,65.83500000000001
3215,14.42,65.34
3215,14.46,65.50999999999999
3215,14.5,65.85
3215,14.67,65.2
3215,14.77,66.805
3215,15.38,71.915
3215,15.450000000000001,69.88
3215,15.610000000000001,70.185
3215,15.76,69.91
3215,16.34,70.94
3215,16.42,69.49
3215,16.490000000000002,69.83500000000001
3217,14.08,65.38
3217,14.25,67.23
3217,14.33,64.18
3217,14.58,64.705
3217,14.620000000000001,64.83
3217,14.68,63.65
3217,15.09,62.73
3217,15.23,64.17
3217,15.34,62.8
3217,15.610000000000001,64.47
3217,15.700000000000001,63.59
3217,16.21,64.46
3217,16.32,64.81
3217,16.42,63.73
3217,16.69,63.66
3217,17.18,64.41
3217,17.490000000000002,64.23
3217,17.59,64.24000000000001
3217,17.63,66.69
3217,18.03,64.58
3217,18.18,63.41
3217,18.28,63.11
3217,18.32,63.695
3217,18.37,63.61
3217,18.59,63.864999999999995
3219,11.5,82.57
3219,11.77,78.54
3219,12.02,71.99
3219,12.67,69.75
3219,12.73,69.18
3219,12.790000000000001,69.17
3219,12.86,69.56
3219,12.98,67.405
3219,13.67,66.55000000000001
3219,13.75,67.5
3219,13.82,66.75
3219,13.96,67.25
3219,14.05,68.46
3219,14.71,66.06
3219,14.76,66.39500000000001
3219,14.8,65.965
3219,14.98,66.455
3219,15.05,67.08
3219,15.49,67.13
3219,15.68,66.43
3219,15.780000000000001,66.095
3219,16.01,65.77000000000001
3219,16.09,65.725
3219,16.68,65.32
3219,16.78,68.26
3219,16.82,65.345
3219,16.990000000000002,65.675
3219,17.68,67.19
3223,11.56,75.19
3223,12.76,70.33
3223,13.39,66.49
3223,13.42,65.63499999999999
3223,13.6,66.33500000000001
3223,13.700000000000001,64.79
3223,13.77,64.46
3223,14.52,64.18
3223,14.61,64.47999999999999
3223,14.69,64.67
3223,14.790000000000001,63.175
3223,15.52,62.99
3223,15.71,64.85499999999999
3223,15.77,63.5
3223,16.48,66.6
3223,16.52,62.78
3223,16.57,64.465
3223,16.67,62.41
3223,16.75,62.585
3223,16.82,61.644999999999996
3223,17.45,65.44
3223,17.51,62.89
3232,11.26,76.28999999999999
3232,11.32,76.03
3232,12.22,69.285
3232,12.32,67.93
3232,13.31,66.305
3232,13.96,65.02
3232,14.02,64.8
3232,14.1,65.15
3232,14.280000000000001,65.61
3232,14.31,64.36500000000001
3232,14.35,64.98
3232,14.43,62.55
3232,15.06,61.285
3232,15.1,61.92
3232,15.31,61.59
3232,15.33,62.519999999999996
3232,15.43,61.21
3232,15.84,61.42
3232,15.94,60.7
3232,16.05,60.78
3232,16.32,59.98
3232,16.45,58.480000000000004
3238,11.790000000000001,71.555
3238,11.92,70.12
3238,13.63,63.835
3238,13.8,62.459999999999994
3238,13.85,62.129999999999995
3238,13.99,62.305
3238,14.05,62.325
3238,14.13,61.96
3238,14.8,61.56
3238,14.9,61.58
3238,14.97,61.59
3238,14.99,62.385
3238,15.030000000000001,61.185
3238,15.07,64.91
3238,15.14,60.96
3238,15.91,61.68
3238,16.03,61.695
3238,16.06,62.29
3238,16.1,61.5
3238,16.15,60.97
3241,12.23,72.51
3241,13.280000000000001,65.28
3241,13.35,66.09
3241,13.99,64.34
3241,14.13,63.27
3241,14.280000000000001,64.345
3241,14.35,63.010000000000005
3241,14.85,62.925
3241,15.030000000000001,64.75
3241,15.07,64.57
3241,15.13,62.15
3241,15.16,62.114999999999995
3241,15.35,61.955
3241,15.700000000000001,63.47
3241,15.950000000000001,62.47
3241,16.05,62.805
3241,16.16,61.31
3241,16.36,61.46
3241,17.29,64.05
3244,13.89,69.59
3244,13.99,69.07
3244,14.27,66.82
3244,14.85,67.02
3244,14.870000000000001,66.03
3244,14.9,66.45
3244,14.96,65.54
3244,15.02,64.06
3244,15.18,63.84
3244,15.19,63.11
3244,15.27,62.78
3244,15.3,63.3
3244,15.870000000000001,64.73
3244,15.88,64.665
3244,15.98,64.17
3244,16.19,64.48
3244,16.29,65.6
3250,10.77,83.8
3250,12.11,77.26
3250,12.17,79.61
3250,13.92,69.9
3250,13.950000000000001,69.34
3250,14.11,67.46
3250,14.13,66.01
3250,14.15,68.9
3250,14.18,66.82
3250,14.76,66.23
3250,14.83,68.2
3250,14.91,65.61
3250,15.14,66.5
3250,15.18,65.86500000000001
3250,15.76,68.46
3250,15.790000000000001,67.07499999999999
3250,15.85,68.99
3250,15.91,68.43
3250,16.12,67.18
3250,16.18,64.76
3250,16.79,64.49
3250,16.81,65.03
3250,16.87,63.87666666666667
3250,17.1,65.23
3250,17.14,63.91
3250,17.18,63.73
3250,17.63,63.345
3250,17.84,64.61
3254,11.77,75.74
3254,13.38,67.39
3254,13.5,67.12
3254,13.56,67.82
3254,13.75,69.17
3254,13.81,70.53
3254,14.38,67.97
3254,14.5,68.07
3254,14.56,64.7
3254,14.780000000000001,65.465
3254,14.86,64.27
3254,15.49,65.18
3254,15.55,64.79
3254,15.71,67.09
3254,15.780000000000001,65.815
3254,15.860000000000001,68.22
3256,11.3,72.47
3256,13.51,65.59
3256,14.1,63.91
3256,14.25,63.18
3256,14.51,65.445
3256,14.57,64.93
3256,15.18,63.83
3256,15.31,67.055
3256,15.39,64.43
3256,15.92,65.15
3256,16.080000000000002,61.92
3256,17.09,62.7
3256,17.23,61.055
3256,17.52,64.03999999999999
3256,18.09,60.66
3256,18.48,60.97
3257,13.540000000000001,65.35
3257,13.71,63.94
3257,13.75,64.365
3257,13.85,64.21
3257,13.86,64.55
3257,14.040000000000001,65.64
3257,14.08,65.945
3257,14.13,66.15
3257,14.18,64.26
3257,14.71,64.68
3257,14.73,64.395
3257,14.76,63.34
3257,14.86,63.91
3257,14.88,63.69
3257,15.05,63.33
3257,15.13,62.79
3257,15.16,62.72
3257,15.72,63.35
3257,15.74,63.79
3257,15.82,63.2
3257,15.84,63.635
3257,15.99,61.879999999999995
3257,16.05,60.900000000000006
3257,16.07,64.38
3257,16.15,61.99
3257,16.22,61.23
3257,16.68,62.965
3257,16.76,61.33
3257,16.78,62.46
3257,16.8,62.105000000000004
3257,16.82,60.6
3257,16.84,61.29
3257,16.89,61.05
3257,16.990000000000002,63.825
3257,17.05,61.305
3257,17.09,64.05
3257,17.21,61.24
3257,17.76,62.66
3257,17.87,63.42
3257,18.07,64.57000000000001
3257,18.080000000000002,63.295
3257,18.14,61.614999999999995
3257,18.830000000000002,63.795
3257,18.87,63.835
3257,19.080000000000002,65.60499999999999
3257,19.12,62.735
3260,13.3,64.39
3260,13.91,61.105
3260,14.06,61.465
3260,14.19,61.43
3260,14.33,60.845
3260,14.39,60.2
3260,14.92,60
3260,15.040000000000001,59.97
3260,15.08,60.04
3260,15.13,60.019999999999996
3260,15.21,59.91
3260,15.27,60.455
3260,15.280000000000001,60.37
3260,15.39,59.754999999999995
3260,15.9,60.379999999999995
3260,16.07,60.129999999999995
3260,16.21,59.58
3260,16.25,59.9
3260,16.330000000000002,60.23
3260,16.41,59.41
3260,16.75,61
3277,14,69.04
3277,14.040000000000001,67.72
3277,14.13,65.32
3277,14.18,66.15
3277,14.25,63.58
3277,14.280000000000001,63.17
3277,14.84,63.045
3277,14.88,63.16
3277,14.96,61.894999999999996
3277,15.17,61.18
3277,15.19,61.74
3277,15.33,61.485
3277,15.88,61.11
3277,15.9,60.885
3277,15.96,60.06
3277,16.01,60.45
3277,16.17,60.900000000000006
3277,16.330000000000002,60.04
3277,16.84,59.805
3277,16.9,59.825
3277,17.02,59.125
3277,17.09,58.945
3277,17.13,59.17
3277,17.29,59.71
3277,17.89,60.54
3277,17.97,60.15
3278,10.41,77.08
3278,11.200000000000001,73.46
3278,11.32,70.44
3278,11.41,69.25
3278,12.22,67.23
3278,12.25,67.7
3278,12.44,67.39
3278,13.19,65.49
3278,13.23,65.72
3278,13.31,64.22
3278,13.35,66.34
3278,13.48,64.83
3278,13.52,66.77
3278,13.620000000000001,65.05
3278,14.1,65.88499999999999
3278,14.13,65.73
3278,14.21,64.24
3278,14.27,64.05
3278,14.31,64.33
3278,14.56,63.72
3278,15.09,64.095
3278,15.13,63.23
3278,15.34,63.114999999999995
3278,15.48,62.815
3278,15.63,62.61
3278,16.11,65.245
3278,16.28,62.66
3278,16.51,62.81
3278,17.2,62.84
3278,17.26,63.099999999999994
3279,12.48,77.37
3279,14.4,73.63
3279,14.42,72.42
3279,14.8,69.23
3279,15.42,70.6
3279,15.47,69.55
3279,15.8,68.53
3279,16.41,69.155
3279,16.45,69.46
3279,16.82,69.21
3279,17.81,70.16
3279,18.37,70.3
3279,18.5,71.34
3279,18.67,67.13
3279,18.81,66.91
3279,19.46,70.16
3282,12.67,74.13
3282,15.63,65.78
3282,15.68,65.26
3282,15.700000000000001,68.43
3282,16.51,65.77
3282,17.27,63.78
3282,17.490000000000002,64.86
3282,17.580000000000002,64.41
3282,17.72,65.815
3282,18.12,64.34
3282,18.27,65.33
3282,18.37,64.72
3282,18.41,65.51
3282,19.29,67.14
3282,19.36,66
3282,19.39,66.66
3282,19.400000000000002,66.26
3283,13.09,68.03
3283,13.74,65
3283,13.950000000000001,63.455
3283,13.98,63.74
3283,14.08,65.84
3283,14.17,62.945
3283,14.6,64.28
3283,15.040000000000001,63.22
3283,15.08,63.105000000000004
3283,15.19,61.45
3283,15.6,63.85
3283,15.72,65.86
3283,15.73,63.24
3283,15.98,62.66
3283,16.12,63.66
3283,17.12,66.45
3285,13.27,72.41
3285,13.9,66.78999999999999
3285,13.94,67.65
3285,13.950000000000001,69.96
3285,14.02,68.69
3285,14.040000000000001,68.58
3285,14.23,66.68
3285,14.27,66.72
3285,14.33,66.42
3285,14.35,67.125
3285,14.81,67.41499999999999
3285,14.9,66.88
3285,14.96,67.82
3285,15.02,68.62
3285,15.08,65.29
3285,15.21,68.26
3285,15.35,66.97999999999999
3285,15.38,67.22
3285,15.9,67.82
3285,15.96,68.11
3285,15.99,67.85
3285,16.240000000000002,66.32
3285,16.38,65.57
3294,13.23,72.33
3294,14.15,66.3
3294,14.21,64.64500000000001
3294,14.22,64.28
3294,14.290000000000001,65
3294,14.8,64.935
3294,14.89,64.96
3294,14.93,66.59
3294,15.07,63.85
3294,15.1,63.83
3294,15.200000000000001,65.39
3294,15.24,66.23
3294,15.290000000000001,65.47
3294,15.64,62.815
3294,15.8,63.61
3294,15.89,63.095
3294,15.99,63.45
3294,16.02,66.15
3294,16.1,63.67
3294,16.2,63.875
3294,16.240000000000002,65.17
3294,16.3,62.98
3294,16.81,62.150000000000006
3294,16.93,62.955
3294,16.990000000000002,61.705
3294,17.02,62.46
3294,17.06,64.31
3294,17.13,62.62
3294,17.2,63.12
3294,17.23,62.705
3294,17.27,62.95
3294,17.81,65.16
3294,17.85,65.245
3294,17.93,65.65
3294,19.82,69.535
3294,19.96,65.85
3295,12.58,63.795
3295,13.31,63.61
3295,13.44,64.125
3295,13.73,61.09
3295,13.780000000000001,60.14
3295,14.3,62.025
3295,14.46,59.945
3295,14.52,59.44
3295,14.55,58.75
3295,14.73,59.38
3295,15.3,60.17
3295,15.4,60.224999999999994
3295,15.47,59.16
3295,15.530000000000001,59.66
3295,15.81,58.94
3295,16.3,60.23
3295,16.47,59.37
3295,16.490000000000002,59.32
3295,16.66,59.785
3295,16.76,60.73
3295,16.81,58.955
3295,17.28,60.769999999999996
3295,17.35,60.82
3295,17.45,61.375
3295,17.68,60.91
3295,18.22,60.82
3295,18.39,59.83
3295,18.69,60.2
3295,18.75,59.05
3296,13.35,69.39500000000001
3296,13.790000000000001,68.475
3296,13.93,67.35
3296,14.42,66.225
3296,14.68,65.74
3296,14.790000000000001,64.72
3296,14.82,64.7
3296,14.93,65.58
3296,14.96,64.655
3296,15.01,63.91
3296,15.59,63.88
3296,15.71,65.41
3296,15.92,68.24000000000001
3296,16.69,65.32
3296,17.55,64.24
3296,17.96,69.01
3296,18.53,69.33
3304,13.69,68.81
3304,13.81,67.68
3304,14.55,63.44
3304,14.700000000000001,64.43
3304,14.82,64
3304,14.9,62.955
3304,15.43,64.66
3304,15.55,64.26
3304,15.64,63.09
3304,15.84,65
3304,15.92,62.65
3304,16.41,64.23
3304,16.51,63.58
3304,16.72,63.03
3304,17.25,63.39
3304,17.5,64.59
3310,11.85,74.03
3310,12.85,63.37
3310,12.93,63.62
3310,13.540000000000001,62.59
3310,13.64,61.290000000000006
3310,13.72,60.76
3310,13.93,60.59
3310,13.96,60.59
3310,14.02,60.17
3310,14.44,60.77
3310,14.540000000000001,61.584999999999994
3310,14.6,61.51
3310,14.68,60.67
3310,14.74,59.620000000000005
3310,14.88,60.769999999999996
3310,14.92,60.16
3310,15.030000000000001,59.864999999999995
3310,15.450000000000001,59.615
3310,15.56,62.31
3310,15.64,61.53
3310,15.73,59.04
3310,15.84,59.36
3310,15.9,59.79
3310,16.05,59.175
3310,16.44,59.665
3310,16.53,59.555
3310,16.580000000000002,59.935
3310,16.65,59.879999999999995
3310,16.73,58.67
3310,16.9,60.02
3310,16.91,59.85
3310,17.05,58.725
3312,14.33,69.55
3312,14.450000000000001,66.3
3312,14.48,68.71
3312,14.64,65.81
3312,14.66,65.73
3312,14.68,66.28
3312,14.72,65.83
3312,15.290000000000001,63.67
3312,15.36,64.73
3312,15.64,61.94
3312,15.67,64.01
3312,15.71,63.629999999999995
3312,16.29,64.99
3312,16.38,64.54
3312,16.44,65.43
3312,16.63,63.09
3312,16.65,60.96
3312,16.67,64.92
3312,16.71,66.2
3312,17.32,63.635
3312,17.34,62.59
3312,17.64,62.05
3312,17.67,62.57
3312,18.36,63.5
3316,12.15,75.6
3316,12.23,77.06
3316,12.25,75.74
3316,13.19,70.72
3316,13.25,70.34
3316,13.26,71.06
3316,13.9,66.825
3316,13.93,68.22
3316,14.05,66.74
3316,14.21,65.46
3316,14.24,65.88499999999999
3316,14.3,67.43
3316,14.91,66.64
3316,14.99,66.12
3316,15.030000000000001,64.63
3316,15.120000000000001,65.62
3316,15.200000000000001,66.38
3316,15.3,65.71
3318,12.15,75.06
3318,13.13,67.1
3318,13.25,67.3
3318,13.88,65.33
3318,13.92,66.22999999999999
3318,14,66.61
3318,14.05,65.54
3318,14.23,67.22
3318,14.3,65.74
3318,14.93,65.72
3318,14.98,61.69
3318,15.01,62.225
3318,15.11,60.64
3318,15.22,61.265
3318,15.32,62.34
3318,15.38,62.05
3318,15.89,63.24
3318,15.97,62.06
3318,16.22,65.62
3318,16.32,62.42
3318,16.38,63.24
3318,18.04,63.36
3326,12.99,68.82
3326,13.56,65.75
3326,13.66,66.11
3326,13.870000000000001,63.66
3326,14.01,66.34
3326,14.05,63.84
3326,14.41,64.805
3326,14.56,63.58
3326,14.65,64.885
3326,14.75,64.16
3326,14.870000000000001,64.59
3326,15,64.88499999999999
3326,15.05,62.155
3326,15.58,62.36
3326,15.620000000000001,63.06
3326,15.71,62.82
3326,15.75,61.83
3326,15.790000000000001,60.62
3326,15.9,60.79
3326,16,62.44
3326,16.04,60.82
3326,16.57,63.27
3326,16.63,63.4
3326,16.73,61.82
3326,16.75,62.305
3326,16.79,61.42
3326,16.82,60.82
3326,16.92,65.23
3326,16.96,62.4
3326,17,61.18
3326,17.63,62.215
3326,17.68,62.06
3326,17.86,64.055
3326,17.92,60.15
3326,18.01,61.43
3326,18.86,65.425
3326,18.95,68.7
3326,19.91,64.22
3328,11.01,81.86
3328,13.040000000000001,69.99
3328,13.120000000000001,70.49
3328,13.73,66.755
3328,13.75,67.11
3328,14,65.69
3328,14.06,67
3328,14.15,66.155
3328,14.84,68.95
3328,14.88,66.03
3328,15.15,68.52
3328,15.71,68.7
3328,15.860000000000001,67.06
3328,16.07,66.85
3328,17.14,74.5
3328,17.990000000000002,71.12
3328,18.14,70.72
3333,12.530000000000001,69.29
3333,12.85,69.28
3333,13.39,67.92
3333,13.56,66.715
3333,13.77,66.67
3333,13.89,67.74
3333,14.41,67.05
3333,14.52,68.03
3333,14.64,66.82
3333,14.65,65.02000000000001
3333,14.790000000000001,65.46
3333,14.91,66.43
3333,14.93,68.94
3333,15.73,64.7
3333,15.92,68.79
3333,17.34,65.7
3333,17.59,66.37
3333,18.55,69.39
3333,18.68,68.74
3334,13,71.88
3334,13.96,65.98
3334,14.01,65.91
3334,14.030000000000001,68.065
3334,14.74,65.88
3334,14.84,66.84
3334,15.030000000000001,65.33
3334,15.09,66.02
3334,15.700000000000001,67.21
3334,15.91,65.18
3334,16.11,66.65
3334,16.45,67.8
3334,16.7,65.64
3334,16.79,66.78
3334,16.95,69.61
3334,17.11,67.82
3335,13.96,66.66
3335,14.02,69.04
3335,14.040000000000001,68.49
3335,14.96,66.20500000000001
3335,15.02,67.08
3335,15.040000000000001,66.9
3335,15.610000000000001,66.39
3335,15.700000000000001,65.93
3335,15.92,64.69
3335,16.01,66.11
3335,16.05,66.43
3335,16.45,65.99
3335,16.61,66.89
3335,16.7,65.84
3335,17.01,66.63
3335,17.05,67.66
3335,17.38,67.22
3335,17.62,65.86500000000001
3335,17.7,64.1
3335,17.8,64.19
3335,17.95,65.09
3335,18.05,68.37
3337,10.74,88.95
3337,11.78,81.52
3337,12.790000000000001,73.93
3337,13.43,68.285
3337,13.77,66.32
3337,13.870000000000001,66.98
3337,14.42,66.41499999999999
3337,14.52,65.99
3337,14.58,66.47999999999999
3337,14.6,64.54
3337,14.73,67.71
3337,14.790000000000001,64.99
3337,14.85,64.78
3337,15.42,67.25
3337,15.48,65.62
3337,15.59,65.43
3359,14.01,69.34
3359,14.09,70.26
3359,14.13,68.44
3359,14.27,68.44
3359,14.3,68.51
3359,14.4,67.965
3359,14.44,68.33
3359,14.88,67.82
3359,14.9,67.99000000000001
3359,15.01,69.26
3359,15.05,67.71000000000001
3359,15.15,67.71
3359,15.16,67.08
3359,15.36,65.99
3359,15.4,67.42
3359,15.43,68.02
3359,16.03,65.6
3359,16.080000000000002,65.18
3359,16.36,65.11
3359,16.38,65.02
3359,16.41,64.55
3359,16.89,63.989999999999995
3359,16.990000000000002,64.86
3363,10.84,85.62
3363,11.81,73.08500000000001
3363,11.870000000000001,73.23
3363,12.83,68.5
3363,13.56,65.705
3363,13.64,63.185
3363,13.68,63.175
3363,13.82,62.825
3363,13.88,62.965
3363,13.97,62.9
3363,14.46,63.215
3363,14.5,63.4
3363,14.57,67.28999999999999
3363,14.63,63.545
3363,14.8,66.06
3363,14.86,63.5
3363,14.94,66.46
3363,15.47,65.5
3363,15.610000000000001,63.57
3363,15.620000000000001,63.51
3363,15.63,63.34
3363,15.860000000000001,65.785
3363,15.94,62.92
3365,14.57,62.54
3365,14.790000000000001,62.43
3365,14.84,61.78
3365,14.88,63.22
3365,15.57,62.99
3365,15.76,60.655
3365,16.01,62.47
3365,16.03,62.59
3365,16.59,63.06
3365,16.76,62.89
3365,16.91,60.97
3365,17.01,62.065
3365,17.05,60.79
3365,17.490000000000002,61.86
3365,17.62,62.18
3365,17.7,61.81
3365,17.830000000000002,60.29
3368,10.94,72.11
3368,11.94,69.5
3368,12.98,61.99
3368,13.61,62.245
3368,13.65,64.83500000000001
3368,13.67,63.305
3368,13.790000000000001,62.269999999999996
3368,13.92,65.05
3368,14.01,65.195
3368,14.07,61.25
3368,14.67,60.655
3368,14.72,60.36
3368,14.74,59.035
3368,14.77,58.56
3368,14.790000000000001,58.46
3368,14.92,59.995000000000005
3368,15.07,58.3
3368,15.64,59.56
3368,15.68,58.965
3368,15.790000000000001,57.983333333333334
3368,15.870000000000001,58.36
3368,15.950000000000001,58.43
3368,16.04,58.040000000000006
3368,16.080000000000002,57.915
3368,16.62,58.364999999999995
3368,16.68,58.08
3368,16.7,57.47
3368,16.77,57.325
3368,17.09,58.685
3368,17.48,57.61
3368,17.62,58.525
3368,17.69,57.74
3368,17.77,57.49
3368,17.95,58.88
3369,11.82,74.16
3369,12.74,70.86
3369,12.84,72.44
3369,13.56,67.6
3369,13.58,67.99
3369,13.64,68
3369,13.66,68.07
3369,13.81,69.15
3369,13.97,67.93
3369,14.56,68.59
3369,14.6,67.78
3369,14.64,67.92
3369,14.81,67.25
3369,15.42,69.13
3369,15.620000000000001,69.14
3369,15.700000000000001,67.01
3369,16.52,67.78
3369,16.56,70.15
3369,16.63,69.74
3369,16.84,68.49
3369,17.52,69.96
3369,17.57,68.85
3370,12.84,73.14
3370,13.66,72.28
3370,13.74,70.64
3370,13.8,66.47
3370,13.82,67.21
3370,13.99,69.5
3370,14.09,67.06
3370,14.700000000000001,68.19
3370,14.780000000000001,66.64
3370,14.950000000000001,66.11
3370,15.08,65.91999999999999
3370,15.68,66.59
3370,15.72,68.06
3370,15.77,66.56
3370,15.790000000000001,66.03
3370,16.01,65.44
3370,16.1,66.64
3370,17.71,66.97
3371,13.93,66.72
3371,14.01,66.375
3371,14.6,66.44
3371,14.72,65.94
3371,15.01,67.93
3371,15.58,66.16
3371,15.68,65.38
3371,15.99,64.92
3371,16.42,64.46
3371,16.580000000000002,64.3
3371,16.67,64.2
3371,16.77,66.24
3371,16.98,63.35
3371,17.09,63.43
3371,17.48,68.54
3371,17.67,64.85
3371,17.75,65.05
3371,17.92,63.879999999999995
3371,18.02,66.03999999999999
3375,11.82,78.08
3375,13.18,64.92
3375,13.85,65.75
3375,13.89,64.61500000000001
3375,14.16,64.94
3375,14.31,62.97
3375,14.82,62.974999999999994
3375,14.9,62.099999999999994
3375,15.16,62.065
3375,15.25,62.275000000000006
3375,15.31,61.29
3375,15.860000000000001,63.965
3375,15.94,63.14
3375,15.98,62.16
3375,16.21,61.9
3375,16.25,62.03
3375,16.28,61.26
3375,16.88,61.489999999999995
3375,16.96,59.97
3375,16.98,60.129999999999995
3375,17.02,60.53
3375,17.11,60.62
3375,17.17,62.71
3375,17.22,60.254999999999995
3375,17.32,60.68
3375,17.84,62.85
3375,17.900000000000002,61.47
3375,17.97,60.980000000000004
3375,18.2,61.525
3375,18.240000000000002,61.345
3375,18.28,61.11
3375,18.330000000000002,61.18
3375,18.81,61.64
3375,18.91,63.325
3375,18.97,62.43
3376,13.65,67.93
3376,13.75,66.78
3376,13.86,67.06
3376,13.9,66.69
3376,13.94,66.65
3376,14.5,67.77
3376,14.59,66.28
3376,14.63,65.63
3376,14.67,66.13
3376,14.68,65.6
3376,14.9,65.79
3376,14.94,65.61500000000001
3376,15.64,66.33
3376,15.93,66.78
3376,16.55,68.06
3376,18.54,66.91
3376,19.56,66.18
3377,11.56,82.39
3377,12.92,75.76
3377,13.35,70.19
3377,13.94,69.12
3377,14.44,66
3377,15.26,63.925
3377,15.42,63.49
3377,15.5,62.474999999999994
3377,15.57,61.769999999999996
3377,15.63,61.27
3377,16.18,61.875
3377,16.26,61.010000000000005
3377,16.38,59.99
3377,16.47,61.35
3377,16.490000000000002,60.945
3377,16.59,60.489999999999995
3377,16.66,59.455
3377,17.14,59.96
3377,17.240000000000002,60.22
3377,17.31,60.28
3377,17.330000000000002,59.91
3377,17.43,60.31
3377,17.59,61.77
3378,14.16,69.29
3378,14.17,73.69
3378,14.23,68.16
3378,14.540000000000001,68.53
3378,15.15,69.85
3378,15.25,70.25
3378,15.27,68.27
3378,15.38,68.615
3378,16.11,70.89
3378,16.28,68.62
3378,16.4,68.785
3378,16.55,69.87
3378,17.13,66.565
3378,17.28,65.98
3378,17.53,68.22
3378,18.45,69.79
3383,13.66,68.29
3383,13.72,68.04
3383,13.9,69.64
3383,13.93,69.24
3383,13.97,69.35
3383,14.55,69.97
3383,14.64,68.19
3383,14.66,70.5
3383,14.870000000000001,68.44
3383,14.97,67.48
3383,15.56,68.26
3383,15.620000000000001,67.76
3383,15.89,66.78
3383,16.56,67.64
3383,16.65,67.36
3383,16.87,65.57
3383,16.98,66.875
3383,17.56,66.21
3383,17.59,68.125
3383,17.650000000000002,66.61
3383,17.73,66.77
3388,11.69,72
3388,12.51,67.995
3388,12.67,65.7
3388,13.3,64.81
3388,13.61,62.08
3388,13.65,62.695
3388,13.700000000000001,61.705
3388,13.790000000000001,62.52
3388,14.36,61.879999999999995
3388,14.41,62.31
3388,14.450000000000001,61.29
3388,14.530000000000001,62.16
3388,14.65,61.17
3388,14.68,61.28
3388,14.700000000000001,62.105
3388,14.76,61.075
3388,14.790000000000001,60.99
3388,15.18,61.29
3388,15.290000000000001,60.96
3388,15.33,60.515
3388,15.41,60.535
3388,15.450000000000001,59.685
3388,15.66,60.99
3388,15.68,61.055
3388,15.81,59.85
3389,11.38,75.89
3389,11.9,73.48
3389,12.040000000000001,72.76
3389,12.14,75.38
3389,12.25,72.75
3389,12.9,68.76
3389,13.05,69.76
3389,13.22,65.67
3389,13.32,64.6
3389,14.01,67.97999999999999
3389,14.24,65.39
3389,14.34,65.34
3389,14.84,67.92
3389,15.01,68.395
3389,15.11,66.8
3389,15.35,69.95
3392,13.99,68.755
3392,14.13,68.27
3392,14.21,68.36
3392,14.61,68.42
3392,14.85,68.86
3392,14.950000000000001,68.35
3392,15.16,67.81
3392,15.200000000000001,68.99
3392,15.870000000000001,66.66499999999999
3392,15.91,67.75
3392,16.18,69.53
3392,16.2,67.025
3392,16.89,68.58
3392,17.16,70.51
3392,17.19,70.66
3392,17.79,68.145
3392,17.94,67.74
3393,12.700000000000001,68.5
3393,13.4,65.59
3393,13.47,65.3
3393,13.68,65.43
3393,13.74,64.33
3393,13.84,66.16
3393,14.38,65.66
3393,14.450000000000001,64.5
3393,14.68,64.05
3393,14.780000000000001,64.24000000000001
3393,15.39,65.15
3393,15.47,62.665000000000006
3393,15.51,63
3393,15.780000000000001,61.86
3393,15.81,62.59
3393,16.47,65.22
3395,15.27,66.33500000000001
3395,15.33,67.69
3395,15.35,68.24
3395,15.92,64.97999999999999
3395,16.02,65.02
3395,16.23,64.13
3395,16.330000000000002,64.95500000000001
3395,16.36,64.88
3395,16.76,65.38
3395,16.92,64.24000000000001
3395,17.01,63.769999999999996
3395,17.11,64.17
3395,17.32,63.82
3395,17.36,65.27
3395,17.94,64.335
3395,18.01,65.5
3395,18.26,66.28
3395,19.35,66.59
3397,13.11,68.18
3397,13.85,66.08
3397,13.870000000000001,65.17
3397,13.950000000000001,63.96
3397,13.99,64.72
3397,14.280000000000001,62.32
3397,14.81,62.08
3397,14.83,62.47
3397,14.870000000000001,62.405
3397,14.96,62.065
3397,15.02,60.540000000000006
3397,15.05,60.68
3397,15.16,61.415000000000006
3397,15.18,60.629999999999995
3397,15.24,59.9
3397,15.83,62.29
3397,15.85,61.185
3397,15.870000000000001,61.065
3397,15.92,60.405
3397,15.94,61.224999999999994
3397,15.98,59.26
3397,16.04,60.75
3397,16.1,60.535
3397,16.17,60.504999999999995
3397,16.32,61.48
3397,16.81,59.510000000000005
3397,16.86,61.78
3397,16.88,60.64
3397,17,59.33
3397,17.13,60.12
3397,17.17,61.38
3397,17.19,60.14
3397,17.82,61.185
3397,18.02,59.37
3397,18.2,59.9
3397,18.28,59.61
3398,13.92,69.975
3398,14.32,68.97
3398,14.93,66.4
3398,14.99,66.74
3398,15.02,65.86
3398,15.24,66.99
3398,15.32,64.755
3398,15.89,66.34
3398,15.93,65.83
3398,16.02,65.15
3398,16.23,64.9
3398,16.330000000000002,65.82
3398,16.39,66.56
3398,16.89,64.5
3398,16.93,66.02
3398,16.98,65.39
3398,17.16,65.35
3398,17.21,65.95
3398,17.330000000000002,64.75999999999999
3398,18.02,66.54
3398,18.04,63.68
3398,18.19,62.86
3398,18.330000000000002,64.34
3398,18.900000000000002,65.48
3398,18.98,63.47
3398,19.04,64.52
3398,19.19,62.6
3398,19.240000000000002,62.790000000000006
3398,19.32,63.16
3399,13.6,70.2
3399,13.66,66.6
3399,13.700000000000001,67.49
3399,13.73,65.5
3399,14.290000000000001,64.29
3399,14.44,64.65
3399,14.48,64.31
3399,14.64,67.04
3399,14.73,63.19
3399,14.780000000000001,64.5
3399,15.3,66.78
3399,15.32,65.86
3399,15.36,63.2
3399,15.46,63.14
3399,15.48,62.79
3399,15.610000000000001,65.94
3399,15.65,63.95
3399,15.67,66.5
3399,15.73,63.98
3399,16.32,64.51
3399,16.36,65.76
3399,16.42,65.05
3399,16.44,64.22999999999999
3399,16.65,64.83
3399,16.75,64.25
3407,13.99,73.06
3407,14.09,69.83
3407,14.21,82.4
3407,14.280000000000001,70.43
3407,14.97,69.1
3407,15.05,69.39
3407,15.21,69.03
3407,15.280000000000001,69.22
3407,15.91,67.96
3407,15.950000000000001,68.62
3407,15.97,66.85
3407,16.01,64.81
3407,16.1,69.07
3407,16.14,68.11
3407,16.18,68.07
3407,16.28,65.835
3407,16.87,69.45
3407,16.89,70.33
3407,16.93,71.12
3407,16.97,70.29
3408,12.27,80.41
3408,12.85,75.16
3408,13.27,73.17
3408,13.4,71.68
3408,13.5,71.48
3408,13.63,68.94999999999999
3408,13.65,68.88499999999999
3408,13.86,68.79
3408,13.94,66.76
3408,13.97,66.86
3408,14.530000000000001,66.66499999999999
3408,14.57,65.23
3408,14.65,65.285
3408,14.86,64.19
3408,14.96,63.54
3408,15.49,62.95
3408,15.530000000000001,62.36
3408,15.610000000000001,63.59
3408,15.700000000000001,62.065
3408,15.860000000000001,62.58
3408,16.02,61.46
3408,16.51,61.545
3408,16.580000000000002,63.125
3408,16.66,61.915
3408,16.68,60.955
3408,16.81,62.3
3408,16.85,61.2
3408,16.95,60.31
3408,16.98,61.01
3408,17.55,61.230000000000004
3408,17.6,61.655
3408,17.68,61.495000000000005
3408,17.81,62.43
3408,17.93,62.33
3408,18.5,63.43
3408,18.56,62.58
3408,18.6,61.47
3408,18.68,61.795
3408,18.85,65.14
3415,14.76,60.2
3415,14.93,62.87
3415,14.96,61.5
3415,15.01,60.41
3415,15.08,60.33
3415,15.870000000000001,61.12
3415,16.080000000000002,61.075
3415,16.15,60.76
3415,16.25,62.47
3415,16.36,60.47
3415,16.85,61.66
3415,17.28,59.71
3415,17.45,59.125
3415,17.97,61.23
3415,18.02,62.63
3415,18.11,60.81
3426,13.16,73.89
3426,13.38,73.63
3426,13.47,73.01
3426,13.66,72.015
3426,14.39,68.03
3426,14.620000000000001,67.66
3426,14.66,65.18
3426,14.72,66.41
3426,14.74,67.77
3426,15.700000000000001,66.18
3426,16.29,65.35
3426,16.43,64.435
3426,16.5,64.72
3426,16.56,64.21
3426,16.62,65.34
3426,16.7,65.33
3426,16.73,65.19
3431,13.07,70.89500000000001
3431,13.83,67.84
3431,13.85,68.57
3431,14.01,67.72
3431,14.05,66.78
3431,14.07,69.42
3431,14.08,67.38
3431,14.72,66.95
3431,14.77,66.61
3431,14.81,66.76
3431,15.08,66.14
3431,15.67,66.57
3431,15.77,65.73
3431,15.81,67.45
3431,15.98,67.4
3431,16,64.82
3431,16.080000000000002,64.905
3431,16.67,65.78
3431,16.73,64.77
3431,16.77,64.88
3431,17,67.56
3431,17.1,65.69
3433,14.08,72.18
3433,14.22,68.47
3433,14.35,69.84
3433,14.41,68.7
3433,14.48,66.67
3433,15.08,65.83
3433,15.19,65.315
3433,15.41,64.7
3433,15.5,65.32
3433,16.080000000000002,65.42
3433,16.11,65.25
3433,16.41,64.86
3433,16.44,64.96
3433,16.5,64.19
3433,17.07,64.47
3433,17.23,65.84
3433,17.5,63.75
3434,11.120000000000001,85.66
3434,13.26,77.59
3434,13.34,75.5
3434,13.52,75.66
3434,13.72,73.77
3434,14.280000000000001,72.08
3434,14.47,69.79
3434,14.51,69.66
3434,14.700000000000001,71.57
3434,15.34,68.24000000000001
3434,15.450000000000001,68.4
3434,15.74,69.1
3434,16.29,67.53
3434,16.64,67.57499999999999
3434,17.41,67.36
3434,17.650000000000002,67.625
3434,18.400000000000002,66.74
3434,18.5,69.06
3434,18.6,68.75
3434,18.69,67.75
3434,18.73,70.38
3434,19.3,66.94
3434,19.400000000000002,66.15
3434,19.61,68.52
3434,19.69,66.49
3437,12.13,77.1
3437,14.14,71.49
3437,14.870000000000001,71.6
3437,14.96,69.78
3437,15,69.42
3437,15.860000000000001,69.99
3437,15.9,69.27
3437,15.94,67.13
3437,16.04,69.44
3437,16.88,67.01
3437,17,66.51
3437,17.05,67.5
3437,17.19,66.74
3437,17.27,65.24
3437,18.150000000000002,65.83500000000001
3437,18.19,66.35
3439,14.1,76.7
3439,14.24,75.84
3439,14.290000000000001,74.62
3439,14.35,75.11
3439,15.31,70.02
3439,16.06,70.44
3439,16.31,73.09
3439,16.35,68.61
3439,16.38,70.64
3439,17.05,68.68
3439,17.07,67.38
3439,17.1,68.82
3439,17.17,69.64
3439,17.27,68.01
3439,17.34,67.4
3439,17.38,68.18
3444,13.39,70.52
3444,13.43,71.27
3444,16.46,63.845
3444,17.05,64.35
3444,17.17,65.02
3444,17.26,63.14
3444,17.46,63.065
3444,17.54,62.82
3444,18.03,62.2
3444,18.13,62.045
3444,18.34,61.49
3444,18.38,61.01
3444,18.44,61.614999999999995
3444,18.47,64.11
3444,18.87,62.51
3444,19.03,63.74
3444,19.12,62.15
3444,19.22,62.57
3444,19.38,62.2
3447,13.17,67.47
3447,13.92,68.01
3447,13.99,68.87
3447,14.030000000000001,68.23
3447,14.22,65.65
3447,14.3,66.605
3447,14.33,65.86
3447,14.91,65.78
3447,14.950000000000001,65.97
3447,14.99,65.94
3447,15.22,64.98
3447,15.32,66.435
3447,15.85,65.285
3447,15.97,64.01
3447,16.22,64.08
3447,16.31,65.94
3447,16.85,65.345
3447,16.89,63.2
3447,16.97,64.27
3447,17.02,62.349999999999994
3447,17.22,64.445
3447,17.31,63.53
3456,12.17,76.81
3456,12.69,74.4
3456,13.21,71.13
3456,13.86,66.93
3456,14.15,67.39
3456,14.24,67.6
3456,14.97,65.86
3456,15.24,66.03
3456,15.870000000000001,68.84
3456,15.97,65.85
3456,16.16,66.34
3456,16.22,65.39
3456,16.85,69.84
3456,17.22,66.22
3456,17.900000000000002,69.9
3456,18.21,66.08
